Name,img
Juan Adams,https://dmxg5wxfqgb4u.cloudfront.net/styles/athlete+AF8-bio+AF8-full+AF8-body/s3/image/ufc+AC0-fighter+AC0-container/69687/profile+AC0-galery/fullbodyleft+AC0-picture/ADAMS+AF8-JUAN+AF8-L.png?VersionId+AD0-a1XiJQRN+AF8-l1IA0G0dW5ccZhOzl6Gnxml+ACY-itok+AD0-qM+AC0-eurjs
Scott Adams,None
Anthony Adams,https://dmxg5wxfqgb4u.cloudfront.net/styles/athlete+AF8-bio+AF8-full+AF8-body/s3/2022+AC0-03/ed39dee9+AC0-3044+AC0-4ad1+AC0-a217+AC0-4587a85234b6+ACU-252FADAMS+AF8-ANTHONY+AF8-L+AF8-CS.png?itok+AD0-ico6zXp+AC0-
Zarrukh Adashev,https://dmxg5wxfqgb4u.cloudfront.net/styles/athlete+AF8-bio+AF8-full+AF8-body/s3/2021+AC0-05/71630+ACU-252Fprofile+AC0-galery+ACU-252Ffullbodyleft+AC0-picture+ACU-252FADASHEV+AF8-ZARRUKH+AF8-L+AF8-05+AC0-08.png?itok+AD0-SejxzLdh
Israel Adesanya,https://dmxg5wxfqgb4u.cloudfront.net/styles/athlete+AF8-bio+AF8-full+AF8-body/s3/2025+AC0-01/ADESANYA+AF8-ISRAEL+AF8-L+AF8-02+AC0-01.png?itok+AD0-Qgh08Spj
Sam Adkins,None
Nick Agallar,None
Mariya Agapova,https://dmxg5wxfqgb4u.cloudfront.net/styles/athlete+AF8-bio+AF8-full+AF8-body/s3/2022+AC0-03/8d8cdf5b+AC0-a8fc+AC0-4d06+AC0-8658+AC0-a1780c10f239+ACU-252FAGAPOVA+AF8-MARIYA+AF8-L+AF8-03+AC0-05.png?itok+AD0-xaIMovDS
Fabio Agu,None
Marcello Aguiar,None
Jessica Aguilar,https://dmxg5wxfqgb4u.cloudfront.net/styles/athlete+AF8-bio+AF8-full+AF8-body/s3/image/fighter+AF8-images/Jessica+AF8-Aguilar/AGUILAR+AF8-JESSICA+AF8-L.png?VersionId+AD0-u4Bhw7DC8WEfwM7pt2FUHKOw2N+AF8-JjbnF+ACY-itok+AD0-7N9VR2jp
Kevin Aguilar,https://dmxg5wxfqgb4u.cloudfront.net/styles/athlete+AF8-bio+AF8-full+AF8-body/s3/2021+AC0-05/71419+ACU-252Fprofile+AC0-galery+ACU-252Ffullbodyleft+AC0-picture+ACU-252FAGUILAR+AF8-KEVIN+AF8-L+AF8-05+AC0-15.png?itok+AD0-UrBDfaFz
Jesus Aguilar,https://dmxg5wxfqgb4u.cloudfront.net/styles/athlete+AF8-bio+AF8-full+AF8-body/s3/2024+AC0-08/AGUILLAR+AF8-JESUS+AF8-L.png?itok+AD0-gmPNn1bZ
Christian Aguilera,https://dmxg5wxfqgb4u.cloudfront.net/styles/athlete+AF8-bio+AF8-full+AF8-body/s3/2021+AC0-05/71629+ACU-252Fprofile+AC0-galery+ACU-252Ffullbodyleft+AC0-picture+ACU-252FAGUILERA+AF8-CHRISTIAN+AF8-L+AF8-05+AC0-08.png?itok+AD0-ABl9zQLh
Nick Aguirre,https://dmxg5wxfqgb4u.cloudfront.net/styles/athlete+AF8-bio+AF8-full+AF8-body/s3/2023+AC0-01/AGUIRRE+AF8-NICK+AF8-L+AF8-01+AC0-14.png?itok+AD0-MSBmTDxW
Ashiek Ajim,https://dmxg5wxfqgb4u.cloudfront.net/styles/athlete+AF8-bio+AF8-full+AF8-body/s3/2023+AC0-02/AJIM+AF8-ASHIEK+AF8-L.png?itok+AD0-7tx7CeNN
Omari Akhmedov,https://dmxg5wxfqgb4u.cloudfront.net/styles/athlete+AF8-bio+AF8-full+AF8-body/s3/2021+AC0-07/68949+ACU-252Fprofile+AC0-galery+ACU-252Ffullbodyleft+AC0-picture+ACU-252FAKHMEDOV+AF8-OMARI+AF8-L+AF8-07+AC0-10.png?itok+AD0-775XAhGx
Yoshihiro Akiyama,https://dmxg5wxfqgb4u.cloudfront.net/styles/athlete+AF8-bio+AF8-full+AF8-body/s3/image/ufc+AC0-fighter+AC0-container/69542/profile+AC0-galery/fullbodyleft+AC0-picture/Yoshihiro+AC0-Akiyama+AF8-1044+AF8-LeftFullBodyImage.png?VersionId+AD0-RUae1jr6ZXoXCdoQQf6Q611OPR+AF8-c96l0+ACY-itok+AD0-0+AF8-tzggGB
Rostem Akman,https://dmxg5wxfqgb4u.cloudfront.net/styles/athlete+AF8-bio+AF8-full+AF8-body/s3/image/ufc+AC0-fighter+AC0-container/71542/profile+AC0-galery/fullbodyleft+AC0-picture/AKMAN+AF8-ROSTAM+AF8-L.png?VersionId+AD0-s0Xyj+AF8-DSjzTjrVVAvaeImvkXyz9WVs3Z+ACY-itok+AD0-sOszamHM
Mostapha Al Turk,None
Razak Al+AC0-Hassan,None
Ali Al+AC0-Qaisi,https://dmxg5wxfqgb4u.cloudfront.net/styles/athlete+AF8-bio+AF8-full+AF8-body/s3/2020+AC0-10/71683+ACU-252Fprofile+AC0-galery+ACU-252Ffullbodyleft+AC0-picture+ACU-252FALQAISI+AF8-ALI+AF8-L+AF8-08+AC0-08.png?itok+AD0-1gCFMhbe
Abdul+AC0-Kareem Al+AC0-Selwady,https://dmxg5wxfqgb4u.cloudfront.net/styles/athlete+AF8-bio+AF8-full+AF8-body/s3/2024+AC0-02/AL+AC0-SELWADY+AF8-ABDUL+AC0-KAREEM+AF8-L+AF8-03+AC0-02.png?itok+AD0-9DmcYnI6
Herdem Alacabek,https://dmxg5wxfqgb4u.cloudfront.net/styles/athlete+AF8-bio+AF8-full+AF8-body/s3/2022+AC0-03/10e818b5+AC0-0ad1+AC0-400e+AC0-8f07+AC0-91c0717f7a60+ACU-252FALACABEK+AF8-HERDEM+AF8-L.png?itok+AD0-lW7YzBcv
Alatengheili,https://dmxg5wxfqgb4u.cloudfront.net/styles/athlete+AF8-bio+AF8-full+AF8-body/s3/2022+AC0-04/HEILI+AF8-ALATENG+AF8-L+AF8-09+AC0-18.png?itok+AD0-i99joWRE
Amir Albazi,https://dmxg5wxfqgb4u.cloudfront.net/styles/athlete+AF8-bio+AF8-full+AF8-body/s3/2025+AC0-01/5/ALBAZI+AF8-AMIR+AF8-L+AF8-06+AC0-03.png?itok+AD0-lINX3P39
John Albert,None
Junior Albini,https://dmxg5wxfqgb4u.cloudfront.net/styles/athlete+AF8-bio+AF8-full+AF8-body/s3/image/fighter+AF8-images/junior+AF8-albini/ALBINI+AF8-JUNIOR+AF8-L.png?VersionId+AD0AXw-pkIrcY5IZrB.DUvzPk7J1daug2p8gSS+ACY-itok+AD0AXw-BJuhJ+AC0-n
Wes Albritton,None
Alexandra Albu,https://dmxg5wxfqgb4u.cloudfront.net/styles/athlete+AF8-bio+AF8-full+AF8-body/s3/image/ufc+AC0-fighter+AC0-container/67245/profile+AC0-galery/fullbodyleft+AC0-picture/ALBU+AF8-ALEXANDRA+AF8-L.png?itok+AD0-op0fVTsc
Ildemar Alcantara,https://dmxg5wxfqgb4u.cloudfront.net/styles/athlete+AF8-bio+AF8-full+AF8-body/s3/2022+AC0-03/4bf9c4d8+AC0-f416+AC0-4ac2+AC0-9bff+AC0-296d52fbf663+ACU-252FIldemar+AC0-Alcantara+AF8-299105+AF8-LeftFullBodyImage.png?itok+AD0-AWIQhX01
Iuri Alcantara,https://dmxg5wxfqgb4u.cloudfront.net/styles/athlete+AF8-bio+AF8-full+AF8-body/s3/image/ufc+AC0-fighter+AC0-container/68134/profile+AC0-galery/fullbodyleft+AC0-picture/Iuri+AC0-Alcantara+AF8-135403+AF8-LeftFullBodyImage.png?itok+AD0-mwz7gzx4
Alfonso Alcarez,None
Hector Aldana,https://dmxg5wxfqgb4u.cloudfront.net/styles/athlete+AF8-bio+AF8-full+AF8-body/s3/image/ufc+AC0-fighter+AC0-container/68080/profile+AC0-galery/fullbodyleft+AC0-picture/ALDANA+AF8-HECTOR+AF8-L.png?VersionId+AD0-7Y+AF8-3Ma4smBzA0+AF8-a45Vlw08GDGYXLCaOV+ACY-itok+AD0-OuUz0vqx
Gilbert Aldana,None
Irene Aldana,https://dmxg5wxfqgb4u.cloudfront.net/styles/athlete+AF8-bio+AF8-full+AF8-body/s3/2025+AC0-01/5/ALDANA+AF8-IRENE+AF8-L+AF8-09+AC0-14.png?itok+AD0-95IDLSZy
Jose Alday,https://dmxg5wxfqgb4u.cloudfront.net/styles/athlete+AF8-bio+AF8-full+AF8-body/s3/2021+AC0-09/68357+ACU-252Fprofile+AC0-galery+ACU-252Ffullbodyright+AC0-picture+ACU-252FALDAY+AF8-JOSE+AF8-R.png?itok+AD0-iZeIEVPm
Jos+//3//Q- Aldo,https://dmxg5wxfqgb4u.cloudfront.net/styles/athlete+AF8-bio+AF8-full+AF8-body/s3/2025+AC0-01/5/ALDO+AF8-JOSE+AF8-L+AF8-10+AC0-05.png?itok+AD0-wNRyukeK
JJ Aldrich,https://dmxg5wxfqgb4u.cloudfront.net/styles/athlete+AF8-bio+AF8-full+AF8-body/s3/2025+AC0-02/ALDRICH+AF8-JJ+AF8-L+AF8-05+AC0-11.png?itok+AD0-GqQShc+AF8-7
Irina Alekseeva,https://dmxg5wxfqgb4u.cloudfront.net/styles/athlete+AF8-bio+AF8-full+AF8-body/s3/2023+AC0-10/ALEKSEEVA+AF8-IRINA+AF8-L+AF8-10+AC0-14.png?itok+AD0-PuEv3iBx
Talita Alencar,https://dmxg5wxfqgb4u.cloudfront.net/styles/athlete+AF8-bio+AF8-full+AF8-body/s3/2024+AC0-04/ALENCAR+AF8-TALITA+AF8-L+AF8-12+AC0-09.png?itok+AD0-OzLzXZI8
Jim Alers,https://dmxg5wxfqgb4u.cloudfront.net/styles/athlete+AF8-bio+AF8-full+AF8-body/s3/2022+AC0-03/edc96865+AC0-801b+AC0-4923+AC0-9ff3+AC0-b60d558a4ff9+ACU-252FJim+AC0-Alers+AF8-474973+AF8-LeftFullBodyImage.png?itok+AD0-dQRE9zyg
John Alessio,None
Houston Alexander,None
Lucas Alexander,https://dmxg5wxfqgb4u.cloudfront.net/styles/athlete+AF8-bio+AF8-full+AF8-body/s3/2023+AC0-11/ALEXANDER+AF8-LUCAS+AF8-L+AF8-11+AC0-18.png?itok+AD0-Rirz4Xby
Marcio Alexandre,https://dmxg5wxfqgb4u.cloudfront.net/styles/athlete+AF8-bio+AF8-full+AF8-body/s3/2022+AC0-03/6cb91184+AC0-7b7e+AC0-493e+AC0-b40b+AC0-d2fd00202e6d+ACU-252Fmarcio+AC0-alexandre+AF8-477645+AF8-LeftFullBodyImage.png?itok+AD0AXw-TGvZ8mO
Olaf Alfonso,None
Bill Algeo,https://dmxg5wxfqgb4u.cloudfront.net/styles/athlete+AF8-bio+AF8-full+AF8-body/s3/2024+AC0-03/ALGEO+AF8-BILL+AF8-L+AF8-03+AC0-30.png?itok+AD0-jdS+AC0-1KFF
Royce Alger,None
Abdul Razak Alhassan,https://dmxg5wxfqgb4u.cloudfront.net/styles/athlete+AF8-bio+AF8-full+AF8-body/s3/2025+AC0-01/13/ALHASSAN+AF8-ABDUL+AF8-L+AF8-10+AC0-12.png?itok+AD0-z7dWkrpF
Amir Aliakbari,None
Sultan Aliev,https://dmxg5wxfqgb4u.cloudfront.net/styles/athlete+AF8-bio+AF8-full+AF8-body/s3/2019+AC0-04/ALIEV+AF8-SULTAN+AF8-L.png?VersionId+AD0-Jhe1yv6BwPs3HNt+AF8-BkPn8KmK0YcURYuW+ACY-itok+AD0-k6UUB+AF8-7Z
Nurullo Aliev,https://dmxg5wxfqgb4u.cloudfront.net/styles/athlete+AF8-bio+AF8-full+AF8-body/s3/2025+AC0-01/13/ALIEV+AF8-NURULLO+AF8-L+AF8-01+AC0-11.png?itok+AD0-0FhAQYwB
Ikram Aliskerov,https://dmxg5wxfqgb4u.cloudfront.net/styles/athlete+AF8-bio+AF8-full+AF8-body/s3/2024+AC0-06/ALISKEROV+AF8-IKRAM+AF8-L+AF8-10+AC0-21.png?itok+AD0-NGKwgd+AF8-y
Leon Aliu,https://dmxg5wxfqgb4u.cloudfront.net/styles/athlete+AF8-bio+AF8-full+AF8-body/s3/2023+AC0-02/ALIU+AF8-LEON+AF8-L.png?itok+AD0-gf3zpTBG
John Allan,https://dmxg5wxfqgb4u.cloudfront.net/styles/athlete+AF8-bio+AF8-full+AF8-body/s3/2021+AC0-11/69719+ACU-252Fprofile+AC0-galery+ACU-252Ffullbodyleft+AC0-picture+ACU-252FALLAN+AF8-JOHN+AF8-L+AF8-11+AC0-06.png?itok+AD0-Gli1O23T
Brendan Allen,https://dmxg5wxfqgb4u.cloudfront.net/styles/athlete+AF8-bio+AF8-full+AF8-body/s3/2025+AC0-02/ALLEN+AF8-BRENDAN+AF8-L+AF8-02+AC0-22.png?itok+AD0-obbqxSz5
Arnold Allen,https://dmxg5wxfqgb4u.cloudfront.net/styles/athlete+AF8-bio+AF8-full+AF8-body/s3/2025+AC0-01/5/ALLEN+AF8-ARNOLD+AF8-L+AF8-07+AC0-27.png?itok+AD0-i7153C9o
Benny Alloway,https://dmxg5wxfqgb4u.cloudfront.net/styles/athlete+AF8-bio+AF8-full+AF8-body/s3/2022+AC0-03/ca0cfe45+AC0-c588+AC0-4b90+AC0-b922+AC0-38c93d2c9a4a+ACU-252Fben+AC0-alloway+AF8-290154+AF8-RightFullBodyImage.png?itok+AD0-Vn6Lpxzx
Asu Almabayev ,https://dmxg5wxfqgb4u.cloudfront.net/styles/athlete+AF8-bio+AF8-full+AF8-body/s3/2025+AC0-01/5/ALMABAYEV+AF8-ASU+AF8-L+AF8-06+AC0-15.png?itok+AD0-hc7pheyp
Bekzat Almakhan,https://dmxg5wxfqgb4u.cloudfront.net/styles/athlete+AF8-bio+AF8-full+AF8-body/s3/2024+AC0-03/ALMAKHAN+AF8-BEZKAT+AF8-L+AF8-03+AC0-02.png?itok+AD0-6sM1csMt
Ericka Almeida,https://dmxg5wxfqgb4u.cloudfront.net/styles/athlete+AF8-bio+AF8-full+AF8-body/s3/2020+AC0-03/ericka+AC0-almeida+AF8-532043+AF8-LeftFullBodyImage.png?VersionId+AD0-hVSSibP5p25TjOjsfrTBP.bcOJ3t77up+ACY-itok+AD0-lI7o6gP6
Thomas Almeida,https://dmxg5wxfqgb4u.cloudfront.net/styles/athlete+AF8-bio+AF8-full+AF8-body/s3/2020+AC0-10/69367+ACU-252Fprofile+AC0-galery+ACU-252Ffullbodyleft+AC0-picture+ACU-252FALMEIDA+AF8-THOMAS+AF8-L+AF8-10+AC0-17.png?itok+AD0-x3+AC0-TKgAJ
Estefani Almeida,https://dmxg5wxfqgb4u.cloudfront.net/styles/athlete+AF8-bio+AF8-full+AF8-body/s3/image/fighter+AF8-images/Fighter+AF8-fullLength+AF8-Shadow+AC0-woman+AC0-blue.png?VersionId+AD0-SaZSiHq6Es28JDi9+AF8-jfSTmRNG4l+AF8-XkBS+ACY-itok+AD0-DWjj5ONS
Cesar Almeida,https://dmxg5wxfqgb4u.cloudfront.net/styles/athlete+AF8-bio+AF8-full+AF8-body/s3/2025+AC0-01/8/ALMEIDA+AF8-CESAR+AF8-L+AF8-01+AC0-11.png?itok+AD0-ILEhwA+AC0-x
Ricardo Almeida,None
Jailton Almeida,https://dmxg5wxfqgb4u.cloudfront.net/styles/athlete+AF8-bio+AF8-full+AF8-body/s3/2025+AC0-01/7/ALMEIDA+AF8-JAILTON+AF8-L+AF8-01+AC0-18.png?itok+AD0-jpP9dOKh
Lucas Almeida,https://dmxg5wxfqgb4u.cloudfront.net/styles/athlete+AF8-bio+AF8-full+AF8-body/s3/2023+AC0-06/ALMEIDA+AF8-LUCAS+AF8-L+AF8-06+AC0-17.png?itok+AD0-A5+AF8ALQ-qla2
Sarah Alpar,https://dmxg5wxfqgb4u.cloudfront.net/styles/athlete+AF8-bio+AF8-full+AF8-body/s3/image/ufc+AC0-fighter+AC0-container/71473/profile+AC0-galery/fullbodyleft+AC0-picture/ALPAR+AF8-SARAH+AF8-L+AF8-09+AC0-19.png?itok+AD0-bxhnNiNw
Victor Altamirano,https://dmxg5wxfqgb4u.cloudfront.net/styles/athlete+AF8-bio+AF8-full+AF8-body/s3/2024+AC0-02/ALTAMIRANO+AF8-VICTOR+AF8-L+AF8-02+AC0-24.png?itok+AD0-XwgliCVJ
Patricia Alujas,None
Eddie Alvarez,https://dmxg5wxfqgb4u.cloudfront.net/styles/athlete+AF8-bio+AF8-full+AF8-body/s3/image/ufc+AC0-fighter+AC0-container/67873/profile+AC0-galery/fullbodyleft+AC0-picture/eddie+AC0-alvarez+AF8-498601+AF8-LeftFullBodyImage.png?itok+AD0-SEiwPFxf
Jaime Alvarez,https://dmxg5wxfqgb4u.cloudfront.net/styles/athlete+AF8-bio+AF8-full+AF8-body/s3/2022+AC0-03/b0abf801+AC0-526d+AC0-462e+AC0-9ba0+AC0-63f9c6067a01+ACU-252FJamie+AC0-Alvarez+AF8-635980+AF8-LeftFullBodyImage.png?itok+AD0-UZ0Sg0xs
Sean Alvarez,None
Joel +//3//Q-lvarez,https://dmxg5wxfqgb4u.cloudfront.net/styles/athlete+AF8-bio+AF8-full+AF8-body/s3/2025+AC0-01/2/ALVAREZ+AF8-JOEL+AF8-L+AF8-12+AC0-14.png?itok+AD0-VnnKEQcf
Amilcar Alves,None
Thiago Alves,https://dmxg5wxfqgb4u.cloudfront.net/styles/athlete+AF8-bio+AF8-full+AF8-body/s3/2019+AC0-01/ALVES+AF8-THIAGO+AF8-L.png?VersionId+AD0AXw-iXg0Zp.wNih3AwI7LIRzu9dvtBESmRn+ACY-itok+AD0-bpPsB6RG
Rafael Alves,https://dmxg5wxfqgb4u.cloudfront.net/styles/athlete+AF8-bio+AF8-full+AF8-body/s3/2023+AC0-02/ALVES+AF8-RAFAEL+AF8-L+AF8-02+AC0-25.png?itok+AD0-MIeQCvO8
Warlley Alves,https://dmxg5wxfqgb4u.cloudfront.net/styles/athlete+AF8-bio+AF8-full+AF8-body/s3/2025+AC0-02/ALVES+AF8-WARLLEY+AF8-L+AF8-10+AC0-21.png?itok+AD0-gX2zDR3k
Sam Alvey,https://dmxg5wxfqgb4u.cloudfront.net/styles/athlete+AF8-bio+AF8-full+AF8-body/s3/2022+AC0-08/ALVEY+AF8-SAM+AF8-L+AF8-08+AC0-06.png?itok+AD0-tDrUFHnP
Adlan Amagov,https://dmxg5wxfqgb4u.cloudfront.net/styles/athlete+AF8-bio+AF8-full+AF8-body/s3/image/ufc+AC0-fighter+AC0-container/67151/profile+AC0-galery/fullbodyleft+AC0-picture/Adlan+AC0-Amagov+AF8-242025+AF8-LeftFullBodyImage.png?VersionId+AD0-K9XOpIQD6YOiC+AF8-x6vRThCH756JI2QeXT+ACY-itok+AD0-pvlJuEPs
Alen Amedovski,https://dmxg5wxfqgb4u.cloudfront.net/styles/athlete+AF8-bio+AF8-full+AF8-body/s3/2021+AC0-08/67201+ACU-252Fprofile+AC0-galery+ACU-252Ffullbodyleft+AC0-picture+ACU-252FAMEDOVSKI+AF8-ALEN+AF8-L+AF8-07+AC0-10.png?itok+AD0-youU6I2T
Hyder Amil,https://dmxg5wxfqgb4u.cloudfront.net/styles/athlete+AF8-bio+AF8-full+AF8-body/s3/2024+AC0-07/AMIL+AF8-HYDER+AF8-L+AF8-02+AC0-10.png?itok+AD0-Wo3n2rau
Makwan Amirkhani,https://dmxg5wxfqgb4u.cloudfront.net/styles/athlete+AF8-bio+AF8-full+AF8-body/s3/2022+AC0-07/aeac1376+AC0-60de+AC0-48f9+AC0-983f+AC0-c13d3d58d52e+ACU-252FAMIRKHANI+AF8-MAKWAN+AF8-L+AF8-03+AC0-19.png?itok+AD0-0RttlM+AF8-e
Jaqueline Amorim,https://dmxg5wxfqgb4u.cloudfront.net/styles/athlete+AF8-bio+AF8-full+AF8-body/s3/2024+AC0-09/AMORIM+AF8-JAQUELINE+AF8-L+AF8-09+AC0-07.png?itok+AD0-f7lERpof
Eryk Anders,https://dmxg5wxfqgb4u.cloudfront.net/styles/athlete+AF8-bio+AF8-full+AF8-body/s3/2024+AC0-02/ANDERS+AF8-ERYK+AF8-L+AF8-03+AC0-02.png?itok+AD0-nO+AC0-JsiYR
Matt Andersen,None
Megan Anderson,https://dmxg5wxfqgb4u.cloudfront.net/styles/athlete+AF8-bio+AF8-full+AF8-body/s3/2021+AC0-03/68788+ACU-252Fprofile+AC0-galery+ACU-252Ffullbodyleft+AC0-picture+ACU-252FANDERSON+AF8-MEGAN+AF8-L+AF8-03+AC0-06.png?itok+AD0-xHtxrVFj
Corey Anderson,https://dmxg5wxfqgb4u.cloudfront.net/styles/athlete+AF8-bio+AF8-full+AF8-body/s3/2020+AC0-02/ANDERSON+AF8-COREY+AF8-L.png?VersionId+AD0-.CDYKJ1oE6XrUF64Z67E0wo20v4GTQ39+ACY-itok+AD0-ZjcXA3px
Andy Anderson,None
Lowell Anderson,None
Tatsuya Ando,None
Viscardi Andrade,https://dmxg5wxfqgb4u.cloudfront.net/styles/athlete+AF8-bio+AF8-full+AF8-body/s3/2022+AC0-03/fbb2d8f4+AC0-78ea+AC0-4f3c+AC0-8d1c+AC0-9a7f9a5c4ff1+ACU-252Fviscardi+AC0-andrade+AF8-309084+AF8-LeftFullBodyImage.png?itok+AD0-BhEvUhZM
Alex Andrade,None
J+//3//Q-ssica Andrade ,https://dmxg5wxfqgb4u.cloudfront.net/styles/athlete+AF8-bio+AF8-full+AF8-body/s3/2025+AC0-01/5/ANDRADE+AF8-JESSICA+AF8-L+AF8-09+AC0-07.png?itok+AD0-xC84GWTP
Jermaine Andre,None
Juan Andres Luna,https://dmxg5wxfqgb4u.cloudfront.net/styles/athlete+AF8-bio+AF8-full+AF8-body/s3/2022+AC0-07/LUNA+AF8-JUAN+AF8-ANDRES+AF8-R+AF8-CS.png?itok+AD0-inmlsX+AF8-i
Dylan Andrews,https://dmxg5wxfqgb4u.cloudfront.net/styles/athlete+AF8-bio+AF8-full+AF8-body/s3/2022+AC0-03/fd3953b6+AC0-6bd3+AC0-4aec+AC0-aca2+AC0-4955bc363963+ACU-252FDylan+AC0-Andrews+AF8-307105+AF8-LeftFullBodyImage.png?itok+AD0-KDxENtPP
Reese Andy,None
Julius Anglickas,https://dmxg5wxfqgb4u.cloudfront.net/styles/athlete+AF8-bio+AF8-full+AF8-body/s3/2022+AC0-03/98a6c137+AC0-20ac+AC0-4ffc+AC0-81cd+AC0-06432d83d610+ACU-252FANGLICKAS+AF8-JULIAS+AF8-L.png?itok+AD0-jWJwDGQJ
Collin Anglin,https://dmxg5wxfqgb4u.cloudfront.net/styles/athlete+AF8-bio+AF8-full+AF8-body/s3/2021+AC0-07/71642+ACU-252Fprofile+AC0-galery+ACU-252Ffullbodyleft+AC0-picture+ACU-252FANGLIN+AF8-COLLIN+AF8-L+AF8-07+AC0-31.png?itok+AD0-ng2gLiP+AF8-
Chad Anheliger,https://dmxg5wxfqgb4u.cloudfront.net/styles/athlete+AF8-bio+AF8-full+AF8-body/s3/2024+AC0-10/ANHELIGER+AF8-CHAD+AF8-L+AF8-11+AC0-02.png?itok+AD0-3bOdgVPP
Yoji Anjo,None
Magomed Ankalaev,https://dmxg5wxfqgb4u.cloudfront.net/styles/athlete+AF8-bio+AF8-full+AF8-body/s3/2025+AC0-01/5/ANKALAEV+AF8-MAGOMED+AF8-L+AF8-10+AC0-26.png?itok+AD0-Izjyp3QA
Nina Nunes,https://dmxg5wxfqgb4u.cloudfront.net/styles/athlete+AF8-bio+AF8-full+AF8-body/s3/2022+AC0-07/5d2baa3d+AC0-591b+AC0-4d49+AC0-b2fa+AC0-49a46db97993+ACU-252FNUNES+AF8-NINA+AF8-L+AF8-07+AC0-09.png?itok+AD0-eSrhW0zO
Gadzhimurad Antigulov,https://dmxg5wxfqgb4u.cloudfront.net/styles/athlete+AF8-bio+AF8-full+AF8-body/s3/2020+AC0-10/67993+ACU-252Fprofile+AC0-galery+ACU-252Ffullbodyleft+AC0-picture+ACU-252FANTIGULOV+AF8-GADZHIMURAD+AF8-L+AF8-10+AC0-17.png?itok+AD0-srTD4+AF8-DK
Adam Antolin,https://dmxg5wxfqgb4u.cloudfront.net/styles/athlete+AF8-bio+AF8-full+AF8-body/s3/2021+AC0-08/Adam+AC0-Antolin+AF8-636457+AF8-LeftFullBodyImage.png?itok+AD0-3KqTiyFg
Zu Anyanwu,https://dmxg5wxfqgb4u.cloudfront.net/styles/athlete+AF8-bio+AF8-full+AF8-body/s3/2022+AC0-03/2d610b03+AC0-231d+AC0-4051+AC0-94ea+AC0-49671839d30b+ACU-252FZu+AC0-Anyanwu+AF8-631430+AF8-LeftFullBodyImage.png?itok+AD0-FIayFP0b
Wang Anying,https://dmxg5wxfqgb4u.cloudfront.net/styles/athlete+AF8-bio+AF8-full+AF8-body/s3/2022+AC0-03/2f01ef85+AC0-a13e+AC0-40ed+AC0-aa65+AC0-6b3a06b0219f+ACU-252FAnying+AC0-Wang+AF8-472512+AF8-LeftFullBodyImage.png?itok+AD0-tcmHs+AC0-8Q
Shinsho Anzai,https://dmxg5wxfqgb4u.cloudfront.net/styles/athlete+AF8-bio+AF8-full+AF8-body/s3/2022+AC0-03/4281a1de+AC0-4f58+AC0-4181+AC0-8723+AC0-06e392385f6f+ACU-252Fshinsho+AC0-anzai+AF8-497847+AF8-LeftFullBodyImage.png?itok+AD0-tfSM830o
Aoriqileng,https://dmxg5wxfqgb4u.cloudfront.net/styles/athlete+AF8-bio+AF8-full+AF8-body/s3/2024+AC0-02/AORIQILENG+AF8-L+AF8-10+AC0-07.png?itok+AD0-XRYF9ps7
Josh Appelt,None
Romie Aram,None
Felipe Arantes,https://dmxg5wxfqgb4u.cloudfront.net/styles/athlete+AF8-bio+AF8-full+AF8-body/s3/2022+AC0-03/0b807ccf+AC0-5013+AC0-4cfc+AC0-9053+AC0-3761b33df84b+ACU-252FFelipe+AC0-Arantes+AF8-205677+AF8-LeftFullBodyImage.png?itok+AD0-Zukol9zY
Igor Araujo,https://dmxg5wxfqgb4u.cloudfront.net/styles/athlete+AF8-bio+AF8-full+AF8-body/s3/2022+AC0-03/84ab21a2+AC0-03ae+AC0-46c8+AC0-b2e2+AC0-e38341457d2b+ACU-252FIgor+AC0-Araujo+AF8-454202+AF8-LeftFullBodyImage.png?itok+AD0-77BxdcpY
Viviane Ara+//3//Q-jo,https://dmxg5wxfqgb4u.cloudfront.net/styles/athlete+AF8-bio+AF8-full+AF8-body/s3/2025+AC0-01/5/ARAUJO+AF8-VIVIANE+AF8-L+AF8-11+AC0-16.png?itok+AD0-o6+AC0-gyAvC
Julio Arce,https://dmxg5wxfqgb4u.cloudfront.net/styles/athlete+AF8-bio+AF8-full+AF8-body/s3/2024+AC0-03/ARCE+AF8-JULIO+AF8-L+AF8-03+AC0-30.png?itok+AD0-oEFCQDUI
Carrese Archer,None
Alice Ardelean,https://dmxg5wxfqgb4u.cloudfront.net/styles/athlete+AF8-bio+AF8-full+AF8-body/s3/2024+AC0-10/1/ARDELEAN+AF8-ALICE+AF8-R+AF8-07+AC0-27.png?itok+AD0-enYAQlsm
Dan Argueta,https://dmxg5wxfqgb4u.cloudfront.net/styles/athlete+AF8-bio+AF8-full+AF8-body/s3/2024+AC0-10/ARGUETA+AF8-DAN+AF8-L+AF8-10+AC0-12.png?itok+AD0-1OjqW22j
Rheza Arianto,None
Hashem Arkhagha,https://dmxg5wxfqgb4u.cloudfront.net/styles/athlete+AF8-bio+AF8-full+AF8-body/s3/2021+AC0-09/71768+ACU-252Fprofile+AC0-galery+ACU-252Ffullbodyleft+AC0-picture+ACU-252FARKHAGHA+AF8-HASHEM+AF8-L.png?itok+AD0-uIgkJcP9
Andrei Arlovski,https://dmxg5wxfqgb4u.cloudfront.net/styles/athlete+AF8-bio+AF8-full+AF8-body/s3/2024+AC0-06/ARLOVSKI+AF8-ANDREI+AF8-L+AF8-06+AC0-29.png?itok+AD0-zEGI34XP
Garrett Armfield,https://dmxg5wxfqgb4u.cloudfront.net/styles/athlete+AF8-bio+AF8-full+AF8-body/s3/2024+AC0-01/ARMFIELD+AF8-GARRETT+AF8-L+AF8-08+AC0-26.png?itok+AD0-2V+AC0-CpftP
Austin Arnett,https://dmxg5wxfqgb4u.cloudfront.net/styles/athlete+AF8-bio+AF8-full+AF8-body/s3/image/fighter+AF8-images/Austin+AF8-Arnett/ARNETT+AF8-AUSTIN+AF8-L.png?VersionId+AD0-FrJtPxGTmLeR+AF8-9EEVuRieNA8g7lCR27E+ACY-itok+AD0-DIbkN46N
Eli Aronov,None
Akbarh Arreola,https://dmxg5wxfqgb4u.cloudfront.net/styles/athlete+AF8-bio+AF8-full+AF8-body/s3/2021+AC0-08/Akbarh+AC0-Arreola+AF8-486122+AF8-LeftFullBodyImage.png?itok+AD0AXw-VP1ckPm
Antonio Arroyo,https://dmxg5wxfqgb4u.cloudfront.net/styles/athlete+AF8-bio+AF8-full+AF8-body/s3/2021+AC0-06/71421+ACU-252Fprofile+AC0-galery+ACU-252Ffullbodyleft+AC0-picture+ACU-252FARROYO+AF8-ANTONIO+AF8-L+AF8-06+AC0-05.png?itok+AD0-x5vIo4FW
Matt Arroyo,None
Cesar Arzamendia,https://dmxg5wxfqgb4u.cloudfront.net/styles/athlete+AF8-bio+AF8-full+AF8-body/s3/2022+AC0-03/7f43157f+AC0-e765+AC0-4718+AC0-a728+AC0-dca6b3de67ea+ACU-252FCesar+AC0-Arzamendia+AF8-570127+AF8-LeftFullBodyImage.png?itok+AD0-xVIs2MhI
Kai Asakura,https://dmxg5wxfqgb4u.cloudfront.net/styles/athlete+AF8-bio+AF8-full+AF8-body/s3/2025+AC0-01/5/ASAKURA+AF8-KAI+AF8-L.png?itok+AD0-ndm2cO6E
Teddy Ash,https://dmxg5wxfqgb4u.cloudfront.net/styles/athlete+AF8-bio+AF8-full+AF8-body/s3/2022+AC0-03/faa35dea+AC0-247f+AC0-47f0+AC0-b666+AC0-ee9737f770bc+ACU-252FASH+AF8-TEDDY+AF8-R.png?itok+AD0AXw-EkanIdP
Arman Ashimov,None
Yanal Ashmouz,https://dmxg5wxfqgb4u.cloudfront.net/styles/athlete+AF8-bio+AF8-full+AF8-body/s3/2024+AC0-09/ASHMOZ+AF8-YANAL+AF8-L+AF8-07+AF8-22.png?itok+AD0-HBYGohFX
Askar Askar,None
Askar Askarov,https://dmxg5wxfqgb4u.cloudfront.net/styles/athlete+AF8-bio+AF8-full+AF8-body/s3/2022+AC0-03/64d4b199+AC0-f8a4+AC0-42dd+AC0-8e20+AC0-fb92da0368b4+ACU-252FASKAROV+AF8-ASKAR+AF8-L+AF8-03+AC0-26.png?itok+AD0-xJGujLhw
Cyril Asker,https://dmxg5wxfqgb4u.cloudfront.net/styles/athlete+AF8-bio+AF8-full+AF8-body/s3/image/ufc+AC0-fighter+AC0-container/67690/profile+AC0-galery/fullbodyleft+AC0-picture/cyril+AC0-asker+AF8-582930+AF8-LeftFullBodyImage.png?VersionId+AD0-TLECFA4ysUjurLgo1LoZ5j.62+AF8-PgZ4HH+ACY-itok+AD0-nqIizPBw
Khusein Askhabov,https://dmxg5wxfqgb4u.cloudfront.net/styles/athlete+AF8-bio+AF8-full+AF8-body/s3/2023+AC0-02/ASKHABOV+AF8-KHUSEIN+AF8-L+AF8-02+AC0-18.png?itok+AD0-Z62LDXC5
Scott Askham,https://dmxg5wxfqgb4u.cloudfront.net/styles/athlete+AF8-bio+AF8-full+AF8-body/s3/2022+AC0-03/ab383662+AC0-2b00+AC0-4d86+AC0-b8cb+AC0-6af54e92fd1d+ACU-252FScott+AC0-Askham+AF8-496987+AF8-LeftFullBodyImage.png?itok+AD0-jjBTvV0k
Ben Askren,https://dmxg5wxfqgb4u.cloudfront.net/styles/athlete+AF8-bio+AF8-full+AF8-body/s3/image/ufc+AC0-fighter+AC0-container/71443/profile+AC0-galery/fullbodyleft+AC0-picture/ASKREN+AF8-BEN+AF8-L.png?VersionId+AD0-mL.Z0hdamNtjwq3YsCAgWT9GMWD5Sm7r+ACY-itok+AD0-DR4wZEnX
Ibo Aslan,https://dmxg5wxfqgb4u.cloudfront.net/styles/athlete+AF8-bio+AF8-full+AF8-body/s3/2025+AC0-01/2/ASLAN+AF8-IBO+AF8-L+AF8-10+AC0-26.png?itok+AD0AXw-HCr+AC0-luj
Tom Aspinall,https://dmxg5wxfqgb4u.cloudfront.net/styles/athlete+AF8-bio+AF8-full+AF8-body/s3/2025+AC0-01/5/ASPINALL+AF8-TOM+AF8-BELT+AF8-L+AF8-07+AC0-27.png?itok+AD0-mpDy18w4
Bruno Assis,None
Junior Assuncao,None
Raphael Assun+//3//f/9//0-o,https://dmxg5wxfqgb4u.cloudfront.net/styles/athlete+AF8-bio+AF8-full+AF8-body/s3/2023+AC0-03/ASSUNCAO+AF8-RAPHAEL+AF8-L+AF8-03+AC0-11.png?itok+AD0-ioT5bUHj
Rich Attonito,None
Olivier Aubin+AC0-Mercier,https://dmxg5wxfqgb4u.cloudfront.net/styles/athlete+AF8-bio+AF8-full+AF8-body/s3/2018+AC0-12/AUBIN+AC0-MERCIER+AF8-OLIVIER+AF8-L.png?VersionId+AD0-OKFi4jt84PKGKM1d56QfcRjjuancF3n8+ACY-itok+AD0-sebDlCaQ
Pat Audinwood,None
Jose Augusto,None
Leonardo Augusto Leleco,https://dmxg5wxfqgb4u.cloudfront.net/styles/athlete+AF8-bio+AF8-full+AF8-body/s3/2022+AC0-03/e691a598+AC0-eeac+AC0-46f7+AC0-970d+AC0-053fe89e0fa7+ACU-252FLeonardo+AC0-Augusto+AC0-Guimaraes+AF8-573986+AF8-LeftFullBodyImage.png?itok+AD0-aERAiTtQ
Marcus Aurelio,None
Chris Avila,https://dmxg5wxfqgb4u.cloudfront.net/styles/athlete+AF8-bio+AF8-full+AF8-body/s3/2022+AC0-03/85cf3205+AC0-7d97+AC0-441c+AC0-a2b5+AC0-3175415b27ef+ACU-252Fchris+AC0-avila+AF8-597692+AF8-LeftFullBodyImage.png?itok+AD0-U6vjs2x2
Julia Avila,https://dmxg5wxfqgb4u.cloudfront.net/styles/athlete+AF8-bio+AF8-full+AF8-body/s3/2025+AC0-02/AVILA+AF8-JULIA+AF8-L+AF8-02+AC0-15.png?itok+AD0-NQa2izKu
Jessin Ayari,https://dmxg5wxfqgb4u.cloudfront.net/styles/athlete+AF8-bio+AF8-full+AF8-body/s3/2020+AC0-10/68250+ACU-252Fprofile+AC0-galery+ACU-252Ffullbodyleft+AC0-picture+ACU-252FAYARI+AF8-JESSIN+AF8-L+AF8-10+AC0-03.png?itok+AD0-Y+AC0-UnwaEo
Ottman Azaitar,https://dmxg5wxfqgb4u.cloudfront.net/styles/athlete+AF8-bio+AF8-full+AF8-body/s3/2023+AC0-07/AZAITAR+AF8-OTTMAN+AF8-L+AF8-07+AC0-15.png?itok+AD0-gvQrt3Z6
Abu Azaitar,https://dmxg5wxfqgb4u.cloudfront.net/styles/athlete+AF8-bio+AF8-full+AF8-body/s3/2024+AC0-12/3/AZAITAR+AF8-ABU+AF8-L+AF8-10+AC0-21.png?itok+AD0-SB4fLwDC
Hunter Azure,https://dmxg5wxfqgb4u.cloudfront.net/styles/athlete+AF8-bio+AF8-full+AF8-body/s3/2021+AC0-04/71504+ACU-252Fprofile+AC0-galery+ACU-252Ffullbodyleft+AC0-picture+ACU-252FAZURE+AF8-HUNTER+AF8-L+AF8-04+AC0-10.png?itok+AD0-OcETL6nN
Niklas Backstrom,https://dmxg5wxfqgb4u.cloudfront.net/styles/athlete+AF8-bio+AF8-full+AF8-body/s3/2022+AC0-03/b5db91d7+AC0-cf5d+AC0-4fe7+AC0-a3fd+AC0-e9e31784065f+ACU-252FNiklas+AC0-Backstrom+AF8-485282+AF8-LeftFullBodyImage.png?itok+AD0-qXbopRrz
Seth Baczynski,https://dmxg5wxfqgb4u.cloudfront.net/styles/athlete+AF8-bio+AF8-full+AF8-body/s3/2022+AC0-03/a166ff62+AC0-5193+AC0-4022+AC0-86e9+AC0-587abc91ea00+ACU-252FSeth+AC0-Baczynski+AF8-1184+AF8-LeftFullBodyImage.png?itok+AD0-bzNZhvqo
Abdul Azeem Badakhshi,None
Ryan Bader,https://dmxg5wxfqgb4u.cloudfront.net/styles/athlete+AF8-bio+AF8-full+AF8-body/s3/2022+AC0-03/bf6fcf68+AC0-753c+AC0-4865+AC0-a53d+AC0-ec84b1b1114c+ACU-252FRyan+AC0-Bader+AF8-1000+AF8-LeftFullBodyImage.png?itok+AD0-Z0WMAXF5
Izabela Badurek,https://dmxg5wxfqgb4u.cloudfront.net/styles/athlete+AF8-bio+AF8-full+AF8-body/s3/2022+AC0-03/864a74ad+AC0-0b09+AC0-490d+AC0-b738+AC0-37ca322d64bc+ACU-252Fizabela+AC0-badurek+AF8-522868+AF8-LeftFullBodyImage.png?itok+AD0-1GFSB7+AC0-m
Miguel Baeza,https://dmxg5wxfqgb4u.cloudfront.net/styles/athlete+AF8-bio+AF8-full+AF8-body/s3/2022+AC0-04/65831c4a+AC0-daca+AC0-459b+AC0-93c1+AC0-89d330a0ba0b+ACU-252FBAEZA+AF8-MIGUEL+AF8-L+AF8-04+AC0-16.png?itok+AD0-qO7dRtqY
Ali Bagautinov,https://dmxg5wxfqgb4u.cloudfront.net/styles/athlete+AF8-bio+AF8-full+AF8-body/s3/2021+AC0-08/Ali+AC0-Bagautinov+AF8-335521+AF8-LeftFullBodyImage.png?itok+AD0-3sOk2gDh
Mehdi Baghdad,https://dmxg5wxfqgb4u.cloudfront.net/styles/athlete+AF8-bio+AF8-full+AF8-body/s3/2022+AC0-03/88c742b6+AC0-1fb3+AC0-49d8+AC0-8690+AC0-8dbda57d8b70+ACU-252FMehdi+AC0-Baghdad+AF8-576507+AF8-LeftFullBodyImage.png?itok+AD0-faFmablp
Melsik Baghdasaryan,https://dmxg5wxfqgb4u.cloudfront.net/styles/athlete+AF8-bio+AF8-full+AF8-body/s3/2021+AC0-08/BAGHDASARYAN+AF8-MELSIK+AF8-L+AF8-07+AC0-31.png?itok+AD0-ySgHAyHM
Siyar Bahadurzada,https://dmxg5wxfqgb4u.cloudfront.net/styles/athlete+AF8-bio+AF8-full+AF8-body/s3/2019+AC0-09/BAHADURZADA+AF8-SIYAR+AF8-L.png?VersionId+AD0-6NZMWBSOprM5vttUb3GN0i7Umrz9B9.U+ACY-itok+AD0-fQC1bzCr
Ignacio Bahamondes,https://dmxg5wxfqgb4u.cloudfront.net/styles/athlete+AF8-bio+AF8-full+AF8-body/s3/2024+AC0-04/BAHAMONDES+AF8-IGNACIO+AF8-L+AF8-04+AC0-06.png?itok+AD0-T5Y5aABf
Shamar Bailey,None
Scott Baker,None
Oluwale Bamgbose,https://dmxg5wxfqgb4u.cloudfront.net/styles/athlete+AF8-bio+AF8-full+AF8-body/s3/2020+AC0-03/oluwale+AC0-bamgbose+AF8-540747+AF8-LeftFullBodyImage.png?VersionId+AD0-MfOg69Y.KNeNWVVC1KN6DD5b7Cq4II6A+ACY-itok+AD0-5gQTltru
Marcin Bandel,https://dmxg5wxfqgb4u.cloudfront.net/styles/athlete+AF8-bio+AF8-full+AF8-body/s3/2022+AC0-03/e1afa092+AC0-1039+AC0-42a3+AC0-a03e+AC0-233875cfe86c+ACU-252FMarcin+AC0-Bandel+AF8-496989+AF8-LeftFullBodyImage.png?itok+AD0-Bwl7nflQ
Humberto Bandenay,https://dmxg5wxfqgb4u.cloudfront.net/styles/athlete+AF8-bio+AF8-full+AF8-body/s3/2018+AC0-11/BANDENAY+AF8-HUMBERTO+AF8-L.png?VersionId+AD0-zFe8WuuwtbTYr.KRXVakxsLNXli3V0X3+ACY-itok+AD0-5UCgvUsV
Tae Hyun Bang,https://dmxg5wxfqgb4u.cloudfront.net/styles/athlete+AF8-bio+AF8-full+AF8-body/s3/2022+AC0-03/892e26ad+AC0-6b0a+AC0-4e0d+AC0-9419+AC0-7f626b0b716a+ACU-252FTae+AC0-Hyun+AC0-Bang+AF8-464449+AF8-LeftFullBodyImage.png?itok+AD0-7bdwof7h
Shauna Bannon,https://dmxg5wxfqgb4u.cloudfront.net/styles/athlete+AF8-bio+AF8-full+AF8-body/s3/2024+AC0-07/BANNON+AF8-SHAUNA+AF8-L+AF8-07+AC0-27.png?itok+AD0-fMRfhh9T
Antonio Banuelos,None
Renan Barao,https://dmxg5wxfqgb4u.cloudfront.net/styles/athlete+AF8-bio+AF8-full+AF8-body/s3/2018+AC0-10/BARAO+AF8-RENAN+AF8-L.png?VersionId+AD0-mXkxLQ23sgEnbww1uAfCtyUXEiNeUWpB+ACY-itok+AD0-6JbQ+AF8-CUm
Maycee Barber,https://dmxg5wxfqgb4u.cloudfront.net/styles/athlete+AF8-bio+AF8-full+AF8-body/s3/2025+AC0-01/5/BARBER+AF8-MAYCEE+AF8-L+AF8-03+AC0-09.png?itok+AD0-XYMS3+AF8-hC
Bryan Barberena,https://dmxg5wxfqgb4u.cloudfront.net/styles/athlete+AF8-bio+AF8-full+AF8-body/s3/2023+AC0-07/BARBERENA+AF8-BRYAN+AF8-L+AF8-07+AC0-22.png?itok+AD0-6D3tQBuy
Dione Barbosa,https://dmxg5wxfqgb4u.cloudfront.net/styles/athlete+AF8-bio+AF8-full+AF8-body/s3/2024+AC0-05/BARBOSA+AF8-DIONE+AF8-L+AF8-05+AC0-04.png?itok+AD0-MCzf+AF8-kzh
Edson Barboza,https://dmxg5wxfqgb4u.cloudfront.net/styles/athlete+AF8-bio+AF8-full+AF8-body/s3/2025+AC0-01/5/BARBOZA+AF8-EDSON+AF8-L+AF8-05+AC0-18.png?itok+AD0-6OKNDzxW
Raoni Barcelos,https://dmxg5wxfqgb4u.cloudfront.net/styles/athlete+AF8-bio+AF8-full+AF8-body/s3/2025+AC0-01/BARCELOS+AF8-RAONI+AF8-L+AF8-01+AC0-18.png?itok+AD0-U2jAK8lw
Carlos Baretto,None
Daniel Barez,https://dmxg5wxfqgb4u.cloudfront.net/styles/athlete+AF8-bio+AF8-full+AF8-body/s3/2024+AC0-09/BAREZ+AF8-DANIEL+AF8-L+AF8-09+AC0-28.png?itok+AD0-oX+AF8-EGtGn
Danny Barlow,https://dmxg5wxfqgb4u.cloudfront.net/styles/athlete+AF8-bio+AF8-full+AF8-body/s3/2024+AC0-08/BARLOW+AF8-DANNY+AF8-L+AF8-08+AC0-10.png?itok+AD0-CgJcwUn6
Luke Barnatt,https://dmxg5wxfqgb4u.cloudfront.net/styles/athlete+AF8-bio+AF8-full+AF8-body/s3/2022+AC0-03/64547f95+AC0-1197+AC0-4009+AC0-9470+AC0-27aaea494494+ACU-252FLuke+AC0-Barnatt+AF8-307098+AF8-LeftFullBodyImage.png?itok+AD0-NlfQj9uD
Shonte Barnes,https://dmxg5wxfqgb4u.cloudfront.net/styles/athlete+AF8-bio+AF8-full+AF8-body/s3/2021+AC0-10/71818+ACU-252Fprofile+AC0-galery+ACU-252Ffullbodyleft+AC0-picture+ACU-252FBARNES+AF8-SHONTE+AF8-L.png?itok+AD0-lL7HhN7c
James Barnes,https://dmxg5wxfqgb4u.cloudfront.net/styles/athlete+AF8-bio+AF8-full+AF8-body/s3/2021+AC0-10/71054+ACU-252Fprofile+AC0-galery+ACU-252Ffullbodyright+AC0-picture+ACU-252FBARNES+AF8-JAMES+AF8-R.png?itok+AD0-aYYxBcl1
Josh Barnett,https://dmxg5wxfqgb4u.cloudfront.net/styles/athlete+AF8-bio+AF8-full+AF8-body/s3/image/ufc+AC0-fighter+AC0-container/68372/profile+AC0-galery/fullbodyleft+AC0-picture/Josh+AC0-Barnett+AF8-133+AF8-LeftFullBodyImage.png?VersionId+AD0-6Nabyfc.GizSpGsZXYruavhxvboSPUDR+ACY-itok+AD0-jw0iPkFc
Chris Barnett,https://dmxg5wxfqgb4u.cloudfront.net/styles/athlete+AF8-bio+AF8-full+AF8-body/s3/2024+AC0-10/5/BARNETT+AF8-CHRIS+AF8-L+AF8-09+AC0-10.png?itok+AD0-n18pcWdc
David Baron,None
Phil Baroni,None
Dan Barrera,None
Peter Barrett,https://dmxg5wxfqgb4u.cloudfront.net/styles/athlete+AF8-bio+AF8-full+AF8-body/s3/2022+AC0-03/cfeccf57+AC0-d7d4+AC0-4e44+AC0-8737+AC0-cb525a5c3158+ACU-252FBARRETT+AF8-PETER+AF8-L+AF8-08+AC0-08.png?itok+AD0-Hc9ngnTK
Marc+AC0-Andre Barriault,https://dmxg5wxfqgb4u.cloudfront.net/styles/athlete+AF8-bio+AF8-full+AF8-body/s3/2024+AC0-10/BARRIAULT+AF8-MARC+AC0-ANDRE+AF8-L+AF8-11+AC0-02.png?itok+AD0-ZY+AC0-5RAXG
Alexandre Barros,None
Francimar Barroso,https://dmxg5wxfqgb4u.cloudfront.net/styles/athlete+AF8-bio+AF8-full+AF8-body/s3/2022+AC0-03/6313f3d5+AC0-f68e+AC0-4b8b+AC0-aea2+AC0-872d3630732a+ACU-252FFrancimar+AC0-Barroso+AF8-450399+AF8-LeftFullBodyImage.png?itok+AD0-xiNnuHbC
Pat Barry,https://dmxg5wxfqgb4u.cloudfront.net/styles/athlete+AF8-bio+AF8-full+AF8-body/s3/image/fighter+AF8-images/Pat+AF8-Barry/PatBarry+AF8-RedCorner.png?VersionId+AD0-frlbS6rsqe0+AF8-SZlhoS0TlJyQSjhvROAL+ACY-itok+AD0-YBib6g0K
Dean Barry,https://dmxg5wxfqgb4u.cloudfront.net/styles/athlete+AF8-bio+AF8-full+AF8-body/s3/2022+AC0-04/e865bfc7+AC0-4c53+AC0-437d+AC0-987f+AC0-78df55710f1e+ACU-252FBARRY+AF8-DEAN+AF8-L+AF8-04+AC0-23.png?itok+AD0-god3s9bz
Enrique Barzola,https://dmxg5wxfqgb4u.cloudfront.net/styles/athlete+AF8-bio+AF8-full+AF8-body/s3/2019+AC0-03/BARZOLA+AF8-ENRIQUE+AF8-L.png?VersionId+AD0-mQkqiuRZVTjFXGW2NFNTClbtbHNmbagv+ACY-itok+AD0-yLiDy4Zm
Farid Basharat,https://dmxg5wxfqgb4u.cloudfront.net/styles/athlete+AF8-bio+AF8-full+AF8-body/s3/2024+AC0-10/2/BASHARAT+AF8-FARID+AF8-L+AF8-10+AC0-26.png?itok+AD0-uVXr6WDD
Javid Basharat,https://dmxg5wxfqgb4u.cloudfront.net/styles/athlete+AF8-bio+AF8-full+AF8-body/s3/2023+AC0-10/BASHARAT+AF8-JAVID+AF8-L+AF8-10+AC0-21.png?itok+AD0-7DfRbdmt
Austin Bashi,https://dmxg5wxfqgb4u.cloudfront.net/styles/athlete+AF8-bio+AF8-full+AF8-body/s3/2025+AC0-01/1/BASHI+AF8-AUSTIN+AF8-L+AF8-01+AC0-11.png?itok+AD0-w6WKxHGJ
Stephen Bass,None
Shayna Baszler,https://dmxg5wxfqgb4u.cloudfront.net/styles/athlete+AF8-bio+AF8-full+AF8-body/s3/2022+AC0-03/fa1d20f5+AC0-ebea+AC0-449d+AC0-8b66+AC0-4507a309db5e+ACU-252FShayna+AC0-Baszler+AF8-453482+AF8-LeftFullBodyImage.png?itok+AD0-CAopycvj
Bahatebole Batebolati,https://dmxg5wxfqgb4u.cloudfront.net/styles/athlete+AF8-bio+AF8-full+AF8-body/s3/2023+AC0-06/BATEBOLATI+AF8-BAHATEBOLE+AF8-R.png?itok+AD0-b0EffXWu
Cameron Bates,https://dmxg5wxfqgb4u.cloudfront.net/styles/athlete+AF8-bio+AF8-full+AF8-body/s3/2023+AC0-07/BATES+AF8-CAMERON+AF8-L+AF8-07+AC0-07.png?itok+AD0-GL+AF8-CXTjz
Michel Batista,https://dmxg5wxfqgb4u.cloudfront.net/styles/athlete+AF8-bio+AF8-full+AF8-body/s3/image/ufc+AC0-fighter+AC0-container/68814/profile+AC0-galery/fullbodyleft+AC0-picture/BATISTA+AF8-MICHEL+AF8-L.png?itok+AD0-XMiqPntP
Bryan Battle,https://dmxg5wxfqgb4u.cloudfront.net/styles/athlete+AF8-bio+AF8-full+AF8-body/s3/2024+AC0-03/BATTLE+AF8-BRYAN+AF8-L+AF8-03+AC0-16.png?itok+AD0-UhJpvRSl
Alan Baudot,https://dmxg5wxfqgb4u.cloudfront.net/styles/athlete+AF8-bio+AF8-full+AF8-body/s3/2022+AC0-02/43c435e6+AC0-4a84+AC0-4b86+AC0-8672+AC0-1cd4f415dc63+ACU-252FBAUDOT+AF8-ALAN+AF8-L+AF8-02+AC0-19.png?itok+AD0-ud2fb+AF8-S0
Mario Bautista,https://dmxg5wxfqgb4u.cloudfront.net/styles/athlete+AF8-bio+AF8-full+AF8-body/s3/2025+AC0-01/5/BAUTISTA+AF8-MARIO+AF8-L+AF8-01+AC0-13.png?itok+AD0-Gf7UiNlj
Chris Beal,https://dmxg5wxfqgb4u.cloudfront.net/styles/athlete+AF8-bio+AF8-full+AF8-body/s3/2022+AC0-03/a04eba71+AC0-0f1f+AC0-4262+AC0-a7ff+AC0-7831fd19164b+ACU-252FChris+AC0-Beal+AF8-453424+AF8-LeftFullBodyImage.png?itok+AD0-2thXPY67
Donavan Beard,https://dmxg5wxfqgb4u.cloudfront.net/styles/athlete+AF8-bio+AF8-full+AF8-body/s3/2023+AC0-02/BEARD+AF8-DONOVAN+AF8-R.png?itok+AD0-T+AF8-BZAXjr
Ariel Beck,https://dmxg5wxfqgb4u.cloudfront.net/styles/athlete+AF8-bio+AF8-full+AF8-body/s3/2022+AC0-03/a68a575b+AC0-9107+AC0-4580+AC0-ab6f+AC0-4366457de605+ACU-252FAriel+AC0-Beck+AF8-644633+AF8-LeftFullBodyImage.png?itok+AD0-DSrQEu2z
Johnny Bedford,https://dmxg5wxfqgb4u.cloudfront.net/styles/athlete+AF8-bio+AF8-full+AF8-body/s3/2022+AC0-03/c2da64ae+AC0-2ac8+AC0-4a72+AC0-881c+AC0-3ba44fe31037+ACU-252FJohnny+AC0-Bedford+AF8-231419+AF8-LeftFullBodyImage.png?itok+AD0-Xdu+AF8-cAHV
Rolando Bedoya,https://dmxg5wxfqgb4u.cloudfront.net/styles/athlete+AF8-bio+AF8-full+AF8-body/s3/2023+AC0-06/BEDOYA+AF8-ROLANDO+AF8-L+AF8-05+AC0-06.png?itok+AD0-6zvRYbhY
Allan Begosso,https://dmxg5wxfqgb4u.cloudfront.net/styles/athlete+AF8-bio+AF8-full+AF8-body/s3/2023+AC0-02/BEGOSSO+AF8-ALLAN+AF8-R.png?itok+AD0-IFoMfst2
Azamat Bekoev,https://dmxg5wxfqgb4u.cloudfront.net/styles/athlete+AF8-bio+AF8-full+AF8-body/s3/2025+AC0-01/BEKOEV+AF8-AZAMAT+AF8-L+AF8-01+AC0-18.png?itok+AD0-gM6CukaU
Mirsad Bektic,https://dmxg5wxfqgb4u.cloudfront.net/styles/athlete+AF8-bio+AF8-full+AF8-body/s3/2022+AC0-03/4769f05a+AC0-1654+AC0-4e03+AC0-a5b5+AC0-7f1e6ff932ad+ACU-252FBEKTIC+AF8-MIRSAD+AF8-L+AF8-07+AC0-13.png?itok+AD0-aJ+AF8-b+AC0-qPl
Diana Belbita,https://dmxg5wxfqgb4u.cloudfront.net/styles/athlete+AF8-bio+AF8-full+AF8-body/s3/2025+AC0-01/BELBITA+AF8-DIANA+AF8-L+AF8-02+AC0-03.png?itok+AD0-mY6NeM6w
Alan Belcher,None
Vitor Belfort,https://dmxg5wxfqgb4u.cloudfront.net/styles/athlete+AF8-bio+AF8-full+AF8-body/s3/2022+AC0-03/eea6bb31+AC0-42c1+AC0-4fde+AC0-b13c+AC0-27a18a9c26d5+ACU-252FVitor+AC0-Belfort+AF8-19+AF8-LeftFullBodyImage.png?itok+AD0-1XG0G8kc
Yousri Belgaroui,None
Cody Belisle,None
Rodolfo Bellato,https://dmxg5wxfqgb4u.cloudfront.net/styles/athlete+AF8-bio+AF8-full+AF8-body/s3/2023+AC0-11/BELLATO+AF8-RODOLFO+AF8-L+AF8-12+AC0-02.png?itok+AD0-qzJPxDIQ
Danilo Belluardo,https://dmxg5wxfqgb4u.cloudfront.net/styles/athlete+AF8-bio+AF8-full+AF8-body/s3/image/ufc+AC0-fighter+AC0-container/67740/profile+AC0-galery/fullbodyleft+AC0-picture/BELLUARDO+AF8-DANILO+AF8-L.png?itok+AD0-PzxzFtQW
Marco Beltran,https://dmxg5wxfqgb4u.cloudfront.net/styles/athlete+AF8-bio+AF8-full+AF8-body/s3/2022+AC0-03/3e9e3f8f+AC0-83aa+AC0-4797+AC0-8d28+AC0-0cbfacdf6f9a+ACU-252Fmarco+AC0-beltran+AF8-498731+AF8-LeftFullBodyImage.png?itok+AD0-u9+AC0-SiNvP
Joey Beltran,https://dmxg5wxfqgb4u.cloudfront.net/styles/athlete+AF8-bio+AF8-full+AF8-body/s3/image/fighter+AF8-images/Joey+AF8-Beltran/JoeyBeltran+AF8-FullBody+AF8-BC.png?VersionId+AD0-K0jtTW9pamUrcQFqFbzxHnuJFBY4pHbn+ACY-itok+AD0-8Emk3G1E
Joseph Benavidez,https://dmxg5wxfqgb4u.cloudfront.net/styles/athlete+AF8-bio+AF8-full+AF8-body/s3/image/fighter+AF8-images/Joseph+AF8-Benavidez/BENAVIDEZ+AF8-JOSEPH+AF8-L.png?VersionId+AD0-a8wJrP2mqxdlJbDOx5fZtlHCdVZrg3tZ+ACY-itok+AD0-0lMZ5zvs
Dave Beneteau,None
Gabriel Benitez,https://dmxg5wxfqgb4u.cloudfront.net/styles/athlete+AF8-bio+AF8-full+AF8-body/s3/2024+AC0-04/BENITEZ+AF8-GABRIEL+AF8-L+AF8-04+AC0-27.png?itok+AD0-SyQnrYQ1
DeAnna Bennett,https://dmxg5wxfqgb4u.cloudfront.net/styles/athlete+AF8-bio+AF8-full+AF8-body/s3/2022+AC0-03/6f69ff2a+AC0-9824+AC0-44f2+AC0-96c8+AC0-532fed22fd4e+ACU-252FDeAnna+AC0-Bennett+AF8-644625+AF8-LeftFullBodyImage.png?itok+AD0-890FOuef
Lance Benoist,https://dmxg5wxfqgb4u.cloudfront.net/styles/athlete+AF8-bio+AF8-full+AF8-body/s3/2022+AC0-03/f2adc130+AC0-65ab+AC0-4f08+AC0-a4fb+AC0-7433f779a3c8+ACU-252FLance+AC0-Benoist+AF8-206060+AF8-LeftFullBodyImage.png?itok+AD0-HjSV+AC0-wYo
Ryan Benoit,https://dmxg5wxfqgb4u.cloudfront.net/styles/athlete+AF8-bio+AF8-full+AF8-body/s3/2021+AC0-05/69168+ACU-252Fprofile+AC0-galery+ACU-252Ffullbodyleft+AC0-picture+ACU-252FBENOIT+AF8-RYAN+AF8-L+AF8-05+AC0-08.png?itok+AD0-gO+AC0-gb0qi
Steve Berger,None
Kenneth Bergh,https://dmxg5wxfqgb4u.cloudfront.net/styles/athlete+AF8-bio+AF8-full+AF8-body/s3/2020+AC0-07/BERGH+AF8-KENNETH+AF8-L+AF8-07+AC0-15.png?VersionId+AD0-uLey7V9XY6Vk5cEfWxxU85o4KLhOFtN3+ACY-itok+AD0-3hucPL6y
Keith Berish,https://dmxg5wxfqgb4u.cloudfront.net/styles/athlete+AF8-bio+AF8-full+AF8-body/s3/2020+AC0-03/Keith+AC0-Berish+AF8-490961+AF8-LeftFullBodyImage.png?VersionId+AD0-NQYE.IPCBGcnQA8nUDLclE+AF8-Ynu9AoiNh+ACY-itok+AD0-qToTdlCs
Dennis Bermudez,https://dmxg5wxfqgb4u.cloudfront.net/styles/athlete+AF8-bio+AF8-full+AF8-body/s3/image/fighter+AF8-images/Dennis+AF8-Bermudez/BERMUDEZ+AF8-DENNIS+AF8-L.png?itok+AD0-hY+AC0-Pu1pc
Manny Bermudez,https://dmxg5wxfqgb4u.cloudfront.net/styles/athlete+AF8-bio+AF8-full+AF8-body/s3/image/ufc+AC0-fighter+AC0-container/68663/profile+AC0-galery/fullbodyleft+AC0-picture/BERMUDEZ+AF8-MANNY+AF8-L.png?VersionId+AD0-3ddQXQjgIvzQqFMzW1QUKjCReufy6qzw+ACY-itok+AD0-HQbUvB1e
Talita Bernardo,https://dmxg5wxfqgb4u.cloudfront.net/styles/athlete+AF8-bio+AF8-full+AF8-body/s3/image/fighter+AF8-images/Talita+AF8-Bernardo/BERNARDO+AF8-TALITA+AF8-L.png?VersionId+AD0-8DVg7eAQkKaiCTn4NsJrCrxAqnG.9Glw+ACY-itok+AD0-00a0GjCa
Dave Berry,None
Dieusel Berto,None
Allen Berube,None
Anton Berzin,https://dmxg5wxfqgb4u.cloudfront.net/styles/athlete+AF8-bio+AF8-full+AF8-body/s3/2022+AC0-03/4d566a31+AC0-edef+AC0-4fb1+AC0-826b+AC0-9661bebdd340+ACU-252Fanton+AC0-berzin+AF8-480092+AF8-LeftFullBodyImage.png?itok+AD0-qW4CVAhl
Scott Bessac,None
Matt Bessette,https://dmxg5wxfqgb4u.cloudfront.net/styles/athlete+AF8-bio+AF8-full+AF8-body/s3/image/ufc+AC0-fighter+AC0-container/68767/profile+AC0-galery/fullbodyleft+AC0-picture/Matt+AC0-Bessette+AF8-631437+AF8-LeftFullBodyImage.png?VersionId+AD0-nmMj2947yMkdiHY2z.EvjvzYDlshYECk+ACY-itok+AD0-Dy4Tr8vz
Khadzhimurat Bestaev,https://dmxg5wxfqgb4u.cloudfront.net/styles/athlete+AF8-bio+AF8-full+AF8-body/s3/2022+AC0-03/a9696141+AC0-28ff+AC0-45f3+AC0-94a3+AC0-d2e015766d00+ACU-252FBESTAEV+AF8-KHADZHIMURAT+AF8-R.png?itok+AD0-7Ix3w6ut
KB Bhullar,https://dmxg5wxfqgb4u.cloudfront.net/styles/athlete+AF8-bio+AF8-full+AF8-body/s3/2021+AC0-05/71665+ACU-252Fprofile+AC0-galery+ACU-252Ffullbodyleft+AC0-picture+ACU-252FBHULLAR+AF8-KB+AF8-L+AF8-05+AC0-01.png?itok+AD0-elDGtyMJ
Magomed Bibulatov,https://dmxg5wxfqgb4u.cloudfront.net/styles/athlete+AF8-bio+AF8-full+AF8-body/s3/2019+AC0-01/BIBULATOV+AF8-MAGOMED+AF8-L.png?VersionId+AD0-7g6frsMoc3voqCOsezdXm1ZugaIky.oP+ACY-itok+AD0-IzbkGHoj
David Bielkheden,None
Blake Bilder,https://dmxg5wxfqgb4u.cloudfront.net/styles/athlete+AF8-bio+AF8-full+AF8-body/s3/2023+AC0-02/BILDER+AF8-BLAKE+AF8-L+AF8-02+AC0-11.png?itok+AD0-Em+AF8-3c8QS
Jonas Bilharinho,https://dmxg5wxfqgb4u.cloudfront.net/styles/athlete+AF8-bio+AF8-full+AF8-body/s3/2021+AC0-11/68323+ACU-252Fprofile+AC0-galery+ACU-252Ffullbodyleft+AC0-picture+ACU-252FBILHARINHO+AF8-JONAS+AF8-L.png?itok+AD0-jwKvcCRB
Xie Bin,https://dmxg5wxfqgb4u.cloudfront.net/styles/athlete+AF8-bio+AF8-full+AF8-body/s3/2024+AC0-09/BIN+AF8-XIE+AF8-L+AF8-05+AC0-18.png?itok+AD0-yr+AC0-xYgrH
Anthony Birchak,https://dmxg5wxfqgb4u.cloudfront.net/styles/athlete+AF8-bio+AF8-full+AF8-body/s3/2021+AC0-05/67356+ACU-252Fprofile+AC0-galery+ACU-252Ffullbodyleft+AC0-picture+ACU-252FBIRCHAK+AF8-ANTHONY+AF8-L+AF8-04+AC0-17.png?itok+AD0-GnOHBbaY
Chris Birchler,None
Michael Bisping,https://dmxg5wxfqgb4u.cloudfront.net/styles/athlete+AF8-bio+AF8-full+AF8-body/s3/2022+AC0-03/e285d3e7+AC0-8514+AC0-48ec+AC0-9ea0+AC0-7936e956b507+ACU-252FMichael+AC0-Bisping+AF8-758+AF8-LeftFullBodyImage.png?itok+AD0-FeaNIaZ0
Amaury Bitetti,None
Caio Bittencourt,https://dmxg5wxfqgb4u.cloudfront.net/styles/athlete+AF8-bio+AF8-full+AF8-body/s3/2021+AC0-09/71765+ACU-252Fprofile+AC0-galery+ACU-252Ffullbodyright+AC0-picture+ACU-252FBITTENCOURT+AF8-CAIO+AF8-R.png?itok+AD0-fFPR5qrZ
Simon Biyong,None
Jan B+//3//Q-achowicz,https://dmxg5wxfqgb4u.cloudfront.net/styles/athlete+AF8-bio+AF8-full+AF8-body/s3/2025+AC0-01/5/BLACHOWICZ+AF8-JAN+AF8-L+AF8-05+AC0-14.png?itok+AD0-Sro23H6g
Jason Black,None
Brad Blackburn,None
Tom Blackledge,None
Sherrard Blackledge,https://dmxg5wxfqgb4u.cloudfront.net/styles/athlete+AF8-bio+AF8-full+AF8-body/s3/2022+AC0-03/0016949c+AC0-4b66+AC0-41c3+AC0-969f+AC0-70932bf89382+ACU-252FBLACKLEDGE+AF8-SHERRAD+AF8-R.png?itok+AD0-FEeiU8QL
Da'Mon Blackshear,https://dmxg5wxfqgb4u.cloudfront.net/styles/athlete+AF8-bio+AF8-full+AF8-body/s3/2024+AC0-07/BLACKSHEAR+AF8-DAMON+AF8-L+AF8-08+AC0-19.png?itok+AD0-vLd0Qoyo
Erin Blanchfield,https://dmxg5wxfqgb4u.cloudfront.net/styles/athlete+AF8-bio+AF8-full+AF8-body/s3/2025+AC0-01/5/BLANCHFIELD+AF8-ERIN+AF8-L+AF8-11+AC0-02.png?itok+AD0-hGFmI4c0
Maximo Blanco,https://dmxg5wxfqgb4u.cloudfront.net/styles/athlete+AF8-bio+AF8-full+AF8-body/s3/2022+AC0-03/aa3ae66b+AC0-5534+AC0-4c16+AC0-a838+AC0-a1f2bd3c2170+ACU-252FMaximo+AC0-Blanco+AF8-238067+AF8-LeftFullBodyImage.png?itok+AD0-VkyTUjBN
Curtis Blaydes,https://dmxg5wxfqgb4u.cloudfront.net/styles/athlete+AF8-bio+AF8-full+AF8-body/s3/2025+AC0-01/5/BLAYDES+AF8-CURTIS+AF8-L+AF8-07+AC0-27.png?itok+AD0-g8kVeVwW
Tereza Bleda,https://dmxg5wxfqgb4u.cloudfront.net/styles/athlete+AF8-bio+AF8-full+AF8-body/s3/2023+AC0-06/BLEDA+AF8-TEREZA+AF8-L+AF8-06+AC0-17.png?itok+AD0-PkYe3NCv
Byron Bloodworth,None
Dashawn Boatwright,https://dmxg5wxfqgb4u.cloudfront.net/styles/athlete+AF8-bio+AF8-full+AF8-body/s3/image/fighter+AF8-images/Dashawn+AF8-Boatwright/BOATWRIGHT+AF8-DESHAWN+AF8-R.png?VersionId+AD0-XTFMVXeLqz+AF8-gsXvT1waBSsbVBVuwb4Vh+ACY-itok+AD0-6p28Mymi
Daniel Bobish,None
Mark Bocek,https://dmxg5wxfqgb4u.cloudfront.net/styles/athlete+AF8-bio+AF8-full+AF8-body/s3/image/fighter+AF8-images/Mark+AF8-Bocek/fighter+AF8-fullLength+AF8-MARK+AF8-BOCEK+AF8-RC.png?VersionId+AD0-OuyH6mxCwo7oDkttxoUvTi756pM94O4C+ACY-itok+AD0-W1eU0G6T
Kyle Bochniak,https://dmxg5wxfqgb4u.cloudfront.net/styles/athlete+AF8-bio+AF8-full+AF8-body/s3/2018+AC0-12/BOCHNIAK+AF8-KYLE+AF8-L.png?VersionId+AD0-ZFlkKge7j8zozQM.FSTdvM8RSRpCOeXU+ACY-itok+AD0-YOOFIBZ1
James Bochnovic,https://dmxg5wxfqgb4u.cloudfront.net/styles/athlete+AF8-bio+AF8-full+AF8-body/s3/2021+AC0-08/James+AC0-Bochnovic+AF8-632519+AF8-LeftFullBodyImage.png?itok+AD0-Jq+AF8-pa7mP
Tim Boetsch,https://dmxg5wxfqgb4u.cloudfront.net/styles/athlete+AF8-bio+AF8-full+AF8-body/s3/image/fighter+AF8-images/Tim+AF8-Boetsch/BOETSCH+AF8-TIM+AF8-L.png?VersionId+AD0-SqHnE1bMaD0Zp26o1WhqWIWmbYwSCRYX+ACY-itok+AD0-9UrbvHJU
Galore Bofando,https://dmxg5wxfqgb4u.cloudfront.net/styles/athlete+AF8-bio+AF8-full+AF8-body/s3/2022+AC0-03/da96e8bc+AC0-5274+AC0-47a0+AC0-b65c+AC0-b0ebb719569a+ACU-252FGalore+AC0-Bofando+AF8-627637+AF8-LeftFullBodyImage.png?itok+AD0-eHFdSPvD
Roman Bogatov,https://dmxg5wxfqgb4u.cloudfront.net/styles/athlete+AF8-bio+AF8-full+AF8-body/s3/2020+AC0-07/BOGATOV+AF8-ROMAN+AF8-L+AF8-07+AC0-11.png?VersionId+AD0-K8DqEK0PUbjcvJ1a7dqkK8lMOiFWA2cF+ACY-itok+AD0AXw-YmOC6oq
Jerry Bohlander,None
Mandy B+//3//Q-hm ,https://dmxg5wxfqgb4u.cloudfront.net/styles/athlete+AF8-bio+AF8-full+AF8-body/s3/2023+AC0-02/BOHM+AF8-MANDY+AF8-L+AF8-02+AC0-04.png?itok+AD0-QYmsZ+AF8-OI
Gaston Bolanos,https://dmxg5wxfqgb4u.cloudfront.net/styles/athlete+AF8-bio+AF8-full+AF8-body/s3/2024+AC0-11/BOLANOS+AF8-GASTON+AF8-L+AF8-11+AC0-09.png?itok+AD0-w4idOrsZ
Denys Bondar,https://dmxg5wxfqgb4u.cloudfront.net/styles/athlete+AF8-bio+AF8-full+AF8-body/s3/2023+AC0-06/BONDAR+AF8-DENYS+AF8-L+AF8-06+AC0-17.png?itok+AD0-SXb72Jra
Gabriel Bonfim,https://dmxg5wxfqgb4u.cloudfront.net/styles/athlete+AF8-bio+AF8-full+AF8-body/s3/2023+AC0-07/BONFIM+AF8-GABRIEL+AF8-L+AF8-07+AF8-25.png?itok+AD0-tCpIpVsj
Ismael Bonfim,https://dmxg5wxfqgb4u.cloudfront.net/styles/athlete+AF8-bio+AF8-full+AF8-body/s3/2025+AC0-02/BONFIM+AF8-ISMAEL+AF8-L+AF8-02+AC0-15.png?itok+AD0-52LTSY1r
Jesse Bongfeldt,None
Stephan Bonnar,None
Michael Bonnette,https://dmxg5wxfqgb4u.cloudfront.net/styles/athlete+AF8-bio+AF8-full+AF8-body/s3/2023+AC0-07/BONNETTE+AF8-MICHAEL+AF8-R+AF8-07+AC0-07.png?itok+AD0-LjuPc9uL
Rogerio Bontorin,https://dmxg5wxfqgb4u.cloudfront.net/styles/athlete+AF8-bio+AF8-full+AF8-body/s3/2022+AC0-06/042451ad+AC0-f84d+AC0-4e48+AC0-b667+AC0-86ff95f99ab9+ACU-252FBONTORIN+AF8-ROGERIO+AF8-L+AF8-06+AC0-11.png?itok+AD0-SIluWtdb
Branden Bordeaux,None
Ray Borg,https://dmxg5wxfqgb4u.cloudfront.net/styles/athlete+AF8-bio+AF8-full+AF8-body/s3/2019+AC0-07/BORG+AF8-RAY+AF8-L.png?VersionId+AD0-Onn5C9puOykEEec8uItKFBUHfHxzPzUF+ACY-itok+AD0-jkfeqZTD
Kevin Borjas,https://dmxg5wxfqgb4u.cloudfront.net/styles/athlete+AF8-bio+AF8-full+AF8-body/s3/2024+AC0-04/BORJAS+AF8-KEVIN+AF8-L+AF8-11+AC0-11.png?itok+AD0-ZXdOAt9H
Calen Born,https://dmxg5wxfqgb4u.cloudfront.net/styles/athlete+AF8-bio+AF8-full+AF8-body/s3/2022+AC0-03/4ed51c37+AC0-5d37+AC0-4662+AC0-93db+AC0-1101a1732ac3+ACU-252FBORN+AF8-CALEN+AF8-R+AF8-08+AC0-22.png?itok+AD0-Gi79UqkM
Caio Borralho,https://dmxg5wxfqgb4u.cloudfront.net/styles/athlete+AF8-bio+AF8-full+AF8-body/s3/2025+AC0-01/5/BORRALHO+AF8-CAIO+AF8-L+AF8-08+AC0-24.png?itok+AD0-qeKF5bhl
Zach Borrego,https://dmxg5wxfqgb4u.cloudfront.net/styles/athlete+AF8-bio+AF8-full+AF8-body/s3/2022+AC0-08/BORREGO+AF8-ZACHARY+AF8-R.png?itok+AD0-pEjztg+AC0-v
Viacheslav Borshchev,https://dmxg5wxfqgb4u.cloudfront.net/styles/athlete+AF8-bio+AF8-full+AF8-body/s3/2024+AC0-08/BORSHCHEV+AF8-VIACHESLAV+AF8-L+AF8-08+AC0-24.png?itok+AD0-dguxmmvx
Tanner Boser,https://dmxg5wxfqgb4u.cloudfront.net/styles/athlete+AF8-bio+AF8-full+AF8-body/s3/2023+AC0-08/BOSER+AF8-TANNER+AF8-L+AF8-08+AC0-05.png?itok+AD0-f7+AC0-JKoTq
Steve Bosse,https://dmxg5wxfqgb4u.cloudfront.net/styles/athlete+AF8-bio+AF8-full+AF8-body/s3/2022+AC0-03/a452abb0+AC0-1083+AC0-40b5+AC0-9902+AC0-c2e0742ca582+ACU-252FSteve+AC0-Bosse+AF8-473755+AF8-LeftFullBodyImage.png?itok+AD0-V+AF8-vp8l5b
Marcus Bossett,None
Poliana Botelho,https://dmxg5wxfqgb4u.cloudfront.net/styles/athlete+AF8-bio+AF8-full+AF8-body/s3/2022+AC0-06/bb68db83+AC0-d1ae+AC0-41da+AC0-bda0+AC0-851e66497b0d+ACU-252FBOTELHO+AF8-POLIANA+AF8-L+AF8-06+AC0-04.png?itok+AD0-OPGFWAxq
Tai Bowden,None
Melton Bowen,None
Kyron Bowen,https://dmxg5wxfqgb4u.cloudfront.net/styles/athlete+AF8-bio+AF8-full+AF8-body/s3/2022+AC0-03/60238adb+AC0-fa58+AC0-45c0+AC0-8e8b+AC0-be0d9f4da8f0+ACU-252FBOWEN+AF8-KYRON+AF8-L.png?itok+AD0-qMRrYRIb
Brian Bowles,None
Roger Bowling,https://dmxg5wxfqgb4u.cloudfront.net/styles/athlete+AF8-bio+AF8-full+AF8-body/s3/2022+AC0-03/9aa8b4e2+AC0-a867+AC0-47db+AC0-8017+AC0-c9c0a4a4b63b+ACU-252FRoger+AC0-Bowling+AF8-242031+AF8-LeftFullBodyImage.png?itok+AD0-4bOGPMMk
Anvar Boynazarov,https://dmxg5wxfqgb4u.cloudfront.net/styles/athlete+AF8-bio+AF8-full+AF8-body/s3/2022+AC0-08/BOYNAZAROV+AF8-ANVAR+AF8-R.png?itok+AD0-H+AF8-hnt+AC0-L9
Kyle Bradley,None
Paul Bradley,None
Sean Brady,https://dmxg5wxfqgb4u.cloudfront.net/styles/athlete+AF8-bio+AF8-full+AF8-body/s3/2025+AC0-01/5/BRADY+AF8-SEAN+AF8-L+AF8-09+AC0-07.png?itok+AD0-kFQlPL29
Ebenezer Braga,None
Ramiz Brahimaj,https://dmxg5wxfqgb4u.cloudfront.net/styles/athlete+AF8-bio+AF8-full+AF8-body/s3/2024+AC0-11/BRAHIMAJ+AF8-RAMIZ+AF8-L+AF8-05+AC0-18.png?itok+AD0-xZOIafK9
Joe Brammer,None
David Branch,https://dmxg5wxfqgb4u.cloudfront.net/styles/athlete+AF8-bio+AF8-full+AF8-body/s3/2018+AC0-11/BRANCH+AF8-DAVID+AF8-L+AF8-0.png?VersionId+AD0-SH2peu+AF8-4ByIuFrVafoY.KYire9W1egwm+ACY-itok+AD0-8MKwaJIg
Diego Brandao,https://dmxg5wxfqgb4u.cloudfront.net/styles/athlete+AF8-bio+AF8-full+AF8-body/s3/2022+AC0-03/abf369be+AC0-9e63+AC0-44bd+AC0-9541+AC0-a8ed2adb7db2+ACU-252FDiego+AC0-Brandao+AF8-231391+AF8-LeftFullBodyImage.png?itok+AD0-qiQtnXj9
Bruna Brasil,https://dmxg5wxfqgb4u.cloudfront.net/styles/athlete+AF8-bio+AF8-full+AF8-body/s3/2025+AC0-01/4/BRASIL+AF8-BRUNA+AF8-L+AF8-07+AC0-27.png?itok+AD0-3FiOozOy
Martin Bravo,https://dmxg5wxfqgb4u.cloudfront.net/styles/athlete+AF8-bio+AF8-full+AF8-body/s3/2019+AC0-09/BRAVO+AF8-MARTIN+AF8-L.png?VersionId+AD0-KBX5x4NwGrZ0Z5Qx8UYdrPH3NJn5bv.n+ACY-itok+AD0-wuWPJMvZ
Mike Breeden,https://dmxg5wxfqgb4u.cloudfront.net/styles/athlete+AF8-bio+AF8-full+AF8-body/s3/2024+AC0-03/BREEDEN+AF8-MIKE+AF8-L+AF8-10+AC0-21.png?itok+AD0-Xyyo3tn5
Tom Breese,https://dmxg5wxfqgb4u.cloudfront.net/styles/athlete+AF8-bio+AF8-full+AF8-body/s3/2021+AC0-06/69395+ACU-252Fprofile+AC0-galery+ACU-252Ffullbodyleft+AC0-picture+ACU-252FBREESE+AF8-TOM+AF8-L+AF8-06+AC0-05.png?itok+AD0-aI8qQAqs
Elves Brener,https://dmxg5wxfqgb4u.cloudfront.net/styles/athlete+AF8-bio+AF8-full+AF8-body/s3/2024+AC0-05/BRENNER+AF8-ELVES+AF8-L+AF8-05+AC0-04.png?itok+AD0-4EKp8kHe
Chris Brennan,None
Charlie Brenneman,https://dmxg5wxfqgb4u.cloudfront.net/styles/athlete+AF8-bio+AF8-full+AF8-body/s3/image/fighter+AF8-images/Charlie+AF8-Brenneman/CharlieBrennaman+AF8-RedCorner.png?VersionId+AD0-zaWWggctyZrwP4rPmQC8cvZEdsC+AF8-JOb9+ACY-itok+AD0-8iks4a+AC0-K
Marcos Brigagao,https://dmxg5wxfqgb4u.cloudfront.net/styles/athlete+AF8-bio+AF8-full+AF8-body/s3/2022+AC0-03/6bab4bd7+AC0-387d+AC0-4723+AC0-8d7c+AC0-749bfb1aa123+ACU-252FBRIGAGAO+AF8-MARCOS+AF8-L.png?itok+AD0-wzlh2sEw
Jason Brilz,None
Marcus Brimage,https://dmxg5wxfqgb4u.cloudfront.net/styles/athlete+AF8-bio+AF8-full+AF8-body/s3/2022+AC0-03/27593adb+AC0-5191+AC0-4bdd+AC0-b116+AC0-fdac82dadb45+ACU-252FMarcus+AC0-Brimage+AF8-231414+AF8-LeftFullBodyImage.png?itok+AD0-XPq0aLGH
Aaron Brink,None
Henry Briones,https://dmxg5wxfqgb4u.cloudfront.net/styles/athlete+AF8-bio+AF8-full+AF8-body/s3/2022+AC0-03/8add01cf+AC0-bb1e+AC0-4ad7+AC0-bcb0+AC0-e7b7017bed8e+ACU-252Fhenry+AC0-briones+AF8-498730+AF8-LeftFullBodyImage.png?itok+AD0-r6+AC0-YDbWK
Kaik Brito,https://dmxg5wxfqgb4u.cloudfront.net/styles/athlete+AF8-bio+AF8-full+AF8-body/s3/2023+AC0-08/BRITO+AF8-KAIK+AF8-L.png?itok+AD0-p2j9y2aU
Joanderson Brito,https://dmxg5wxfqgb4u.cloudfront.net/styles/athlete+AF8-bio+AF8-full+AF8-body/s3/2023+AC0-06/BRITO+AF8-JOANDERSON+AF8-L+AF8-07+AC0-01.png?itok+AD0-Eut2+AC0-Y7h
Antwain Britt,None
Will Brooks,https://dmxg5wxfqgb4u.cloudfront.net/styles/athlete+AF8-bio+AF8-full+AF8-body/s3/2020+AC0-03/will+AC0-brooks+AF8-594572+AF8-LeftFullBodyImage.png?VersionId+AD0-8Gp8WAciAUZbbXlxgd6pJHX8uHElXMcI+ACY-itok+AD0-0Rs1Zw5y
Jarred Brooks,https://dmxg5wxfqgb4u.cloudfront.net/styles/athlete+AF8-bio+AF8-full+AF8-body/s3/image/ufc+AC0-fighter+AC0-container/68192/profile+AC0-galery/fullbodyleft+AC0-picture/jarred+AC0-brooks+AF8-619388+AF8-LeftFullBodyImage.png?VersionId+AD0-lUcS4L42r7SzMtzt34dYW+AF8-Qh23Yf0Uzm+ACY-itok+AD0-SsqEvA4M
Rob Broughton,None
Damien Brown,https://dmxg5wxfqgb4u.cloudfront.net/styles/athlete+AF8-bio+AF8-full+AF8-body/s3/2022+AC0-03/6168b819+AC0-b85a+AC0-4307+AC0-b0f1+AC0-75c3362e0765+ACU-252Fdamien+AC0-brown+AF8-584034+AF8-LeftFullBodyImage.png?itok+AD0-0We9zZ9d
Randy Brown,https://dmxg5wxfqgb4u.cloudfront.net/styles/athlete+AF8-bio+AF8-full+AF8-body/s3/2024+AC0-12/BROWN+AF8-RANDY+AF8-L+AF8-12+AC0-07.png?itok+AD0-ifUanS5m
Humberto Brown,https://dmxg5wxfqgb4u.cloudfront.net/styles/athlete+AF8-bio+AF8-full+AF8-body/s3/2022+AC0-03/322e848a+AC0-8db1+AC0-4083+AC0-b80b+AC0-74ebc018e9d1+ACU-252Fhumberto+AC0-brown+AF8-498760+AF8-LeftFullBodyImage.png?itok+AD0-9kfpfcZq
Todd Brown,None
TJ Brown,https://dmxg5wxfqgb4u.cloudfront.net/styles/athlete+AF8-bio+AF8-full+AF8-body/s3/2024+AC0-10/BROWN+AF8-TJ+AF8-L+AF8-06+AC0-25.png?itok+AD0-Ueqk2cse
Matt Brown,https://dmxg5wxfqgb4u.cloudfront.net/styles/athlete+AF8-bio+AF8-full+AF8-body/s3/2023+AC0-05/BROWN+AF8-MATT+AF8-L+AF8-05+AC0-13.png?itok+AD0-QGKwBL9Y
Mike Brown,https://dmxg5wxfqgb4u.cloudfront.net/styles/athlete+AF8-bio+AF8-full+AF8-body/s3/image/fighter+AF8-images/Mike+AF8-Brown/MikeBrown+AF8-UFC146+AF8-54.png?VersionId+AD0-ACKpV20krAQgwWQ8j.aPA3MkDmb.OPxI+ACY-itok+AD0-R2V0vSJM
Travis Browne,https://dmxg5wxfqgb4u.cloudfront.net/styles/athlete+AF8-bio+AF8-full+AF8-body/s3/2022+AC0-03/c1cca132+AC0-7c8d+AC0-4465+AC0-b290+AC0-75de311cf7d6+ACU-252FTravis+AC0-Browne+AF8-1165+AF8-LeftFullBodyImage.png?itok+AD0-MK9LO81W
Junie Browning,None
Jules Bruchez,None
Stephanie Luciano,https://dmxg5wxfqgb4u.cloudfront.net/styles/athlete+AF8-bio+AF8-full+AF8-body/s3/2024+AC0-08/LUCIANO+AF8-STEPHANIE+AF8-L+AF8-08+AC0-10.png?itok+AD0-c9Xre3QI
Cody Brundage,https://dmxg5wxfqgb4u.cloudfront.net/styles/athlete+AF8-bio+AF8-full+AF8-body/s3/2024+AC0-05/BRUNDAGE+AF8-CODY+AF8-L+AF8-04+AC0-13.png?itok+AD0-SGvyxqjx
Steve Bruno,None
Derek Brunson,https://dmxg5wxfqgb4u.cloudfront.net/styles/athlete+AF8-bio+AF8-full+AF8-body/s3/2023+AC0-03/BRUNSON+AF8-DEREK+AF8-L+AF8-03+AC0-05.png?itok+AD0-7bGGw0AZ
Dennis Bryant,None
Josh Bryant,None
Robert Bryczek,https://dmxg5wxfqgb4u.cloudfront.net/styles/athlete+AF8-bio+AF8-full+AF8-body/s3/2024+AC0-02/BRYZCEK+AF8-ROBERT+AF8-L+AF8-02+AC0-10.png?itok+AD0-pBmm6kEN
Lukasz Brzeski,https://dmxg5wxfqgb4u.cloudfront.net/styles/athlete+AF8-bio+AF8-full+AF8-body/s3/2024+AC0-07/BRZESKI+AF8-LUKASZ+AF8-L+AF8-04+AC0-06.png?itok+AD0-BmIVbT+AC0-i
Justin Buchholz,None
Joaquin Buckley,https://dmxg5wxfqgb4u.cloudfront.net/styles/athlete+AF8-bio+AF8-full+AF8-body/s3/2025+AC0-01/5/BUCKLEY+AF8-JOAQUIN+AF8-L+AF8-05+AC0-11.png?itok+AD0-XDj4nqmA
Martin Buday,https://dmxg5wxfqgb4u.cloudfront.net/styles/athlete+AF8-bio+AF8-full+AF8-body/s3/2023+AC0-12/BUDAY+AF8-MARTIN+AF8-L+AF8-12+AC0-16.png?itok+AD0-1cCVUqZm
Dylan Budka,https://dmxg5wxfqgb4u.cloudfront.net/styles/athlete+AF8-bio+AF8-full+AF8-body/s3/2024+AC0-04/BUDKA+AF8-DYLAN+AF8-L+AF8-04+AC0-06.png?itok+AD0-e5cDi+AF8-eW
Paul Buentello,None
Modestas Bukauskas,https://dmxg5wxfqgb4u.cloudfront.net/styles/athlete+AF8-bio+AF8-full+AF8-body/s3/2025+AC0-02/BUKAUSKAS+AF8-MODESTAS+AF8-L+AF8-02+AC0-22.png?itok+AD0-HAF4trES
Felipe Bunes,https://dmxg5wxfqgb4u.cloudfront.net/styles/athlete+AF8-bio+AF8-full+AF8-body/s3/2025+AC0-01/2/BUNES+AF8-FELIPE+AF8-L+AF8-01+AC0-11.png?itok+AD0-cJTsc0h1
Wuliji Buren,https://dmxg5wxfqgb4u.cloudfront.net/styles/athlete+AF8-bio+AF8-full+AF8-body/s3/image/fighter+AF8-images/Wuliji+AF8-Buren/BUREN+AF8-WULIJI+AF8-L.png?itok+AD0-0cFCwbtT
Shane Burgos,https://dmxg5wxfqgb4u.cloudfront.net/styles/athlete+AF8-bio+AF8-full+AF8-body/s3/2022+AC0-07/BURGOS+AF8-SHANE+AF8-L+AF8-07+AC0-16.png?itok+AD0-xnz9jrj5
Joshua Burkman,https://dmxg5wxfqgb4u.cloudfront.net/styles/athlete+AF8-bio+AF8-full+AF8-body/s3/2022+AC0-03/e401625f+AC0-d815+AC0-4af6+AC0-9d80+AC0-b7aa96236d40+ACU-252FJosh+AC0-Burkman+AF8-713+AF8-LeftFullBodyImage.png?itok+AD0-s9ZFreGN
Justin Burlinson,https://dmxg5wxfqgb4u.cloudfront.net/styles/athlete+AF8-bio+AF8-full+AF8-body/s3/2021+AC0-11/71850+ACU-252Fprofile+AC0-galery+ACU-252Ffullbodyright+AC0-picture+ACU-252FBURLINSON+AF8-JUSTIN+AF8-R.png?itok+AD0-QSzonizg
Nate Burnard,https://dmxg5wxfqgb4u.cloudfront.net/styles/athlete+AF8-bio+AF8-full+AF8-body/s3/2023+AC0-07/BURNARD+AF8-NATE+AF8-L+AF8-07+AC0-07.png?itok+AD0-l+AC0-7OFBOj
Mads Burnell,https://dmxg5wxfqgb4u.cloudfront.net/styles/athlete+AF8-bio+AF8-full+AF8-body/s3/2022+AC0-03/2015c6c1+AC0-68d2+AC0-4e7b+AC0-bb08+AC0-a6d81f73304b+ACU-252FMads+AC0-Burnell+AF8-636913+AF8-LeftFullBodyImage.png?itok+AD0-HHqzUMi+AC0-
Mikey Burnett,None
Herbert Burns,https://dmxg5wxfqgb4u.cloudfront.net/styles/athlete+AF8-bio+AF8-full+AF8-body/s3/2024+AC0-08/BURNS+AF8-HERBERT+AF8-L+AF8-3+AC0-30.png?itok+AD0-qMQJuHWj
Kevin Burns,None
Gilbert Burns,https://dmxg5wxfqgb4u.cloudfront.net/styles/athlete+AF8-bio+AF8-full+AF8-body/s3/2025+AC0-01/5/BURNS+AF8-GILBERT+AF8-L+AF8-09+AC0-07.png?itok+AD0-Euf4nStN
Nah+AC0-Shon Burrell,None
Martin Buschkamp,None
Bubba Bush,https://dmxg5wxfqgb4u.cloudfront.net/styles/athlete+AF8-bio+AF8-full+AF8-body/s3/2022+AC0-03/96967fa8+AC0-7754+AC0-48d3+AC0-aece+AC0-e0b4ae3cb7f3+ACU-252FBubba+AC0-Bush+AF8-490461+AF8-LeftFullBodyImage.png?itok+AD0-uNS0rnbk
Dakota Bush,https://dmxg5wxfqgb4u.cloudfront.net/styles/athlete+AF8-bio+AF8-full+AF8-body/s3/2021+AC0-06/BUSH+AF8-DAKOTA+AF8-L+AF8-04+AC0-17.png?itok+AD0-upg4yrsJ
Murilo Bustamante,None
Jesse Butler,https://dmxg5wxfqgb4u.cloudfront.net/styles/athlete+AF8-bio+AF8-full+AF8-body/s3/2023+AC0-06/BUTLER+AF8-JESSE+AF8-L+AF8-06+AC0-03.png?itok+AD0-ju03Fq4l
Todd Butler,None
JP Buys,https://dmxg5wxfqgb4u.cloudfront.net/styles/athlete+AF8-bio+AF8-full+AF8-body/s3/2023+AC0-08/BUYS+AF8-JP+AF8-L+AF8-08+AC0-12.png?itok+AD0-Vym21p+AF8-V
Dennis Buzukja,https://dmxg5wxfqgb4u.cloudfront.net/styles/athlete+AF8-bio+AF8-full+AF8-body/s3/2024+AC0-08/BUZUKJA+AF8-DENNIS+AF8-L+AF8-08+AC0-24.png?itok+AD0-o5xjNF+AC0-y
Charles Byrd,https://dmxg5wxfqgb4u.cloudfront.net/styles/athlete+AF8-bio+AF8-full+AF8-body/s3/image/ufc+AC0-fighter+AC0-container/67587/profile+AC0-galery/fullbodyleft+AC0-picture/BYRD+AF8-CHARLES+AF8-L.png?VersionId+AD0-qAx8l64VSdMJuGwxGJa0rGCRfL2Dek0D+ACY-itok+AD0AXw-HjWNjpb
Steve Byrnes,None
Yan Cabral,https://dmxg5wxfqgb4u.cloudfront.net/styles/athlete+AF8-bio+AF8-full+AF8-body/s3/2022+AC0-03/4da6245b+AC0-b7a0+AC0-4edf+AC0-94b6+AC0-65f1dfaec508+ACU-252Fyan+AC0-cabral+AF8-309186+AF8-LeftFullBodyImage.png?itok+AD0-xlq6dixW
Alex Caceres,https://dmxg5wxfqgb4u.cloudfront.net/styles/athlete+AF8-bio+AF8-full+AF8-body/s3/2023+AC0-06/CACERES+AF8-ALEX+AF8-L+AF8-06+AC0-03.png?itok+AD0AXw-2CDqgpw
Vince Cachero,https://dmxg5wxfqgb4u.cloudfront.net/styles/athlete+AF8-bio+AF8-full+AF8-body/s3/2021+AC0-02/71684+ACU-252Fprofile+AC0-galery+ACU-252Ffullbodyleft+AC0-picture+ACU-252FCACHERO+AF8-VINCE+AF8-L+AF8-08+AC0-01.png?itok+AD0-H+AF8-xI+AC0-rK+AF8-
Priscila Cachoeira,https://dmxg5wxfqgb4u.cloudfront.net/styles/athlete+AF8-bio+AF8-full+AF8-body/s3/2024+AC0-01/CACHOEIRA+AF8-PRISCILA+AF8-L+AF8-01+AC0-20.png?itok+AD0-F3dBRV8o
Ricky Calatayud,None
Nicolle Caliari,https://dmxg5wxfqgb4u.cloudfront.net/styles/athlete+AF8-bio+AF8-full+AF8-body/s3/2025+AC0-01/2/CALIARI+AF8-NICOLLE+AF8-L+AF8-01+AC0-11.png?itok+AD0-C6jaIPzL
Taylor Callens,None
Cynthia Calvillo,https://dmxg5wxfqgb4u.cloudfront.net/styles/athlete+AF8-bio+AF8-full+AF8-body/s3/2023+AC0-04/CALVILLO+AF8-CYNTHIA+AF8-L+AF8-04+AC0-08.png?itok+AD0-a8jqxcbR
Frank Camacho,https://dmxg5wxfqgb4u.cloudfront.net/styles/athlete+AF8-bio+AF8-full+AF8-body/s3/2022+AC0-05/7a8af626+AC0-0417+AC0-46a8+AC0-a875+AC0-d23f046d8a97+ACU-252FCAMACHO+AF8-FRANK+AF8-L+AF8-05+AC0-14.png?itok+AD0-eZBCjz4H
Fabricio Camoes,https://dmxg5wxfqgb4u.cloudfront.net/styles/athlete+AF8-bio+AF8-full+AF8-body/s3/2022+AC0-03/8dcdd20b+AC0-6da7+AC0-4323+AC0-9624+AC0-fda9543ec780+ACU-252FFabricio+AC0-Camoes+AF8-1133+AF8-LeftFullBodyImage.png?itok+AD0-KYrXR+AC0-HJ
Brian Camozzi,https://dmxg5wxfqgb4u.cloudfront.net/styles/athlete+AF8-bio+AF8-full+AF8-body/s3/2022+AC0-03/1f1bf675+AC0-e05f+AC0-40ff+AC0-a46b+AC0-9f29a0db71b2+ACU-252Fbrian+AC0-camozzi+AF8-611147+AF8-LeftFullBodyImage.png?itok+AD0-UCABY8wF
Chris Camozzi,https://dmxg5wxfqgb4u.cloudfront.net/styles/athlete+AF8-bio+AF8-full+AF8-body/s3/2022+AC0-03/cabed0ea+AC0-5433+AC0-4772+AC0-9bbe+AC0-6196098290ca+ACU-252FChris+AC0-Camozzi+AF8-1185+AF8-LeftFullBodyImage.png?itok+AD0-cxVHCSgv
Ricky Camp,None
Shane Campbell,https://dmxg5wxfqgb4u.cloudfront.net/styles/athlete+AF8-bio+AF8-full+AF8-body/s3/2022+AC0-03/12d4ebdf+AC0-e8d9+AC0-43f7+AC0-9255+AC0-589aeb9f4036+ACU-252Fshane+AC0-campbell+AF8-527986+AF8-LeftFullBodyImage.png?itok+AD0-ysISGdqM
Charlie Campbell,https://dmxg5wxfqgb4u.cloudfront.net/styles/athlete+AF8-bio+AF8-full+AF8-body/s3/2024+AC0-04/CAMPBELL+AF8-CHARLIE+AF8-L+AF8-09+AC0-16.png?itok+AD0-b1TKuMA+AF8-
John Campetella,None
Wagner Campos,None
Will Campuzano,https://dmxg5wxfqgb4u.cloudfront.net/styles/athlete+AF8-bio+AF8-full+AF8-body/s3/2022+AC0-03/0fc05923+AC0-a63c+AC0-4c98+AC0-b58b+AC0-b11c1a35ea39+ACU-252FWill+AC0-Campuzano+AF8-1118+AF8-LeftFullBodyImage.png?itok+AD0-rjSlsmcT
Aleksa Camur,https://dmxg5wxfqgb4u.cloudfront.net/styles/athlete+AF8-bio+AF8-full+AF8-body/s3/2021+AC0-06/71497+ACU-252Fprofile+AC0-galery+ACU-252Ffullbodyleft+AC0-picture+ACU-252FCAMUR+AF8-ALEKSA+AF8-L+AF8-06+AC0-19.png?itok+AD0-l2aw1oEn
Chico Camus,https://dmxg5wxfqgb4u.cloudfront.net/styles/athlete+AF8-bio+AF8-full+AF8-body/s3/2022+AC0-03/9555762f+AC0-81da+AC0-4421+AC0-b49b+AC0-86872ca2fcea+ACU-252FChico+AC0-Camus+AF8-266911+AF8-LeftFullBodyImage.png?itok+AD0-ESaOlacb
Asbel Cancio,None
Carlos Candelario,https://dmxg5wxfqgb4u.cloudfront.net/styles/athlete+AF8-bio+AF8-full+AF8-body/s3/2022+AC0-05/526c1be0+AC0-510d+AC0-4326+AC0-b67a+AC0-adbdb0fe1796+ACU-252FCANDELARIO+AF8-CARLOS+AF8-L+AF8-04+AC0-30.png?itok+AD0-np1dff+AF8-n
Ronaldo Candido,https://dmxg5wxfqgb4u.cloudfront.net/styles/athlete+AF8-bio+AF8-full+AF8-body/s3/2022+AC0-03/56ad3484+AC0-660a+AC0-4585+AC0-8cc2+AC0-fea945cead4a+ACU-252FRonaldo+AC0-Candido+AF8-631560+AF8-LeftFullBodyImage.png?itok+AD0-bE1gPP4h
Luiz Cane,None
Guido Cannetti,https://dmxg5wxfqgb4u.cloudfront.net/styles/athlete+AF8-bio+AF8-full+AF8-body/s3/2023+AC0-06/CANNETTI+AF8-GUIDO+AF8-L+AF8-03+AC0-11.png?itok+AD0-QD1KC76U
Jared Cannonier,https://dmxg5wxfqgb4u.cloudfront.net/styles/athlete+AF8-bio+AF8-full+AF8-body/s3/2025+AC0-02/CANNONIER+AF8-JARED+AF8-L+AF8-02+AC0-15.png?itok+AD0-4CeIbO5k
Steve Cantwell,None
Paul Capaldo,None
Phil Caracappa,https://dmxg5wxfqgb4u.cloudfront.net/styles/athlete+AF8-bio+AF8-full+AF8-body/s3/2022+AC0-03/a5255f0f+AC0-1c02+AC0-4a8e+AC0-a07b+AC0-021e042bdffc+ACU-252FCARACAPPA+AF8-PHIL+AF8-R.png?itok+AD0-QukWygHT
Frank Caracci,None
Gina Carano,None
Bryan Caraway,https://dmxg5wxfqgb4u.cloudfront.net/styles/athlete+AF8-bio+AF8-full+AF8-body/s3/image/fighter+AF8-images/Bryan+AF8-Caraway/CARAWAY+AF8-BRYAN+AF8-L.png?itok+AD0-FbrQc7oQ
Chris Cariaso,https://dmxg5wxfqgb4u.cloudfront.net/styles/athlete+AF8-bio+AF8-full+AF8-body/s3/2022+AC0-03/60fc7a7a+AC0-9fd1+AC0-4b86+AC0-ba0d+AC0-2eb3a3d51c41+ACU-252FChris+AC0-Cariaso+AF8-1170+AF8-LeftFullBodyImage.png?itok+AD0-IohcN4+AF8-Z
Rafael Carino,None
Antonio Carlos Junior,https://dmxg5wxfqgb4u.cloudfront.net/styles/athlete+AF8-bio+AF8-full+AF8-body/s3/image/ufc+AC0-fighter+AC0-container/67374/profile+AC0-galery/fullbodyleft+AC0-picture/CARLOS+AF8-JUNIOR+AF8-ANTONIO+AF8-L.png?VersionId+AD0-JGTdyaP+AF8-cOJzHbl8eBDqVhbsIehp9EGa+ACY-itok+AD0-WDpVOMQ+AC0-
Spike Carlyle,https://dmxg5wxfqgb4u.cloudfront.net/styles/athlete+AF8-bio+AF8-full+AF8-body/s3/2020+AC0-11/71596+ACU-252Fprofile+AC0-galery+ACU-252Ffullbodyleft+AC0-picture+ACU-252FCARLYLE+AF8-SPIKE+AF8-L+AF8-02+AC0-29.png?itok+AD0-w+AC0-i1Xhvt
Francis Carmont,https://dmxg5wxfqgb4u.cloudfront.net/styles/athlete+AF8-bio+AF8-full+AF8-body/s3/2022+AC0-03/7669acf2+AC0-16a4+AC0-4d96+AC0-aa22+AC0-f76140633235+ACU-252FFrancis+AC0-Carmont+AF8-226404+AF8-LeftFullBodyImage.png?itok+AD0-SrHdPUFE
Liz Carmouche,https://dmxg5wxfqgb4u.cloudfront.net/styles/athlete+AF8-bio+AF8-full+AF8-body/s3/2018+AC0-10/CARMOUCHE+AF8-LIZ+AF8-L+AF8-0.png?VersionId+AD0-y7Lr5Uzdovy4aC3ACQ+AF8-iEnQrcs2Jn44y+ACY-itok+AD0-U9mRHKiL
Roan Carneiro,https://dmxg5wxfqgb4u.cloudfront.net/styles/athlete+AF8-bio+AF8-full+AF8-body/s3/2022+AC0-03/194eb2fa+AC0-64a6+AC0-4673+AC0-9310+AC0-9e17b07cd11b+ACU-252FRoan+AC0-Carneiro+AF8-839+AF8-LeftFullBodyImage.png?itok+AD0-RwMT1YH3
Ariane Carnelossi,https://dmxg5wxfqgb4u.cloudfront.net/styles/athlete+AF8-bio+AF8-full+AF8-body/s3/2021+AC0-06/CARNELOSSI+AF8-ARIANE+AF8-L+AF8-04+AC0-24.png?itok+AD0-7zceKzA8
Luana Carolina,https://dmxg5wxfqgb4u.cloudfront.net/styles/athlete+AF8-bio+AF8-full+AF8-body/s3/2024+AC0-07/CAROLINA+AF8-LUANA+AF8-L+AF8-07+AC0-20.png?itok+AD0-vbY9RcVy
Tim Caron,https://dmxg5wxfqgb4u.cloudfront.net/styles/athlete+AF8-bio+AF8-full+AF8-body/s3/2022+AC0-03/25720f06+AC0-3fef+AC0-4fe5+AC0-8ecb+AC0-93f22ae4ef55+ACU-252FCARON+AF8-TIM+AF8-L.png?itok+AD0-pdEF2+AC0-Me
Clayton Carpenter,https://dmxg5wxfqgb4u.cloudfront.net/styles/athlete+AF8-bio+AF8-full+AF8-body/s3/2025+AC0-01/6/CARPENTER+AF8-CLAYTON+AF8-L+AF8-10+AC0-12.png?itok+AD0-AoxAlLcr
Cain Carrizosa,https://dmxg5wxfqgb4u.cloudfront.net/styles/athlete+AF8-bio+AF8-full+AF8-body/s3/2022+AC0-03/d846f421+AC0-423c+AC0-49fe+AC0-a047+AC0-af3bc036898f+ACU-252Fcain+AC0-carrizosa+AF8-498025+AF8-LeftFullBodyImage.png?itok+AD0-Tz+AC0-pRP4m
Shonie Carter,None
Jack Cartwright,https://dmxg5wxfqgb4u.cloudfront.net/styles/athlete+AF8-bio+AF8-full+AF8-body/s3/2022+AC0-08/CARTWRIGHT+AF8-JACK+AF8-L.png?itok+AD0-4nO+AC0-gttV
Antonio Carvalho,None
Shane Carwin,None
Johnny Case,https://dmxg5wxfqgb4u.cloudfront.net/styles/athlete+AF8-bio+AF8-full+AF8-body/s3/2022+AC0-03/17971a6d+AC0-baf1+AC0-49fa+AC0-9294+AC0-dd4f9097e750+ACU-252FJohnny+AC0-Case+AF8-488754+AF8-LeftFullBodyImage.png?itok+AD0AXw-SxpltRW
Cortney Casey,https://dmxg5wxfqgb4u.cloudfront.net/styles/athlete+AF8-bio+AF8-full+AF8-body/s3/2021+AC0-11/67672+ACU-252Fprofile+AC0-galery+ACU-252Ffullbodyleft+AC0-picture+ACU-252FCASEY+AF8-CORTNEY+AF8-L+AF8-11+AC0-13.png?itok+AD0-L7+AC0ALQ-ldRQ
Kevin Casey,https://dmxg5wxfqgb4u.cloudfront.net/styles/athlete+AF8-bio+AF8-full+AF8-body/s3/2020+AC0-03/Kevin+AC0-Casey+AF8-307097+AF8-LeftFullBodyImage.png?VersionId+AD0-6wdd1nciXsAeOe709TAo0MXXD3dvrezS+ACY-itok+AD0-xcUARlj5
Duane Cason,None
John Castaneda,https://dmxg5wxfqgb4u.cloudfront.net/styles/athlete+AF8-bio+AF8-full+AF8-body/s3/2025+AC0-02/CASTANEDA+AF8-JOHN+AF8-L+AF8-06+AC0-08.png?itok+AD0-ffa+AC0-MTzp
Gil Castillo,None
Danny Castillo,https://dmxg5wxfqgb4u.cloudfront.net/styles/athlete+AF8-bio+AF8-full+AF8-body/s3/2022+AC0-03/95dd71f8+AC0-630b+AC0-474a+AC0-88ea+AC0-4e30c18fab88+ACU-252FDanny+AC0-Castillo+AF8-918+AF8-LeftFullBodyImage.png?itok+AD0-NBVZfxll
Nick Catone,https://dmxg5wxfqgb4u.cloudfront.net/styles/athlete+AF8-bio+AF8-full+AF8-body/s3/image/fighter+AF8-images/Nick+AF8-Catone/NickCatone+AF8-RedCorner.png?VersionId+AD0-DvW8lqLpcPzr0RlQ+AF8-nc0JVpQNRQYvO0N+ACY-itok+AD0-Bovn9Qgi
Luke Caudillo,None
Rafael Cavalcante,https://dmxg5wxfqgb4u.cloudfront.net/styles/athlete+AF8-bio+AF8-full+AF8-body/s3/2022+AC0-03/a834742c+AC0-9159+AC0-476e+AC0-967b+AC0-3e1c6380bfb2+ACU-252FRafael+AC0-Cavalcante+AF8-241979+AF8-LeftFullBodyImage.png?itok+AD0-afqFaxsY
Jacqueline Cavalcanti,https://dmxg5wxfqgb4u.cloudfront.net/styles/athlete+AF8-bio+AF8-full+AF8-body/s3/2025+AC0-01/5/CAVALCANTI+AF8-JACQUELINE+AF8-L+AF8-08+AC0-24.png?itok+AD0-E+AC0-jaWaCl
Magnus Cedenblad,https://dmxg5wxfqgb4u.cloudfront.net/styles/athlete+AF8-bio+AF8-full+AF8-body/s3/2022+AC0-03/72c4d688+AC0-b48d+AC0-46e9+AC0-9d6d+AC0-85a7461cc68d+ACU-252FMagnus+AC0-Cedenblad+AF8-234799+AF8-LeftFullBodyImage.png?itok+AD0-fEPWxTeC
Yosdenis Cedeno,https://dmxg5wxfqgb4u.cloudfront.net/styles/athlete+AF8-bio+AF8-full+AF8-body/s3/2022+AC0-03/599b4149+AC0-9d08+AC0-4ee7+AC0-8734+AC0-7760398b3b0a+ACU-252FYosdenis+AC0-Cedeno+AF8-472473+AF8-LeftFullBodyImage.png?itok+AD0-RpGjwIF7
Henry Cejudo,https://dmxg5wxfqgb4u.cloudfront.net/styles/athlete+AF8-bio+AF8-full+AF8-body/s3/2025+AC0-02/CEJUDO+AF8-HENRY+AF8-L+AF8-02+AC0-22.png?itok+AD0-GkWSytbY
Adam Cella,None
Vinicius Cenci,https://dmxg5wxfqgb4u.cloudfront.net/styles/athlete+AF8-bio+AF8-full+AF8-body/s3/2023+AC0-02/CENCI+AF8-VINICIUS+AF8-R.png?itok+AD0-hhXxYSaJ
Katlyn Cerminara,https://dmxg5wxfqgb4u.cloudfront.net/styles/athlete+AF8-bio+AF8-full+AF8-body/s3/2025+AC0-01/5/CERMINARA+AF8-KATLYN+AF8-L+AF8-03+AC0-09.png?itok+AD0-Izy4IufF
Rafael Cerqueira,https://dmxg5wxfqgb4u.cloudfront.net/styles/athlete+AF8-bio+AF8-full+AF8-body/s3/2024+AC0-11/CERQUEIRA+AF8-RAFAEL+AF8-L+AF8-10+AC0-26.png?itok+AD0-4p14l+AF8-yS
Alberta Cerra,None
Donald Cerrone,https://dmxg5wxfqgb4u.cloudfront.net/styles/athlete+AF8-bio+AF8-full+AF8-body/s3/2022+AC0-05/06971e1e+AC0-4aa9+AC0-404e+AC0-96f4+AC0-b50c2f56c21f+ACU-252FCERRONE+AF8-DONALD+AF8-L+AF8-05+AC0-07.png?itok+AD0-QUtbOg5n
Luan Chagas,https://dmxg5wxfqgb4u.cloudfront.net/styles/athlete+AF8-bio+AF8-full+AF8-body/s3/2022+AC0-03/eef4e33d+AC0-6c56+AC0-40ad+AC0-babc+AC0-f436938a7292+ACU-252Fluan+AC0-chagas+AF8-589459+AF8-LeftFullBodyImage.png?itok+AD0-zQbriPwi
Edgar Chairez,https://dmxg5wxfqgb4u.cloudfront.net/styles/athlete+AF8-bio+AF8-full+AF8-body/s3/2024+AC0-09/CHAIREZ+AF8-EDGAR+AF8-L+AF8-09+AC0-14.png?itok+AD0-A61QFFr2
Ansar Chalangov,None
Alex Chambers,https://dmxg5wxfqgb4u.cloudfront.net/styles/athlete+AF8-bio+AF8-full+AF8-body/s3/image/ufc+AC0-fighter+AC0-container/67207/profile+AC0-galery/fullbodyleft+AC0-picture/Alex+AC0-Chambers+AF8-501694+AF8-LeftFullBodyImage.png?VersionId+AD0-h3uAjCkaNMqd75FA4ylVAW+AF8-JKdC070ql+ACY-itok+AD0-KY4l5g2T
Chelsea Chandler,https://dmxg5wxfqgb4u.cloudfront.net/styles/athlete+AF8-bio+AF8-full+AF8-body/s3/2025+AC0-01/5/CHANDLER+AF8-CHELSEA+AF8-L+AF8-03+AC0-16.png?itok+AD0-XHfzSG5Z
Michael Chandler,https://dmxg5wxfqgb4u.cloudfront.net/styles/athlete+AF8-bio+AF8-full+AF8-body/s3/2025+AC0-01/5/CHANDLER+AF8-MICHAEL+AF8-L+AF8-05+AC0-07.png?itok+AD0-HjEGNPze
Donnie Chappell,None
Joe Charles,None
Morgan Charriere,https://dmxg5wxfqgb4u.cloudfront.net/styles/athlete+AF8-bio+AF8-full+AF8-body/s3/2024+AC0-09/CHARRIERE+AF8-MORGAN+AF8-L+AF8-09+AC0-28.png?itok+AD0-gz8rxX8J
Ernest Chavez,https://dmxg5wxfqgb4u.cloudfront.net/styles/athlete+AF8-bio+AF8-full+AF8-body/s3/2022+AC0-03/9521fc57+AC0-6890+AC0-406f+AC0-9f5f+AC0-bf4494d8aa6c+ACU-252FErnest+AC0-Chavez+AF8-472414+AF8-LeftFullBodyImage.png?itok+AD0-3+AC0-6iJu5f
Danny Chavez,https://dmxg5wxfqgb4u.cloudfront.net/styles/athlete+AF8-bio+AF8-full+AF8-body/s3/2021+AC0-07/CHAVEZ+AF8-DANNY+AF8-L+AF8-07+AC0-31.png?itok+AD0-5HgJpg88
Gabriel Checco,https://dmxg5wxfqgb4u.cloudfront.net/styles/athlete+AF8-bio+AF8-full+AF8-body/s3/2022+AC0-04/930e9701+AC0-6cd9+AC0-457e+AC0-97bd+AC0-a7460971fe0a+ACU-252FGabriel+AC0-Checco+AF8-631549+AF8-LeftFullBodyImage.png?itok+AD0-pV+AF8-4k8ZZ
Albert Cheng,https://dmxg5wxfqgb4u.cloudfront.net/styles/athlete+AF8-bio+AF8-full+AF8-body/s3/image/fighter+AF8-images/Albert+AF8-Cheng/ALBERT+AC0-CHENG+AC0-2013+AC0-10+AC0-17+AC0-075.png?VersionId+AD0-BtZhf1U5ODcCIUqNLCJcu6pf1UkhVz7x+ACY-itok+AD0-yjzRcDlo
Fabio Cherant,https://dmxg5wxfqgb4u.cloudfront.net/styles/athlete+AF8-bio+AF8-full+AF8-body/s3/2021+AC0-08/71484+ACU-252Fprofile+AC0-galery+ACU-252Ffullbodyleft+AC0-picture+ACU-252FCHERANT+AF8-FABIO+AF8-L+AF8-08+AC0-21.png?itok+AD0-SjKsSCna
Mark Cherico,https://dmxg5wxfqgb4u.cloudfront.net/styles/athlete+AF8-bio+AF8-full+AF8-body/s3/2022+AC0-03/5bd15a84+AC0-9b21+AC0-4706+AC0-8703+AC0-9ee3b525a9fe+ACU-252FMark+AC0-Cherico+AF8-636380+AF8-LeftFullBodyImage.png?itok+AD0-Fwnn5Jat
Macy Chiasson,https://dmxg5wxfqgb4u.cloudfront.net/styles/athlete+AF8-bio+AF8-full+AF8-body/s3/2025+AC0-01/5/CHIASSON+AF8-MACY+AF8-L+AF8-06+AC0-29.png?itok+AD0-c8p4lY42
Michael Chiesa,https://dmxg5wxfqgb4u.cloudfront.net/styles/athlete+AF8-bio+AF8-full+AF8-body/s3/2024+AC0-12/CHIESA+AF8-MICHAEL+AF8-L+AF8-12+AC0-07.png?itok+AD0-RGS+AC0-GZbx
Giga Chikadze,https://dmxg5wxfqgb4u.cloudfront.net/styles/athlete+AF8-bio+AF8-full+AF8-body/s3/2025+AC0-01/5/CHIKADZE+AF8-GIGA+AF8-L+AF8-08+AF8-26.png?itok+AD0-iER1mr+AC0-P
Khamzat Chimaev,https://dmxg5wxfqgb4u.cloudfront.net/styles/athlete+AF8-bio+AF8-full+AF8-body/s3/2021+AC0-11/71660+ACU-252Fprofile+AC0-galery+ACU-252Ffullbodyleft+AC0-picture+ACU-252FCHIMAEV+AF8-KHAMZAT+AF8-L+AF8-10+AC0-30.png?itok+AD0-V9OsChbC
Sako Chivitchian,None
Dooho Choi,https://dmxg5wxfqgb4u.cloudfront.net/styles/athlete+AF8-bio+AF8-full+AF8-body/s3/2024+AC0-07/CHOI+AF8-DOOHOO+AF8-L+AF8-07+AC0-20.png?itok+AD0-rds1zBqi
Seungwoo Choi,https://dmxg5wxfqgb4u.cloudfront.net/styles/athlete+AF8-bio+AF8-full+AF8-body/s3/2022+AC0-06/2b069c1d+AC0-9d95+AC0-4599+AC0-b34e+AC0-c489d5f2f0bf+ACU-252FCHOI+AF8-SEUNGWOO+AF8-L+AF8-06+AC0-11.png?itok+AD0-voSBBaPs
DongHun Choi,https://dmxg5wxfqgb4u.cloudfront.net/styles/athlete+AF8-bio+AF8-full+AF8-body/s3/2024+AC0-09/CHOI+AF8-DONGHUN+AF8-L.png?itok+AD0ALQ-v9poZCF
SeungGuk Choi,https://dmxg5wxfqgb4u.cloudfront.net/styles/athlete+AF8-bio+AF8-full+AF8-body/s3/2023+AC0-02/CHOI+AF8-SEUNGGUK+AF8-L+AF8-02+AC0-04.png?itok+AD0-Tyew+AF8-7B1
John Cholish,None
Ryo Chonan,None
Will Chope,https://dmxg5wxfqgb4u.cloudfront.net/styles/athlete+AF8-bio+AF8-full+AF8-body/s3/2022+AC0-03/5d6f1191+AC0-12db+AC0-4688+AC0-a974+AC0-c07f61b0288a+ACU-252FWill+AC0-Chope+AF8-464206+AF8-LeftFullBodyImage.png?itok+AD0AXw-ArK5pzD
Joachim Christensen,https://dmxg5wxfqgb4u.cloudfront.net/styles/athlete+AF8-bio+AF8-full+AF8-body/s3/2022+AC0-03/11852d45+AC0-4fed+AC0-41a3+AC0-b7f0+AC0-94940dbb2dff+ACU-252Fjoachim+AC0-christensen+AF8-600881+AF8-LeftFullBodyImage.png?itok+AD0-Bbxb+AF8-FwV
Kevin Christian,https://dmxg5wxfqgb4u.cloudfront.net/styles/athlete+AF8-bio+AF8-full+AF8-body/s3/2024+AC0-09/CHRISTIAN+AF8-KEVIN+AF8-L+AF8-09+AC0-24.png?itok+AD0-OteH6sfF
Dan Christison,None
Anthony Christodoulou,https://dmxg5wxfqgb4u.cloudfront.net/styles/athlete+AF8-bio+AF8-full+AF8-body/s3/2022+AC0-03/872c2dae+AC0-555a+AC0-4af6+AC0-af07+AC0-8366b49a9bdb+ACU-252Fanthony+AC0-christodoulou+AF8-516447+AF8-LeftFullBodyImage.png?itok+AD0-mzbwtoc4
Yui Chul Nam,https://dmxg5wxfqgb4u.cloudfront.net/styles/athlete+AF8-bio+AF8-full+AF8-body/s3/2022+AC0-03/e9943f22+AC0-5da4+AC0-486d+AC0-b7c1+AC0-2272e2c703db+ACU-252FYui+AC0-Chul+AC0-Nam+AF8-466030+AF8-LeftFullBodyImage.png?itok+AD0-tsk+AC0-1YVb
Cameron Church,https://dmxg5wxfqgb4u.cloudfront.net/styles/athlete+AF8-bio+AF8-full+AF8-body/s3/2022+AC0-03/447d4836+AC0-ce6c+AC0-4f4a+AC0-b367+AC0-f27312237dde+ACU-252FCHURCH+AF8-CAMERON+AF8-L.png?itok+AD0-T+AC0-rt5Z2O
Mike Ciesnolevicz,None
Hannah Cifers,https://dmxg5wxfqgb4u.cloudfront.net/styles/athlete+AF8-bio+AF8-full+AF8-body/s3/2019+AC0-08/CIFERS+AF8-HANNAH+AF8-L.png?VersionId+AD0-iG5cdaZl5Fb7DRJWK5y3ZT7fTEaXMgXu+ACY-itok+AD0-RbsulSAM
Misha Cirkunov,https://dmxg5wxfqgb4u.cloudfront.net/styles/athlete+AF8-bio+AF8-full+AF8-body/s3/2022+AC0-10/CIRKUNOV+AF8-MISHA+AF8-L+AF8-10+AC0-15.png?itok+AD0-C+AF8-Iso00t
Devin Clark,https://dmxg5wxfqgb4u.cloudfront.net/styles/athlete+AF8-bio+AF8-full+AF8-body/s3/2024+AC0-02/CLARK+AF8-DEVIN+AF8-L+AF8-02+AC0-10.png?itok+AD0-yVx7I1HW
Heather Jo Clark,https://dmxg5wxfqgb4u.cloudfront.net/styles/athlete+AF8-bio+AF8-full+AF8-body/s3/2022+AC0-03/70f41d6f+AC0-a729+AC0-4e31+AC0-9ece+AC0-bf980bd65dba+ACU-252FHeather+AC0-Clark+AF8-501696+AF8-LeftFullBodyImage.png?itok+AD0-ukT4Jwo6
Jessica+AC0-Rose Clark,https://dmxg5wxfqgb4u.cloudfront.net/styles/athlete+AF8-bio+AF8-full+AF8-body/s3/2023+AC0-05/CLARK+AF8-JESSICA+AC0-ROSE+AF8-L+AF8-05+AC0-13.png?itok+AD0-f4novoug
Logan Clark,None
Laverne Clark,None
Mitch Clarke,https://dmxg5wxfqgb4u.cloudfront.net/styles/athlete+AF8-bio+AF8-full+AF8-body/s3/image/ufc+AC0-fighter+AC0-container/68856/profile+AC0-galery/fullbodyleft+AC0-picture/Mitch+AC0-Clarke+AF8-226175+AF8-LeftFullBodyImage.png?VersionId+AD0-hOE5iyyZAvvzdfb6nFBRjK31r5f7xJN9+ACY-itok+AD0-pvszHLuh
Rich Clementi,None
Chris Clements,https://dmxg5wxfqgb4u.cloudfront.net/styles/athlete+AF8-bio+AF8-full+AF8-body/s3/2022+AC0-03/88149569+AC0-43e6+AC0-4496+AC0-bbb7+AC0-7b77f9a00c10+ACU-252FChris+AC0-Clements+AF8-235799+AF8-LeftFullBodyImage.png?itok+AD0-QvReZ27V
Mark Climaco,https://dmxg5wxfqgb4u.cloudfront.net/styles/athlete+AF8-bio+AF8-full+AF8-body/s3/2023+AC0-06/CLIMACO+AF8-MARK+AF8-L.png?itok+AD0AXw-w2UWeE0
Josh Clopton,None
Brian Cobb,None
John Cofer,None
Felipe Colares,https://dmxg5wxfqgb4u.cloudfront.net/styles/athlete+AF8-bio+AF8-full+AF8-body/s3/2022+AC0-06/42e42739+AC0-cc49+AC0-4303+AC0-9987+AC0-389fbfc392f9+ACU-252FCOLARES+AF8-FELIPE+AF8-L+AF8-05+AC0-21.png?itok+AD0AXw-nVy3zYg
Chandler Cole,None
Coltin Cole,https://dmxg5wxfqgb4u.cloudfront.net/styles/athlete+AF8-bio+AF8-full+AF8-body/s3/2023+AC0-07/COLE+AF8-COLTIN+AF8-R+AF8-07+AC0-07.png?itok+AD0-Q3ShpvhU
Mark Coleman,None
Clay Collard,https://dmxg5wxfqgb4u.cloudfront.net/styles/athlete+AF8-bio+AF8-full+AF8-body/s3/2020+AC0-07/clay+AC0-collard+AF8-498027+AF8-LeftFullBodyImage.png?VersionId+AD0-0cD0o86k98TwSNxZmKMOP23.YEW3FbbT+ACY-itok+AD0-Tjt98CJM
Jamie Colleen,https://dmxg5wxfqgb4u.cloudfront.net/styles/athlete+AF8-bio+AF8-full+AF8-body/s3/2022+AC0-03/9be369e5+AC0-c6c7+AC0-4119+AC0-86d6+AC0-3ad53544deda+ACU-252FJamie+AC0-Colleen+AF8-635978+AF8-LeftFullBodyImage.png?itok+AD0-wlpAKp8B
Jake Collier,https://dmxg5wxfqgb4u.cloudfront.net/styles/athlete+AF8-bio+AF8-full+AF8-body/s3/2022+AC0-09/fe8aadbd+AC0-65cb+AC0-469e+AC0-b339+AC0-fc14fff68528+ACU-252FCOLLIER+AF8-JAKE+AF8-L+AF8-04+AC0-30.png?itok+AD0-bEry0MTB
Christian Colombo,https://dmxg5wxfqgb4u.cloudfront.net/styles/athlete+AF8-bio+AF8-full+AF8-body/s3/2022+AC0-03/43004668+AC0-d400+AC0-486a+AC0-a4ac+AC0-86eb288f11a2+ACU-252Fchristian+AC0-colombo+AF8-598805+AF8-LeftFullBodyImage.png?itok+AD0-DoJ557vf
Wes Combs,None
Carlos Condit,https://dmxg5wxfqgb4u.cloudfront.net/styles/athlete+AF8-bio+AF8-full+AF8-body/s3/2021+AC0-07/67555+ACU-252Fprofile+AC0-galery+ACU-252Ffullbodyleft+AC0-picture+ACU-252FCONDIT+AF8-CARLOS+AF8-L+AF8-07+AC0-10.png?itok+AD0-iHX+AC0-wCjS
Chris Condo,None
Wang Cong,https://dmxg5wxfqgb4u.cloudfront.net/styles/athlete+AF8-bio+AF8-full+AF8-body/s3/2025+AC0-02/CONG+AF8-WANG+AF8-L+AF8-02+AC0-08.png?itok+AD0-lnf7EfF9
Tristan Connelly,https://dmxg5wxfqgb4u.cloudfront.net/styles/athlete+AF8-bio+AF8-full+AF8-body/s3/2021+AC0-06/CONNELLY+AF8-TRISTAN+AF8-L+AF8-04+AC0-24.png?itok+AD0-RQCymkPg
Marcos Conrado Junior,None
Bob Cook,None
Amanda Cooper,https://dmxg5wxfqgb4u.cloudfront.net/styles/athlete+AF8-bio+AF8-full+AF8-body/s3/2018+AC0-11/COOPER+AF8-AMANDA+AF8-R.png?VersionId+AD0-ozz2G4DgImBh2j.SR4VWSWo+AF8-F7E3fUtv+ACY-itok+AD0-Wpv4QNCo
Chris Cope,None
Kit Cope,None
Josh Copeland,https://dmxg5wxfqgb4u.cloudfront.net/styles/athlete+AF8-bio+AF8-full+AF8-body/s3/2022+AC0-03/5e4039ef+AC0-931a+AC0-4cad+AC0-8196+AC0-9375aac37281+ACU-252Fjosh+AC0-copeland+AF8-497499+AF8-LeftFullBodyImage.png?itok+AD0-lJP9dc11
Michael Cora,https://dmxg5wxfqgb4u.cloudfront.net/styles/athlete+AF8-bio+AF8-full+AF8-body/s3/2022+AC0-03/8369eacb+AC0-c2fb+AC0-4dd8+AC0-b858+AC0-b536602ebe0f+ACU-252FMichael+AC0-Cora+AF8-631545+AF8-LeftFullBodyImage.png?itok+AD0-mPNjd+AF8-2W
Akira Corassani,https://dmxg5wxfqgb4u.cloudfront.net/styles/athlete+AF8-bio+AF8-full+AF8-body/s3/2021+AC0-08/Akira+AC0-Corassani+AF8-238066+AF8-LeftFullBodyImage.png?itok+AD0-olqOcgA+AC0-
Cory Corbin,None
Daniel Cormier,https://dmxg5wxfqgb4u.cloudfront.net/styles/athlete+AF8-bio+AF8-full+AF8-body/s3/2020+AC0-08/CORMIER+AF8-DANIEL+AF8-L+AF8-08+AC0-15.png?VersionId+AD0-8c0xGmF.jAN.+AF8AXw-8bESM5BDrDOjfgi0MX+ACY-itok+AD0ALQ-L9HNdVo
Nora Cornolle,https://dmxg5wxfqgb4u.cloudfront.net/styles/athlete+AF8-bio+AF8-full+AF8-body/s3/2025+AC0-01/2/CORNOLLE+AF8-NORA+AF8-L+AF8-09+AC0-28.png?itok+AD0-j2fsVyVn
Jonathan Correa,None
Bethe Correia,https://dmxg5wxfqgb4u.cloudfront.net/styles/athlete+AF8-bio+AF8-full+AF8-body/s3/2021+AC0-10/67465+ACU-252Fprofile+AC0-galery+ACU-252Ffullbodyleft+AC0-picture+ACU-252FCORREIA+AF8-BETHE+AF8-L+AF8-10+AC0-02.png?itok+AD0-P75pb1gW
Wesley Correira,None
Waldo Cortes Acosta,https://dmxg5wxfqgb4u.cloudfront.net/styles/athlete+AF8-bio+AF8-full+AF8-body/s3/2025+AC0-01/5/CORTES+AC0-ACOSTA+AF8-WALDO+AF8-L+AF8-05+AC0-11.png?itok+AD0-xfJ2+AC0-JJa
Reyes Cortez,https://dmxg5wxfqgb4u.cloudfront.net/styles/athlete+AF8-bio+AF8-full+AF8-body/s3/2021+AC0-10/71854+ACU-252Fprofile+AC0-galery+ACU-252Ffullbodyleft+AC0-picture+ACU-252FCORTEZ+AF8-REYES+AF8-L.png?itok+AD0-Uh8Tqszi
Tracy Cortez,https://dmxg5wxfqgb4u.cloudfront.net/styles/athlete+AF8-bio+AF8-full+AF8-body/s3/2025+AC0-01/5/CORTEZ+AF8-TRACY+AF8-L+AF8-07+AC0-13.png?itok+AD0-J+AF8-AF5Af7
Orion Cosce,https://dmxg5wxfqgb4u.cloudfront.net/styles/athlete+AF8-bio+AF8-full+AF8-body/s3/2023+AC0-05/COSCE+AF8-ORION+AF8-L+AF8-05+AC0-20.png?itok+AD0-WT6zPgSR
Louis Cosce,https://dmxg5wxfqgb4u.cloudfront.net/styles/athlete+AF8-bio+AF8-full+AF8-body/s3/2022+AC0-09/COSCE+AF8-LOUIS+AF8-L+AF8-09+AC0-17.png?itok+AD0-cqeETJTx
Randy Costa,https://dmxg5wxfqgb4u.cloudfront.net/styles/athlete+AF8-bio+AF8-full+AF8-body/s3/2021+AC0-07/COSTA+AF8-RANDY+AF8-L+AF8-07+AC0-24.png?itok+AD0-YAaGkKny
Davi Costa,None
Alessandro Costa,https://dmxg5wxfqgb4u.cloudfront.net/styles/athlete+AF8-bio+AF8-full+AF8-body/s3/2024+AC0-05/COSTA+AF8-ALESSANDRO+AF8-L+AF8-05+AC0-04.png?itok+AD0-3XPrCkji
Melquizael Costa,https://dmxg5wxfqgb4u.cloudfront.net/styles/athlete+AF8-bio+AF8-full+AF8-body/s3/2025+AC0-02/COSTA+AF8-MELQUIZAEL+AF8-L+AF8-06+AC0-15.png?itok+AD0-6xxORKYt
Paulo Costa,https://dmxg5wxfqgb4u.cloudfront.net/styles/athlete+AF8-bio+AF8-full+AF8-body/s3/2025+AC0-01/5/COSTA+AF8-PAULO+AF8-L+AF8-06+AC0-01.png?itok+AD0-iWcdJ7qN
Oscar Cota,https://dmxg5wxfqgb4u.cloudfront.net/styles/athlete+AF8-bio+AF8-full+AF8-body/s3/2020+AC0-10/68954+ACU-252Fprofile+AC0-galery+ACU-252Ffullbodyleft+AC0-picture+ACU-252FCOTA+AF8-OSCAR+AF8-L.png?itok+AD0-g+AF8-OkN1Bb
Patrick Cote,https://dmxg5wxfqgb4u.cloudfront.net/styles/athlete+AF8-bio+AF8-full+AF8-body/s3/image/ufc+AC0-fighter+AC0-container/68980/profile+AC0-galery/fullbodyleft+AC0-picture/Patrick+AC0-Cote+AF8-334+AF8-LeftFullBodyImage.png?VersionId+AD0-pxoW2iDojgj.t7T.b.sbuxISSROm45EJ+ACY-itok+AD0-y+AC0-wWWPDJ
J.C. Cottrell,https://dmxg5wxfqgb4u.cloudfront.net/styles/athlete+AF8-bio+AF8-full+AF8-body/s3/2020+AC0-03/jc+AC0-cottrell+AF8-598739+AF8-LeftFullBodyImage.png?VersionId+AD0-cxpBpW1h6UsrjJVN2HdlgExiJ4v8Hdi6+ACY-itok+AD0-zwkNfbmZ
JR Coughran,None
Rashad Coulter,https://dmxg5wxfqgb4u.cloudfront.net/styles/athlete+AF8-bio+AF8-full+AF8-body/s3/image/fighter+AF8-images/Rashad+AF8-Coulter/COULTER+AF8-RASHAD+AF8-L.png?itok+AD0-nKmzVRZv
Ryan Couture,https://dmxg5wxfqgb4u.cloudfront.net/styles/athlete+AF8-bio+AF8-full+AF8-body/s3/image/fighter+AF8-images/Ryan+AF8-Couture/Ryan+AC0-Couture+AC0-014.png?VersionId+AD0-Fa34czi5C1ya+AF8-2mtdrciJxYGz0prlldQ+ACY-itok+AD0-QyFaWYU1
Randy Couture,None
Colby Covington,https://dmxg5wxfqgb4u.cloudfront.net/styles/athlete+AF8-bio+AF8-full+AF8-body/s3/2025+AC0-01/5/COVINGTON+AF8-COLBY+AF8-L+AF8-12+AC0-14.png?itok+AD0-tD3Wexca
Hailey Cowan,https://dmxg5wxfqgb4u.cloudfront.net/styles/athlete+AF8-bio+AF8-full+AF8-body/s3/2022+AC0-08/COWAN+AF8-HAILEY+AF8-L.png?itok+AD0-dLkhj3pT
Jeff Cox,None
Nathan Coy,https://dmxg5wxfqgb4u.cloudfront.net/styles/athlete+AF8-bio+AF8-full+AF8-body/s3/2020+AC0-03/nathan+AC0-coy+AF8-530246+AF8-LeftFullBodyImage.png?VersionId+AD0-UNUag+AF8-fUfShQgJARtumn.3HNnTmbBeY+AF8AJg-itok+AD0-LqYgb+AC0-Vt
Paul Craig,https://dmxg5wxfqgb4u.cloudfront.net/styles/athlete+AF8-bio+AF8-full+AF8-body/s3/2024+AC0-05/CRAIG+AF8-PAUL+AF8-L+AF8-05+AC0-04.png?itok+AD0-rlXV0a3G
Andrew Craig,https://dmxg5wxfqgb4u.cloudfront.net/styles/athlete+AF8-bio+AF8-full+AF8-body/s3/2021+AC0-08/Andrew+AC0-Craig+AF8-237329+AF8-LeftFullBodyImage.png?itok+AD0-6wVQ0yU7
Dan Cramer,None
Alberto Crane,None
Tim Credeur,None
Paul Creighton,None
Mirko Cro Cop,https://dmxg5wxfqgb4u.cloudfront.net/styles/athlete+AF8-bio+AF8-full+AF8-body/s3/2022+AC0-03/b74a9134+AC0-4a9e+AC0-45b5+AC0-9fcd+AC0-6f83cd29ccb4+ACU-252FMirko+AC0-Cro+AC0-Cop+AF8-829+AF8-LeftFullBodyImage.png?itok+AD0-T07b7lm8
Edilberto Crocota,None
Kevin Croom,https://dmxg5wxfqgb4u.cloudfront.net/styles/athlete+AF8-bio+AF8-full+AF8-body/s3/2022+AC0-03/5bc46b21+AC0-1e2c+AC0-4787+AC0-be01+AC0-45fb0db76442+ACU-252FCROOM+AF8-KEVIN+AF8-L+AF8-01+AC0-15.png?itok+AD0-wJEG4R6C
Kiefer Crosbie,https://dmxg5wxfqgb4u.cloudfront.net/styles/athlete+AF8-bio+AF8-full+AF8-body/s3/2024+AC0-07/CROSBIE+AF8-KIEFER+AF8-L+AF8-09+AC0-09.png?itok+AD0-j7o8D5+AC0-N
Kenneth Cross,https://dmxg5wxfqgb4u.cloudfront.net/styles/athlete+AF8-bio+AF8-full+AF8-body/s3/2022+AC0-03/c3c7f696+AC0-160d+AC0-4cb3+AC0-b3a1+AC0-ab9935c87482+ACU-252FCROSS+AF8-KENNETH+AF8-R+AF8-08+AC0-04.png?itok+AD0-dYD7CKL8
Allen Crowder,https://dmxg5wxfqgb4u.cloudfront.net/styles/athlete+AF8-bio+AF8-full+AF8-body/s3/image/ufc+AC0-fighter+AC0-container/67280/profile+AC0-galery/fullbodyleft+AC0-picture/CROWDER+AF8-ALLEN+AF8-L.png?itok+AD0-XJdlCW+AC0-h
Daron Cruickshank,https://dmxg5wxfqgb4u.cloudfront.net/styles/athlete+AF8-bio+AF8-full+AF8-body/s3/2022+AC0-03/7d0b26ef+AC0-1a91+AC0-4518+AC0-81ae+AC0-66191b93d2cf+ACU-252FDaron+AC0-Cruickshank+AF8-269253+AF8-LeftFullBodyImage.png?itok+AD0-y4ImNL3b
Richard Crunkilton Jr.,None
Jimmy Crute,https://dmxg5wxfqgb4u.cloudfront.net/styles/athlete+AF8-bio+AF8-full+AF8-body/s3/2025+AC0-02/CRUTE+AF8-JIMMY+AF8-L+AF8-02+AC0-08.png?itok+AD0-wmuxI4i8
Aalon Cruz,https://dmxg5wxfqgb4u.cloudfront.net/styles/athlete+AF8-bio+AF8-full+AF8-body/s3/2020+AC0-02/CRUZ+AF8-AALON+AF8-L.png?itok+AD0-qvNISHf+AC0-
Marcio Cruz,None
Dominick Cruz,https://dmxg5wxfqgb4u.cloudfront.net/styles/athlete+AF8-bio+AF8-full+AF8-body/s3/2024+AC0-10/2/CRUZ+AF8-DOMINICK+AF8-L+AF8-12+AC0-11.png?itok+AD0-FSmcdRmd
Timmy Cuamba ,https://dmxg5wxfqgb4u.cloudfront.net/styles/athlete+AF8-bio+AF8-full+AF8-body/s3/2024+AC0-06/CUAMBA+AF8-TIMOTHY+AF8-R+AF8-02+AC0-10.png?itok+AD0-sjSsYJQF
Jay Cucciniello,https://dmxg5wxfqgb4u.cloudfront.net/styles/athlete+AF8-bio+AF8-full+AF8-body/s3/2018+AC0-10/CUCCINIELLO+AF8-JAY+AF8-L+AF8-0.png?VersionId+AD0-puX55Rz+AF8-Q9phvacrhIq9qXqJ2bGQD6+AF8-G+ACY-itok+AD0-XGYgoaFJ
Emilio Cuellar,None
Josh Culibao,https://dmxg5wxfqgb4u.cloudfront.net/styles/athlete+AF8-bio+AF8-full+AF8-body/s3/2024+AC0-08/CULIBAO+AF8-JOSH+AF8-L+AF8-08+AC0-17.png?itok+AD0-JZYXWYK0
Zak Cummings,https://dmxg5wxfqgb4u.cloudfront.net/styles/athlete+AF8-bio+AF8-full+AF8-body/s3/2023+AC0-04/CUMMINGS+AF8-ZAK+AF8-L+AF8-04+AC0-15.png?itok+AD0-KyPwNiKf
Patrick Cummins,https://dmxg5wxfqgb4u.cloudfront.net/styles/athlete+AF8-bio+AF8-full+AF8-body/s3/image/ufc+AC0-fighter+AC0-container/68981/profile+AC0-galery/fullbodyleft+AC0-picture/CUMMINS+AF8-PATRICK+AF8-L.png?VersionId+AD0-JMnoIr+AF8-QgMMh.S7rAk6npMZw5y.5GznS+ACY-itok+AD0-IaSOn4mB
Luke Cummo,None
Hugo Cunha,None
Alton Cunningham,https://dmxg5wxfqgb4u.cloudfront.net/styles/athlete+AF8-bio+AF8-full+AF8-body/s3/2022+AC0-03/5e49a47d+AC0-2885+AC0-4d4d+AC0-ae3c+AC0-fd9ade1491e0+ACU-252FCUNNINGHAM+AF8-ALTON+AF8-L.png?itok+AD0-rmMwotaC
AJ Cunningham,https://dmxg5wxfqgb4u.cloudfront.net/styles/athlete+AF8-bio+AF8-full+AF8-body/s3/2024+AC0-03/CUNNINGHAM+AF8-AJ+AF8-L+AF8-03+AC0-02.png?itok+AD0-g+AC0-VRgnfU
Santo Curatolo,https://dmxg5wxfqgb4u.cloudfront.net/styles/athlete+AF8-bio+AF8-full+AF8-body/s3/2021+AC0-09/71863+ACU-252Fprofile+AC0-galery+ACU-252Ffullbodyright+AC0-picture+ACU-252FCURATOLO+AF8-SANTO+AF8-R.png?itok+AD0-671WvHUt
Larry Cureton,None
Kailin Curran,https://dmxg5wxfqgb4u.cloudfront.net/styles/athlete+AF8-bio+AF8-full+AF8-body/s3/2022+AC0-03/fc635208+AC0-7eb7+AC0-4220+AC0-b002+AC0-03afaeb0871e+ACU-252FKailin+AC0-Curran+AF8-497150+AF8-LeftFullBodyImage.png?itok+AD0-K6gGIvnn
Jeff Curran,None
Chris Curtis,https://dmxg5wxfqgb4u.cloudfront.net/styles/athlete+AF8-bio+AF8-full+AF8-body/s3/2025+AC0-01/12/CURTIS+AF8-CHRIS+AF8-L+AF8-01+AC0-11.png?itok+AD0-rBXhrPT3
Ion Cutelaba,https://dmxg5wxfqgb4u.cloudfront.net/styles/athlete+AF8-bio+AF8-full+AF8-body/s3/2025+AC0-02/CUTELABA+AF8-ION+AF8-L+AF8-02+AC0-22.png?itok+AD0-UYTob4xr
Gleidson Cutis,None
Cris Cyborg,https://dmxg5wxfqgb4u.cloudfront.net/styles/athlete+AF8-bio+AF8-full+AF8-body/s3/2019+AC0-06/CYBORG+AF8-CRIS+AF8-L+AF8-0.png?VersionId+AD0-8RkA6LjP76IrkyjrMo1KpGcdZqQMUWJ+AF8AJg-itok+AD0-Txcn0jK1
Henrique da Silva,https://dmxg5wxfqgb4u.cloudfront.net/styles/athlete+AF8-bio+AF8-full+AF8-body/s3/2018+AC0-10/HENRIQUE+AF8-LUIZ+AF8-L.png?VersionId+AD0-oVBhbPZVOZmXf7kPtHE+AF8-mxpsWVqQA0Sd+ACY-itok+AD0-MHBkNNsj
Diego Henrique da Silva,None
Alex da Silva,https://dmxg5wxfqgb4u.cloudfront.net/styles/athlete+AF8-bio+AF8-full+AF8-body/s3/2022+AC0-06/578274d3+AC0-c48f+AC0-446c+AC0-b8a0+AC0-e4982eeef504+ACU-252FDA+AF8-SILVA+AF8-ALEX+AF8-L+AF8-06+AC0-04.png?itok+AD0-Nw32+AC0AXw-Y+AC0-
Ariane da Silva ,https://dmxg5wxfqgb4u.cloudfront.net/styles/athlete+AF8-bio+AF8-full+AF8-body/s3/2025+AC0-01/5/DA+AF8-SILVA+AF8-ARIANE+AF8-L+AF8-11+AC0-02.png?itok+AD0-4VGCaBdI
Henrique Da Silva Lopes,None
Dayana da Silva Santos,None
Marcus Da Silviera,None
Nicolas Dalby,https://dmxg5wxfqgb4u.cloudfront.net/styles/athlete+AF8-bio+AF8-full+AF8-body/s3/2023+AC0-06/DALBY+AF8-NICOLAS+AF8-L+AF8-06+AC0-17.png?itok+AD0-BoNSZH3S
Paul Daley,None
Aisling Daly,https://dmxg5wxfqgb4u.cloudfront.net/styles/athlete+AF8-bio+AF8-full+AF8-body/s3/image/ufc+AC0-fighter+AC0-container/67171/profile+AC0-galery/fullbodyleft+AC0-picture/Aisling+AC0-Daly+AF8-501698+AF8-LeftFullBodyImage.png?VersionId+AD0-LzCLq2ctHFnBy9bJ73ZNwY1eAXlY7.u2+ACY-itok+AD0-lIIScuNI
Leonardo Damiani,https://dmxg5wxfqgb4u.cloudfront.net/styles/athlete+AF8-bio+AF8-full+AF8-body/s3/2021+AC0-08/71776+ACU-252Fprofile+AC0-galery+ACU-252Ffullbodyleft+AC0-picture+ACU-252FDAMIANI+AF8-LEONARDO+AF8-L.png?itok+AD0-7ORQYTR6
Rodrigo Damm,None
Batgerel Danaa,https://dmxg5wxfqgb4u.cloudfront.net/styles/athlete+AF8-bio+AF8-full+AF8-body/s3/2022+AC0-06/66d4a790+AC0-cae6+AC0-4ab7+AC0-9529+AC0-a5e8e1b5b65b+ACU-252FBATGERAL+AF8-DANAA+AF8-L+AF8-06+AC0-11.png?itok+AD0-L5VNBh2K
Cindy Dandois,https://dmxg5wxfqgb4u.cloudfront.net/styles/athlete+AF8-bio+AF8-full+AF8-body/s3/2022+AC0-03/2b81d66c+AC0-e190+AC0-4825+AC0-8837+AC0-53774fcda637+ACU-252FCindy+AC0-Dandois+AF8-621859+AF8-LeftFullBodyImage.png?itok+AD0-K69MrJPV
Peter Danesoe,https://dmxg5wxfqgb4u.cloudfront.net/styles/athlete+AF8-bio+AF8-full+AF8-body/s3/2023+AC0-06/DANASOE+AF8-PETER+AF8-R.png?itok+AD0-oCwYjN88
Jarjis Danho,https://dmxg5wxfqgb4u.cloudfront.net/styles/athlete+AF8-bio+AF8-full+AF8-body/s3/2021+AC0-06/DANHO+AF8-JARJIS+AF8-L+AF8-04+AC0-10.png?itok+AD0-du+AC0-9n2oY
Jose Daniel Medina,https://dmxg5wxfqgb4u.cloudfront.net/styles/athlete+AF8-bio+AF8-full+AF8-body/s3/2024+AC0-08/MEDINA+AF8-JOSE+AF8-L+AF8-08+AC0-24.png?itok+AD0-kJT2KSzU
Alexandre Dantas,None
Mac Danzig,https://dmxg5wxfqgb4u.cloudfront.net/styles/athlete+AF8-bio+AF8-full+AF8-body/s3/2022+AC0-03/7bfb2eac+AC0-0c45+AC0-4c1f+AC0-bdac+AC0-2e1135bba72c+ACU-252FMac+AC0-Danzig+AF8-565+AF8-LeftFullBodyImage.png?itok+AD0-F0yTOWKI
Beneil Dariush,https://dmxg5wxfqgb4u.cloudfront.net/styles/athlete+AF8-bio+AF8-full+AF8-body/s3/2025+AC0-01/5/DARIUSH+AF8-BENEIL+AF8-L+AF8-01+AC0-18.png?itok+AD0-ftQmAu56
Sean Daughtery,None
Chris Daukaus,https://dmxg5wxfqgb4u.cloudfront.net/styles/athlete+AF8-bio+AF8-full+AF8-body/s3/2021+AC0-11/DAUKAUS+AF8-CHRIS+AF8-L+AF8-09+AC0-25.png?itok+AD0-34hCc54A
Kyle Daukaus,https://dmxg5wxfqgb4u.cloudfront.net/styles/athlete+AF8-bio+AF8-full+AF8-body/s3/2022+AC0-06/7c76e7f9+AC0-1248+AC0-4c83+AC0-84d4+AC0-e9afba9f5247+ACU-252FDAUKAUS+AF8-KYLE+AF8-L+AF8-06+AC0-18.png?itok+AD0-bYoVb0im
Alexis Davis,https://dmxg5wxfqgb4u.cloudfront.net/styles/athlete+AF8-bio+AF8-full+AF8-body/s3/2021+AC0-06/DAVIS+AF8-ALEXIS+AF8-L+AF8-06+AC0-12.png?itok+AD0-6Qtsf3SO
Mike Davis,https://dmxg5wxfqgb4u.cloudfront.net/styles/athlete+AF8-bio+AF8-full+AF8-body/s3/2024+AC0-05/DAVIS+AF8-MIKE+AF8-L+AF8-03+AC0-16.png?itok+AD0-5lNkI3mY
Brandon Davis,https://dmxg5wxfqgb4u.cloudfront.net/styles/athlete+AF8-bio+AF8-full+AF8-body/s3/2022+AC0-01/DAVIS+AF8-BRANDON+AF8-L+AF8-10+AC0-16.png?itok+AD0-RE1kXHWC
Rick Davis,None
Marcus Davis,None
Phil Davis,https://dmxg5wxfqgb4u.cloudfront.net/styles/athlete+AF8-bio+AF8-full+AF8-body/s3/image/fighter+AF8-images/Phil+AF8-Davis/fighter+AF8-fullLength+AF8-DAVIS.png?VersionId+AD0-11au1nRV62hOk6ffLOFnkC2BlYj4ovs1+ACY-itok+AD0-ERhPXt4r
Hakeem Dawodu,https://dmxg5wxfqgb4u.cloudfront.net/styles/athlete+AF8-bio+AF8-full+AF8-body/s3/2022+AC0-09/DAWODU+AF8-HAKEEM+AF8-L+AF8-09+AC0-10.png?itok+AD0-Jwss9Wst
Grant Dawson,https://dmxg5wxfqgb4u.cloudfront.net/styles/athlete+AF8-bio+AF8-full+AF8-body/s3/2025+AC0-01/7/DAWSON+AF8-GRANT+AF8-L+AF8-01+AC0-18.png?itok+AD0-kUYN+AC0-QsN
Martin Day,https://dmxg5wxfqgb4u.cloudfront.net/styles/athlete+AF8-bio+AF8-full+AF8-body/s3/2020+AC0-07/DAY+AF8-MARTIN+AF8-L+AF8-11+AC0-24.png?VersionId+AD0-02xaj2cbuUJ9MDSwC+AF8-KmtOIl2KP+AF8-iUoi+ACY-itok+AD0-JDhJ1uzh
Jason Day,None
Angel De Anda,https://dmxg5wxfqgb4u.cloudfront.net/styles/athlete+AF8-bio+AF8-full+AF8-body/s3/2021+AC0-08/Angel+AC0-De+AC0-Anda+AF8-632734+AF8-RightFullBodyImage.png?itok+AD0-9HvDoFve
Yorgan De Castro,https://dmxg5wxfqgb4u.cloudfront.net/styles/athlete+AF8-bio+AF8-full+AF8-body/s3/2021+AC0-04/71526+ACU-252Fprofile+AC0-galery+ACU-252Ffullbodyleft+AC0-picture+ACU-252FDE+AF8-CASTRO+AF8-YORGAN+AF8-L+AF8-04+AC0-10.png?itok+AD0-j00jEt8v
Rafael de Freitas,None
Geraldo de Freitas Jr.,https://dmxg5wxfqgb4u.cloudfront.net/styles/athlete+AF8-bio+AF8-full+AF8-body/s3/2020+AC0-11/71450+ACU-252Fprofile+AC0-galery+ACU-252Ffullbodyleft+AC0-picture+ACU-252FDE+AF8-FREITAS+AF8-GERALDO+AF8-L+AF8-11+AC0-14.png?itok+AD0-0FYddQ3q
Phil De Fries,None
Chris De La Rocha,https://dmxg5wxfqgb4u.cloudfront.net/styles/athlete+AF8-bio+AF8-full+AF8-body/s3/image/ufc+AC0-fighter+AC0-container/67614/profile+AC0-galery/fullbodyleft+AC0-picture/DE+AF8-LA+AF8-ROCHA+AF8-CHRIS+AF8-L.png?itok+AD0-Lm3MhG62
Mark De La Rosa,https://dmxg5wxfqgb4u.cloudfront.net/styles/athlete+AF8-bio+AF8-full+AF8-body/s3/2018+AC0-10/DE+AF8-LA+AF8-ROSA+AF8-MARK+AF8-L+AF8-0.png?VersionId+AD0-FOcdVpEwcXb.raj0Gw7IfH2IS5EKN0zN+ACY-itok+AD0-iDjtrDLm
Montana De La Rosa,https://dmxg5wxfqgb4u.cloudfront.net/styles/athlete+AF8-bio+AF8-full+AF8-body/s3/2025+AC0-02/DE+AF8-LA+AF8-ROSA+AF8-MONTANA+AF8-L+AF8-10+AC0-07.png?itok+AD0-vlsDBIDd
Mike De La Torre,https://dmxg5wxfqgb4u.cloudfront.net/styles/athlete+AF8-bio+AF8-full+AF8-body/s3/2022+AC0-03/e654ac39+AC0-a3d4+AC0-4bcb+AC0-b05f+AC0-084d9eab7912+ACU-252FMike+AC0-de+AC0-la+AC0-Torre+AF8-480465+AF8-LeftFullBodyImage.png?itok+AD0-2QffBfQx
Marcos Rogerio de Lima,https://dmxg5wxfqgb4u.cloudfront.net/styles/athlete+AF8-bio+AF8-full+AF8-body/s3/2025+AC0-01/5/ROGERIO+ACU-20DE+ACU-20LIMA+AF8-MARCOS+AF8-L+AF8-02+AC0-17.png?itok+AD0-5xonRLcD
Rodrigo de Lima,https://dmxg5wxfqgb4u.cloudfront.net/styles/athlete+AF8-bio+AF8-full+AF8-body/s3/image/ufc+AC0-fighter+AC0-container/69127/profile+AC0-galery/fullbodyleft+AC0-picture/Rodrigo+AC0-de+AC0-Lima+AF8-488085+AF8-LeftFullBodyImage.png?itok+AD0-u8lgYGm3
Jorge de Oliveira,https://dmxg5wxfqgb4u.cloudfront.net/styles/athlete+AF8-bio+AF8-full+AF8-body/s3/2022+AC0-03/79fe69fb+AC0-c27a+AC0-4c43+AC0-9d69+AC0-f8835d679d6e+ACU-252Fjorge+AC0-de+AC0-oliveira+AF8-508624+AF8-LeftFullBodyImage.png?itok+AD0-6jWbeMv4
Leonardo De Oliveira,None
Isabela De Padua,https://dmxg5wxfqgb4u.cloudfront.net/styles/athlete+AF8-bio+AF8-full+AF8-body/s3/image/ufc+AC0-fighter+AC0-container/71592/profile+AC0-galery/fullbodyright+AC0-picture/DE+AF8-PADUA+AF8-ISABELA+AF8-R.png?VersionId+AD0-EQ2eYk2keolw9c9Vh0aFeqSuDserAKpy+ACY-itok+AD0-HEj0qw96
Gloria de Paula,https://dmxg5wxfqgb4u.cloudfront.net/styles/athlete+AF8-bio+AF8-full+AF8-body/s3/2021+AC0-08/DE+AF8-PAULA+AF8-GLORIA+AF8-L+AF8-07+AC0-31.png?itok+AD0-MGa1XdTB
Germaine de Randamie,https://dmxg5wxfqgb4u.cloudfront.net/styles/athlete+AF8-bio+AF8-full+AF8-body/s3/2024+AC0-10/2/DE+AF8-RANDAMIE+AF8-GERMAINE+AF8-L+AF8-04+AC0-06.png?itok+AD0-blsl7bYD
Reinier de Ridder,https://dmxg5wxfqgb4u.cloudfront.net/styles/athlete+AF8-bio+AF8-full+AF8-body/s3/2025+AC0-01/DE+AF8-RIDDER+AF8-REINIER+AF8-L+AF8-01+AC0-18.png?itok+AD0-lICLoNd7
Carls John De Tomas,https://dmxg5wxfqgb4u.cloudfront.net/styles/athlete+AF8-bio+AF8-full+AF8-body/s3/2022+AC0-03/c21c7965+AC0-6594+AC0-4831+AC0-8e80+AC0-52bf3b608758+ACU-252FCarls+AC0-John+AC0-de+AC0-Tomas+AF8-625981+AF8-LeftFullBodyImage.png?itok+AD0-cNfhgZI0
Carl Deaton,https://dmxg5wxfqgb4u.cloudfront.net/styles/athlete+AF8-bio+AF8-full+AF8-body/s3/2023+AC0-02/DEATON+AF8-CARL+AF8-L+AF8-02+AC0-25.png?itok+AD0-DxN42YwC
Tom DeBlass,None
Shane Del Rosario,https://dmxg5wxfqgb4u.cloudfront.net/styles/athlete+AF8-bio+AF8-full+AF8-body/s3/2022+AC0-03/aa7e2256+AC0-dce6+AC0-44f4+AC0-ac0c+AC0-2a333c5cc3b0+ACU-252FShane+AC0-Delrosario+AF8-239716+AF8-LeftFullBodyImage.png?itok+AD0-VyvfL135
Wallen Del Rosario,https://dmxg5wxfqgb4u.cloudfront.net/styles/athlete+AF8-bio+AF8-full+AF8-body/s3/2022+AC0-06/acef9fd2+AC0-d3a6+AC0-46ed+AC0-8ee8+AC0-ec80bd634aeb+ACU-252FDEL+AF8-ROSARIO+AF8-WALLEN+AF8-R.png?itok+AD0-GDug+AF8-iE9
Yadier del Valle,https://dmxg5wxfqgb4u.cloudfront.net/styles/athlete+AF8-bio+AF8-full+AF8-body/s3/2024+AC0-10/4/DELVALLE+AF8-YADIER+AF8-R+AF8-10+AC0-15.png?itok+AD0-bV41sbcK
Jose Miguel Delgado,https://dmxg5wxfqgb4u.cloudfront.net/styles/athlete+AF8-bio+AF8-full+AF8-body/s3/2024+AC0-08/DELGADO+AF8-JOSE+AF8-L+AF8-08+AC0-13.png?itok+AD0-zNeTpRRW
Rolando Delgado,None
Ante Delija,None
Jack Della Maddalena,https://dmxg5wxfqgb4u.cloudfront.net/styles/athlete+AF8-bio+AF8-full+AF8-body/s3/2025+AC0-01/5/DELLA+AF8-MADDALENA+AF8-JACK+AF8-L+AF8-09+AC0-16.png?itok+AD0-7DAHGYPv
Roland Delorme,https://dmxg5wxfqgb4u.cloudfront.net/styles/athlete+AF8-bio+AF8-full+AF8-body/s3/2022+AC0-03/c7d1331c+AC0-e077+AC0-4854+AC0-874d+AC0-a1622af1bbf0+ACU-252FRoland+AC0-Delorme+AF8-231417+AF8-LeftFullBodyImage.png?itok+AD0-saSc61gt
Jason DeLucia,None
Vanessa Demopoulos,https://dmxg5wxfqgb4u.cloudfront.net/styles/athlete+AF8-bio+AF8-full+AF8-body/s3/2024+AC0-09/DEMOPOLOUS+AF8-VANESSA+AF8-L+AF8-05+AC0-18.png?itok+AD0-sl8bygOm
Chris Dempsey,https://dmxg5wxfqgb4u.cloudfront.net/styles/athlete+AF8-bio+AF8-full+AF8-body/s3/2022+AC0-03/8ee69b3d+AC0-627a+AC0-418c+AC0-bfcc+AC0-41997c8726dd+ACU-252FChris+AC0-Dempsey+AF8-492799+AF8-LeftFullBodyImage.png?itok+AD0-DZbgPbfR
Nick Denis,None
Jason Dent,None
Mackenzie Dern,https://dmxg5wxfqgb4u.cloudfront.net/styles/athlete+AF8-bio+AF8-full+AF8-body/s3/2025+AC0-01/22/DERN+AF8-MACKENZIE+AF8-L+AF8-01+AC0-11.png?itok+AD0-7v7Ma5Ov
Tony DeSouza,None
Robelis Despaigne,https://dmxg5wxfqgb4u.cloudfront.net/styles/athlete+AF8-bio+AF8-full+AF8-body/s3/2024+AC0-10/5/DESPAIGNE+AF8-ROBELIS+AF8-L+AF8-03+AC0-09.png?itok+AD0-y4TkK+AF8-z5
Edwin Dewees,None
Alessio Di Chirico,https://dmxg5wxfqgb4u.cloudfront.net/styles/athlete+AF8-bio+AF8-full+AF8-body/s3/2021+AC0-08/67203+ACU-252Fprofile+AC0-galery+ACU-252Ffullbodyleft+AC0-picture+ACU-252FDI+AF8-CHIRICO+AF8-ALESSIO+AF8-L+AF8-08+AC0-28.png?itok+AD0-G7NGkD+AF8-D
Micol Di Segni,https://dmxg5wxfqgb4u.cloudfront.net/styles/athlete+AF8-bio+AF8-full+AF8-body/s3/2022+AC0-03/92f45fe9+AC0-db88+AC0-4d5f+AC0-afdb+AC0-79929818f60e+ACU-252FDI+AF8-SEGNI+AF8-MICOL+AF8-R.png?itok+AD0-XIoYFuaS
Cyrille Diabate,https://dmxg5wxfqgb4u.cloudfront.net/styles/athlete+AF8-bio+AF8-full+AF8-body/s3/2022+AC0-03/ec022d17+AC0-caec+AC0-4d0a+AC0-8ca6+AC0-92f8786d2d4d+ACU-252FCyrille+AC0-Diabate+AF8-1162+AF8-LeftFullBodyImage.png?itok+AD0-YJr0cfJ3
Marc Diakiese,https://dmxg5wxfqgb4u.cloudfront.net/styles/athlete+AF8-bio+AF8-full+AF8-body/s3/2023+AC0-07/DIAKIESE+AF8-MARC+AF8-L+AF8-07+AC0-22.png?itok+AD0-yXsZPE3c
Tyler Diamond,https://dmxg5wxfqgb4u.cloudfront.net/styles/athlete+AF8-bio+AF8-full+AF8-body/s3/2018+AC0-10/DIAMOND+AF8-TYLER+AF8-L+AF8-0.png?VersionId+AD0-FmIMiLzMM0N7mQv5g4qrU2RrQzq+AF8-Bp0f+ACY-itok+AD0-t0VzNjGN
Blood Diamond,https://dmxg5wxfqgb4u.cloudfront.net/styles/athlete+AF8-bio+AF8-full+AF8-body/s3/2022+AC0-06/DIAMOND+AF8-BLOOD+AF8-L+AF8-02+AC0-12.png?itok+AD0-5XZgXfJI
Hacran Dias,https://dmxg5wxfqgb4u.cloudfront.net/styles/athlete+AF8-bio+AF8-full+AF8-body/s3/2022+AC0-03/e238df05+AC0-0501+AC0-48b3+AC0-813c+AC0-3538169ba222+ACU-252FHacran+AC0-Dias+AF8-267088+AF8-LeftFullBodyImage.png?itok+AD0-RxH7yEcs
Victor Dias,https://dmxg5wxfqgb4u.cloudfront.net/styles/athlete+AF8-bio+AF8-full+AF8-body/s3/2023+AC0-08/DIAZ+AF8-VICTOR+AF8-L.png?itok+AD0-Msmm7KP7
Eldo Xavier Dias,None
Adrian Diaz,https://dmxg5wxfqgb4u.cloudfront.net/styles/athlete+AF8-bio+AF8-full+AF8-body/s3/2021+AC0-08/Adrian+AC0-Diaz+AF8-635984+AF8-LeftFullBodyImage.png?itok+AD0-UMuh+AF8-Ls+AC0-
Nate Diaz,https://dmxg5wxfqgb4u.cloudfront.net/styles/athlete+AF8-bio+AF8-full+AF8-body/s3/2023+AC0-02/DIAZ+AF8-NATE+AF8-L+AF8-09+AC0-10.png?itok+AD0-FC69VI8H
Nick Diaz,https://dmxg5wxfqgb4u.cloudfront.net/styles/athlete+AF8-bio+AF8-full+AF8-body/s3/2021+AC0-09/68907+ACU-252Fprofile+AC0-galery+ACU-252Ffullbodyleft+AC0-picture+ACU-252FDIAZ+AF8-NICK+AF8-L+AF8-09+AC0-25.png?itok+AD0-BKjybtEW
Ozzy Diaz,https://dmxg5wxfqgb4u.cloudfront.net/styles/athlete+AF8-bio+AF8-full+AF8-body/s3/2025+AC0-01/1/DIAZ+AF8-OZZY+AF8-L+AF8-CS.png?itok+AD0-0iB6c+AF8-K2
TJ Dillashaw,https://dmxg5wxfqgb4u.cloudfront.net/styles/athlete+AF8-bio+AF8-full+AF8-body/s3/2021+AC0-07/DILLASHAW+AF8-TJ+AF8-L+AF8-07+AC0-24.png?itok+AD0-iWWWrBlv
Jhonata Diniz,https://dmxg5wxfqgb4u.cloudfront.net/styles/athlete+AF8-bio+AF8-full+AF8-body/s3/2024+AC0-08/DINIZ+AF8-JHONATA+AF8-L+AF8-08+AC0-10.png?itok+AD0-SjKGCQbj
Rico DiSciullo,https://dmxg5wxfqgb4u.cloudfront.net/styles/athlete+AF8-bio+AF8-full+AF8-body/s3/image/fighter+AF8-images/Rico+AF8-Disciullo/DISCIULLO+AF8-RICO+AF8-R.png?VersionId+AD0-5jy8zm7SC0aArTujN0wybO+AF8-gTVeL6APx+ACY-itok+AD0-f9bVzp1y
Matt Dixon,https://dmxg5wxfqgb4u.cloudfront.net/styles/athlete+AF8-bio+AF8-full+AF8-body/s3/2022+AC0-03/f2bcb6dc+AC0-b393+AC0-4fde+AC0-8a41+AC0-3d3d4ffbc0bd+ACU-252FDIXON+AF8-MATT+AF8-R.png?itok+AD0-2lQLYQzm
Russell Doane,https://dmxg5wxfqgb4u.cloudfront.net/styles/athlete+AF8-bio+AF8-full+AF8-body/s3/2022+AC0-03/a190bd2c+AC0-5052+AC0-483e+AC0-9fe3+AC0-20b3a077bad2+ACU-252FRussell+AC0-Doane+AF8-464803+AF8-LeftFullBodyImage.png?itok+AD0-aisofevI
Drew Dober,https://dmxg5wxfqgb4u.cloudfront.net/styles/athlete+AF8-bio+AF8-full+AF8-body/s3/2024+AC0-07/DOBER+AF8-DREW+AF8-L+AF8-07+AC0-13.png?itok+AD0AXw-4hmtKXV
Shana Dobson,https://dmxg5wxfqgb4u.cloudfront.net/styles/athlete+AF8-bio+AF8-full+AF8-body/s3/2020+AC0-02/DOBSON+AF8-SHANA+AF8-L.png?VersionId+AD0-Y4M4ba4Qt86pGNmPnStWNSberc4.46j5+ACY-itok+AD0-EvsUzqk7
AJ Dobson,https://dmxg5wxfqgb4u.cloudfront.net/styles/athlete+AF8-bio+AF8-full+AF8-body/s3/2022+AC0-02/52c46833+AC0-d01d+AC0-4fe6+AC0-9885+AC0-840013701587+ACU-252FDOBSON+AF8-AJ+AF8-L+AF8-02+AC0-12.png?itok+AD0-c5QG+AF8-M6Y
David Dodd,None
John Dodson,https://dmxg5wxfqgb4u.cloudfront.net/styles/athlete+AF8-bio+AF8-full+AF8-body/s3/2020+AC0-08/DODSON+AF8-JOHN+AF8-L+AF8-02+AC0-15.png?VersionId+AD0-Rtqs4QfMBwRQcvens1VOeY7SsiXJg1nt+ACY-itok+AD0-kEAYwUiK
Joe Doerksen,None
Roman Dolidze,https://dmxg5wxfqgb4u.cloudfront.net/styles/athlete+AF8-bio+AF8-full+AF8-body/s3/2025+AC0-01/5/DOLIDZE+AF8-ROMAN+AF8-L+AF8-10+AC0-05.png?itok+AD0-6FmyNM+AC0-v
Cameron Dollar,None
CB Dollaway,https://dmxg5wxfqgb4u.cloudfront.net/styles/athlete+AF8-bio+AF8-full+AF8-body/s3/2022+AC0-03/fd582f2a+AC0-5abd+AC0-44dc+AC0-bd2e+AC0-ced6a29ddf19+ACU-252FCB+AC0-Dollaway+AF8-924+AF8-LeftFullBodyImage.png?itok+AD0-GkyTQbBF
Montserrat Rendon,https://dmxg5wxfqgb4u.cloudfront.net/styles/athlete+AF8-bio+AF8-full+AF8-body/s3/2024+AC0-03/RENDON+AF8-MONTSERRAT+AF8-L+AF8-09+AC0-23.png?itok+AD0-thVMfuMt
Cody Donovan,https://dmxg5wxfqgb4u.cloudfront.net/styles/athlete+AF8-bio+AF8-full+AF8-body/s3/2022+AC0-03/d9124aeb+AC0-f195+AC0-4a88+AC0-955a+AC0-327aa9295263+ACU-252FCody+AC0-Donovan+AF8-296290+AF8-LeftFullBodyImage.png?itok+AD0AXw-gqUxn+AC0-O
Houston Dorr,None
Rafael Dos Anjos,https://dmxg5wxfqgb4u.cloudfront.net/styles/athlete+AF8-bio+AF8-full+AF8-body/s3/2024+AC0-10/5/DOS+AF8-ANJOS+AF8-RAFAEL+AF8-L+AF8-12+AC0-03.png?itok+AD0-i8WyZNY5
Elizeu Zaleski dos Santos,https://dmxg5wxfqgb4u.cloudfront.net/styles/athlete+AF8-bio+AF8-full+AF8-body/s3/2024+AC0-11/DOS+AF8-SANTOS+AF8-ELIZEU+AF8-L+AF8-11+AC0-09.png?itok+AD0-EGYYuy4E
Geronimo dos Santos,None
Antonio dos Santos,https://dmxg5wxfqgb4u.cloudfront.net/styles/athlete+AF8-bio+AF8-full+AF8-body/s3/2022+AC0-03/62ac6e16+AC0-ac2f+AC0-4111+AC0-90f7+AC0-fd457645ada6+ACU-252Fantonio+AC0-dos+AC0-santos+AF8-514248+AF8-LeftFullBodyImage.png?itok+AD0-HM37x41E
Anderson dos Santos,https://dmxg5wxfqgb4u.cloudfront.net/styles/athlete+AF8-bio+AF8-full+AF8-body/s3/2021+AC0-07/DOS+AF8-SANTOS+AF8-ANDERSON+AF8-L+AF8-07+AC0-17.png?itok+AD0-l0DebhCS
Felipe dos Santos,https://dmxg5wxfqgb4u.cloudfront.net/styles/athlete+AF8-bio+AF8-full+AF8-body/s3/2024+AC0-09/DOS+AF8-SANTOS+AF8-FELIPE+AF8-L+AF8-09+AC0-07.png?itok+AD0-Ukqz5HtJ
Acacio dos Santos,https://dmxg5wxfqgb4u.cloudfront.net/styles/athlete+AF8-bio+AF8-full+AF8-body/s3/2022+AC0-07/DOS+AF8-SANTOS+AF8-ACACIO+AF8-R+AF8-CS.png?itok+AD0-9mzWCdDh
Rayanne dos Santos,https://dmxg5wxfqgb4u.cloudfront.net/styles/athlete+AF8-bio+AF8-full+AF8-body/s3/2023+AC0-12/AMANDA+AF8-RAYANNE+AF8-L+AF8-12+AC0-09.png?itok+AD0-PKHlU+AF8-ZV
Maiara Amajanas Dos Santos,None
Oleksandr Doskalchuk,None
Cedric Doumbe,None
John Dowdy,None
Dan Downes,None
Derek Downey,None
Kyle Driscoll,https://dmxg5wxfqgb4u.cloudfront.net/styles/athlete+AF8-bio+AF8-full+AF8-body/s3/2022+AC0-03/47f78e1d+AC0-4a37+AC0-4cf4+AC0-a197+AC0-b605a3373b6b+ACU-252FDRISCOLL+AF8-KYLE+AF8-R.png?itok+AD0-MxkeaH1y
Tomasz Drwal,None
Robert Drysdale,https://dmxg5wxfqgb4u.cloudfront.net/styles/athlete+AF8-bio+AF8-full+AF8-body/s3/2022+AC0-03/1028d3fb+AC0-7786+AC0-469b+AC0-ac3c+AC0-d0a8fd86a1eb+ACU-252Frobert+AC0-drysdale+AF8-336580+AF8-LeftFullBodyImage.png?itok+AD0-76R3J7oW
Dricus Du Plessis,https://dmxg5wxfqgb4u.cloudfront.net/styles/athlete+AF8-bio+AF8-full+AF8-body/s3/2025+AC0-02/DU+AF8-PLESSIS+AF8-DRICUS+AF8-L+AF8-BELT+AF8-02+AC0-08.png?itok+AD0-MZTU4b4p
Hugo Duarte,None
Yuneisy Duben,https://dmxg5wxfqgb4u.cloudfront.net/styles/athlete+AF8-bio+AF8-full+AF8-body/s3/2024+AC0-09/DUBEN+AF8-YUNEISY+AF8-L.png?itok+AD0-9ubuIsAm
Emily Ducote,https://dmxg5wxfqgb4u.cloudfront.net/styles/athlete+AF8-bio+AF8-full+AF8-body/s3/2023+AC0-05/DUCOTE+AF8-EMILY+AF8-L+AF8-05+AC0-20.png?itok+AD0-gn+AC0-wl+AC0-3v
Viktoriia Dudakova,https://dmxg5wxfqgb4u.cloudfront.net/styles/athlete+AF8-bio+AF8-full+AF8-body/s3/2025+AC0-01/2/DUDAKOVA+AF8-VIKTORIIA+AF8-L+AF8-01+AC0-11.png?itok+AD0-6N7E2x98
Milana Dudieva,https://dmxg5wxfqgb4u.cloudfront.net/styles/athlete+AF8-bio+AF8-full+AF8-body/s3/2020+AC0-03/Milana+AC0-Dudieva+AF8-482623+AF8-LeftFullBodyImage.png?VersionId+AD0-BtDGkI7RslQs3ZbJUBP+AF8-7wBdvaqwNL8A+ACY-itok+AD0-fts8oSw1
Todd Duffee,https://dmxg5wxfqgb4u.cloudfront.net/styles/athlete+AF8-bio+AF8-full+AF8-body/s3/2019+AC0-09/DUFFEE+AF8-TODD+AF8-L.png?VersionId+AD0-U1vb0ETSLKWX3eoU1.c3uovXZFFl.FJG+ACY-itok+AD0-cju+AC0-RU1A
Joe Duffy,https://dmxg5wxfqgb4u.cloudfront.net/styles/athlete+AF8-bio+AF8-full+AF8-body/s3/2020+AC0-07/DUFFY+AF8-JOE+AF8-L+AF8-03+AC0-16.png?VersionId+AD0-m1mrpphjnpe9JSd.9y5bOoeYvpmC3Vjy+ACY-itok+AD0-3BSs2sUL
Alexis Dufresne,https://dmxg5wxfqgb4u.cloudfront.net/styles/athlete+AF8-bio+AF8-full+AF8-body/s3/2021+AC0-08/Alexis+AC0-Dufresne+AF8-479266+AF8-LeftFullBodyImage.png?itok+AD0-VYzwbW9+AF8-
Jessamyn Duke,https://dmxg5wxfqgb4u.cloudfront.net/styles/athlete+AF8-bio+AF8-full+AF8-body/s3/2022+AC0-03/a058340b+AC0-be39+AC0-4fe1+AC0-abf7+AC0-7576ae575a26+ACU-252FJessamyn+AC0-Duke+AF8-453489+AF8-LeftFullBodyImage.png?itok+AD0-QybZ4mth
Islam Dulatov,https://dmxg5wxfqgb4u.cloudfront.net/styles/athlete+AF8-bio+AF8-full+AF8-body/s3/2024+AC0-10/DULATOV+AF8-ISLAM+AF8-R+AF8-10+AC0-08.png?itok+AD0-Kp+AC0-DcKbC
Isaac Dulgarian,https://dmxg5wxfqgb4u.cloudfront.net/styles/athlete+AF8-bio+AF8-full+AF8-body/s3/2024+AC0-09/DULGARIAN+AF8-ISAAC+AF8-L+AF8-09+AC0-07.png?itok+AD0-8eYAqkzn
Kelly Dullanty,None
Sedriques Dumas,https://dmxg5wxfqgb4u.cloudfront.net/styles/athlete+AF8-bio+AF8-full+AF8-body/s3/2023+AC0-03/DUMAS+AF8-SEDRIQUES+AF8-L+AF8-03+AC0-11.png?itok+AD0-hNKFY454
Norma Dumont,https://dmxg5wxfqgb4u.cloudfront.net/styles/athlete+AF8-bio+AF8-full+AF8-body/s3/2025+AC0-01/5/DUMONT+AF8-NORMA+AF8-L+AF8-04+AC0-06.png?itok+AD0-xp9K6aXN
Christian Leroy Duncan,https://dmxg5wxfqgb4u.cloudfront.net/styles/athlete+AF8-bio+AF8-full+AF8-body/s3/2024+AC0-07/DUNCAN+AF8-CHRISTIAN+AF8-LEROY+AF8-L+AF8-07+AC0-27.png?itok+AD0-zHmq8Az9
Chris Duncan,https://dmxg5wxfqgb4u.cloudfront.net/styles/athlete+AF8-bio+AF8-full+AF8-body/s3/2023+AC0-07/DUNCAN+AF8-CHRIS+AF8-L+AF8-07+AC0-22.png?itok+AD0-1a1RuZLS
Evan Dunham,https://dmxg5wxfqgb4u.cloudfront.net/styles/athlete+AF8-bio+AF8-full+AF8-body/s3/image/ufc+AC0-fighter+AC0-container/67929/profile+AC0-galery/fullbodyleft+AC0-picture/Evan+AC0-Dunham+AF8-1025+AF8-LeftFullBodyImage.png?itok+AD0-TP+AF8-YVLdN
Tom Duquesnoy,https://dmxg5wxfqgb4u.cloudfront.net/styles/athlete+AF8-bio+AF8-full+AF8-body/s3/image/ufc+AC0-fighter+AC0-container/69397/profile+AC0-galery/fullbodyleft+AC0-picture/Tom+AC0-Duquesnoy+AF8-624585+AF8-LeftFullBodyImage.png?VersionId+AD0-1hW5ro2UwdTdjC+AF8-kxbNuM+AF8-b0Pz.CenkE+ACY-itok+AD0ALQ-T+AF8-Yv5p+AC0-
Albert Duraev,https://dmxg5wxfqgb4u.cloudfront.net/styles/athlete+AF8-bio+AF8-full+AF8-body/s3/2023+AC0-07/DURAEV+AF8-ALBERT+AF8-L+AF8-07+AC0-15.png?itok+AD0-XuE8N1El
Reuben Duran,None
Cody Durden,https://dmxg5wxfqgb4u.cloudfront.net/styles/athlete+AF8-bio+AF8-full+AF8-body/s3/2024+AC0-12/DURDEN+AF8-CODY+AF8-L+AF8-12+AC0-07.png?itok+AD0-Gc9Z7Wva
Luiz Dutra,https://dmxg5wxfqgb4u.cloudfront.net/styles/athlete+AF8-bio+AF8-full+AF8-body/s3/2022+AC0-03/54b2dd0c+AC0-28ec+AC0-4aac+AC0-aed8+AC0-2becd6282828+ACU-252FLuiz+AC0-Dutra+AF8-309057+AF8-LeftFullBodyImage.png?itok+AD0-mgG8Jf9+AF8-
Riley Dutro,https://dmxg5wxfqgb4u.cloudfront.net/styles/athlete+AF8-bio+AF8-full+AF8-body/s3/2022+AC0-03/2b1fe919+AC0-3840+AC0-41ba+AC0-bcbb+AC0-0763ed241b44+ACU-252FDUTRO+AF8-RILEY+AF8-R.png?itok+AD0-7tpXmrVe
Merab Dvalishvili,https://dmxg5wxfqgb4u.cloudfront.net/styles/athlete+AF8-bio+AF8-full+AF8-body/s3/2025+AC0-01/7/DVALISHVILI+AF8-MERAB+AF8-L+AF8-BELT+AF8-01+AC0-18.png?itok+AD0-6d15Ml6s
David Dvorak,https://dmxg5wxfqgb4u.cloudfront.net/styles/athlete+AF8-bio+AF8-full+AF8-body/s3/2023+AC0-06/DVORAK+AF8-DAVID+AF8-L+AF8-06+AC0-10.png?itok+AD0-zWHwGCXR
Matt Dwyer,https://dmxg5wxfqgb4u.cloudfront.net/styles/athlete+AF8-bio+AF8-full+AF8-body/s3/2022+AC0-03/0535dcd7+AC0-34d1+AC0-4306+AC0-a257+AC0-d58c7400802f+ACU-252FMatt+AC0-Dwyer+AF8-490195+AF8-LeftFullBodyImage.png?itok+AD0-da31MHdz
Rolando Dy,https://dmxg5wxfqgb4u.cloudfront.net/styles/athlete+AF8-bio+AF8-full+AF8-body/s3/image/ufc+AC0-fighter+AC0-container/69134/profile+AC0-galery/fullbodyleft+AC0-picture/Rolando+AC0-Dy+AF8-630706+AF8-LeftFullBodyImage.png?VersionId+AD0-.6+AF8-7i7cTapSlF7PUhtnMPGFUsN7sU8WV+ACY-itok+AD0-Vi5JOLG1
Ben Earwood,None
Cody East,https://dmxg5wxfqgb4u.cloudfront.net/styles/athlete+AF8-bio+AF8-full+AF8-body/s3/2022+AC0-03/89f1416a+AC0-88f5+AC0-4825+AC0-b556+AC0-80a869408e91+ACU-252FCody+AC0-East+AF8-586491+AF8-LeftFullBodyImage.png?itok+AD0-uOwFdQUe
Marvin Eastman,None
Mike Easton,https://dmxg5wxfqgb4u.cloudfront.net/styles/athlete+AF8-bio+AF8-full+AF8-body/s3/2022+AC0-03/1a9565be+AC0-6a64+AC0-4457+AC0-903b+AC0-eba30a619d92+ACU-252FMike+AC0-Easton+AF8-206145+AF8-LeftFullBodyImage.png?itok+AD0-6utROlsZ
Brian Ebersole,https://dmxg5wxfqgb4u.cloudfront.net/styles/athlete+AF8-bio+AF8-full+AF8-body/s3/2022+AC0-03/0d5bc2f0+AC0-5742+AC0-4ea4+AC0-b3a4+AC0-91230bd5e32a+ACU-252Fbrian+AC0-ebersole+AF8-118806+AF8-LeftFullBodyImage.png?itok+AD0-cPqPBbKg
Roybert Echeverria,https://dmxg5wxfqgb4u.cloudfront.net/styles/athlete+AF8-bio+AF8-full+AF8-body/s3/2023+AC0-02/ECHEVERRIA+AF8-ROY+AF8-L.png?itok+AD0-TursNspi
Mark Eddiva,https://dmxg5wxfqgb4u.cloudfront.net/styles/athlete+AF8-bio+AF8-full+AF8-body/s3/2022+AC0-03/e77f437b+AC0-0a1d+AC0-4d7a+AC0-bfb8+AC0-68cadd3293d5+ACU-252FMark+AC0-Eddiva+AF8-471302+AF8-LeftFullBodyImage.png?itok+AD0-kuO3XNpR
Frankie Edgar,https://dmxg5wxfqgb4u.cloudfront.net/styles/athlete+AF8-bio+AF8-full+AF8-body/s3/2021+AC0-11/67978+ACU-252Fprofile+AC0-galery+ACU-252Ffullbodyleft+AC0-picture+ACU-252FEDGAR+AF8-FRANKIE+AF8-L+AF8-11+AC0-06.png?itok+AD0-GirRfbaO
Abdul+AC0-Kerim Edilov,https://dmxg5wxfqgb4u.cloudfront.net/styles/athlete+AF8-bio+AF8-full+AF8-body/s3/image/ufc+AC0-fighter+AC0-container/67131/profile+AC0-galery/fullbodyleft+AC0-picture/abdul+AC0-kerim+AC0-edilov+AF8-572276+AF8-LeftFullBodyImage.png?VersionId+AD0-tu.SDql2VZDWJgzKg.kgkmMtCW2vqtSG+ACY-itok+AD0-aX6OQM5o
Johnny Eduardo,https://dmxg5wxfqgb4u.cloudfront.net/styles/athlete+AF8-bio+AF8-full+AF8-body/s3/2021+AC0-09/Johnny+AC0-Eduardo+AF8-205617+AF8-LeftFullBodyImage.png?itok+AD0-2z4uh03W
Te Edwards,https://dmxg5wxfqgb4u.cloudfront.net/styles/athlete+AF8-bio+AF8-full+AF8-body/s3/2018+AC0-11/EDWARDS+AF8-TE+AF8-L.png?VersionId+AD0-bu97ZdO5RMys3xMeepeU3TNJl3T7sZ1D+ACY-itok+AD0-acMn+AF8-a5Q
Justin Edwards,https://dmxg5wxfqgb4u.cloudfront.net/styles/athlete+AF8-bio+AF8-full+AF8-body/s3/2022+AC0-03/3c136bf9+AC0-5b11+AC0-45a9+AC0-bf76+AC0-0f0143fdec74+ACU-252FJustin+AC0-Edwards+AF8-144978+AF8-LeftFullBodyImage.png?itok+AD0-eho9hZgM
Yves Edwards,https://dmxg5wxfqgb4u.cloudfront.net/styles/athlete+AF8-bio+AF8-full+AF8-body/s3/image/ufc+AC0-fighter+AC0-container/69552/profile+AC0-galery/fullbodyleft+AC0-picture/Yves+AC0-Edwards+AF8-247+AF8-LeftFullBodyImage.png?VersionId+AD0-Fh7Duzrl041hDNxaXYQ0i9Uxas3i85dK+ACY-itok+AD0-1tbbzKJ7
Adli Edwards,None
Leon Edwards,https://dmxg5wxfqgb4u.cloudfront.net/styles/athlete+AF8-bio+AF8-full+AF8-body/s3/2025+AC0-01/5/EDWARDS+AF8-LEON+AF8-L+AF8-08+AC0-20.png?itok+AD0-kVEURjwd
Joselyne Edwards,https://dmxg5wxfqgb4u.cloudfront.net/styles/athlete+AF8-bio+AF8-full+AF8-body/s3/2024+AC0-10/14/EDWARDS+AF8-JOSELYNE+AF8-L+AF8-10+AC0-19.png?itok+AD0-sr199eqH
Tom Egan,None
Stephanie Egger,https://dmxg5wxfqgb4u.cloudfront.net/styles/athlete+AF8-bio+AF8-full+AF8-body/s3/2024+AC0-02/EGGER+AF8-STEPHANIE+AF8-L+AF8-12+AC0-09.png?itok+AD0-1kna62D4
Justin Eilers,None
John+AC0-Olav Einemo,None
Per Eklund,None
Evan Elder,https://dmxg5wxfqgb4u.cloudfront.net/styles/athlete+AF8-bio+AF8-full+AF8-body/s3/2024+AC0-07/ELDER+AF8-EVAN+AF8-L+AF8-07+AC0-13.png?itok+AD0-fFqRpMEY
Billy Elekana,https://dmxg5wxfqgb4u.cloudfront.net/styles/athlete+AF8-bio+AF8-full+AF8-body/s3/2025+AC0-01/ELEKANA+AF8-BILLY+AF8-L+AF8-01+AC0-18.png?itok+AD0-Iob6tYzZ
Joao Elias,https://dmxg5wxfqgb4u.cloudfront.net/styles/athlete+AF8-bio+AF8-full+AF8-body/s3/2023+AC0-02/ELIAS+AF8-JOAO+AF8-R.png?itok+AD0-kgsBYtIF
Darren Elkins,https://dmxg5wxfqgb4u.cloudfront.net/styles/athlete+AF8-bio+AF8-full+AF8-body/s3/2024+AC0-10/14/ELKINS+AF8-DARREN+AF8-L+AF8-10+AC0-19.png?itok+AD0-dqCiSScD
Joe Ellenberger,https://dmxg5wxfqgb4u.cloudfront.net/styles/athlete+AF8-bio+AF8-full+AF8-body/s3/image/ufc+AC0-fighter+AC0-container/68277/profile+AC0-galery/fullbodyleft+AC0-picture/Joe+AC0-Ellenberger+AF8-468641+AF8-LeftFullBodyImage.png?VersionId+AD0-rj7gH+AF8-mx1tXYp+AF8-Ainy+AF8-GQcgO2TqL2Y19+ACY-itok+AD0-qdAJTf3G
Jake Ellenberger,https://dmxg5wxfqgb4u.cloudfront.net/styles/athlete+AF8-bio+AF8-full+AF8-body/s3/image/ufc+AC0-fighter+AC0-container/68154/profile+AC0-galery/fullbodyleft+AC0-picture/Jake+AC0-Ellenberger+AF8-1100+AF8-LeftFullBodyImage.png?itok+AD0-n886Pybu
Oban Elliott,https://dmxg5wxfqgb4u.cloudfront.net/styles/athlete+AF8-bio+AF8-full+AF8-body/s3/2024+AC0-07/ELLIOTT+AF8-OBAN+AF8-L+AF8-07+AC0-27.png?itok+AD0-Mz5KNP5K
Tim Elliott,https://dmxg5wxfqgb4u.cloudfront.net/styles/athlete+AF8-bio+AF8-full+AF8-body/s3/2025+AC0-01/5/ELLIOTT+AF8-TIM+AF8-L+AF8-12+AC0-09.png?itok+AD0-S3JE+AF8-8wz
Lisa Ellis,https://dmxg5wxfqgb4u.cloudfront.net/styles/athlete+AF8-bio+AF8-full+AF8-body/s3/2022+AC0-03/9b1a6c21+AC0-1809+AC0-4477+AC0-b267+AC0-fa6baf644773+ACU-252FLisa+AC0-Ellis+AF8-501700+AF8-LeftFullBodyImage.png?itok+AD0-aMeWj66X
Brian Ellis,None
Anna Elmose,https://dmxg5wxfqgb4u.cloudfront.net/styles/athlete+AF8-bio+AF8-full+AF8-body/s3/image/ufc+AC0-fighter+AC0-container/67351/profile+AC0-galery/fullbodyleft+AC0-picture/anna+AC0-elmose+AF8-585888+AF8-LeftFullBodyImage.png?VersionId+AD0-3zB7fS7T+AF8-eiTBBpPxa2MDrFd2qQLsYlp+ACY-itok+AD0-SiLiPwWO
Cameron Else,https://dmxg5wxfqgb4u.cloudfront.net/styles/athlete+AF8-bio+AF8-full+AF8-body/s3/2022+AC0-05/77c5eb02+AC0-311a+AC0-42d9+AC0-9f27+AC0-094f128ec7ee+ACU-252FELSE+AF8-CAMERON+AF8-L+AF8-04+AC0-23.png?itok+AD0-8nHb6zPO
Sovannahry Em,None
Ramazan Emeev,https://dmxg5wxfqgb4u.cloudfront.net/styles/athlete+AF8-bio+AF8-full+AF8-body/s3/2022+AC0-01/EMEEV+AF8-RAMAZAN+AF8-L+AF8-10+AC0-16.png?itok+AD0-NAMndG+AF8ALQ-
Rob Emerson,None
Freddy Emiliano Linares,https://dmxg5wxfqgb4u.cloudfront.net/styles/athlete+AF8-bio+AF8-full+AF8-body/s3/2023+AC0-02/LINARES+AF8-EMILIANO+AF8-L.png?itok+AD0-eCQxxCcN
Jamall Emmers,https://dmxg5wxfqgb4u.cloudfront.net/styles/athlete+AF8-bio+AF8-full+AF8-body/s3/2023+AC0-06/EMMERS+AF8-JAMALL+AF8-L+AF8-06+AC0-24.png?itok+AD0-c8cYpwZ7
Josh Emmett,https://dmxg5wxfqgb4u.cloudfront.net/styles/athlete+AF8-bio+AF8-full+AF8-body/s3/2025+AC0-01/5/EMMETT+AF8-JOSH+AF8-L+AF8-12+AC0-16.png?itok+AD0-NyxbE5Xk
Kolton Englund,https://dmxg5wxfqgb4u.cloudfront.net/styles/athlete+AF8-bio+AF8-full+AF8-body/s3/2021+AC0-10/71853+ACU-252Fprofile+AC0-galery+ACU-252Ffullbodyleft+AC0-picture+ACU-252FENGLUND+AF8-KOLTON+AF8-L.png?itok+AD0-0bDpVzzG
Oliver Enkamp,https://dmxg5wxfqgb4u.cloudfront.net/styles/athlete+AF8-bio+AF8-full+AF8-body/s3/2022+AC0-03/efc93994+AC0-c722+AC0-4aee+AC0-923f+AC0-b06615bfd7e1+ACU-252FOliver+AC0-Enkamp+AF8-628793+AF8-LeftFullBodyImage.png?itok+AD0-0tYD964y
Alex Enlund,None
Ian Entwistle,https://dmxg5wxfqgb4u.cloudfront.net/styles/athlete+AF8-bio+AF8-full+AF8-body/s3/2022+AC0-03/195995a9+AC0-aa00+AC0-41c9+AC0-ba11+AC0-cc248280d8d3+ACU-252FIan+AC0-Entwistle+AF8-485168+AF8-LeftFullBodyImage.png?itok+AD0-yAUyq86Y
Andy Enz,https://dmxg5wxfqgb4u.cloudfront.net/styles/athlete+AF8-bio+AF8-full+AF8-body/s3/2021+AC0-08/Andy+AC0-Enz+AF8-466151+AF8-LeftFullBodyImage.png?itok+AD0-2cnT7jOS
Steve Erceg,https://dmxg5wxfqgb4u.cloudfront.net/styles/athlete+AF8-bio+AF8-full+AF8-body/s3/2025+AC0-01/5/ERCEG+AF8-STEVEN+AF8-L+AF8-08+AC0-17.png?itok+AD0-70FrgDdE
Konstantin Erokhin,https://dmxg5wxfqgb4u.cloudfront.net/styles/athlete+AF8-bio+AF8-full+AF8-body/s3/2022+AC0-03/476fe3dc+AC0-81fc+AC0-4e10+AC0-a3c8+AC0-8b6a658cd254+ACU-252Fkonstantin+AC0-erokhin+AF8-510683+AF8-LeftFullBodyImage.png?itok+AD0-Z9KCxp+AF8-M
Julian Erosa,https://dmxg5wxfqgb4u.cloudfront.net/styles/athlete+AF8-bio+AF8-full+AF8-body/s3/2024+AC0-07/EROSA+AF8-JULIAN+AF8-L+AF8-07+AC0-13.png?itok+AD0-H3R9LLYH
Jarno Errens,https://dmxg5wxfqgb4u.cloudfront.net/styles/athlete+AF8-bio+AF8-full+AF8-body/s3/2024+AC0-08/ERRENS+AF8-JARNO+AF8-L+AF8-03+AC0-23.png?itok+AD0-GFxYxkFw
Ivan Erslan,https://dmxg5wxfqgb4u.cloudfront.net/styles/athlete+AF8-bio+AF8-full+AF8-body/s3/2024+AC0-09/ERSLAN+AF8-IVAN+AF8-R+AF8-09+AC0-28.png?itok+AD0-KEM81scB
Cole Escovedo,None
Efrain Escudero,https://dmxg5wxfqgb4u.cloudfront.net/styles/athlete+AF8-bio+AF8-full+AF8-body/s3/2022+AC0-03/5a0f6c38+AC0-911b+AC0-45d8+AC0-84ec+AC0-7d5d7ddf1cfc+ACU-252FEfrain+AC0-Escudero+AF8-1001+AF8-LeftFullBodyImage.png?itok+AD0-JZUkEZs+AF8-
Carla Esparza,https://dmxg5wxfqgb4u.cloudfront.net/styles/athlete+AF8-bio+AF8-full+AF8-body/s3/2024+AC0-10/ESPARZA+AF8-CARLA+AF8-L+AF8-10+AC0-05.png?itok+AD0-Glk5zD8W
Juan Espino,https://dmxg5wxfqgb4u.cloudfront.net/styles/athlete+AF8-bio+AF8-full+AF8-body/s3/2021+AC0-06/ESPINO+AF8-JUAN+AF8-L+AF8-04+AC0-17.png?itok+AD0-o0VwLhrF
Jordan Espinosa,https://dmxg5wxfqgb4u.cloudfront.net/styles/athlete+AF8-bio+AF8-full+AF8-body/s3/2021+AC0-03/ESPINOSA+AF8-JORDAN+AF8-L+AF8-03+AC0-23.png?itok+AD0-AjthhaI+AF8-
Jodie Esquibel,https://dmxg5wxfqgb4u.cloudfront.net/styles/athlete+AF8-bio+AF8-full+AF8-body/s3/2020+AC0-03/ESQUIBEL+AF8-JODIE+AF8-L.png?VersionId+AD0-Z+AF8-THUa0tgr5lS+AF8-E6j2e3pIEesm326lbv+ACY-itok+AD0-l0ze5uPm
Rafael Estevam,https://dmxg5wxfqgb4u.cloudfront.net/styles/athlete+AF8-bio+AF8-full+AF8-body/s3/2025+AC0-02/ESTEVAM+AF8-RAFAEL+AF8-L+AF8-02+AC0-15.png?itok+AD0-SzqfGl39
Achilles Estremadura,https://dmxg5wxfqgb4u.cloudfront.net/styles/athlete+AF8-bio+AF8-full+AF8-body/s3/2021+AC0-11/71845+ACU-252Fprofile+AC0-galery+ACU-252Ffullbodyright+AC0-picture+ACU-252FESTREMADURA+AF8-ACHILLES+AF8-R.png?itok+AD0-Wh5ECP+AF8-o
Shaun Etchell,https://dmxg5wxfqgb4u.cloudfront.net/styles/athlete+AF8-bio+AF8-full+AF8-body/s3/2022+AC0-06/e521266d+AC0-b15f+AC0-4549+AC0-aca4+AC0-355ae7f3ef36+ACU-252FETCHELL+AF8-SHAUN+AF8-L.png?itok+AD0-sPSZS5Yb
Terry Etim,None
Fred Ettish,None
Sijara Eubanks,https://dmxg5wxfqgb4u.cloudfront.net/styles/athlete+AF8-bio+AF8-full+AF8-body/s3/2023+AC0-01/EUBANKS+AF8-SIJARA+AF8-L+AF8-01+AC0-14.png?itok+AD0-7AysKvNc
Doug Evans,None
Rashad Evans,https://dmxg5wxfqgb4u.cloudfront.net/styles/athlete+AF8-bio+AF8-full+AF8-body/s3/image/ufc+AC0-fighter+AC0-container/69052/profile+AC0-galery/fullbodyleft+AC0-picture/Rashad+AC0-Evans+AF8-712+AF8-LeftFullBodyImage.png?VersionId+AD0-xK3K5ulrG9tv5RlwKo3xAQ.Z1QexpZte+ACY-itok+AD0-mLhiA5EA
Ashlee Evans+AC0-Smith,https://dmxg5wxfqgb4u.cloudfront.net/styles/athlete+AF8-bio+AF8-full+AF8-body/s3/2023+AC0-07/EVANS+AC0-SMITH+AF8-ASHLEE+AF8-L+AF8-07+AC0-15.png?itok+AD0-ZOZ79C5A
Dan Evensen,None
Tonya Evinger,https://dmxg5wxfqgb4u.cloudfront.net/styles/athlete+AF8-bio+AF8-full+AF8-body/s3/2019+AC0-05/EVINGER+AF8-TONYA+AF8-L.png?VersionId+AD0AXw-mHZuvtmS8wuGJVdpA4p7SOwNjMay9ZM+ACY-itok+AD0-A0v83qdD
Movsar Evloev,https://dmxg5wxfqgb4u.cloudfront.net/styles/athlete+AF8-bio+AF8-full+AF8-body/s3/2025+AC0-01/5/EVLOEV+AF8-MOVSAR+AF8-L+AF8-12+AC0-07.png?itok+AD0-q+AF8-53h1DZ
Andre Ewell,https://dmxg5wxfqgb4u.cloudfront.net/styles/athlete+AF8-bio+AF8-full+AF8-body/s3/2021+AC0-07/EWELL+AF8-ANDRE+AF8-L+AF8-07+AC0-24.png?itok+AD0-ciTBM7dW
Jessica Eye,https://dmxg5wxfqgb4u.cloudfront.net/styles/athlete+AF8-bio+AF8-full+AF8-body/s3/2021+AC0-07/EYE+AF8-JESSICA+AF8-L+AF8-07+AC0-10.png?itok+AD0-nwYJmZU6
Edward Faaloloto,None
Urijah Faber,https://dmxg5wxfqgb4u.cloudfront.net/styles/athlete+AF8-bio+AF8-full+AF8-body/s3/2025+AC0-01/1/FABER+AF8-URIJAH+AF8-L.png?itok+AD0AXw-nk0m5WS
Melinda F+//3//Q-bi+//3//Q-n,https://dmxg5wxfqgb4u.cloudfront.net/styles/athlete+AF8-bio+AF8-full+AF8-body/s3/image/ufc+AC0-fighter+AC0-container/69620/profile+AC0-galery/fullbodyleft+AC0-picture/Melinda+AC0-Fabian+AF8-644631+AF8-LeftFullBodyImage.png?itok+AD0-fcmD+AC0-fMw
Wagnney Fabiano,None
Bartosz Fabinski,https://dmxg5wxfqgb4u.cloudfront.net/styles/athlete+AF8-bio+AF8-full+AF8-body/s3/2021+AC0-04/67439+ACU-252Fprofile+AC0-galery+ACU-252Ffullbodyleft+AC0-picture+ACU-252FFABINSKI+AF8-BARTOSZ+AF8-L+AF8-04+AC0-17.png?itok+AD0-7QAIyFSY
Ron Faircloth,None
Zarah Fairn,https://dmxg5wxfqgb4u.cloudfront.net/styles/athlete+AF8-bio+AF8-full+AF8-body/s3/2023+AC0-06/FAIRN+AF8-ZARAH+AF8-L+ACU-296+AF8-23.png?itok+AD0-tLRJDIOP
Jason Fairn,None
Rinat Fakhretdinov,https://dmxg5wxfqgb4u.cloudfront.net/styles/athlete+AF8-bio+AF8-full+AF8-body/s3/2024+AC0-10/2/FAKHRETDINOV+AF8-RINAT+AF8-L+AF8-10+AC0-26.png?itok+AD0-QjPwRMwr
Maiquel Falcao,None
Pedro Falcao,https://dmxg5wxfqgb4u.cloudfront.net/styles/athlete+AF8-bio+AF8-full+AF8-body/s3/2024+AC0-04/FALCAO+AF8-PEDRO+AF8-L+AF8-04+AC0-06.png?itok+AD0-yeUDLj+AC0-E
Brodie Farber,None
Kalindra Faria,https://dmxg5wxfqgb4u.cloudfront.net/styles/athlete+AF8-bio+AF8-full+AF8-body/s3/image/ufc+AC0-fighter+AC0-container/68438/profile+AC0-galery/fullbodyleft+AC0-picture/Kalindra+AC0-Faria+AF8-640579+AF8-LeftFullBodyImage.png?itok+AD0-gR0CyOBm
Jair Farias,None
Rico Farrington,https://dmxg5wxfqgb4u.cloudfront.net/styles/athlete+AF8-bio+AF8-full+AF8-body/s3/2022+AC0-03/7b1b1217+AC0-011e+AC0-4924+AC0-92b8+AC0-eceebc2b5a35+ACU-252FFARRINGTON+AF8-RICO+AF8-R.png?itok+AD0-V+AF8-SQHYpQ
Kelly Faszholz,https://dmxg5wxfqgb4u.cloudfront.net/styles/athlete+AF8-bio+AF8-full+AF8-body/s3/2020+AC0-03/Kelly+AC0-Faszholz+AF8-580619+AF8-LeftFullBodyImage.png?VersionId+AD0-yJhh0jhtAuWxnVLDLXe1CxAvhC3utE86+ACY-itok+AD0-avvYCImV
Paul Felder,https://dmxg5wxfqgb4u.cloudfront.net/styles/athlete+AF8-bio+AF8-full+AF8-body/s3/2020+AC0-11/68984+ACU-252Fprofile+AC0-galery+ACU-252Ffullbodyleft+AC0-picture+ACU-252FFELDER+AF8-PAUL+AF8-L+AF8-11+AC0-14.png?itok+AD0-GFdIdDuN
Carlos Felipe,https://dmxg5wxfqgb4u.cloudfront.net/styles/athlete+AF8-bio+AF8-full+AF8-body/s3/2021+AC0-06/67562+ACU-252Fprofile+AC0-galery+ACU-252Ffullbodyleft+AC0-picture+ACU-252FFELIPE+AF8-CARLOS+AF8-L+AF8-06+AC0-12.png?itok+AD0-YDb81yMq
Josh Ferguson,None
Tony Ferguson,https://dmxg5wxfqgb4u.cloudfront.net/styles/athlete+AF8-bio+AF8-full+AF8-body/s3/2024+AC0-08/FERGUSON+AF8-TONY+AF8-L+AF8-08+AC0-03.png?itok+AD0-fUZVHpYl
Kau+//3//Q- Fernandes,https://dmxg5wxfqgb4u.cloudfront.net/styles/athlete+AF8-bio+AF8-full+AF8-body/s3/2023+AC0-11/FERNANDES+AF8-KAUE+AF8-L+AF8-11+AC0-04.png?itok+AD0-PR5KHGc5
CJ Fernandes,None
Gabriella Fernandes,https://dmxg5wxfqgb4u.cloudfront.net/styles/athlete+AF8-bio+AF8-full+AF8-body/s3/2023+AC0-02/FERNANDES+AF8-GABRIELLA+AF8-L+AF8-02+AC0-25.png?itok+AD0-rBihdaE1
Lucas Fernando,https://dmxg5wxfqgb4u.cloudfront.net/styles/athlete+AF8-bio+AF8-full+AF8-body/s3/2023+AC0-08/FERNANDO+AF8-LUCAS+AF8-R.png?itok+AD0-o81wkEgq
Cezar Ferreira,https://dmxg5wxfqgb4u.cloudfront.net/styles/athlete+AF8-bio+AF8-full+AF8-body/s3/image/fighter+AF8-images/Cezar+AF8-Ferreira/FERREIRA+AF8-CEZAR+AF8-L.png?itok+AD0-b3HlMBEe
Diego Ferreira,https://dmxg5wxfqgb4u.cloudfront.net/styles/athlete+AF8-bio+AF8-full+AF8-body/s3/2025+AC0-01/FERREIRA+AF8-DIEGO+AF8-L+AF8-01+AC0-18.png?itok+AD0-T3DZPYRY
Alexandre Ferreira,None
Erisson Ferreira,https://dmxg5wxfqgb4u.cloudfront.net/styles/athlete+AF8-bio+AF8-full+AF8-body/s3/2022+AC0-08/FERREIRA+AF8-ERISSON+AF8-L.png?itok+AD0-hqU0evWr
Brunno Ferreira,https://dmxg5wxfqgb4u.cloudfront.net/styles/athlete+AF8-bio+AF8-full+AF8-body/s3/2024+AC0-10/4/FERREIRA+AF8-BRUNNO+AF8-L+AF8-06+AC0-08.png?itok+AD0-c5PcPy8u
Scott Ferrozzo,None
Timo Feucht,None
Andre Fialho,https://dmxg5wxfqgb4u.cloudfront.net/styles/athlete+AF8-bio+AF8-full+AF8-body/s3/2023+AC0-05/FIALHO+AF8-ANDRE+AF8-L+AF8-05+AC0-20.png?itok+AD0-lBwdudlA
Drew Fickett,None
Scott Fielder,None
Test Fighter2,None
Michal Figlak,https://dmxg5wxfqgb4u.cloudfront.net/styles/athlete+AF8-bio+AF8-full+AF8-body/s3/2025+AC0-01/3/FIGLAK+AF8-MICHAL+AF8-L+AF8-04+AC0-27.png?itok+AD0-lNmXfUHl
Francisco Figueiredo,https://dmxg5wxfqgb4u.cloudfront.net/styles/athlete+AF8-bio+AF8-full+AF8-body/s3/2021+AC0-07/71736+ACU-252Fprofile+AC0-galery+ACU-252Ffullbodyleft+AC0-picture+ACU-252FFIGUEIREDO+AF8-FRANCISCO+AF8-L+AF8-07+AC0-17.png?itok+AD0-6TVFYhFx
Deiveson Figueiredo,https://dmxg5wxfqgb4u.cloudfront.net/styles/athlete+AF8-bio+AF8-full+AF8-body/s3/2025+AC0-01/5/FIGUEIREDO+AF8-DEIVESON+AF8-L+AF8-04+AC0-13.png?itok+AD0-vDljbMLg
Edwin Figueroa,https://dmxg5wxfqgb4u.cloudfront.net/styles/athlete+AF8-bio+AF8-full+AF8-body/s3/2022+AC0-03/72589f27+AC0-c401+AC0-4d68+AC0-a377+AC0-b6f9918afa69+ACU-252Fedwin+AC0-figueroa+AF8-128559+AF8-LeftFullBodyImage.png?itok+AD0-xaEWo8US
Jafel Filho,https://dmxg5wxfqgb4u.cloudfront.net/styles/athlete+AF8-bio+AF8-full+AF8-body/s3/2024+AC0-03/FILHO+AF8-JAFEL+AF8-L+AF8-03+AC0-16.png?itok+AD0-7ioPVMfN
Andre Fili,https://dmxg5wxfqgb4u.cloudfront.net/styles/athlete+AF8-bio+AF8-full+AF8-body/s3/2025+AC0-02/FILI+AF8-ANDRE+AF8-L+AF8-02+AC0-22.png?itok+AD0-hsolnKE5
Torrez Finney,https://dmxg5wxfqgb4u.cloudfront.net/styles/athlete+AF8-bio+AF8-full+AF8-body/s3/2025+AC0-01/FINNEY+AF8-TORREZ+AF8-L.png?itok+AD0-gSXsKsTJ
Luigi Fioravanti,None
Nick Fiore,https://dmxg5wxfqgb4u.cloudfront.net/styles/athlete+AF8-bio+AF8-full+AF8-body/s3/2023+AC0-01/FIORE+AF8-NICK+AF8-L+AF8-01+AC0-14.png?itok+AD0-mZmLS7X1
Manon Fiorot,https://dmxg5wxfqgb4u.cloudfront.net/styles/athlete+AF8-bio+AF8-full+AF8-body/s3/2025+AC0-01/5/FIOROT+AF8-MANON+AF8-L+AF8-3+AC0-30.png?itok+AD0-uekUAzQV
Spencer Fisher,None
Chris Fishgold,https://dmxg5wxfqgb4u.cloudfront.net/styles/athlete+AF8-bio+AF8-full+AF8-body/s3/image/ufc+AC0-fighter+AC0-container/67618/profile+AC0-galery/fullbodyleft+AC0-picture/FISHGOLD+AF8-CHRIS+AF8-L.png?VersionId+AD0-QvIorJ7tSxm6HODq0rialYwAFL3bfzxs+ACY-itok+AD0-bwrSoXf+AF8-
Jon Fitch,None
Isi Fitikefu,None
Rafael Fiziev,https://dmxg5wxfqgb4u.cloudfront.net/styles/athlete+AF8-bio+AF8-full+AF8-body/s3/2025+AC0-01/5/FIZIEV+AF8-RAFAEL+AF8-L+AF8-09+AC0-23.png?itok+AD0-4kI8PzCT
Colin Fletcher,None
Nathan Fletcher,https://dmxg5wxfqgb4u.cloudfront.net/styles/athlete+AF8-bio+AF8-full+AF8-body/s3/2025+AC0-01/3/FLETCHER+AF8-NATHAN+AF8-L+AF8-08+AC0-24.png?itok+AD0-FZtzQPBv
AJ Fletcher,https://dmxg5wxfqgb4u.cloudfront.net/styles/athlete+AF8-bio+AF8-full+AF8-body/s3/2022+AC0-03/cd405587+AC0-3f1f+AC0-404f+AC0-bce9+AC0-1d2713b05a6d+ACU-252FFLETCHER+AF8-AJ+AF8-L+AF8-03+AC0-12.png?itok+AD0-0mUNTgR2
Jimmy Flick,https://dmxg5wxfqgb4u.cloudfront.net/styles/athlete+AF8-bio+AF8-full+AF8-body/s3/2023+AC0-06/FLICK+AF8-JIMMY+AF8-L+AF8-06+AC0-17.png?itok+AD0-YCqMPSdF
Luke Flores,https://dmxg5wxfqgb4u.cloudfront.net/styles/athlete+AF8-bio+AF8-full+AF8-body/s3/2022+AC0-03/ae3b519b+AC0-7cbf+AC0-451c+AC0-9e3f+AC0-6ea32ecd8845+ACU-252FLuke+AC0-Flores+AF8-636464+AF8-LeftFullBodyImage.png?itok+AD0-bHnVacKp
Ty Flores,https://dmxg5wxfqgb4u.cloudfront.net/styles/athlete+AF8-bio+AF8-full+AF8-body/s3/2022+AC0-03/f46e66ce+AC0-017c+AC0-40cb+AC0-a9eb+AC0-cbc2ec679d57+ACU-252FFLORES+AF8-TY+AF8-L+AF8-08+AC0-04.png?itok+AD0-QZm3PcRm
Alejandro Flores,https://dmxg5wxfqgb4u.cloudfront.net/styles/athlete+AF8-bio+AF8-full+AF8-body/s3/2022+AC0-03/804fd857+AC0-e083+AC0-404d+AC0-b170+AC0-b8e378a92043+ACU-252FFLORES+AF8-ALEJANDRO+AF8-R.png?itok+AD0-c1gyM+AC0-G3
Kenny Florian,None
Darrius Flowers,https://dmxg5wxfqgb4u.cloudfront.net/styles/athlete+AF8-bio+AF8-full+AF8-body/s3/2024+AC0-02/FLOWERS+AF8-DARRIUS+AF8-L+AF8-07+AC0-29.png?itok+AD0-MVVq0WE6
Caros Fodor,None
Rob Font,https://dmxg5wxfqgb4u.cloudfront.net/styles/athlete+AF8-bio+AF8-full+AF8-body/s3/2025+AC0-02/FONT+AF8-ROB+AF8-L+AF8-02+AC0-22.png?itok+AD0-gkwya+AC0-F+AC0-
Jesse Forbes,None
Jussier Formiga,https://dmxg5wxfqgb4u.cloudfront.net/styles/athlete+AF8-bio+AF8-full+AF8-body/s3/2019+AC0-03/FORMIGA+AF8-JUSSIER+AF8-L.png?VersionId+AD0-mPmsfjA9.2w713+AF8-2fZLONSzORpKka0nQ+ACY-itok+AD0-6o+AF8-GQA4m
Brianna Fortino,https://dmxg5wxfqgb4u.cloudfront.net/styles/athlete+AF8-bio+AF8-full+AF8-body/s3/2019+AC0-07/VAN+AF8-BUREN+AF8-BRIANNA+AF8-R.png?VersionId+AD0-pB3EjGF7cQB5tWxgyhwK5gP7vJQAlLME+ACY-itok+AD0-ynHGYlzF
Marcel Fortuna,https://dmxg5wxfqgb4u.cloudfront.net/styles/athlete+AF8-bio+AF8-full+AF8-body/s3/2022+AC0-03/5d10dbe7+AC0-5a5d+AC0-47ee+AC0-862c+AC0-e5cc9c5e9270+ACU-252FMarcel+AC0-Fortuna+AF8-618557+AF8-LeftFullBodyImage.png?itok+AD0-WPqQr+AC0-PH
Brian Foster,None
Xavier Foupa+AC0-Pokam,None
Glaico Franca,https://dmxg5wxfqgb4u.cloudfront.net/styles/athlete+AF8-bio+AF8-full+AF8-body/s3/2022+AC0-03/4416d6c3+AC0-1a0a+AC0-4e42+AC0-880b+AC0-4d1c23c31539+ACU-252Fglaico+AC0-franca+AF8-539504+AF8-LeftFullBodyImage.png?itok+AD0-qEMZbvVz
Hermes Franca,None
Kai Kara+AC0-France,https://dmxg5wxfqgb4u.cloudfront.net/styles/athlete+AF8-bio+AF8-full+AF8-body/s3/2025+AC0-01/5/KARA+AC0-FRANCE+AF8-KAI+AF8-L+AF8-08+AC0-17.png?itok+AD0-fuxhY3Uc
Rich Franklin,None
Stephanie Frausto,https://dmxg5wxfqgb4u.cloudfront.net/styles/athlete+AF8-bio+AF8-full+AF8-body/s3/2020+AC0-11/71667+ACU-252Fprofile+AC0-galery+ACU-252Ffullbodyright+AC0-picture+ACU-252FFRAUSTO+AF8-STEPHANIE+AF8-R.png?itok+AD0-11I6BMtE
Justin Frazier,https://dmxg5wxfqgb4u.cloudfront.net/styles/athlete+AF8-bio+AF8-full+AF8-body/s3/2018+AC0-11/FRAZIER+AF8-JUSTIN+AF8-R.png?VersionId+AD0-L9WF+AF8-jyemmQc18hq+AF8-3dIobyaytLgD7AH+ACY-itok+AD0-QZpmw1Q5
Zane Frazier,https://dmxg5wxfqgb4u.cloudfront.net/styles/athlete+AF8-bio+AF8-full+AF8-body/s3/2022+AC0-10/FRAZIER+AF8-ZANE+AF8-R.png?itok+AD0-cYfNCM0+AF8-
Ian Freeman,None
Willamy Freire,None
Donavon Frelow,https://dmxg5wxfqgb4u.cloudfront.net/styles/athlete+AF8-bio+AF8-full+AF8-body/s3/2022+AC0-03/6f550068+AC0-d645+AC0-41d3+AC0-a7b8+AC0-15f2a4ac759e+ACU-252FDonavon+AC0-Frelow+AF8-635821+AF8-LeftFullBodyImage.png?itok+AD0-P19Hi2Wq
Josh Fremd,https://dmxg5wxfqgb4u.cloudfront.net/styles/athlete+AF8-bio+AF8-full+AF8-body/s3/2024+AC0-10/FREMD+AF8-JOSH+AF8-L+AF8-07+AC0-13.png?itok+AD0-OH7sQQOx
Matt Frevola,https://dmxg5wxfqgb4u.cloudfront.net/styles/athlete+AF8-bio+AF8-full+AF8-body/s3/2023+AC0-11/FREVOLA+AF8-MATT+AF8-L+AF8-11+AC0-11.png?itok+AD0-msHlF1sw
Jinh Yu Frey,https://dmxg5wxfqgb4u.cloudfront.net/styles/athlete+AF8-bio+AF8-full+AF8-body/s3/2021+AC0-07/71648+ACU-252Fprofile+AC0-galery+ACU-252Ffullbodyleft+AC0-picture+ACU-252FFREY+AF8-JINH+AF8-YU+AF8-L+AF8-07+AC0-31.png?itok+AD0-JnSNovtP
Artem Frolov,None
Sarah Frota,https://dmxg5wxfqgb4u.cloudfront.net/styles/athlete+AF8-bio+AF8-full+AF8-body/s3/image/ufc+AC0-fighter+AC0-container/69601/profile+AC0-galery/fullbodyleft+AC0-picture/FROTA+AF8-SARAH+AF8-L.png?VersionId+AD0-XBriDY6zK5avOKWlj9KfFMvt5KrgVtLh+ACY-itok+AD0-iIU8QZzh
Daniel Frunza,https://dmxg5wxfqgb4u.cloudfront.net/styles/athlete+AF8-bio+AF8-full+AF8-body/s3/2024+AC0-09/FRUNZA+AF8-DANIEL+AF8-L+AF8-09+AC0-24.png?itok+AD0-V2GQJVAu
Don Frye,None
Anthony Fryklund,None
Adam Fugitt,https://dmxg5wxfqgb4u.cloudfront.net/styles/athlete+AF8-bio+AF8-full+AF8-body/s3/2022+AC0-08/FUGITT+AF8-ADAM+AF8-L+AF8-07+AC0-30.png?itok+AD0-R9N9rLgo
Katsuhisa Fuji,None
Riki Fukuda,None
Masio Fullen,https://dmxg5wxfqgb4u.cloudfront.net/styles/athlete+AF8-bio+AF8-full+AF8-body/s3/2022+AC0-03/c4610c1e+AC0-b664+AC0-4429+AC0-a087+AC0-d0a3abd5918d+ACU-252Fmasio+AC0-fullen+AF8-498745+AF8-LeftFullBodyImage.png?itok+AD0-ca0RnQg1
Travis Fulton,None
Sam Fulton,None
Ricardo Funch,None
Gustavo Gabriel,None
Claudia Gadelha,https://dmxg5wxfqgb4u.cloudfront.net/styles/athlete+AF8-bio+AF8-full+AF8-body/s3/2020+AC0-11/67642+ACU-252Fprofile+AC0-galery+ACU-252Ffullbodyleft+AC0-picture+ACU-252FGADELHA+AF8-CLAUDIA+AF8-L+AF8-07+AC0-06.png?itok+AD0-YfsGHHj+AF8-
Magomed Gadzhiyasulov,https://dmxg5wxfqgb4u.cloudfront.net/styles/athlete+AF8-bio+AF8-full+AF8-body/s3/2025+AC0-01/9/GADZHIYASULOV+AF8-MAGOMED+AF8-L+AF8-01+AC0-11.png?itok+AD0-YjwCnepM
Justin Gaethje,https://dmxg5wxfqgb4u.cloudfront.net/styles/athlete+AF8-bio+AF8-full+AF8-body/s3/2025+AC0-01/5/GAETHJE+AF8-JUSTIN+AF8-L+AF8-03+AC0-18.png?itok+AD0-bz8FaBqn
Sheila Gaff,None
Muin Gafurov,https://dmxg5wxfqgb4u.cloudfront.net/styles/athlete+AF8-bio+AF8-full+AF8-body/s3/2025+AC0-01/GAFUROV+AF8-MUIN+AF8-L+AF8-01+AC0-18.png?itok+AD0-ZP21UkSr
Mitch Gagnon,https://dmxg5wxfqgb4u.cloudfront.net/styles/athlete+AF8-bio+AF8-full+AF8-body/s3/2019+AC0-05/GAGNON+AF8-MITCH+AF8-L.png?VersionId+AD0-.mr.GjzcEdJSiwvQ+AF8-l0uJ1c8xMae1.Bu+ACY-itok+AD0-lK4aRjZV
Dave Galera,https://dmxg5wxfqgb4u.cloudfront.net/styles/athlete+AF8-bio+AF8-full+AF8-body/s3/2022+AC0-03/aa50a809+AC0-6e8d+AC0-43ec+AC0-b69d+AC0-f67746bed0f9+ACU-252FDave+AC0-Galera+AF8-463240+AF8-LeftFullBodyImage.png?itok+AD0-p3vk0WhQ
Mickey Gall,https://dmxg5wxfqgb4u.cloudfront.net/styles/athlete+AF8-bio+AF8-full+AF8-body/s3/2024+AC0-11/GALL+AF8-MICKEY+AF8-L+AF8-11+AC0-16.png?itok+AD0-HqFo5+AC0-y8
Daniel Gallemore,None
Tom Gallicchio,https://dmxg5wxfqgb4u.cloudfront.net/styles/athlete+AF8-bio+AF8-full+AF8-body/s3/2022+AC0-03/b0a9aa4d+AC0-8b61+AC0-417f+AC0-a426+AC0-6bcbd0baf38f+ACU-252FTom+AC0-Gallicchio+AF8-632991+AF8-LeftFullBodyImage.png?itok+AD0-bq5+AC0-eMzp
Joey Gambino,None
Manny Gamburyan,https://dmxg5wxfqgb4u.cloudfront.net/styles/athlete+AF8-bio+AF8-full+AF8-body/s3/image/ufc+AC0-fighter+AC0-container/68661/profile+AC0-galery/fullbodyleft+AC0-picture/Manny+AC0-Gamburyan+AF8-504+AF8-LeftFullBodyImage.png?VersionId+AD0-Q0JdCCQqJ4LAzoocHd2EweFBvKKMob+AF8-d+ACY-itok+AD0-4KtPo+AF8-4T
Mateusz Gamrot,https://dmxg5wxfqgb4u.cloudfront.net/styles/athlete+AF8-bio+AF8-full+AF8-body/s3/2025+AC0-01/5/GAMROT+AF8-MATEUSZ+AF8-L+AF8-08+AC0-17.png?itok+AD0-mnx+AF8-dQ1i
Shamil Gamzatov,https://dmxg5wxfqgb4u.cloudfront.net/styles/athlete+AF8-bio+AF8-full+AF8-body/s3/2021+AC0-10/69245+ACU-252Fprofile+AC0-galery+ACU-252Ffullbodyleft+AC0-picture+ACU-252FGAMZATOV+AF8-SHAMIL+AF8-L+AF8-10+AC0-30.png?itok+AD0ALQ-8itgZWn
Ariel Gandulla,None
Ciryl Gane,https://dmxg5wxfqgb4u.cloudfront.net/styles/athlete+AF8-bio+AF8-full+AF8-body/s3/2025+AC0-01/5/GANE+AF8-CIRYL+AF8-L+AF8-12+AC0-07.png?itok+AD0-FskbLuVB
Sean Gannon,None
Junye Gao,None
Luiz Garagorri,https://dmxg5wxfqgb4u.cloudfront.net/styles/athlete+AF8-bio+AF8-full+AF8-body/s3/image/ufc+AC0-fighter+AC0-container/71555/profile+AC0-galery/fullbodyleft+AC0-picture/GARAGORRI+AF8-EDUARDO+AF8-L.png?VersionId+AD0-Hzofazok8TRlhpqy4almJyV.iQ5szvU0+ACY-itok+AD0-Bozzq8VG
Cody Garbrandt,https://dmxg5wxfqgb4u.cloudfront.net/styles/athlete+AF8-bio+AF8-full+AF8-body/s3/2023+AC0-12/GARBRANDT+AF8-CODY+AF8-L+AF8-12+AC0-16.png?itok+AD0-MmR3oduF
Elias Garcia,https://dmxg5wxfqgb4u.cloudfront.net/styles/athlete+AF8-bio+AF8-full+AF8-body/s3/image/ufc+AC0-fighter+AC0-container/69699/profile+AC0-galery/fullbodyleft+AC0-picture/GARCIA+AF8-ELIAS+AF8-L.png?itok+AD0-GH7t9hR9
Leonard Garcia,None
Harrison Garcia,None
Edgar Garcia,https://dmxg5wxfqgb4u.cloudfront.net/styles/athlete+AF8-bio+AF8-full+AF8-body/s3/2022+AC0-03/e859507b+AC0-5af3+AC0-4b41+AC0-9d17+AC0-0b99c8dda384+ACU-252FEdgar+AC0-Garcia+AF8-1007+AF8-LeftFullBodyImage.png?itok+AD0-jKblhytg
Alex Garcia,https://dmxg5wxfqgb4u.cloudfront.net/styles/athlete+AF8-bio+AF8-full+AF8-body/s3/image/ufc+AC0-fighter+AC0-container/67208/profile+AC0-galery/fullbodyleft+AC0-picture/Alex+AC0-Garcia+AF8-459193+AF8-LeftFullBodyImage.png?itok+AD0-Y1lYeVwu
Fernie Garcia,https://dmxg5wxfqgb4u.cloudfront.net/styles/athlete+AF8-bio+AF8-full+AF8-body/s3/2022+AC0-06/GARCIA+AF8-FERNIE+AF8-L+AF8-05+AC0-07.png?itok+AD0-iBTj6Wz2
Rafa Garcia,https://dmxg5wxfqgb4u.cloudfront.net/styles/athlete+AF8-bio+AF8-full+AF8-body/s3/2024+AC0-11/GARCIA+AF8-RAFA+AF8-L+AF8-10+AC0-12.png?itok+AD0-k6dRYuaY
Steve Garcia,https://dmxg5wxfqgb4u.cloudfront.net/styles/athlete+AF8-bio+AF8-full+AF8-body/s3/2024+AC0-09/GARCIA+AF8-STEVE+AF8-L+AF8-09+AC0-07.png?itok+AD0-bJAeeQxq
Pablo Garza,None
Azamat Gashimov,None
Brian Gassaway,None
Kelvin Gastelum,https://dmxg5wxfqgb4u.cloudfront.net/styles/athlete+AF8-bio+AF8-full+AF8-body/s3/2024+AC0-06/GASTELUM+AF8-KELVIN+AF8-L+AF8-06+AC0-22.png?itok+AD0-vDE+AC0-t591
Willie Gates,https://dmxg5wxfqgb4u.cloudfront.net/styles/athlete+AF8-bio+AF8-full+AF8-body/s3/2022+AC0-03/81a1275e+AC0-b7f2+AC0-4983+AC0-854d+AC0-7cb3bdf3b4f7+ACU-252Fwillie+AC0-gates+AF8-512292+AF8-LeftFullBodyImage.png?itok+AD0-XTin7BpD
Melissa Gatto,https://dmxg5wxfqgb4u.cloudfront.net/styles/athlete+AF8-bio+AF8-full+AF8-body/s3/2024+AC0-03/GATTO+AF8-MELISSA+AF8-L+AF8-07+AC0-01.png?itok+AD0-VDZXGH+AF8-f
Louis Gaudinot,https://dmxg5wxfqgb4u.cloudfront.net/styles/athlete+AF8-bio+AF8-full+AF8-body/s3/2022+AC0-03/51dd5e0b+AC0-99a8+AC0-4769+AC0-bf9e+AC0-ff975d46dfd9+ACU-252FLouis+AC0-Gaudinot+AF8-231412+AF8-LeftFullBodyImage.png?itok+AD0-JQ+AC0-kwHeq
Ateba Gautier,https://dmxg5wxfqgb4u.cloudfront.net/styles/athlete+AF8-bio+AF8-full+AF8-body/s3/2025+AC0-02/GAUTIER+AF8-ATEBA+AF8-L.png?itok+AD0-vBmOgIZY
Manuel Gaxhja,https://dmxg5wxfqgb4u.cloudfront.net/styles/athlete+AF8-bio+AF8-full+AF8-body/s3/2022+AC0-04/ff8abe2b+AC0-ae67+AC0-46be+AC0-b427+AC0-753476eebef3+ACU-252FGAXHJA+AF8-MANUEL+AF8-L.png?itok+AD0-icHsbiW+AC0-
Shamil Gaziev,https://dmxg5wxfqgb4u.cloudfront.net/styles/athlete+AF8-bio+AF8-full+AF8-body/s3/2025+AC0-01/GAZIEV+AF8-SHAMIL+AF8-L+AF8-02+AC0-01.png?itok+AD0-VZSPMijF
Paul Georgieff,None
Brian Geraghty,None
Karine Gevorgyan,https://dmxg5wxfqgb4u.cloudfront.net/styles/athlete+AF8-bio+AF8-full+AF8-body/s3/2022+AC0-03/e23570ae+AC0-572f+AC0-4288+AC0-8f0c+AC0-4f6d4e906e93+ACU-252FKarine+AC0-Gevorgyan+AF8-644626+AF8-LeftFullBodyImage.png?itok+AD0ALQ-Ujtta8i
Yanis Ghemmouri,https://dmxg5wxfqgb4u.cloudfront.net/styles/athlete+AF8-bio+AF8-full+AF8-body/s3/2024+AC0-06/GHEMMOURI+AF8-YANIS+AF8-R+AF8-06+AC0-29.png?itok+AD0-EKCzWlBn
Darrel Gholar,None
Tiki Ghosn,None
Christos Giagos,https://dmxg5wxfqgb4u.cloudfront.net/styles/athlete+AF8-bio+AF8-full+AF8-body/s3/2024+AC0-04/GIAGOS+AF8-CHRISTOS+AF8-L+AF8-09+AC0-16.png?itok+AD0-Fu0iZIbp
Joe Giannetti,https://dmxg5wxfqgb4u.cloudfront.net/styles/athlete+AF8-bio+AF8-full+AF8-body/s3/2018+AC0-10/GIANNETTI+AF8-JOE+AF8-R+AF8-0.png?VersionId+AD0-fx4l8QwssZx3Fl3fUBNXY7DczJDTdddW+ACY-itok+AD0-OdakfpjP
James Giboo,None
Cody Gibson,https://dmxg5wxfqgb4u.cloudfront.net/styles/athlete+AF8-bio+AF8-full+AF8-body/s3/2024+AC0-07/GIBSON+AF8-CODY+AF8-L+AF8-03+AC0-23.png?itok+AD0-IUMFJ8bc
Chase Gibson,https://dmxg5wxfqgb4u.cloudfront.net/styles/athlete+AF8-bio+AF8-full+AF8-body/s3/2022+AC0-03/8d19f0d0+AC0-c827+AC0-4701+AC0-841a+AC0-c1cd21e94553+ACU-252FGIBSON+AF8-CHASE+AF8-R.png?itok+AD0-NNDGorK9
Thomas Gifford,https://dmxg5wxfqgb4u.cloudfront.net/styles/athlete+AF8-bio+AF8-full+AF8-body/s3/image/ufc+AC0-fighter+AC0-container/71465/profile+AC0-galery/fullbodyleft+AC0-picture/GIFFORD+AF8-THOMAS+AF8-L.png?VersionId+AD0-3k9PqFwHN2XKFBmszeGaMqvHGaBCvvo4+ACY-itok+AD0-vGwL+AC0-7PK
Joe Gigliotti,https://dmxg5wxfqgb4u.cloudfront.net/styles/athlete+AF8-bio+AF8-full+AF8-body/s3/2022+AC0-03/24aa7b05+AC0-8241+AC0-4a19+AC0-a2aa+AC0-e0052cec12eb+ACU-252Fjoseph+AC0-gigliotti+AF8-596736+AF8-LeftFullBodyImage.png?itok+AD0-4iOjwqeg
Joey Gilbert,None
Trevin Giles,https://dmxg5wxfqgb4u.cloudfront.net/styles/athlete+AF8-bio+AF8-full+AF8-body/s3/2024+AC0-02/GILES+AF8-TREVIN+AF8-L+AF8-02+AC0-10.png?itok+AD0-Kz+AF8-Qchno
Gregor Gillespie,https://dmxg5wxfqgb4u.cloudfront.net/styles/athlete+AF8-bio+AF8-full+AF8-body/s3/2021+AC0-05/68048+ACU-252Fprofile+AC0-galery+ACU-252Ffullbodyleft+AC0-picture+ACU-252FGILLESPIE+AF8-GREGOR+AF8-L+AF8-05+AC0-08.png?itok+AD0-DSEehmqR
Jason Gilliam,None
Micheal Gillmore,https://dmxg5wxfqgb4u.cloudfront.net/styles/athlete+AF8-bio+AF8-full+AF8-body/s3/2022+AC0-05/a4b66a68+AC0-951d+AC0-425b+AC0-8e5b+AC0-d059081cf5e1+ACU-252FGILLMORE+AF8-MICHEAL+AF8-L+AF8-02+AC0-26.png?itok+AD0-Qu+AC0-4Z+AC0-0W
Alex Gilpin,None
Bob Gilstrap,None
Eperaim Ginting,https://dmxg5wxfqgb4u.cloudfront.net/styles/athlete+AF8-bio+AF8-full+AF8-body/s3/2023+AC0-06/GINTING+AF8-EPERAIM+AF8-L.png?itok+AD0-1bpOq4jO
He+AC0-Man Gipson,None
Ricky Glenn,https://dmxg5wxfqgb4u.cloudfront.net/styles/athlete+AF8-bio+AF8-full+AF8-body/s3/2023+AC0-04/GLENN+AF8-RICKY+AF8-L+AF8-04+AC0-22.png?itok+AD0-0SrzZZOK
Mark Godbeer,https://dmxg5wxfqgb4u.cloudfront.net/styles/athlete+AF8-bio+AF8-full+AF8-body/s3/image/ufc+AC0-fighter+AC0-container/68716/profile+AC0-galery/fullbodyleft+AC0-picture/mark+AC0-godbeer+AF8-607546+AF8-LeftFullBodyImage.png?VersionId+AD0-FOuv8o5s4HHcnYOkljUpcE3f53evSQjL+ACY-itok+AD0-3NyyAHlg
Loopy Godinez,https://dmxg5wxfqgb4u.cloudfront.net/styles/athlete+AF8-bio+AF8-full+AF8-body/s3/2025+AC0-01/5/GODINEZ+AF8-LOOPY+AF8-L+AF8-09+AC0-16.png?itok+AD0-WzGkSUTP
Allan Goes,None
Billy Ray Goff ,https://dmxg5wxfqgb4u.cloudfront.net/styles/athlete+AF8-bio+AF8-full+AF8-body/s3/2023+AC0-08/GOFF+AF8-BILLY+AF8-L.png?itok+AD0-39qKhuSG
Amiran Gogoladze,https://dmxg5wxfqgb4u.cloudfront.net/styles/athlete+AF8-bio+AF8-full+AF8-body/s3/2022+AC0-08/GOGOLADZE+AF8-AMIRAN+AF8-L.png?itok+AD0-q9KzyYrV
Hannah Goldy,https://dmxg5wxfqgb4u.cloudfront.net/styles/athlete+AF8-bio+AF8-full+AF8-body/s3/2022+AC0-07/GOLDY+AF8-HANNAH+AF8-L+AF8-07+AC0-23.png?itok+AD0-DMIRJPMe
Marcelo Golm,https://dmxg5wxfqgb4u.cloudfront.net/styles/athlete+AF8-bio+AF8-full+AF8-body/s3/image/ufc+AC0-fighter+AC0-container/69613/profile+AC0-galery/fullbodyleft+AC0-picture/Marcelo+AC0-Golm+AF8-641626+AF8-LeftFullBodyImage.png?VersionId+AD0-EzjpmibuXItirDqEAGXQnby8glcaxw5C+ACY-itok+AD0-lDeHVTDx
Denise Gomes,https://dmxg5wxfqgb4u.cloudfront.net/styles/athlete+AF8-bio+AF8-full+AF8-body/s3/2024+AC0-11/GOMES+AF8-DENISE+AF8-L+AF8-11+AC0-04.png?itok+AD0-vveTdmCr
Joey Gomez,https://dmxg5wxfqgb4u.cloudfront.net/styles/athlete+AF8-bio+AF8-full+AF8-body/s3/2022+AC0-03/1e5797dc+AC0-ba43+AC0-49c1+AC0-9587+AC0-aa0c58cc739a+ACU-252FJoey+AC0-Gomez+AF8-575395+AF8-LeftFullBodyImage.png?itok+AD0-LFoVIJkn
Luis Gomez,https://dmxg5wxfqgb4u.cloudfront.net/styles/athlete+AF8-bio+AF8-full+AF8-body/s3/2022+AC0-03/5d4a3251+AC0-7268+AC0-4de5+AC0-bf69+AC0-6c6928a17af1+ACU-252FLuis+AC0-Raul+AC0-Gomez+AF8-631555+AF8-LeftFullBodyImage.png?itok+AD0-Qdxadcp9
Ulysses Gomez,None
Joey Gomez,https://dmxg5wxfqgb4u.cloudfront.net/styles/athlete+AF8-bio+AF8-full+AF8-body/s3/image/fighter+AF8-images/Joey+AF8-Gomez/GOMEZ+AF8-JOEY+AF8-R.png?VersionId+AD0-dIwXYD01d.SGe3ijpMctmjdMaBHyNwVR+ACY-itok+AD0-hl0+AC0-JkkD
Edson Gomez,https://dmxg5wxfqgb4u.cloudfront.net/styles/athlete+AF8-bio+AF8-full+AF8-body/s3/2020+AC0-10/71707+ACU-252Fprofile+AC0-galery+ACU-252Ffullbodyleft+AC0-picture+ACU-252FGOMEZ+AF8-EDSON+AF8-L.png?itok+AD0-zDdPjq0z
Takanori Gomi,https://dmxg5wxfqgb4u.cloudfront.net/styles/athlete+AF8-bio+AF8-full+AF8-body/s3/2022+AC0-03/acf78ac9+AC0-1b9a+AC0-4337+AC0-83a0+AC0-a8c48bfd75a0+ACU-252FTakanori+AC0-Gomi+AF8-1145+AF8-LeftFullBodyImage.png?itok+AD0-u4QXnw8d
William Gomis,https://dmxg5wxfqgb4u.cloudfront.net/styles/athlete+AF8-bio+AF8-full+AF8-body/s3/2024+AC0-09/GOMIS+AF8-WILLIAM+AF8-L+AF8-09+AC0-28.png?itok+AD0-y12boaMH
Akihiro Gono,None
Gabriel Gonzaga,https://dmxg5wxfqgb4u.cloudfront.net/styles/athlete+AF8-bio+AF8-full+AF8-body/s3/2022+AC0-03/fdcc4a83+AC0-1ee2+AC0-46d7+AC0-9c5e+AC0-27c00b0058b5+ACU-252FGabriel+AC0-Gonzaga+AF8-724+AF8-LeftFullBodyImage.png?itok+AD0ALQ-F80vvvZ
Justin Gonzales,https://dmxg5wxfqgb4u.cloudfront.net/styles/athlete+AF8-bio+AF8-full+AF8-body/s3/2022+AC0-03/edaa64f2+AC0-d901+AC0-40c9+AC0-a7f5+AC0-1744725cbf78+ACU-252FGONZALES+AF8-JUSTIN+AF8-L.png?itok+AD0-YkqMayZQ
Jason Gonzalez,https://dmxg5wxfqgb4u.cloudfront.net/styles/athlete+AF8-bio+AF8-full+AF8-body/s3/image/fighter+AF8-images/Jason+AF8-Gonzalez/GONZALEZ+AF8-JASON+AF8-L.png?itok+AD0-bZMvHclL
Pearl Gonzalez,https://dmxg5wxfqgb4u.cloudfront.net/styles/athlete+AF8-bio+AF8-full+AF8-body/s3/2022+AC0-03/8ac8f951+AC0-9f4d+AC0-466f+AC0-b22b+AC0-c6738d6000cd+ACU-252Fpearl+AC0-gonzalez+AF8-624242+AF8-LeftFullBodyImage.png?itok+AD0-6t0ItAbz
Lewis Gonzalez,https://dmxg5wxfqgb4u.cloudfront.net/styles/athlete+AF8-bio+AF8-full+AF8-body/s3/2022+AC0-03/93466a26+AC0-988b+AC0-4b57+AC0-a37a+AC0-3baeaee7c202+ACU-252Flewis+AC0-gonzalez+AF8-536412+AF8-LeftFullBodyImage.png?itok+AD0-57jetgAd
Mikey Gonzalez,https://dmxg5wxfqgb4u.cloudfront.net/styles/athlete+AF8-bio+AF8-full+AF8-body/s3/2022+AC0-03/10ebcc06+AC0-1d19+AC0-4d96+AC0-945d+AC0-7ad30f3cb0f8+ACU-252FGONZALES+AF8-MIKEY+AF8-R+AF8-08+AC0-04.png?itok+AD0-6PKoAmpg
Jorge Gonzalez,https://dmxg5wxfqgb4u.cloudfront.net/styles/athlete+AF8-bio+AF8-full+AF8-body/s3/2020+AC0-07/GONZALES+AF8-JORGE+AF8-L+AF8-07+AC0-15.png?VersionId+AD0-e3lx8fRsQWEIXKUioTAVqdFexOZ6G055+ACY-itok+AD0-SfHxFEv0
Jennifer Gonzalez,None
Erick Gonzalez,https://dmxg5wxfqgb4u.cloudfront.net/styles/athlete+AF8-bio+AF8-full+AF8-body/s3/2023+AC0-02/GONZALES+AF8-ERICK+AF8-L+AF8-02+AC0-25.png?itok+AD0-3jZkrmWC
Lyman Good,https://dmxg5wxfqgb4u.cloudfront.net/styles/athlete+AF8-bio+AF8-full+AF8-body/s3/2018+AC0-11/GOOD+AF8-LYMAN+AF8-L.png?VersionId+AD0-CPpkYJ+AF8-0U1HYGGM0PHYntm7lKpfx.IaC+ACY-itok+AD0-eRvFFpDC
Jared Gooden,https://dmxg5wxfqgb4u.cloudfront.net/styles/athlete+AF8-bio+AF8-full+AF8-body/s3/2024+AC0-12/3/GOODEN+AF8-JARED+AF8-L+AF8-05+AC0-11.png?itok+AD0-U8nO+AC0-Qbt
Gary Goodridge,None
Gerard Gordeau,https://dmxg5wxfqgb4u.cloudfront.net/styles/athlete+AF8-bio+AF8-full+AF8-body/s3/2022+AC0-10/GORDEAU+AF8-GERARD+AF8-R.png?itok+AD0-GXOKta8a
Jared Gordon,https://dmxg5wxfqgb4u.cloudfront.net/styles/athlete+AF8-bio+AF8-full+AF8-body/s3/2025+AC0-02/GORDON+AF8-JARED+AF8-L+AF8-02+AC0-15.png?itok+AD0-hOzJoKMZ
Eddie Gordon,https://dmxg5wxfqgb4u.cloudfront.net/styles/athlete+AF8-bio+AF8-full+AF8-body/s3/2022+AC0-03/18454fe5+AC0-4ad8+AC0-4c5f+AC0-bbe2+AC0-90e660d6086d+ACU-252Feddie+AC0-gordon+AF8-480083+AF8-LeftFullBodyImage.png?itok+AD0-r4hE63D4
Tebaris Gordon,None
Malcolm Gordon,https://dmxg5wxfqgb4u.cloudfront.net/styles/athlete+AF8-bio+AF8-full+AF8-body/s3/2024+AC0-01/GORDON+AF8-MALCOLM+AF8-L+AF8-01+AC0-20.png?itok+AD0-8fwvMHOA
Tresean Gore,https://dmxg5wxfqgb4u.cloudfront.net/styles/athlete+AF8-bio+AF8-full+AF8-body/s3/2024+AC0-11/GORE+AF8-TRESEAN+AF8-L+AF8-11+AC0-09.png?itok+AD0-3ohOWgQk
Alex Gorgees,https://dmxg5wxfqgb4u.cloudfront.net/styles/athlete+AF8-bio+AF8-full+AF8-body/s3/image/ufc+AC0-fighter+AC0-container/71444/profile+AC0-galery/fullbodyleft+AC0-picture/GORGEES+AF8-ALEX+AF8-L.png?VersionId+AD0-ijxOpKVLEIc17AV3ukDTMJZZo9iiVXcc+ACY-itok+AD0-dEU7iRWs
Themba Gorimbo,https://dmxg5wxfqgb4u.cloudfront.net/styles/athlete+AF8-bio+AF8-full+AF8-body/s3/2024+AC0-10/GORIMBO+AF8-THEMBA+AF8-L+AF8-10+AC0-12.png?itok+AD0-XnNJuZKf
Tim Gorman,https://dmxg5wxfqgb4u.cloudfront.net/styles/athlete+AF8-bio+AF8-full+AF8-body/s3/2022+AC0-03/98d01bfe+AC0-200c+AC0-428f+AC0-b3c8+AC0-e0fd6e8e72ab+ACU-252FTim+AC0-Gorman+AF8-453444+AF8-LeftFullBodyImage.png?itok+AD0-FxZxYmMP
Chase Gormley,None
Jonathan Goulet,None
Thibault Gouti,https://dmxg5wxfqgb4u.cloudfront.net/styles/athlete+AF8-bio+AF8-full+AF8-body/s3/image/ufc+AC0-fighter+AC0-container/69365/profile+AC0-galery/fullbodyleft+AC0-picture/thibault+AC0-gouti+AF8-580570+AF8-LeftFullBodyImage.png?itok+AD0-5XjQAM7e
Wilson Gouveia,None
Damian Grabowski,https://dmxg5wxfqgb4u.cloudfront.net/styles/athlete+AF8-bio+AF8-full+AF8-body/s3/2022+AC0-03/11e5e041+AC0-da12+AC0-4362+AC0-ab8f+AC0-c8dbba04ccf7+ACU-252FDamian+AC0-Grabowski+AF8-573816+AF8-LeftFullBodyImage.png?itok+AD0-MM6pW3qn
Roger Gracie,None
Kron Gracie,https://dmxg5wxfqgb4u.cloudfront.net/styles/athlete+AF8-bio+AF8-full+AF8-body/s3/2023+AC0-05/GRACIE+AF8-KRON+AF8-L+AF8-05+AC0-06.png?itok+AD0-SWeqRQT2
Renzo Gracie,None
Rolles Gracie,None
Royce Gracie,https://dmxg5wxfqgb4u.cloudfront.net/styles/athlete+AF8-bio+AF8-full+AF8-body/s3/2022+AC0-10/GRACIE+AF8-ROYCE+AF8-R.png?itok+AD0-2hZ310Ke
Bogdan Grad,https://dmxg5wxfqgb4u.cloudfront.net/styles/athlete+AF8-bio+AF8-full+AF8-body/s3/2025+AC0-01/GRAD+AF8-BOGDAN+AF8-L+AF8-02+AC0-01.png?itok+AD0-TJ2ro0dT
Miranda Granger,https://dmxg5wxfqgb4u.cloudfront.net/styles/athlete+AF8-bio+AF8-full+AF8-body/s3/2022+AC0-08/GRANGER+AF8-MIRANDA+AF8-L+AF8-08+AC0-06.png?itok+AD0-CQlZdhfa
Davey Grant,https://dmxg5wxfqgb4u.cloudfront.net/styles/athlete+AF8-bio+AF8-full+AF8-body/s3/2024+AC0-12/GRANT+AF8-DAVEY+AF8-L+AF8-12+AC0-14.png?itok+AD0-gVFV9KmY
Dwight Grant,https://dmxg5wxfqgb4u.cloudfront.net/styles/athlete+AF8-bio+AF8-full+AF8-body/s3/2022+AC0-04/568fd758+AC0-44ac+AC0-4a61+AC0-b6d5+AC0-a4885e36c80e+ACU-252FGRANT+AF8-DWIGHT+AF8-L+AF8-04+AC0-23.png?itok+AD0-5Nu4A+AF8-MG
TJ Grant,None
Alexa Grasso,https://dmxg5wxfqgb4u.cloudfront.net/styles/athlete+AF8-bio+AF8-full+AF8-body/s3/2025+AC0-01/5/GRASSO+AF8-ALEXA+AF8-L+AF8-03+AC0-05.png?itok+AD0-O6jH3J1S
Tony Gravely,https://dmxg5wxfqgb4u.cloudfront.net/styles/athlete+AF8-bio+AF8-full+AF8-body/s3/2022+AC0-09/GRAVELY+AF8-TONY+AF8-L+AF8-09+AC0-17.png?itok+AD0-gIXFyE51
Michael Graves,https://dmxg5wxfqgb4u.cloudfront.net/styles/athlete+AF8-bio+AF8-full+AF8-body/s3/2022+AC0-03/2500965a+AC0-3cc0+AC0-47de+AC0-875f+AC0-a4456690cbf6+ACU-252Fmichael+AC0-graves+AF8-530242+AF8-LeftFullBodyImage.png?itok+AD0-cVEoSSTc
Shelton Graves,https://dmxg5wxfqgb4u.cloudfront.net/styles/athlete+AF8-bio+AF8-full+AF8-body/s3/2022+AC0-03/1df892d6+AC0-2e64+AC0-44f9+AC0-a8a9+AC0-a1b43efd8baf+ACU-252FShelton+AC0-Graves+AF8-635819+AF8-LeftFullBodyImage.png?itok+AD0-meWBIse+AF8-
Kevin Gray,https://dmxg5wxfqgb4u.cloudfront.net/styles/athlete+AF8-bio+AF8-full+AF8-body/s3/2022+AC0-03/f3f35ce8+AC0-e871+AC0-453f+AC0-a396+AC0-3b48c12bab10+ACU-252FKevin+AC0-Gray+AF8-635823+AF8-LeftFullBodyImage.png?itok+AD0-jlFttZN+AF8-
James Gray,https://dmxg5wxfqgb4u.cloudfront.net/styles/athlete+AF8-bio+AF8-full+AF8-body/s3/2022+AC0-03/bd6f06f3+AC0-189b+AC0-471c+AC0-8fd6+AC0-1c66920265e5+ACU-252FJames+AC0-Gray+AF8-632977+AF8-LeftFullBodyImage.png?itok+AD0-T6GhbYRl
Desmond Green,https://dmxg5wxfqgb4u.cloudfront.net/styles/athlete+AF8-bio+AF8-full+AF8-body/s3/2019+AC0-05/GREEN+AF8-DESMOND+AF8-L.png?VersionId+AD0-6y2h3KHqV1gJrx9zLhfCYcNKyhQxcspY+ACY-itok+AD0-ULNWk1hn
Gabe Green ,https://dmxg5wxfqgb4u.cloudfront.net/styles/athlete+AF8-bio+AF8-full+AF8-body/s3/2022+AC0-04/001f81ff+AC0-e238+AC0-4d76+AC0-93b5+AC0-a74d59f4550a+ACU-252FGREEN+AF8-GABE+AF8-L+AF8-04+AC0-30.png?itok+AD0-PWE8u0EI
King Green,https://dmxg5wxfqgb4u.cloudfront.net/styles/athlete+AF8-bio+AF8-full+AF8-body/s3/2024+AC0-07/GREEN+AF8-KING+AF8-L+AF8-07+AC0-27.png?itok+AD0-3Z1MX2Zl
Maurice Greene,https://dmxg5wxfqgb4u.cloudfront.net/styles/athlete+AF8-bio+AF8-full+AF8-body/s3/2021+AC0-05/68775+ACU-252Fprofile+AC0-galery+ACU-252Ffullbodyleft+AC0-picture+ACU-252FGREENE+AF8-MAURICE+AF8-L+AF8-05+AC0-08.png?itok+AD0-7TxOLksT
Logan Greenhalgh,None
Matt Grice,None
Max Griffin,https://dmxg5wxfqgb4u.cloudfront.net/styles/athlete+AF8-bio+AF8-full+AF8-body/s3/2024+AC0-02/GRIFFIN+AF8-MAX+AF8-L+AF8-02+AC0-10.png?itok+AD0-9q7UXAdy
Jordan Griffin,https://dmxg5wxfqgb4u.cloudfront.net/styles/athlete+AF8-bio+AF8-full+AF8-body/s3/image/ufc+AC0-fighter+AC0-container/68342/profile+AC0-galery/fullbodyleft+AC0-picture/GRIFFIN+AF8-JORDAN+AF8-L.png?itok+AD0-bXTMfMpU
Tyson Griffin,None
Forrest Griffin,None
Chad Griggs,None
Charalampos Grigoriou,https://dmxg5wxfqgb4u.cloudfront.net/styles/athlete+AF8-bio+AF8-full+AF8-body/s3/2024+AC0-03/GRIGORIOU+AF8-CHARALAMPOS+AF8-L+AF8-03+AC0-16.png?itok+AD0-bfecBgGx
Garrett Grimes,https://dmxg5wxfqgb4u.cloudfront.net/styles/athlete+AF8-bio+AF8-full+AF8-body/s3/2023+AC0-07/GRIMES+AF8-GARRETT+AF8-L+AF8-07+AC0-07.png?itok+AD0-MX5KAPSU
Max Grishin,https://dmxg5wxfqgb4u.cloudfront.net/styles/athlete+AF8-bio+AF8-full+AF8-body/s3/2023+AC0-06/GRISHIN+AF8-MAXIM+AF8-L+AF8-06+AC0-03.png?itok+AD0-JWA128J6
Josh Grispi,None
Garrett Gross,None
Kendall Grove,None
Neil Grove,None
Chris Gruetzemacher,https://dmxg5wxfqgb4u.cloudfront.net/styles/athlete+AF8-bio+AF8-full+AF8-body/s3/2021+AC0-07/67615+ACU-252Fprofile+AC0-galery+ACU-252Ffullbodyleft+AC0-picture+ACU-252FGRUETZMACHER+AF8-CHRIS+AF8-L+AF8-07+AC0-31.png?itok+AD0-QP7CTkZU
Vik Grujic,https://dmxg5wxfqgb4u.cloudfront.net/styles/athlete+AF8-bio+AF8-full+AF8-body/s3/2022+AC0-03/c62673e3+AC0-1f25+AC0-4b70+AC0-8553+AC0-8b3ad97d2cee+ACU-252FVIK+AC0-GRUJIC+AF8-465474+AF8-LeftFullBodyImage.png?itok+AD0-yrJ+AC0-ygwF
Mike Grundy,https://dmxg5wxfqgb4u.cloudfront.net/styles/athlete+AF8-bio+AF8-full+AF8-body/s3/2021+AC0-06/GRUNDY+AF8-MIKE+AF8-L+AF8-05+AC0-15.png?itok+AD0-phMeN7Pj
Wang Guan,https://dmxg5wxfqgb4u.cloudfront.net/styles/athlete+AF8-bio+AF8-full+AF8-body/s3/image/ufc+AC0-fighter+AC0-container/68050/profile+AC0-galery/fullbodyleft+AC0-picture/Wang+AC0-Guan+AF8-643439+AF8-LeftFullBodyImage.png?VersionId+AD0-X0hsBvssa9qVm0hs5kJC5BkLC1rUzRad+ACY-itok+AD0-t6yjFHX1
Ning Guangyou,https://dmxg5wxfqgb4u.cloudfront.net/styles/athlete+AF8-bio+AF8-full+AF8-body/s3/2022+AC0-03/1c273b88+AC0-a9a6+AC0-42f7+AC0-9b02+AC0-68a1e35883f7+ACU-252FGuangyou+AC0-Ning+AF8-471293+AF8-LeftFullBodyImage.png?itok+AD0-haj37vTU
Nandor Guelmino,https://dmxg5wxfqgb4u.cloudfront.net/styles/athlete+AF8-bio+AF8-full+AF8-body/s3/image/fighter+AF8-images/Nandor+AF8-Guelmino/NandorGuelmino+AF8-FullBody+AF8-RC.png?VersionId+AD0-M6IJmTGY2s4w2.oY.xUy0khWtynF6V2r+ACY-itok+AD0AXw-dF97h6u
Rainn Guerrero,None
Shannon Gugerty,None
Clay Guida,https://dmxg5wxfqgb4u.cloudfront.net/styles/athlete+AF8-bio+AF8-full+AF8-body/s3/2025+AC0-01/2/GUIDA+AF8-CLAY+AF8-L+AF8-12+AC0-07.png?itok+AD0-iOAlgnCG
Melvin Guillard,https://dmxg5wxfqgb4u.cloudfront.net/styles/athlete+AF8-bio+AF8-full+AF8-body/s3/2022+AC0-03/c92feaa3+AC0-fb96+AC0-41e1+AC0-8378+AC0-15bfdbc55840+ACU-252FMelvin+AC0-Guillard+AF8-722+AF8-LeftFullBodyImage.png?itok+AD0-CKvK2IBf
Marcelo Guimaraes,https://dmxg5wxfqgb4u.cloudfront.net/styles/athlete+AF8-bio+AF8-full+AF8-body/s3/2022+AC0-03/05937bf4+AC0-be6c+AC0-4cee+AC0-998a+AC0-2735f567eb84+ACU-252FMarcelo+AC0-Guimaraes+AF8-266905+AF8-LeftFullBodyImage.png?itok+AD0-UAvpR6VU
Brad Gumm,None
John Gunderson,None
John Gunther,https://dmxg5wxfqgb4u.cloudfront.net/styles/athlete+AF8-bio+AF8-full+AF8-body/s3/2018+AC0-11/GUNTHER+AF8-JOHN+AF8-R.png?VersionId+AD0-JD2RLlM85LhB9b1FSEuaK44SbGI9oWSI+ACY-itok+AD0-DTvPwQ8O
Jorge Gurgel,None
Fabio Gurgel,None
Luis Gurule,https://dmxg5wxfqgb4u.cloudfront.net/styles/athlete+AF8-bio+AF8-full+AF8-body/s3/2024+AC0-10/4/GURULE+AF8-LUIS+AF8-L+AF8-10+AC0-15.png?itok+AD0-bRobpK73
Bogdan Guskov,https://dmxg5wxfqgb4u.cloudfront.net/styles/athlete+AF8-bio+AF8-full+AF8-body/s3/2025+AC0-01/7/GUSKOV+AF8-BOGDAN+AF8-L+AF8-01+AC0-18.png?itok+AD0-Xh7Vo1qh
Gugun Gusman,https://dmxg5wxfqgb4u.cloudfront.net/styles/athlete+AF8-bio+AF8-full+AF8-body/s3/2022+AC0-06/ef15cf5d+AC0-a680+AC0-4efb+AC0-b3d3+AC0-b73e5232c8cf+ACU-252FGUSMAN+AF8-GUGUN+AF8-R.png?itok+AD0-0S1c9G3K
Andre Gusmao,None
Alexander Gustafsson,https://dmxg5wxfqgb4u.cloudfront.net/styles/athlete+AF8-bio+AF8-full+AF8-body/s3/2022+AC0-07/GUSTAFSSON+AF8-ALEXANDER+AF8-L+AF8-07+AC0-23.png?itok+AD0-UK84+AC0-nBw
Andreas Gustafsson,https://dmxg5wxfqgb4u.cloudfront.net/styles/athlete+AF8-bio+AF8-full+AF8-body/s3/2024+AC0-08/GUSTAFSSON+AF8-ANDREAS+AF8-L+AF8-08+AC0-20.png?itok+AD0-NImROm+AF8-V
Horacio Gutierrez,https://dmxg5wxfqgb4u.cloudfront.net/styles/athlete+AF8-bio+AF8-full+AF8-body/s3/2022+AC0-03/fc28ed30+AC0-c5f3+AC0-4264+AC0-a83a+AC0-9da131397fb9+ACU-252Fhoracio+AC0-gutierrez+AF8-570124+AF8-LeftFullBodyImage.png?itok+AD0-v+AF8-e88bG7
Chris Gutierrez,https://dmxg5wxfqgb4u.cloudfront.net/styles/athlete+AF8-bio+AF8-full+AF8-body/s3/2024+AC0-08/GUTIERREZ+AF8-CHRIS+AF8-L+AF8-08+AC0-10.png?itok+AD0-bU+AC0-rXjex
Mando Gutierrez,https://dmxg5wxfqgb4u.cloudfront.net/styles/athlete+AF8-bio+AF8-full+AF8-body/s3/2023+AC0-02/GUTIERREZ+AF8-MANDO+AF8-R.png?itok+AD0-NZF+AC0-cJba
Mike Guymon,None
Chelsea Hackett,https://dmxg5wxfqgb4u.cloudfront.net/styles/athlete+AF8-bio+AF8-full+AF8-body/s3/2022+AC0-03/d2ea0956+AC0-e877+AC0-4327+AC0-a300+AC0-e8219b04b72e+ACU-252FHACKETT+AF8-CHELSEA+AF8-L.png?itok+AD0-B4zS+AC0-QSU
Keith Hackney,None
Cody Haddon,https://dmxg5wxfqgb4u.cloudfront.net/styles/athlete+AF8-bio+AF8-full+AF8-body/s3/2024+AC0-11/HADDON+AF8-CODY+AF8-L+AF8-10+AC0-12.png?itok+AD0-xsGDWtk8
Jake Hadley,https://dmxg5wxfqgb4u.cloudfront.net/styles/athlete+AF8-bio+AF8-full+AF8-body/s3/2024+AC0-10/9/HADLEY+AF8-JAKE+AF8-L+AF8-10+AC0-19.png?itok+AD0-B1ZoZ2Yc
Damir Had+//3//Q-ovi+//3//Q-,https://dmxg5wxfqgb4u.cloudfront.net/styles/athlete+AF8-bio+AF8-full+AF8-body/s3/2021+AC0-06/HADZOVIC+AF8-DAMIR+AF8-L+AF8-05+AC0-22.png?itok+AD0-k7xENm5I
Bassil Hafez,https://dmxg5wxfqgb4u.cloudfront.net/styles/athlete+AF8-bio+AF8-full+AF8-body/s3/2024+AC0-11/HAFEZ+AF8-BASSIL+AF8-L+AF8-11+AC0-16.png?itok+AD0AXw-ty0+AF8-PA+AC0-
Tim Hague,None
Yazan Hajeh,https://dmxg5wxfqgb4u.cloudfront.net/styles/athlete+AF8-bio+AF8-full+AF8-body/s3/image/fighter+AF8-images/Yazan+AF8-Hajeh/HAJEH+AF8-YAZAN+AF8-R.png?VersionId+AD0-M+AF8-2Y2J+AF8-t+AF8-R41dVRxXW8hSew1vVRU+AF8-X5k+ACY-itok+AD0-cDGeAFg2
Ryan Hall,https://dmxg5wxfqgb4u.cloudfront.net/styles/athlete+AF8-bio+AF8-full+AF8-body/s3/2021+AC0-07/69177+ACU-252Fprofile+AC0-galery+ACU-252Ffullbodyleft+AC0-picture+ACU-252FHALL+AF8-RYAN+AF8-L+AF8-07+AC0-10.png?itok+AD0-D0Kk+AF8-BP+AF8-
Uriah Hall,https://dmxg5wxfqgb4u.cloudfront.net/styles/athlete+AF8-bio+AF8-full+AF8-body/s3/2022+AC0-06/8b787623+AC0-45ca+AC0-45ae+AC0-9642+AC0-49677bf57ce9+ACU-252FHALL+AF8-URIAH+AF8-L+AF8-07+AC0-02.png?itok+AD0-U6QpnX0d
Mark Hall,None
Dennis Hallman,None
Piotr Hallmann,https://dmxg5wxfqgb4u.cloudfront.net/styles/athlete+AF8-bio+AF8-full+AF8-body/s3/2022+AC0-03/c26d2cdb+AC0-4b2d+AC0-4be1+AC0-8f96+AC0-9dd0245458d2+ACU-252FPiotr+AC0-Hallmann+AF8-450627+AF8-LeftFullBodyImage.png?itok+AD0-ahYW4XDl
Tony Halme,None
John Halverson,None
Seohee Ham,https://dmxg5wxfqgb4u.cloudfront.net/styles/athlete+AF8-bio+AF8-full+AF8-body/s3/2022+AC0-03/7c2d190e+AC0-099b+AC0-42f6+AC0-9c34+AC0-302682b1e240+ACU-252Fseohee+AC0-ham+AF8-508788+AF8-LeftFullBodyImage.png?itok+AD0-5N8mJoMK
Frank Hamaker,None
Rami Hamed,None
Matt Hamill,https://dmxg5wxfqgb4u.cloudfront.net/styles/athlete+AF8-bio+AF8-full+AF8-body/s3/image/fighter+AF8-images/Matt+AF8-Hamill/MattHamill+AF8-FullBody+AF8-BC.png?VersionId+AD0-vIVqd9lQrrVrdilULUgJoRRohq4D3jE1+ACY-itok+AD0ALQ-StFCOic
CJ Hamilton,https://dmxg5wxfqgb4u.cloudfront.net/styles/athlete+AF8-bio+AF8-full+AF8-body/s3/2022+AC0-03/83766bc7+AC0-0558+AC0-457c+AC0-a3b3+AC0-115ec42d161a+ACU-252FCJ+AC0-Hamilton+AF8-631539+AF8-LeftFullBodyImage.png?itok+AD0-QdwN4nK7
Anthony Hamilton,https://dmxg5wxfqgb4u.cloudfront.net/styles/athlete+AF8-bio+AF8-full+AF8-body/s3/2022+AC0-03/49606e3e+AC0-bd59+AC0-4734+AC0-95b1+AC0-3718e2f11fdc+ACU-252FAnthony+AC0-Hamilton+AF8-479575+AF8-LeftFullBodyImage.png?itok+AD0-o0wCMeup
Jared Hamman,https://dmxg5wxfqgb4u.cloudfront.net/styles/athlete+AF8-bio+AF8-full+AF8-body/s3/image/fighter+AF8-images/Jared+AF8-Hamman/fighter+AF8-fullLength+AF8-HAMMAN+AF8-RC.png?VersionId+AD0-bFatdeb.c.cagj1kkHlFncbYg9nUVUpO+ACY-itok+AD0-ZMVLi+AC0-ZP
James Hammortree,None
Chad Hanekom,None
Kay Hansen,https://dmxg5wxfqgb4u.cloudfront.net/styles/athlete+AF8-bio+AF8-full+AF8-body/s3/2022+AC0-01/HANSEN+AF8-KAY+AF8-L+AF8-01+AC0-22.png?itok+AD0-bY6Shus0
Nasrat Haqparast,https://dmxg5wxfqgb4u.cloudfront.net/styles/athlete+AF8-bio+AF8-full+AF8-body/s3/2022+AC0-02/dc2ac255+AC0-0040+AC0-46a9+AC0-b739+AC0-02e518a2fa8f+ACU-252FHAQPARAST+AF8-NASRAT+AF8-L+AF8-02+AC0-12.png?itok+AD0-Ck12G8JS
Shin Haraguchi,https://dmxg5wxfqgb4u.cloudfront.net/styles/athlete+AF8-bio+AF8-full+AF8-body/s3/2023+AC0-06/HARAGUCHI+AF8-SHIN+AF8-R.png?itok+AD0-i13hy3jE
Janay Harding,https://dmxg5wxfqgb4u.cloudfront.net/styles/athlete+AF8-bio+AF8-full+AF8-body/s3/2022+AC0-04/09ab0407+AC0-cfbb+AC0-4af0+AC0-99d4+AC0-57a891b4f168+ACU-252FJanay+AC0-Harding+AF8-636454+AF8-LeftFullBodyImage.png?itok+AD0-eVCIzZE2
Antoni Hardonk,None
George Hardwick,None
Greg Hardy,https://dmxg5wxfqgb4u.cloudfront.net/styles/athlete+AF8-bio+AF8-full+AF8-body/s3/2021+AC0-07/HARDY+AF8-GREG+AF8-L+AF8-07+AC0-10.png?itok+AD0-C4iwe3Mt
Dan Hardy,None
Josiah Harrell,https://dmxg5wxfqgb4u.cloudfront.net/styles/athlete+AF8-bio+AF8-full+AF8-body/s3/2023+AC0-07/HARRELL+AF8-JOSIAH+AF8-L+AF8-07+AC0-08.png?itok+AD0-Kye+AF8-K7p6
Phil Harris,https://dmxg5wxfqgb4u.cloudfront.net/styles/athlete+AF8-bio+AF8-full+AF8-body/s3/2022+AC0-03/80286b93+AC0-356c+AC0-408f+AC0-bfcc+AC0-c20e57aa5b97+ACU-252FPhil+AC0-Harris+AF8-288426+AF8-LeftFullBodyImage.png?itok+AD0-ScR1FogJ
Walt Harris,https://dmxg5wxfqgb4u.cloudfront.net/styles/athlete+AF8-bio+AF8-full+AF8-body/s3/2021+AC0-06/69494+ACU-252Fprofile+AC0-galery+ACU-252Ffullbodyleft+AC0-picture+ACU-252FHARRIS+AF8-WALT+AF8-L+AF8-06+AC0-05.png?itok+AD0-VPg0nWYo
Gerald Harris,None
Gerry Harris,None
Carlston Harris,https://dmxg5wxfqgb4u.cloudfront.net/styles/athlete+AF8-bio+AF8-full+AF8-body/s3/2025+AC0-01/14/HARRIS+AF8-CARLSTON+AF8-L+AF8-05+AC0-18.png?itok+AD0-XcxEBEAR
Kayla Harrison,https://dmxg5wxfqgb4u.cloudfront.net/styles/athlete+AF8-bio+AF8-full+AF8-body/s3/2025+AC0-01/5/HARRISON+AF8-KAYLA+AF8-L+AF8-04+AC0-13.png?itok+AD0-a+AF8-8TtBKF
Collin Hart,None
Dale Hartt,None
Clay Harvison,None
Chris Haseman,None
Hayder Hassan,https://dmxg5wxfqgb4u.cloudfront.net/styles/athlete+AF8-bio+AF8-full+AF8-body/s3/2022+AC0-03/cf06b6bc+AC0-f126+AC0-495c+AC0-ab96+AC0-d00bb39b967a+ACU-252Fhayder+AC0-hassan+AF8-530237+AF8-LeftFullBodyImage.png?itok+AD0-KAzw6fFl
Ahmad Hassanzada,https://dmxg5wxfqgb4u.cloudfront.net/styles/athlete+AF8-bio+AF8-full+AF8-body/s3/2022+AC0-08/HASANZADA+AF8-AHMAD+AF8-R.png?itok+AD0-v+AC0-3yWQ94
John Hathaway,https://dmxg5wxfqgb4u.cloudfront.net/styles/athlete+AF8-bio+AF8-full+AF8-body/s3/image/ufc+AC0-fighter+AC0-container/68295/profile+AC0-galery/fullbodyleft+AC0-picture/John+AC0-Hathaway+AF8-985+AF8-LeftFullBodyImage.png?VersionId+AD0-K+AF8-tBZtKWnPqm0RKQLLUGF6g5.o48AYO.+ACY-itok+AD0-YPZ9PRI1
Phil Hawes,https://dmxg5wxfqgb4u.cloudfront.net/styles/athlete+AF8-bio+AF8-full+AF8-body/s3/2024+AC0-01/HAWES+AF8-PHIL+AF8-L+AF8-01+AC0-13.png?itok+AD0-Jew3UUet
Tommy Hayden,None
Josh Haynes,None
Dustin Hazelett,None
James Head,https://dmxg5wxfqgb4u.cloudfront.net/styles/athlete+AF8-bio+AF8-full+AF8-body/s3/2022+AC0-03/c61f6474+AC0-cb9c+AC0-40a4+AC0-83e9+AC0-c351a7bb3518+ACU-252FJames+AC0-Head+AF8-131618+AF8-LeftFullBodyImage.png?itok+AD0-4YwjxYMP
Pat Healy,https://dmxg5wxfqgb4u.cloudfront.net/styles/athlete+AF8-bio+AF8-full+AF8-body/s3/2022+AC0-03/17b65be6+AC0-f368+AC0-4f89+AC0-9993+AC0-6444c426bba4+ACU-252FPat+AC0-Healy+AF8-242267+AF8-LeftFullBodyImage.png?itok+AD0-XIXfPOxP
David Heath,None
Chris Heatherly,https://dmxg5wxfqgb4u.cloudfront.net/styles/athlete+AF8-bio+AF8-full+AF8-body/s3/image/fighter+AF8-images/Chris+AF8-Heatherly/ChrisHeatherly+AF8-JHA+AF8-2034.png?VersionId+AD0-Ol6uAxceiBjQAXPUYTuwwzuazjs2mCOM+ACY-itok+AD0-L06+AF8AXw-lf0
Jake Hecht,None
Nick Hein,https://dmxg5wxfqgb4u.cloudfront.net/styles/athlete+AF8-bio+AF8-full+AF8-body/s3/image/fighter+AF8-images/Nick+AF8-Hein/HEIN+AF8-NICK+AF8-L.png?itok+AD0-tHQTj5m8
Ian Heinisch,https://dmxg5wxfqgb4u.cloudfront.net/styles/athlete+AF8-bio+AF8-full+AF8-body/s3/2021+AC0-07/HEINISCH+AF8-IAN+AF8-L+AF8-07+AC0-24.png?itok+AD0-0ub9us7k
Marcin Held,https://dmxg5wxfqgb4u.cloudfront.net/styles/athlete+AF8-bio+AF8-full+AF8-body/s3/2022+AC0-03/23e67568+AC0-e403+AC0-46a4+AC0-ac99+AC0-a976b3bef1d8+ACU-252FMarcin+AC0-Held+AF8-604141+AF8-LeftFullBodyImage.png?itok+AD0-PWpn0YyI
Delson Heleno,None
Benson Henderson,https://dmxg5wxfqgb4u.cloudfront.net/styles/athlete+AF8-bio+AF8-full+AF8-body/s3/2022+AC0-03/443c0fe9+AC0-bca4+AC0-41df+AC0-a3ef+AC0-8a6849ab83f7+ACU-252FBenson+AC0-Henderson+AF8-1016+AF8-LeftFullBodyImage.png?itok+AD0-PGV0PwH3
Dan Henderson,https://dmxg5wxfqgb4u.cloudfront.net/styles/athlete+AF8-bio+AF8-full+AF8-body/s3/image/ufc+AC0-fighter+AC0-container/67711/profile+AC0-galery/fullbodyleft+AC0-picture/Dan+AC0-Henderson+AF8-63+AF8-LeftFullBodyImage.png?VersionId+AD0-FJDbDcy7hdlRW+AF8-Ste2Cq5MirRIJJCv0n+ACY-itok+AD0-G5Qs06RO
Cory Hendricks,https://dmxg5wxfqgb4u.cloudfront.net/styles/athlete+AF8-bio+AF8-full+AF8-body/s3/2022+AC0-03/cd34d64b+AC0-d01e+AC0-4dc6+AC0-bd43+AC0-32214ec8571c+ACU-252Fcory+AC0-hendricks+AF8-587585+AF8-LeftFullBodyImage.png?itok+AD0-1s9j8uJB
Josh Hendricks,None
Johny Hendricks,https://dmxg5wxfqgb4u.cloudfront.net/styles/athlete+AF8-bio+AF8-full+AF8-body/s3/image/ufc+AC0-fighter+AC0-container/68317/profile+AC0-galery/fullbodyleft+AC0-picture/Johny+AC0-Hendricks+AF8-130419+AF8-LeftFullBodyImage.png?VersionId+AD0-tA1q4UycLfNtdHGfHs8riZy4.7XEZcEB+ACY-itok+AD0-zMGzCPQ8
Luis Henrique,https://dmxg5wxfqgb4u.cloudfront.net/styles/athlete+AF8-bio+AF8-full+AF8-body/s3/image/ufc+AC0-fighter+AC0-container/68621/profile+AC0-galery/fullbodyleft+AC0-picture/luis+AC0-henrique+AF8-557189+AF8-LeftFullBodyImage.png?VersionId+AD0-INV6jgciDeFvE.B.eprrUwN1eA5nEjVE+ACY-itok+AD0-Hsn+AF8-3a96
Jos+//3//Q- Henrique,https://dmxg5wxfqgb4u.cloudfront.net/styles/athlete+AF8-bio+AF8-full+AF8-body/s3/2022+AC0-08/HENRIQUE+AF8-JOSE+AF8-R.png?itok+AD0-LU9xWdCq
Danny Henry,https://dmxg5wxfqgb4u.cloudfront.net/styles/athlete+AF8-bio+AF8-full+AF8-body/s3/image/fighter+AF8-images/Danny+AF8-Henry/HENRY+AF8-DANNY+AF8-L.png?VersionId+AD0-Z2n4+AF8-27vdgjBjRVmzAJSWC9BtGhF2Gdl+ACY-itok+AD0-oDJm7S2s
Victor Henry,https://dmxg5wxfqgb4u.cloudfront.net/styles/athlete+AF8-bio+AF8-full+AF8-body/s3/2024+AC0-10/HENRY+AF8-VICTOR+AF8-L+AF8-04+AC0-27.png?itok+AD0-0cvJtj1u
Jai Herbert,https://dmxg5wxfqgb4u.cloudfront.net/styles/athlete+AF8-bio+AF8-full+AF8-body/s3/2024+AC0-08/HERBERT+AF8-JAI+AF8-L+AF8-08+AC0-03.png?itok+AD0-YvbAfUJm
Dave Herman,None
Ed Herman,https://dmxg5wxfqgb4u.cloudfront.net/styles/athlete+AF8-bio+AF8-full+AF8-body/s3/2023+AC0-06/HERMAN+AF8-ED+AF8-L+AF8-04+AC0-15.png?itok+AD0-Bo0buFMd
Jack Hermansson,https://dmxg5wxfqgb4u.cloudfront.net/styles/athlete+AF8-bio+AF8-full+AF8-body/s3/2025+AC0-01/5/HERMANSSON+AF8-JACK+AF8-L+AF8-02+AC0-10.png?itok+AD0-jK1N65I+AC0-
Junior Hernandez,https://dmxg5wxfqgb4u.cloudfront.net/styles/athlete+AF8-bio+AF8-full+AF8-body/s3/2022+AC0-03/596614ae+AC0-c07a+AC0-4ef2+AC0-ba5d+AC0-baf89547def0+ACU-252FRamiro+AC0-Hernandez+AC0-Jr+AF8-448773+AF8-LeftFullBodyImage.png?itok+AD0-Z+AF8-iTc+AC0-3u
Alexander Hernandez,https://dmxg5wxfqgb4u.cloudfront.net/styles/athlete+AF8-bio+AF8-full+AF8-body/s3/2024+AC0-04/HERNANDEZ+AF8-ALEXANDER+AF8-L+AF8-04+AC0-06.png?itok+AD0-dvpjDjLG
Nohelin Hernandez,https://dmxg5wxfqgb4u.cloudfront.net/styles/athlete+AF8-bio+AF8-full+AF8-body/s3/image/ufc+AC0-fighter+AC0-container/71556/profile+AC0-galery/fullbodyleft+AC0-picture/HERNANDEZ+AF8-NOHELIN+AF8-L.png?VersionId+AD0-M8g7ugN2Pj6usLaJVOP3ba7BDNo0oMNg+ACY-itok+AD0-H9EtPiXR
Noe Hernandez,None
Carlos Hernandez,https://dmxg5wxfqgb4u.cloudfront.net/styles/athlete+AF8-bio+AF8-full+AF8-body/s3/2023+AC0-06/HERNANDEZ+AF8-CARLOS+AF8-L+AF8-06+AC0-17.png?itok+AD0-O3SJs0B2
Anthony Hernandez,https://dmxg5wxfqgb4u.cloudfront.net/styles/athlete+AF8-bio+AF8-full+AF8-body/s3/2025+AC0-01/5/HERNANDEZ+AF8-ANTHONY+AF8-L+AF8-10+AC0-19.png?itok+AD0-fizIkVKK
Alvaro Herrera,https://dmxg5wxfqgb4u.cloudfront.net/styles/athlete+AF8-bio+AF8-full+AF8-body/s3/image/ufc+AC0-fighter+AC0-container/67287/profile+AC0-galery/fullbodyleft+AC0-picture/alvaro+AC0-herrera+AF8-569102+AF8-LeftFullBodyImage.png?VersionId+AD0-v4XIjbPlTT7E9mNphX1TRCQA1QKnrfZI+ACY-itok+AD0-xC8n1bgo
Geane Herrera,https://dmxg5wxfqgb4u.cloudfront.net/styles/athlete+AF8-bio+AF8-full+AF8-body/s3/2022+AC0-03/3ed70e4d+AC0-4318+AC0-4e53+AC0-a979+AC0-adea05a24d3c+ACU-252Fgeane+AC0-herrera+AF8-538002+AF8-LeftFullBodyImage.png?itok+AD0-Yi6+AF8-qfV0
Paul Herrera,None
Felice Herrig,https://dmxg5wxfqgb4u.cloudfront.net/styles/athlete+AF8-bio+AF8-full+AF8-body/s3/2022+AC0-06/5c116be1+AC0-673b+AC0-4dcd+AC0-ba93+AC0-1a686f495f2a+ACU-252FHERRIG+AF8-FELICE+AF8-L+AF8-06+AC0-04.png?itok+AD0AXwBf-vCk0dm
Heath Herring,None
Jon Hess,None
Clint Hester,https://dmxg5wxfqgb4u.cloudfront.net/styles/athlete+AF8-bio+AF8-full+AF8-body/s3/2022+AC0-03/5ef8522f+AC0-5a8b+AC0-4a7d+AC0-a006+AC0-93fe20dbbfb2+ACU-252FClint+AC0-Hester+AF8-307108+AF8-LeftFullBodyImage.png?itok+AD0-2Sw0QUGq
Jimy Hettes,https://dmxg5wxfqgb4u.cloudfront.net/styles/athlete+AF8-bio+AF8-full+AF8-body/s3/image/ufc+AC0-fighter+AC0-container/68261/profile+AC0-galery/fullbodyleft+AC0-picture/Jim+AC0-Hettes+AF8-206616+AF8-LeftFullBodyImage.png?VersionId+AD0-q7CGrjYv6KB.3DOJAPYSGtkk3M5DEOQ2+ACY-itok+AD0-g5aIHHkZ
Jay Hieron,None
Brady Hiestand,https://dmxg5wxfqgb4u.cloudfront.net/styles/athlete+AF8-bio+AF8-full+AF8-body/s3/2023+AC0-04/HIESTAND+AF8-BRADY+AF8-L+AF8-04+AC0-22.png?itok+AD0-WTpLaTPe
Jason High,https://dmxg5wxfqgb4u.cloudfront.net/styles/athlete+AF8-bio+AF8-full+AF8-body/s3/image/fighter+AF8-images/Jason+AF8-High/Jason+AC0-High+AC0-FS1+AC0-2+AC0-053.png?VersionId+AD0-xL+AF8-Hw7IBBfNJJKsQbo08yU83Z7RPoaOW+ACY-itok+AD0-zuI2QdeL
Richie Hightower,None
Tyler Hill,https://dmxg5wxfqgb4u.cloudfront.net/styles/athlete+AF8-bio+AF8-full+AF8-body/s3/image/fighter+AF8-images/Tyler+AF8-Hill/HILL+AF8-TYLER+AF8-R.png?VersionId+AD0-D0.dQGw.iWtj9CQrOdCTImFZGA4CQLfH+ACY-itok+AD0-gvt8hSfQ
Corey Hill,None
Kailan Hill,https://dmxg5wxfqgb4u.cloudfront.net/styles/athlete+AF8-bio+AF8-full+AF8-body/s3/2022+AC0-03/6f72d24d+AC0-6864+AC0-4880+AC0-9658+AC0-9e93c8bd3b0b+ACU-252FHILL+AF8-KAILAN+AF8-L.png?itok+AD0-i5t6vPK2
Jamahal Hill,https://dmxg5wxfqgb4u.cloudfront.net/styles/athlete+AF8-bio+AF8-full+AF8-body/s3/2025+AC0-01/HILL+AF8-JAMAHAL+AF8-L+AF8-01+AC0-18.png?itok+AD0-31OdpoOU
Angela Hill,https://dmxg5wxfqgb4u.cloudfront.net/styles/athlete+AF8-bio+AF8-full+AF8-body/s3/2025+AC0-02/HILL+AF8-ANGELA+AF8-L+AF8-02+AC0-15.png?itok+AD0AXw-NaWmELG
Branden Lee Hinkle,None
Hatsu Hioki,https://dmxg5wxfqgb4u.cloudfront.net/styles/athlete+AF8-bio+AF8-full+AF8-body/s3/2022+AC0-03/dd2cf54c+AC0-8109+AC0-4af6+AC0-923b+AC0-c9fda3f8676c+ACU-252FHatsu+AC0-Hioki+AF8-205685+AF8-LeftFullBodyImage.png?itok+AD0-hC+AF8-8kxRg
Kuniyoshi Hironaka,None
Mizuto Hirota,https://dmxg5wxfqgb4u.cloudfront.net/styles/athlete+AF8-bio+AF8-full+AF8-body/s3/image/ufc+AC0-fighter+AC0-container/68858/profile+AC0-galery/fullbodyleft+AC0-picture/HIROTA+AF8-MIZUTO+AF8-L.png?itok+AD0-O+AC0-n5YA6P
Matt Hobar,https://dmxg5wxfqgb4u.cloudfront.net/styles/athlete+AF8-bio+AF8-full+AF8-body/s3/2022+AC0-03/42dd1602+AC0-d506+AC0-425d+AC0-824a+AC0-90867cc429dd+ACU-252FMatt+AC0-Hobar+AF8-480849+AF8-LeftFullBodyImage.png?itok+AD0-XoFRNQJO
Bobby Hoffman,None
Chris Hofmann,https://dmxg5wxfqgb4u.cloudfront.net/styles/athlete+AF8-bio+AF8-full+AF8-body/s3/2023+AC0-06/HOFMANN+AF8-CHRIS+AF8-L.png?itok+AD0-rpngujT9
Sam Hoger,None
Andrew Holbrook,https://dmxg5wxfqgb4u.cloudfront.net/styles/athlete+AF8-bio+AF8-full+AF8-body/s3/2021+AC0-08/andrew+AC0-holbrook+AF8-537071+AF8-LeftFullBodyImage.png?itok+AD0-b5oV+AC0-w2w
Chris Holdsworth,https://dmxg5wxfqgb4u.cloudfront.net/styles/athlete+AF8-bio+AF8-full+AF8-body/s3/image/ufc+AC0-fighter+AC0-container/67606/profile+AC0-galery/fullbodyleft+AC0-picture/Chris+AC0-Holdsworth+AF8-453456+AF8-LeftFullBodyImage.png?itok+AD0-27e2bj59
Kevin Holland,https://dmxg5wxfqgb4u.cloudfront.net/styles/athlete+AF8-bio+AF8-full+AF8-body/s3/2025+AC0-01/4/HOLLAND+AF8-KEVIN+AF8-L+AF8-01+AC0-18.png?itok+AD0AXw-og7g7uk
Frank Holland,None
Roger Hollett,None
Max Holloway,https://dmxg5wxfqgb4u.cloudfront.net/styles/athlete+AF8-bio+AF8-full+AF8-body/s3/2024+AC0-04/HOLLOWAY+AF8-MAX+AF8-L+AF8-04+AC0-13.png?itok+AD0-U9IB8OUQ
Holly Holm,https://dmxg5wxfqgb4u.cloudfront.net/styles/athlete+AF8-bio+AF8-full+AF8-body/s3/2025+AC0-01/4/HOLM+AF8-HOLLY+AF8-L+AF8-04+AC0-13.png?itok+AD0-35nMD6Tz
Rex Holman,None
Joseph Holmes,https://dmxg5wxfqgb4u.cloudfront.net/styles/athlete+AF8-bio+AF8-full+AF8-body/s3/2023+AC0-05/HOLMES+AF8-JOSEPH+AF8-L+AF8-05+AC0-06.png?itok+AD0-Y09YbF9b
Kurt Holobaugh,https://dmxg5wxfqgb4u.cloudfront.net/styles/athlete+AF8-bio+AF8-full+AF8-body/s3/2024+AC0-07/HOLOBAUGH+AF8-KURT+AF8-L+AF8-07+AC0-20.png?itok+AD0-Zm+AF8AXw-EvhJ
Paddy Holohan,https://dmxg5wxfqgb4u.cloudfront.net/styles/athlete+AF8-bio+AF8-full+AF8-body/s3/image/ufc+AC0-fighter+AC0-container/68965/profile+AC0-galery/fullbodyleft+AC0-picture/Patrick+AC0-Holohan+AF8-453461+AF8-LeftFullBodyImage.png?VersionId+AD0-.eW8yV1bXfNw3030Fo7HzhChmhPHFzNS+ACY-itok+AD0-iUHaFsAq
Mark Holst,None
Scott Holtzman,https://dmxg5wxfqgb4u.cloudfront.net/styles/athlete+AF8-bio+AF8-full+AF8-body/s3/2023+AC0-01/HOLTZMAN+AF8-SCOTT+AF8-L+AF8-12+AC0-03.png?itok+AD0-U8FuLHtB
Sabah Homasi,https://dmxg5wxfqgb4u.cloudfront.net/styles/athlete+AF8-bio+AF8-full+AF8-body/s3/image/ufc+AC0-fighter+AC0-container/69184/profile+AC0-galery/fullbodyleft+AC0-picture/sabah+AC0-homasi+AF8-530247+AF8-LeftFullBodyImage.png?VersionId+AD0-5L3edAd4JyATIbI+AF8-pDyK0hmDpVByEfBm+ACY-itok+AD0-Q0Nesi+AC0-e
Mark Hominick,None
Barb Honchak,https://dmxg5wxfqgb4u.cloudfront.net/styles/athlete+AF8-bio+AF8-full+AF8-body/s3/2022+AC0-03/0d59b1fd+AC0-6a52+AC0-48d5+AC0-bf1a+AC0-92b2617e942c+ACU-252FBarb+AC0-Honchak+AF8-644630+AF8-LeftFullBodyImage.png?itok+AD0-6Cka49VO
SeongChan Hong,https://dmxg5wxfqgb4u.cloudfront.net/styles/athlete+AF8-bio+AF8-full+AF8-body/s3/2023+AC0-06/HONG+AF8-SEONGCHAN+AF8-L.png?itok+AD0-y3cuMX1d
JunYoung Hong,https://dmxg5wxfqgb4u.cloudfront.net/styles/athlete+AF8-bio+AF8-full+AF8-body/s3/2022+AC0-06/2b43aa09+AC0-b302+AC0-429f+AC0-9791+AC0-60780320adc0+ACU-252FHONG+AF8-JUNYOUNG+AF8-L.png?itok+AD0-tj73rAXH
Satoshi Honma,None
David Hood,None
Lorenzo Hood,https://dmxg5wxfqgb4u.cloudfront.net/styles/athlete+AF8-bio+AF8-full+AF8-body/s3/2021+AC0-10/68599+ACU-252Fprofile+AC0-galery+ACU-252Ffullbodyleft+AC0-picture+ACU-252FHOOD+AF8-LORENZO+AF8-L.png?itok+AD0-qkfNQDnG
Dan Hooker,https://dmxg5wxfqgb4u.cloudfront.net/styles/athlete+AF8-bio+AF8-full+AF8-body/s3/2025+AC0-01/5/HOOKER+AF8-DAN+AF8-L+AF8-08+AC0-17.png?itok+AD0-1VAO8kcJ
Chase Hooper,https://dmxg5wxfqgb4u.cloudfront.net/styles/athlete+AF8-bio+AF8-full+AF8-body/s3/2024+AC0-12/HOOPER+AF8-CHASE+AF8-L+AF8-05+AC0-11.png?itok+AD0-vIy8TiIW
Darrell Horcher,https://dmxg5wxfqgb4u.cloudfront.net/styles/athlete+AF8-bio+AF8-full+AF8-body/s3/image/ufc+AC0-fighter+AC0-container/67751/profile+AC0-galery/fullbodyleft+AC0-picture/HORCHER+AF8-DARRELL+AF8-L.png?itok+AD0-eMnX2pYO
Moti Horenstein,None
Yoshinori Horie,https://dmxg5wxfqgb4u.cloudfront.net/styles/athlete+AF8-bio+AF8-full+AF8-body/s3/image/ufc+AC0-fighter+AC0-container/71557/profile+AC0-galery/fullbodyright+AC0-picture/HORIE+AF8-YOSHINORI+AF8-R.png?VersionId+AD0-9t0tircKF+AF8-NSisc.yhAmHGgQMJpDrjwB+ACY-itok+AD0-NIUllG9t
Kyoji Horiguchi,https://dmxg5wxfqgb4u.cloudfront.net/styles/athlete+AF8-bio+AF8-full+AF8-body/s3/2022+AC0-03/cdc8a9bf+AC0-caf8+AC0-406d+AC0-bd62+AC0-f985e7c4b0ce+ACU-252FKyoji+AC0-Horiguchi+AF8-456636+AF8-LeftFullBodyImage.png?itok+AD0-m0wsG18A
Yuma Horiuchi,https://dmxg5wxfqgb4u.cloudfront.net/styles/athlete+AF8-bio+AF8-full+AF8-body/s3/2022+AC0-06/bf388cd3+AC0-35e3+AC0-40ed+AC0-beaa+AC0-d6d2bf73b961+ACU-252FHORIUCHI+AF8-YUMA+AF8-L.png?itok+AD0-Awvne9CZ
Jeremy Horn,None
Jamey+AC0-Lyn Horth,https://dmxg5wxfqgb4u.cloudfront.net/styles/athlete+AF8-bio+AF8-full+AF8-body/s3/2024+AC0-10/HORTH+AF8-JAMEY+AC0-LYN+AF8-L+AF8-11+AC0-02.png?itok+AD0-Ywlw+AF8-e0O
Matt Horwich,None
Saeed Hosseini,None
Jeff Hougland,None
Brian Houston,https://dmxg5wxfqgb4u.cloudfront.net/styles/athlete+AF8-bio+AF8-full+AF8-body/s3/2022+AC0-03/39c766c4+AC0-082c+AC0-4fa2+AC0-9c2a+AC0-13fec55b5e6e+ACU-252FBrian+AC0-Houston+AF8-451553+AF8-LeftFullBodyImage.png?itok+AD0-ZMRb9Raj
John Howard,https://dmxg5wxfqgb4u.cloudfront.net/styles/athlete+AF8-bio+AF8-full+AF8-body/s3/2022+AC0-03/60582f01+AC0-faf1+AC0-480d+AC0-b322+AC0-02ee8bbc21db+ACU-252FJohn+AC0-Howard+AF8-450424+AF8-LeftFullBodyImage.png?itok+AD0-0DnoPruX
Harold Howard,None
Shane Howell,https://dmxg5wxfqgb4u.cloudfront.net/styles/athlete+AF8-bio+AF8-full+AF8-body/s3/2022+AC0-03/bece3142+AC0-72fe+AC0-4c6a+AC0-8617+AC0-58d4c140f9fc+ACU-252FShane+AC0-Howell+AF8-490365+AF8-LeftFullBodyImage.png?itok+AD0-PqipYnFX
Carlos Huachin,https://dmxg5wxfqgb4u.cloudfront.net/styles/athlete+AF8-bio+AF8-full+AF8-body/s3/image/ufc+AC0-fighter+AC0-container/71527/profile+AC0-galery/fullbodyleft+AC0-picture/HAUCHIN+AF8-CARLOS+AF8-L.png?VersionId+AD0-C6nNBzNl4XHtNUaFpRc8mNEur7WQOaHR+ACY-itok+AD0-Fo+AF8-RO+AF8-SM
Brady Huang,https://dmxg5wxfqgb4u.cloudfront.net/styles/athlete+AF8-bio+AF8-full+AF8-body/s3/2022+AC0-03/4b912d26+AC0-611a+AC0-4ad6+AC0-a08a+AC0-26f7afdeb1ee+ACU-252FHUANG+AF8-BRADY+AF8-R+AF8-CS.png?itok+AD0-mTI+AC0-J2+AF8-x
Austin Hubbard,https://dmxg5wxfqgb4u.cloudfront.net/styles/athlete+AF8-bio+AF8-full+AF8-body/s3/2024+AC0-10/HUBBARD+AF8-AUSTIN+AF8-L+AF8-10+AC0-05.png?itok+AD0-lHFij6Cf
Collin Huckbody,https://dmxg5wxfqgb4u.cloudfront.net/styles/athlete+AF8-bio+AF8-full+AF8-body/s3/2020+AC0-09/HUCKBODY+AF8-COLLIN+AF8-R.png?VersionId+AD0-CwtqZlSRVQ6s2VbKY4cYan8noON5uAYk+ACY-itok+AD0-rPszhC2a
Roger Huerta,None
Jeff Hughes,https://dmxg5wxfqgb4u.cloudfront.net/styles/athlete+AF8-bio+AF8-full+AF8-body/s3/2020+AC0-03/HUGHES+AF8-JEFF+AF8-L.png?VersionId+AD0-hSoWzGEj.BsVx5lEeHvLHRxreEtZFxdd+ACY-itok+AD0-OlBcFrez
Mark Hughes,None
Matt Hughes,None
Sam Hughes,https://dmxg5wxfqgb4u.cloudfront.net/styles/athlete+AF8-bio+AF8-full+AF8-body/s3/2024+AC0-02/HUGHES+AF8-SAM+AF8-L+AF8-02+AC0-24.png?itok+AD0-gxhvqdDd
Victor Hugo,https://dmxg5wxfqgb4u.cloudfront.net/styles/athlete+AF8-bio+AF8-full+AF8-body/s3/2025+AC0-01/1/HUGO+AF8-VICTOR+AF8-L+AF8-11+AC0-04.png?itok+AD0-EdlrZ5sF
Harry Hunsucker,https://dmxg5wxfqgb4u.cloudfront.net/styles/athlete+AF8-bio+AF8-full+AF8-body/s3/2022+AC0-08/HUNSUCKER+AF8-HARRY+AF8-L+AF8-08+AC0-20.png?itok+AD0-Ojxt6ozt
Mark Hunt,https://dmxg5wxfqgb4u.cloudfront.net/styles/athlete+AF8-bio+AF8-full+AF8-body/s3/image/fighter+AF8-images/Mark+AF8-Hunt/HUNT+AF8-MARK+AF8-L.png?itok+AD0-o+AC0-GftylC
Adam Hunter,https://dmxg5wxfqgb4u.cloudfront.net/styles/athlete+AF8-bio+AF8-full+AF8-body/s3/image/fighter+AF8-images/Adam+AF8-Hunter/HUNTER+AF8-ADAM+AF8-R.png?VersionId+AD0-PYhYI5upCMAe4pK537bCXsMXDsO06lTd+ACY-itok+AD0-sBwmSvnk
Alex Hunter,None
Solomon Hutcherson,None
Al Iaquinta,https://dmxg5wxfqgb4u.cloudfront.net/styles/athlete+AF8-bio+AF8-full+AF8-body/s3/2021+AC0-11/67178+ACU-252Fprofile+AC0-galery+ACU-252Ffullbodyleft+AC0-picture+ACU-252FIAQUINTA+AF8-AL+AF8-L+AF8-11+AC0-06.png?itok+AD0-jbrBmHUr
Khadis Ibragimov,https://dmxg5wxfqgb4u.cloudfront.net/styles/athlete+AF8-bio+AF8-full+AF8-body/s3/2020+AC0-07/IBRAGIMOV+AF8-KHADIS+AF8-L+AF8-08+AC0-31.png?VersionId+AD0-w7UQcuRFKovd1ZdoGUPx8PeHDG+AF8-OppwE+ACY-itok+AD0-cQgi80Lb
Minoki Ichihara,None
Dan Ige,https://dmxg5wxfqgb4u.cloudfront.net/styles/athlete+AF8-bio+AF8-full+AF8-body/s3/2025+AC0-01/5/IGE+AF8-DAN+AF8-L+AF8-10+AC0-26.png?itok+AD0-UMfrs3uB
Valeri Ignatov,None
Fabiano Iha,None
Nassourdine Imavov,https://dmxg5wxfqgb4u.cloudfront.net/styles/athlete+AF8-bio+AF8-full+AF8-body/s3/2025+AC0-01/5/IMAVOV+AF8-NASSOURDINE+AF8-L+AF8-09+AC0-28.png?itok+AD0-71d5JEuq
Brad Imes,None
Chris Indich,https://dmxg5wxfqgb4u.cloudfront.net/styles/athlete+AF8-bio+AF8-full+AF8-body/s3/2022+AC0-03/ea25a51a+AC0-31b4+AC0-4efc+AC0-b85d+AC0-9a100e934bda+ACU-252Fchris+AC0-indich+AF8-465461+AF8-LeftFullBodyImage.png?itok+AD0-80MW6uP1
Guto Inocente,https://dmxg5wxfqgb4u.cloudfront.net/styles/athlete+AF8-bio+AF8-full+AF8-body/s3/2022+AC0-03/bca47fa2+AC0-e87a+AC0-47a9+AC0-9a21+AC0-93140273506f+ACU-252FGuto+AC0-Inocente+AF8-242155+AF8-LeftFullBodyImage.png?itok+AD0-Dp9j0g51
Naoki Inoue,https://dmxg5wxfqgb4u.cloudfront.net/styles/athlete+AF8-bio+AF8-full+AF8-body/s3/image/ufc+AC0-fighter+AC0-container/68887/profile+AC0-galery/fullbodyleft+AC0-picture/Naoki+AC0-Inoue+AF8-625980+AF8-LeftFullBodyImage.png?VersionId+AD0-qi10lnPIF754X46PjbV27axN7236vTss+ACY-itok+AD0-GaOrZtcO
Mizuki,https://dmxg5wxfqgb4u.cloudfront.net/styles/athlete+AF8-bio+AF8-full+AF8-body/s3/2023+AC0-09/INOUE+AF8-MIZUKI+AF8-L+AF8-09+AC0-23.png?itok+AD0-ueLti27L
Enson Inoue,None
James Irvin,None
Issa Isakov,None
Teruto Ishihara,https://dmxg5wxfqgb4u.cloudfront.net/styles/athlete+AF8-bio+AF8-full+AF8-body/s3/image/fighter+AF8-images/Teruto+AF8-Ishibara/ISHIHARA+AF8-TERUTO+AF8-L.png?VersionId+AD0-2Gmc7K2eBc.Y4+AF8-5c6JRDYj0.9HCJMUMf+ACY-itok+AD0-yPd64n7+AF8-
Damir Ismagulov,https://dmxg5wxfqgb4u.cloudfront.net/styles/athlete+AF8-bio+AF8-full+AF8-body/s3/2023+AC0-06/ISMAGULOV+AF8-DAMIR+AF8-L+AF8-07+AC0-01.png?itok+AD0-SSLB9olC
Wallid Ismail,None
Leandro Issa,https://dmxg5wxfqgb4u.cloudfront.net/styles/athlete+AF8-bio+AF8-full+AF8-body/s3/2020+AC0-03/Leandro+AC0-Issa+AF8-464805+AF8-LeftFullBodyImage.png?VersionId+AD0-Y2yypyyhEhFY47480g5fkIFGGGb8esVj+ACY-itok+AD0-e42llD6h
Alvaro Ivan Lopez Rodrigues,None
Blagoy Ivanov,https://dmxg5wxfqgb4u.cloudfront.net/styles/athlete+AF8-bio+AF8-full+AF8-body/s3/2023+AC0-07/IVANOV+AF8-BLAGOY+AF8-L+AF8-07+AC0-01.png?itok+AD0-NBUS2B5a
Anthony Ivy,https://dmxg5wxfqgb4u.cloudfront.net/styles/athlete+AF8-bio+AF8-full+AF8-body/s3/2020+AC0-06/IVY+AF8-ANTHONY+AF8-L.png?VersionId+AD0-M3BKvx+AF8-svofiU64zjKyknppUQJMYjAOE+ACY-itok+AD0-ONn3cvLI
Yoislandy Izquierdo,None
Yves Jabouin,https://dmxg5wxfqgb4u.cloudfront.net/styles/athlete+AF8-bio+AF8-full+AF8-body/s3/2022+AC0-03/3db1825b+AC0-c797+AC0-4a80+AC0-8a36+AC0-f90b8da06427+ACU-252FYves+AC0-Jabouin+AF8-1091+AF8-LeftFullBodyImage.png?itok+AD0-Cb07i4+AC0-T
Mike Jackson,https://dmxg5wxfqgb4u.cloudfront.net/styles/athlete+AF8-bio+AF8-full+AF8-body/s3/2022+AC0-04/1979cc08+AC0-3faf+AC0-4d7f+AC0-aeae+AC0-ea3b0f753d94+ACU-252FJACKSON+AF8-MIKE+AF8-L+AF8-04+AC0-23.png?itok+AD0-8wHiBg9f
Jason Jackson,https://dmxg5wxfqgb4u.cloudfront.net/styles/athlete+AF8-bio+AF8-full+AF8-body/s3/2022+AC0-03/bc4d727b+AC0-580b+AC0-4843+AC0-af4a+AC0-14a48d590d03+ACU-252Fjason+AC0-jackson+AF8-530260+AF8-LeftFullBodyImage.png?itok+AD0-sboDK6sy
Damon Jackson,https://dmxg5wxfqgb4u.cloudfront.net/styles/athlete+AF8-bio+AF8-full+AF8-body/s3/2024+AC0-10/13/JACKSON+AF8-DAMON+AF8-L+AF8-08+AC0-10.png?itok+AD0-4fdAAy0+AF8-
Jordan Jackson,None
Rampage Jackson,https://dmxg5wxfqgb4u.cloudfront.net/styles/athlete+AF8-bio+AF8-full+AF8-body/s3/2022+AC0-03/1f545533+AC0-e10c+AC0-4b45+AC0-82c4+AC0-ce24ff0d36b1+ACU-252FQuinton+AC0-Jackson+AF8-828+AF8-LeftFullBodyImage.png?itok+AD0-7kcQIRRD
Jeremy Jackson,None
Kevin Jackson,None
Eugene Jackson,None
Brian Jackson,None
Montel Jackson,https://dmxg5wxfqgb4u.cloudfront.net/styles/athlete+AF8-bio+AF8-full+AF8-body/s3/2025+AC0-01/5/JACKSON+AF8-MONTEL+AF8-L+AF8-07+AC0-13.png?itok+AD0-cT9gFlKt
Richard Jacobi,https://dmxg5wxfqgb4u.cloudfront.net/styles/athlete+AF8-bio+AF8-full+AF8-body/s3/2023+AC0-02/JACOBI+AF8-RICHARD+AF8-L.png?itok+AD0-nKu57TyD
Dustin Jacoby,https://dmxg5wxfqgb4u.cloudfront.net/styles/athlete+AF8-bio+AF8-full+AF8-body/s3/2023+AC0-08/JACOBY+AF8-DUSTIN+AF8-L+AF8-08+AC0-05.png?itok+AD0-jh3BF+AC0-sJ
Justin James,None
Virna Jandiroba,https://dmxg5wxfqgb4u.cloudfront.net/styles/athlete+AF8-bio+AF8-full+AF8-body/s3/2025+AC0-01/5/JANDIROBA+AF8-VIRNA+AF8-L+AF8-03+AC0-30.png?itok+AD0-bGJIledE
Ryan Janes,https://dmxg5wxfqgb4u.cloudfront.net/styles/athlete+AF8-bio+AF8-full+AF8-body/s3/image/ufc+AC0-fighter+AC0-container/69176/profile+AC0-galery/fullbodyleft+AC0-picture/ryan+AC0-janes+AF8-599180+AF8-LeftFullBodyImage.png?VersionId+AD0-MLt9zg36v4bYaXhcgLLvlKY5hAJ2bhPR+ACY-itok+AD0-bX7+AC0-I4aI
Brock Jardine,None
Keith Jardine,None
Rony Jason,https://dmxg5wxfqgb4u.cloudfront.net/styles/athlete+AF8-bio+AF8-full+AF8-body/s3/2021+AC0-03/Rony+AC0-Jason+AF8-242237+AF8-LeftFullBodyImage.png?itok+AD0-kfD90yXF
Jasmine Jasudavicius,https://dmxg5wxfqgb4u.cloudfront.net/styles/athlete+AF8-bio+AF8-full+AF8-body/s3/2025+AC0-01/JASUDAVICIUS+AF8-JASMINE+AF8-L+AF8-02+AC0-01.png?itok+AD0-kujav2Bq
Yazmin Jauregui,https://dmxg5wxfqgb4u.cloudfront.net/styles/athlete+AF8-bio+AF8-full+AF8-body/s3/2024+AC0-09/JAUREGUI+AF8-YAZMIN+AF8-L+AF8-09+AC0-14.png?itok+AD0-OTL9zmhR
Justin Jaynes,https://dmxg5wxfqgb4u.cloudfront.net/styles/athlete+AF8-bio+AF8-full+AF8-body/s3/2021+AC0-07/JAYNES+AF8-JUSTIN+AF8-L+AF8-06+AC0-26.png?itok+AD0-fG5fKSSn
Joanna J+//3//Q-drzejczyk,https://dmxg5wxfqgb4u.cloudfront.net/styles/athlete+AF8-bio+AF8-full+AF8-body/s3/2022+AC0-06/JEDRZEJCZYK+AF8-JOANNA+AF8-L+AF8-06+AC0-11.png?itok+AD0-oLc7Iijn
Aaron Jeffery,https://dmxg5wxfqgb4u.cloudfront.net/styles/athlete+AF8-bio+AF8-full+AF8-body/s3/2021+AC0-04/JEFFERY+AF8-AARON+AF8-L.png?itok+AD0-xBdb9j66
Trent Jenkins,None
Jack Jenkins,https://dmxg5wxfqgb4u.cloudfront.net/styles/athlete+AF8-bio+AF8-full+AF8-body/s3/2025+AC0-02/JENKINS+AF8-JACK+AF8-L+AF8-02+AC0-08.png?itok+AD0-2aV4kH8C
Brandon Jenkins,https://dmxg5wxfqgb4u.cloudfront.net/styles/athlete+AF8-bio+AF8-full+AF8-body/s3/2021+AC0-11/84837+ACU-252Fprofile+AC0-galery+ACU-252Ffullbodyleft+AC0-picture+ACU-252FJENKINS+AF8-BRANDON+AF8-L+AF8-09+AC0-18.png?itok+AD0-UBnXMYkK
Steve Jennum,None
Kyle Jensen,None
Ryan Jensen,None
Chanmi Jeon,https://dmxg5wxfqgb4u.cloudfront.net/styles/athlete+AF8-bio+AF8-full+AF8-body/s3/image/ufc+AC0-fighter+AC0-container/67120/profile+AC0-galery/fullbodyleft+AC0-picture/chan+AC0-mi+AC0-jeon+AF8-629960+AF8-LeftFullBodyImage.png?VersionId+AD0-T1ZAXQ5zcYGv91vD.5l77S+AF8-ewDs6hNIp+ACY-itok+AD0-R4XsnilI
Ronald Jhun,None
Niushiyue Ji,https://dmxg5wxfqgb4u.cloudfront.net/styles/athlete+AF8-bio+AF8-full+AF8-body/s3/2023+AC0-06/NIUSHIYUE+AF8-JI+AF8-L.png?itok+AD0-Jp+AC0-n7aNr
Wuziazibieke Jiahefu,https://dmxg5wxfqgb4u.cloudfront.net/styles/athlete+AF8-bio+AF8-full+AF8-body/s3/2023+AC0-06/JIAHEFU+AF8-WUZIAZBIEKE+AF8-R.png?itok+AD0-vJhQtMSl
Baergeng Jieleyisi,https://dmxg5wxfqgb4u.cloudfront.net/styles/athlete+AF8-bio+AF8-full+AF8-body/s3/2024+AC0-11/JIELEYISI+AF8-BAERGENG+AF8-L+AF8-11+AC0-23.png?itok+AD0-BJPju2k+AC0-
Art Jimmerson,https://dmxg5wxfqgb4u.cloudfront.net/styles/athlete+AF8-bio+AF8-full+AF8-body/s3/2022+AC0-10/JIMMERSON+AF8-ART+AF8-R.png?itok+AD0-b0mG8h5S
Ryan Jimmo,https://dmxg5wxfqgb4u.cloudfront.net/styles/athlete+AF8-bio+AF8-full+AF8-body/s3/2022+AC0-03/aaea6e18+AC0-9295+AC0-4776+AC0-af9d+AC0-6f85431bf543+ACU-252FRyan+AC0-Jimmo+AF8-232924+AF8-LeftFullBodyImage.png?itok+AD0-BbJNty2V
Asikeerbai Jinensibieke,https://dmxg5wxfqgb4u.cloudfront.net/styles/athlete+AF8-bio+AF8-full+AF8-body/s3/2022+AC0-06/67f955d3+AC0-0b39+AC0-4acd+AC0-a7fd+AC0-28dd5a36c87a+ACU-252FASIKEERBAI+AF8-L.png?itok+AD0-wG0B1ZJn
Asikerbai Jinensibieke,None
Li Jingliang,https://dmxg5wxfqgb4u.cloudfront.net/styles/athlete+AF8-bio+AF8-full+AF8-body/s3/2024+AC0-08/JINGLIANG+AF8-LI+AF8-L+AF8-08+AC0-17.png?itok+AD0-AjT5YQLM
Sung Bin Jo,https://dmxg5wxfqgb4u.cloudfront.net/styles/athlete+AF8-bio+AF8-full+AF8-body/s3/image/ufc+AC0-fighter+AC0-container/69308/profile+AC0-galery/fullbodyleft+AC0-picture/JO+AF8-SUNG+AF8-BIN+AF8-L.png?itok+AD0-9iElFQZ+AF8-
Brett Johns,https://dmxg5wxfqgb4u.cloudfront.net/styles/athlete+AF8-bio+AF8-full+AF8-body/s3/2020+AC0-07/JOHNS+AF8-BRETT+AF8-L+AF8-01+AC0-25.png?VersionId+AD0-pfQLTSpSE1fPVbhXpPKfKXU9q8iKutG4+ACY-itok+AD0-OwAXVkA0
Miles Johns,https://dmxg5wxfqgb4u.cloudfront.net/styles/athlete+AF8-bio+AF8-full+AF8-body/s3/2024+AC0-12/JOHNS+AF8-MILES+AF8-L+AF8-12+AC0-14.png?itok+AD0-jcH0dpF7
Phil Johns,None
Jordan Johnson,https://dmxg5wxfqgb4u.cloudfront.net/styles/athlete+AF8-bio+AF8-full+AF8-body/s3/image/ufc+AC0-fighter+AC0-container/68340/profile+AC0-galery/fullbodyleft+AC0-picture/Jordan+AC0-Johnson+AF8-617302+AF8-LeftFullBodyImage.png?itok+AD0-Jo+AF8-4EDVe
Kajan Johnson,https://dmxg5wxfqgb4u.cloudfront.net/styles/athlete+AF8-bio+AF8-full+AF8-body/s3/image/ufc+AC0-fighter+AC0-container/68436/profile+AC0-galery/fullbodyleft+AC0-picture/kajan+AC0-johnson+AF8-465469+AF8-LeftFullBodyImage.png?itok+AD0-C07Plo6S
Timothy Johnson,https://dmxg5wxfqgb4u.cloudfront.net/styles/athlete+AF8-bio+AF8-full+AF8-body/s3/2022+AC0-03/aa55a849+AC0-d214+AC0-454c+AC0-8e4d+AC0-3b5e88f8fa64+ACU-252Ftimothy+AC0-johnson+AF8-518912+AF8-LeftFullBodyImage.png?itok+AD0-nr0b0fRi
Dashon Johnson,https://dmxg5wxfqgb4u.cloudfront.net/styles/athlete+AF8-bio+AF8-full+AF8-body/s3/2022+AC0-03/364c1728+AC0-c3df+AC0-4ae7+AC0-a8ad+AC0-01b099bfe855+ACU-252FDashon+AC0-Johnson+AF8-486255+AF8-LeftFullBodyImage.png?itok+AD0-Hj7m0qOt
Michael Johnson,https://dmxg5wxfqgb4u.cloudfront.net/styles/athlete+AF8-bio+AF8-full+AF8-body/s3/2024+AC0-12/JOHNSON+AF8-MICHAEL+AF8-L+AF8-12+AC0-14.png?itok+AD0-xsnYfc+AC0-u
Demetrious Johnson,https://dmxg5wxfqgb4u.cloudfront.net/styles/athlete+AF8-bio+AF8-full+AF8-body/s3/2018+AC0-10/JOHNSON+AF8-DEMETRIOUS+AF8-L.png?VersionId+AD0-HRDdP7nmVjZwEyiRKdzDsVlwTPEUIfm+AF8AJg-itok+AD0-w8+AC0-eTUeL
Lavar Johnson,None
Anthony Johnson,https://dmxg5wxfqgb4u.cloudfront.net/styles/athlete+AF8-bio+AF8-full+AF8-body/s3/image/ufc+AC0-fighter+AC0-container/67359/profile+AC0-galery/fullbodyleft+AC0-picture/Anthony+AC0-Johnson+AF8-501+AF8-LeftFullBodyImage.png?VersionId+AD0-toqv+AF8-44bHHsJodLH1hFY49jhdov.PbD1+ACY-itok+AD0-ihVHKKQ1
DaMarques Johnson,None
Jose Johnson,https://dmxg5wxfqgb4u.cloudfront.net/styles/athlete+AF8-bio+AF8-full+AF8-body/s3/2025+AC0-01/9/JOHNSON+AF8-JOSE+AF8-L+AF8-01+AC0-11.png?itok+AD0-XixUHF5U
Chad Johnson,https://dmxg5wxfqgb4u.cloudfront.net/styles/athlete+AF8-bio+AF8-full+AF8-body/s3/2022+AC0-03/b0a70aaf+AC0-657b+AC0-4716+AC0-892d+AC0-b3a3bc699450+ACU-252FJOHNSON+AF8-CHAD+AF8-R.png?itok+AD0-KC2L86Wb
Taylor Johnson,https://dmxg5wxfqgb4u.cloudfront.net/styles/athlete+AF8-bio+AF8-full+AF8-body/s3/2022+AC0-03/ac086bb9+AC0-fa59+AC0-4854+AC0-bb60+AC0-a2d6185faf96+ACU-252FJOHNSON+AF8-TAYLOR+AF8-L.png?itok+AD0-0c3IbgJi
Tony Johnson,https://dmxg5wxfqgb4u.cloudfront.net/styles/athlete+AF8-bio+AF8-full+AF8-body/s3/2022+AC0-03/bd8d0f04+AC0-b1b9+AC0-4fb7+AC0-9717+AC0-d672ac0d84a0+ACU-252FJOHNSON+AF8-TONY+AF8-L.png?itok+AD0-Zxt+AF8-SG+AF8-l
Charles Johnson,https://dmxg5wxfqgb4u.cloudfront.net/styles/athlete+AF8-bio+AF8-full+AF8-body/s3/2025+AC0-01/5/JOHNSON+AF8-CHARLES+AF8-L+AF8-10+AC0-19.png?itok+AD0AXw-DcymTpt
Brian Johnston,None
Liana Jojua,https://dmxg5wxfqgb4u.cloudfront.net/styles/athlete+AF8-bio+AF8-full+AF8-body/s3/2021+AC0-11/71459+ACU-252Fprofile+AC0-galery+ACU-252Ffullbodyleft+AC0-picture+ACU-252FJOJUA+AF8-LIANA+AF8-L+AF8-11+AC0-13.png?itok+AD0-R1ngBIRj
Daniel Jolly,https://dmxg5wxfqgb4u.cloudfront.net/styles/athlete+AF8-bio+AF8-full+AF8-body/s3/2022+AC0-03/725a22d6+AC0-d2e6+AC0-4cdc+AC0-9e8b+AC0-d7f2af5fb097+ACU-252FDaniel+AC0-Jolly+AF8-631553+AF8-LeftFullBodyImage.png?itok+AD0-mRbQmHUz
Jamelle Jones,https://dmxg5wxfqgb4u.cloudfront.net/styles/athlete+AF8-bio+AF8-full+AF8-body/s3/2022+AC0-03/0a299df2+AC0-d98f+AC0-4b37+AC0-a826+AC0-d9df74f95705+ACU-252FJamelle+AC0-Jones+AF8-635828+AF8-LeftFullBodyImage.png?itok+AD0-NpzlZ2w0
Antonio Jones,None
Marcus Jones,None
Justin Jones,https://dmxg5wxfqgb4u.cloudfront.net/styles/athlete+AF8-bio+AF8-full+AF8-body/s3/2022+AC0-03/2758b170+AC0-0048+AC0-4332+AC0-bbc7+AC0-9f0908e4c16e+ACU-252FJustin+AC0-Jones+AF8-631433+AF8-LeftFullBodyImage.png?itok+AD0-w+AC0-DVNDz3
Paul Jones,None
Trevin Jones,https://dmxg5wxfqgb4u.cloudfront.net/styles/athlete+AF8-bio+AF8-full+AF8-body/s3/2023+AC0-06/JONES+AF8-TREVIN+AF8-L+AF8-03+AC0-05.png?itok+AD0-oJCLRbGO
Jon Jones,https://dmxg5wxfqgb4u.cloudfront.net/styles/athlete+AF8-bio+AF8-full+AF8-body/s3/2025+AC0-01/5/JONES+AF8-JON+AF8-L+AF8-BELT+AF8-11+AC0-16.png?itok+AD0-CUPv7ubQ
Mason Jones,https://dmxg5wxfqgb4u.cloudfront.net/styles/athlete+AF8-bio+AF8-full+AF8-body/s3/2022+AC0-07/JONES+AF8-MASON+AF8-L+AF8-07+AC0-23.png?itok+AD0-OwyGfGD6
Jocelyn Jones+AC0-Lybarger,https://dmxg5wxfqgb4u.cloudfront.net/styles/athlete+AF8-bio+AF8-full+AF8-body/s3/2022+AC0-03/c952d7c2+AC0-7fcb+AC0-4ae3+AC0-ac8c+AC0-a818a75a917a+ACU-252Fjocelyn+AC0-jones+AC0-lybarger+AF8-572116+AF8-LeftFullBodyImage.png?itok+AD0-ioy1HR7l
Shawn Jordan,https://dmxg5wxfqgb4u.cloudfront.net/styles/athlete+AF8-bio+AF8-full+AF8-body/s3/2022+AC0-03/7b9eb58b+AC0-096e+AC0-4578+AC0-b8f3+AC0-6ed02427533f+ACU-252FShawn+AC0-Jordan+AF8-234787+AF8-LeftFullBodyImage.png?itok+AD0-GFI9C4AW
Kevin Jordan,None
Ivan Jorge,https://dmxg5wxfqgb4u.cloudfront.net/styles/athlete+AF8-bio+AF8-full+AF8-body/s3/2022+AC0-03/cfb27e09+AC0-63d5+AC0-4507+AC0-a6f3+AC0-6443c05598cd+ACU-252FIvan+AC0-Jorge+AF8-453810+AF8-LeftFullBodyImage.png?itok+AD0-GTlkS6K4
Scott Jorgensen,https://dmxg5wxfqgb4u.cloudfront.net/styles/athlete+AF8-bio+AF8-full+AF8-body/s3/2022+AC0-03/8fa0dc3d+AC0-9c07+AC0-4175+AC0-bbfe+AC0-df579bf98510+ACU-252FScott+AC0-Jorgensen+AF8-1060+AF8-LeftFullBodyImage.png?itok+AD0-G0+AC0-WQDHY
Dwight Joseph,https://dmxg5wxfqgb4u.cloudfront.net/styles/athlete+AF8-bio+AF8-full+AF8-body/s3/2022+AC0-03/38176754+AC0-99bc+AC0-4818+AC0-bd0e+AC0-b632623cda17+ACU-252FJOSEPH+AF8-DWIGHT+AF8-L.png?itok+AD0-jwvnC0Ig
Jeff Joslin,None
Krzysztof Jotko,https://dmxg5wxfqgb4u.cloudfront.net/styles/athlete+AF8-bio+AF8-full+AF8-body/s3/2022+AC0-09/JOTKO+AF8-KRZYSZTOF+AF8-L+AF8-10+AC0-01.png?itok+AD0-WX+AC0-mXFBm
Alan Jouban,https://dmxg5wxfqgb4u.cloudfront.net/styles/athlete+AF8-bio+AF8-full+AF8-body/s3/2021+AC0-05/67181+ACU-252Fprofile+AC0-galery+ACU-252Ffullbodyleft+AC0-picture+ACU-252FJOUBAN+AF8-ALAN+AF8-L+AF8-04+AC0-13.png?itok+AD0-HsvRfuY2
Charles Jourdain,https://dmxg5wxfqgb4u.cloudfront.net/styles/athlete+AF8-bio+AF8-full+AF8-body/s3/2024+AC0-10/JOURDAIN+AF8-CHARLES+AF8-L+AF8-11+AC0-02.png?itok+AD0-a8hK7VcR
Kevin Jousset,https://dmxg5wxfqgb4u.cloudfront.net/styles/athlete+AF8-bio+AF8-full+AF8-body/s3/2024+AC0-09/JOUSSET+AF8-KEVIN+AF8-L+AF8-09+AC0-28.png?itok+AD0-2jUj7o+AC0-Z
Dustin Joynson,https://dmxg5wxfqgb4u.cloudfront.net/styles/athlete+AF8-bio+AF8-full+AF8-body/s3/2021+AC0-02/JOYNSON+AF8-DUSTIN+AF8-R.png?itok+AD0-VJD39K53
Silvana Gomez Juarez ,https://dmxg5wxfqgb4u.cloudfront.net/styles/athlete+AF8-bio+AF8-full+AF8-body/s3/2021+AC0-10/69681+ACU-252Fprofile+AC0-galery+ACU-252Ffullbodyleft+AC0-picture+ACU-252FJUAREZ+AF8-SILVANA+AF8-L+AF8-10+AC0-09.png?itok+AD0-SusCwZdl
Anshul Jubli,https://dmxg5wxfqgb4u.cloudfront.net/styles/athlete+AF8-bio+AF8-full+AF8-body/s3/2025+AC0-02/JUBLI+AF8-ANSHUL+AF8-L+AF8-10+AC0-21.png?itok+AD0-L+AF8-7+AC0-P7eR
Carli Judice,https://dmxg5wxfqgb4u.cloudfront.net/styles/athlete+AF8-bio+AF8-full+AF8-body/s3/2024+AC0-06/JUDICE+AF8-CARLI+AF8-L+AF8-06+AC0-15.png?itok+AD0-y73imdus
Steve Judson,None
Luke Jumeau,https://dmxg5wxfqgb4u.cloudfront.net/styles/athlete+AF8-bio+AF8-full+AF8-body/s3/2019+AC0-10/JUMEAU+AF8-LUKE+AF8-L.png?VersionId+AD0-D57UEywWc0MgH29KXF.LdQPatLzFoYqS+ACY-itok+AD0-NF6Eoe8f
Da Woon Jung,https://dmxg5wxfqgb4u.cloudfront.net/styles/athlete+AF8-bio+AF8-full+AF8-body/s3/2023+AC0-02/JUNG+AF8-DA+AF8-WOON+AF8-L+AF8-02+AC0-04.png?itok+AD0-xrb52Qd4
Chan Sung Jung,https://dmxg5wxfqgb4u.cloudfront.net/styles/athlete+AF8-bio+AF8-full+AF8-body/s3/2022+AC0-08/a23c5ddc+AC0-0bb5+AC0-492d+AC0-a81d+AC0-6c25f207859c+ACU-252FJUNG+AF8-CHAN+AF8-SUNG+AF8-L+AF8-04+AC0-09.png?itok+AD0-LS4+AC0-IDmG
Scott Junk,None
Myles Jury,https://dmxg5wxfqgb4u.cloudfront.net/styles/athlete+AF8-bio+AF8-full+AF8-body/s3/image/ufc+AC0-fighter+AC0-container/68880/profile+AC0-galery/fullbodyleft+AC0-picture/Myles+AC0-Jury+AF8-269255+AF8-LeftFullBodyImage.png?itok+AD0-mLyLvBsv
Geza Kahlman Jr,None
Oron Kahlon,https://dmxg5wxfqgb4u.cloudfront.net/styles/athlete+AF8-bio+AF8-full+AF8-body/s3/2021+AC0-10/71641+ACU-252Fprofile+AC0-galery+ACU-252Ffullbodyleft+AC0-picture+ACU-252FKAHLON+AF8-ORON+AF8-L.png?itok+AD0-JrsArd1W
Lu Kai,https://dmxg5wxfqgb4u.cloudfront.net/styles/athlete+AF8-bio+AF8-full+AF8-body/s3/2022+AC0-06/102cd70e+AC0-1692+AC0-4e81+AC0-9f1e+AC0-08bc2acf9125+ACU-252FKAI+AF8-LU+AF8-L.png?itok+AD0-BX6hEVhh
Sim Kai Xiong,https://dmxg5wxfqgb4u.cloudfront.net/styles/athlete+AF8-bio+AF8-full+AF8-body/s3/2023+AC0-06/KAI+AF8-XIONG+AF8-SIM+AF8-L.png?itok+AD0-iXEs4SuD
Li Kaiwen,https://dmxg5wxfqgb4u.cloudfront.net/styles/athlete+AF8-bio+AF8-full+AF8-body/s3/2023+AC0-06/KAIWEN+AF8-LI+AF8-L.png?itok+AD0-jQtKxgLc
Sirwan Kakai,https://dmxg5wxfqgb4u.cloudfront.net/styles/athlete+AF8-bio+AF8-full+AF8-body/s3/2022+AC0-03/49ab6d89+AC0-b530+AC0-4c83+AC0-81e3+AC0-cc6f1d008688+ACU-252Fsirwan+AC0-kakai+AF8-453463+AF8-LeftFullBodyImage.png?itok+AD0-eLVu5tlM
Saidyokub Kakhramonov,https://dmxg5wxfqgb4u.cloudfront.net/styles/athlete+AF8-bio+AF8-full+AF8-body/s3/2023+AC0-02/KAKHRAMONOV+AF8-SAIDYOKUB+AF8-L+AF8-12+AC0-17.png?itok+AD0-7PP7qajd
Kai Kamaka,https://dmxg5wxfqgb4u.cloudfront.net/styles/athlete+AF8-bio+AF8-full+AF8-body/s3/2021+AC0-04/71694+ACU-252Fprofile+AC0-galery+ACU-252Ffullbodyleft+AC0-picture+ACU-252FKAMAKA+AF8-KAI+AF8-L+AF8-05+AC0-01.png?itok+AD0-BdAqfjZ6
Shuya Kamikubo,https://dmxg5wxfqgb4u.cloudfront.net/styles/athlete+AF8-bio+AF8-full+AF8-body/s3/2023+AC0-06/KAMIKUBO+AF8-SHUYA+AF8-L.png?itok+AD0-MLMN5kCf
Martin Kampmann,https://dmxg5wxfqgb4u.cloudfront.net/styles/athlete+AF8-bio+AF8-full+AF8-body/s3/image/ufc+AC0-fighter+AC0-container/68725/profile+AC0-galery/fullbodyleft+AC0-picture/Martin+AC0-Kampmann+AF8-787+AF8-LeftFullBodyImage.png?VersionId+AD0-g+AF8-oYlup+AF8-1ULLMUKT7Vq4AMFIX7fKfLll+ACY-itok+AD0-jl9G+AC0-Nzn
Koya Kanda,https://dmxg5wxfqgb4u.cloudfront.net/styles/athlete+AF8-bio+AF8-full+AF8-body/s3/2023+AC0-06/KANDA+AF8-KOUYA+AF8-R.png?itok+AD0-6+AC0-XVDv2k
Bharat Kandare,https://dmxg5wxfqgb4u.cloudfront.net/styles/athlete+AF8-bio+AF8-full+AF8-body/s3/image/ufc+AC0-fighter+AC0-container/67467/profile+AC0-galery/fullbodyleft+AC0-picture/Bharat+AC0-Kandare+AF8-643438+AF8-LeftFullBodyImage.png?VersionId+AD0-7CvwhLCUwK4tthKYJVrP0nkTJheIShoT+ACY-itok+AD0-2E+AF8-kkK+AC0-W
Masanori Kanehara,https://dmxg5wxfqgb4u.cloudfront.net/styles/athlete+AF8-bio+AF8-full+AF8-body/s3/2022+AC0-03/59713bb3+AC0-34b3+AC0-47c6+AC0-a6bd+AC0-afdc0ae665c2+ACU-252FMasanori+AC0-Kanehara+AF8-496301+AF8-LeftFullBodyImage.png?itok+AD0-Ykm3s8fD
Kyung Ho Kang,https://dmxg5wxfqgb4u.cloudfront.net/styles/athlete+AF8-bio+AF8-full+AF8-body/s3/2025+AC0-01/1/KANG+AF8-KYUNG+AF8-HO+AF8-L+AF8-06+AC0-22.png?itok+AD0-mfXi0vfl
Denis Kang,None
Manel Kape,https://dmxg5wxfqgb4u.cloudfront.net/styles/athlete+AF8-bio+AF8-full+AF8-body/s3/2025+AC0-01/5/KAPE+AF8-MANEL+AF8-L+AF8-12+AC0-14.png?itok+AD0-m2gV+AF8-hJL
Dave Kaplan,None
Alex Karalexis,None
Ernesta Kareckait+//3//Q-,https://dmxg5wxfqgb4u.cloudfront.net/styles/athlete+AF8-bio+AF8-full+AF8-body/s3/2025+AC0-01/9/KARECKAITE+AF8-ERNESTA+AF8-L+AF8-01+AC0-11.png?itok+AD0-tuX4WA60
Impa Kasanganay,https://dmxg5wxfqgb4u.cloudfront.net/styles/athlete+AF8-bio+AF8-full+AF8-body/s3/2021+AC0-04/71561+ACU-252Fprofile+AC0-galery+ACU-252Ffullbodyleft+AC0-picture+ACU-252FKASANGANAY+AF8-IMPA+AF8-L+AF8-04+AC0-10.png?itok+AD0-xEC+AF8-JPuG
Jinnosuke Kashimura,https://dmxg5wxfqgb4u.cloudfront.net/styles/athlete+AF8-bio+AF8-full+AF8-body/s3/2022+AC0-06/948254a0+AC0-e6aa+AC0-43f7+AC0-8b40+AC0-a8739b2712ed+ACU-252FKASHIMURA+AF8-JINNOSUKE+AF8-L.png?itok+AD0-C8a7okL7
Kerry Kasik,None
Nadia Kassem,https://dmxg5wxfqgb4u.cloudfront.net/styles/athlete+AF8-bio+AF8-full+AF8-body/s3/image/ufc+AC0-fighter+AC0-container/68883/profile+AC0-galery/fullbodyleft+AC0-picture/KASSEM+AF8-NADIA+AF8-L.png?VersionId+AD0-U9VBE2molwZkcSsxpG57I06jKYSemfW6+ACY-itok+AD0-3bNrtCnS
Yusuke Kasuya,https://dmxg5wxfqgb4u.cloudfront.net/styles/athlete+AF8-bio+AF8-full+AF8-body/s3/2022+AC0-03/22dbac95+AC0-9fc8+AC0-418d+AC0-af07+AC0-667435c70d87+ACU-252Fyusuke+AC0-kasuya+AF8-544042+AF8-LeftFullBodyImage.png?itok+AD0-wYStbef2
Brad Katona,https://dmxg5wxfqgb4u.cloudfront.net/styles/athlete+AF8-bio+AF8-full+AF8-body/s3/2024+AC0-10/5/KATONA+AF8-BRAD+AF8-L+AF8-10+AC0-19.png?itok+AD0-o8pAriYd
Calvin Kattar,https://dmxg5wxfqgb4u.cloudfront.net/styles/athlete+AF8-bio+AF8-full+AF8-body/s3/2025+AC0-01/5/KATTAR+AF8-CALVIN+AF8-L+AF8-04+AC0-13.png?itok+AD0-JFYKcDev
Sarah Kaufman,https://dmxg5wxfqgb4u.cloudfront.net/styles/athlete+AF8-bio+AF8-full+AF8-body/s3/2022+AC0-03/dfce9609+AC0-3236+AC0-4bc8+AC0-8529+AC0-9d3d64dcee18+ACU-252FSarah+AC0-Kaufman+AF8-241947+AF8-LeftFullBodyImage.png?itok+AD0-aZ11HbSu
Lone+//3//f/9-er Kavanagh,https://dmxg5wxfqgb4u.cloudfront.net/styles/athlete+AF8-bio+AF8-full+AF8-body/s3/2024+AC0-11/KAVANAGH+AF8-LONEER+AF8-L+AF8-11+AC0-23.png?itok+AD0-uW1+AF8-cWAl
Canaan Kawaihae,https://dmxg5wxfqgb4u.cloudfront.net/styles/athlete+AF8-bio+AF8-full+AF8-body/s3/2021+AC0-11/69713+ACU-252Fprofile+AC0-galery+ACU-252Ffullbodyright+AC0-picture+ACU-252FKAWAIHAE+AF8-CANAAN+AF8-R.png?itok+AD0-tR8sILr2
Tatsuya Kawajiri,https://dmxg5wxfqgb4u.cloudfront.net/styles/athlete+AF8-bio+AF8-full+AF8-body/s3/2022+AC0-03/c757f8d6+AC0-8b3c+AC0-4de7+AC0-91cb+AC0-46b0ddaf5028+ACU-252FTatsuya+AC0-Kawajiri+AF8-459619+AF8-LeftFullBodyImage.png?itok+AD0-IyGXN7iQ
Toshiomi Kazama,https://dmxg5wxfqgb4u.cloudfront.net/styles/athlete+AF8-bio+AF8-full+AF8-body/s3/2024+AC0-08/KAZAMA+AF8-TOSHIOMI+AF8-L+AF8-08+AC0-10.png?itok+AD0-A7DcusFO
Julie Kedzie,https://dmxg5wxfqgb4u.cloudfront.net/styles/athlete+AF8-bio+AF8-full+AF8-body/s3/2022+AC0-03/a15ecc0c+AC0-d676+AC0-43d3+AC0-ab76+AC0-cb3a62fb8b0a+ACU-252FJulie+AC0-Kedzie+AF8-242293+AF8-LeftFullBodyImage.png?itok+AD0-En+AF8-rPAdk
C.J. Keith,None
Chris Kelades,https://dmxg5wxfqgb4u.cloudfront.net/styles/athlete+AF8-bio+AF8-full+AF8-body/s3/2022+AC0-03/8d9ffc75+AC0-2ed6+AC0-4e55+AC0-bbd8+AC0-6c13c92a1d41+ACU-252Fchris+AC0-kelades+AF8-504636+AF8-LeftFullBodyImage.png?itok+AD0-y3YxnYpL
Brian Kelleher,https://dmxg5wxfqgb4u.cloudfront.net/styles/athlete+AF8-bio+AF8-full+AF8-body/s3/2024+AC0-07/KELLEHER+AF8-BRIAN+AF8-L+AF8-07+AC0-20.png?itok+AD0-QOw2xNBQ
Mayana Kellem,https://dmxg5wxfqgb4u.cloudfront.net/styles/athlete+AF8-bio+AF8-full+AF8-body/s3/image/fighter+AF8-images/Fighter+AF8-fullLength+AF8-Shadow+AC0-woman+AC0-blue.png?VersionId+AD0-SaZSiHq6Es28JDi9+AF8-jfSTmRNG4l+AF8-XkBS+ACY-itok+AD0-DWjj5ONS
Tony Kelley,https://dmxg5wxfqgb4u.cloudfront.net/styles/athlete+AF8-bio+AF8-full+AF8-body/s3/2022+AC0-03/139215f9+AC0-8d33+AC0-422e+AC0-9a9c+AC0-eb340dc3ebc7+ACU-252FKELLEY+AF8-TONY+AF8-L+AF8-12+AC0-11.png?itok+AD0-PFeV8kxF
Daniel Kelly,https://dmxg5wxfqgb4u.cloudfront.net/styles/athlete+AF8-bio+AF8-full+AF8-body/s3/2022+AC0-03/3e5a79e2+AC0-5d08+AC0-4f04+AC0-86b2+AC0-c1e66e9d2dca+ACU-252FDan+AC0-Kelly+AF8-465475+AF8-LeftFullBodyImage.png?itok+AD0-HM0Jw7zx
Paul Kelly,None
Song Kenan,https://dmxg5wxfqgb4u.cloudfront.net/styles/athlete+AF8-bio+AF8-full+AF8-body/s3/2023+AC0-03/KENAN+AF8-SONG+AF8-L+AF8-03+AC0-05.png?itok+AD0-Hp+AF8-zB8ph
Jeremy Kennedy,https://dmxg5wxfqgb4u.cloudfront.net/styles/athlete+AF8-bio+AF8-full+AF8-body/s3/2022+AC0-03/0dfb0309+AC0-93b3+AC0-4e03+AC0-a46a+AC0-b47f1710fe4a+ACU-252Fjeremy+AC0-kennedy+AF8-600176+AF8-LeftFullBodyImage.png?itok+AD0-gSrLOQRb
Steven Kennedy,https://dmxg5wxfqgb4u.cloudfront.net/styles/athlete+AF8-bio+AF8-full+AF8-body/s3/2022+AC0-03/4eccc003+AC0-826c+AC0-4340+AC0-b0e0+AC0-2e89de1d773c+ACU-252Fsteve+AC0-kennedy+AF8-535161+AF8-LeftFullBodyImage.png?itok+AD0-xDGBZR6Y
Tim Kennedy,https://dmxg5wxfqgb4u.cloudfront.net/styles/athlete+AF8-bio+AF8-full+AF8-body/s3/image/ufc+AC0-fighter+AC0-container/69377/profile+AC0-galery/fullbodyleft+AC0-picture/Tim+AC0-Kennedy+AF8-590+AF8-LeftFullBodyImage.png?VersionId+AD0-g+AF8-xKLnT5wZDh1zKJ73PBP4sX1jNDZldq+ACY-itok+AD0-w+AC0-J8Ade1
Casey Kenney,https://dmxg5wxfqgb4u.cloudfront.net/styles/athlete+AF8-bio+AF8-full+AF8-body/s3/2021+AC0-08/67567+ACU-252Fprofile+AC0-galery+ACU-252Ffullbodyleft+AC0-picture+ACU-252FKENNEY+AF8-CASEY+AF8-L+AF8-08+AC0-07.png?itok+AD0-EKeropV8
Casey Kenney,None
Maimaitituoheti Keremuaili,https://dmxg5wxfqgb4u.cloudfront.net/styles/athlete+AF8-bio+AF8-full+AF8-body/s3/2022+AC0-06/a8ef916f+AC0-33e7+AC0-4886+AC0-8e09+AC0-45a45e3a3ca2+ACU-252FMAIMAITITUOHETI+AF8-L.png?itok+AD0-FF+AC0-QyQ9+AF8-
Mark Kerr,None
Rustam Khabilov,https://dmxg5wxfqgb4u.cloudfront.net/styles/athlete+AF8-bio+AF8-full+AF8-body/s3/2018+AC0-10/KHABILOV+AF8-RUSTAM+AF8-L.png?VersionId+AD0-DqMw+AF8-Xo7V8G7sQ8HSM5xwkE3X71dcpe7+ACY-itok+AD0-PlqbKIES
Adam Khaliev,https://dmxg5wxfqgb4u.cloudfront.net/styles/athlete+AF8-bio+AF8-full+AF8-body/s3/2023+AC0-02/b9ea2b6a+AC0-b4b5+AC0-41e3+AC0-8596+AC0-7d49b0f3d628+ACU-252FAdam+AC0-Khaliev+AF8-459192+AF8-LeftFullBodyImage.png?itok+AD0-e4eaaT8Q
Sergey Khandozhko,https://dmxg5wxfqgb4u.cloudfront.net/styles/athlete+AF8-bio+AF8-full+AF8-body/s3/2022+AC0-06/KHANDOZHKO+AF8-SERGEY+AF8-L+AF8-04+AC0-23.png?itok+AD0-4SiniAF4
Alfred Khashakyan,https://dmxg5wxfqgb4u.cloudfront.net/styles/athlete+AF8-bio+AF8-full+AF8-body/s3/2021+AC0-08/Alfred+AC0-Khashakyan+AF8-631541+AF8-LeftFullBodyImage.png?itok+AD0-CYUSxt+AF8-8
Aliaskhab Khizriev,https://dmxg5wxfqgb4u.cloudfront.net/styles/athlete+AF8-bio+AF8-full+AF8-body/s3/2024+AC0-02/KHIZRIEV+AF8-ALIASKHAB+AF8-L+AF8-02+AC0-03.png?itok+AD0-oSz4LDZy
WonBin Ki,https://dmxg5wxfqgb4u.cloudfront.net/styles/athlete+AF8-bio+AF8-full+AF8-body/s3/2023+AC0-06/KI+AF8-WONBIN+AF8-L.png?itok+AD0-yMpsC5eb
Pannie Kianzad,https://dmxg5wxfqgb4u.cloudfront.net/styles/athlete+AF8-bio+AF8-full+AF8-body/s3/2024+AC0-08/KIANZAD+AF8-PANNIE+AF8-L+AF8-08+AC0-10.png?itok+AD0-MPWndMeN
Katsunori Kikuno,https://dmxg5wxfqgb4u.cloudfront.net/styles/athlete+AF8-bio+AF8-full+AF8-body/s3/2022+AC0-03/faafe5c0+AC0-4c40+AC0-4ac1+AC0-8c3a+AC0-5cdd724cb91d+ACU-252FKatsunori+AC0-Kikuno+AF8-460294+AF8-LeftFullBodyImage.png?itok+AD0-7v7R4h+AC0-h
Sinae Kikuta,None
Jacob Kilburn,https://dmxg5wxfqgb4u.cloudfront.net/styles/athlete+AF8-bio+AF8-full+AF8-body/s3/2022+AC0-03/bedbbbdd+AC0-1b88+AC0-4a8c+AC0-b26e+AC0-528536f5682e+ACU-252FKILBURN+AF8-JACOB+AF8-L+AF8-12+AC0-07.png?itok+AD0-5LulD8DM
Ji Yeon Kim,https://dmxg5wxfqgb4u.cloudfront.net/styles/athlete+AF8-bio+AF8-full+AF8-body/s3/2023+AC0-05/KIM+AF8-JI+AF8-YEON+AF8-L+AF8-05+AC0-13.png?itok+AD0-gixcw+AC0-Ux
Sang Won Kim,https://dmxg5wxfqgb4u.cloudfront.net/styles/athlete+AF8-bio+AF8-full+AF8-body/s3/2023+AC0-06/KIM+AF8-SANGWON+AF8-R.png?itok+AD0-vgTg0HJc
Sangwook Kim,https://dmxg5wxfqgb4u.cloudfront.net/styles/athlete+AF8-bio+AF8-full+AF8-body/s3/2023+AC0-06/KIM+AF8-SANGUK+AF8-R.png?itok+AD0-MNzW3vCU
KyeongPyo Kim,https://dmxg5wxfqgb4u.cloudfront.net/styles/athlete+AF8-bio+AF8-full+AF8-body/s3/2022+AC0-06/5a81d047+AC0-ec31+AC0-4578+AC0-8714+AC0-6a8dfb459a9f+ACU-252FKIM+AF8-KYEONG+AF8-PYO+AF8-R.png?itok+AD0-uvV8SDm1
MinWoo Kim,https://dmxg5wxfqgb4u.cloudfront.net/styles/athlete+AF8-bio+AF8-full+AF8-body/s3/2022+AC0-06/b7b347a7+AC0-6425+AC0-4a64+AC0-be82+AC0-4f93a95f56f8+ACU-252FKIM+AF8-MINWOO+AF8-L.png?itok+AD0-97QF8viu
HanSeul Kim,https://dmxg5wxfqgb4u.cloudfront.net/styles/athlete+AF8-bio+AF8-full+AF8-body/s3/2022+AC0-06/9edc8b88+AC0-0b57+AC0-457f+AC0-b8d4+AC0-0f7135e6a764+ACU-252FKIM+AF8-HANSEUL+AF8-R.png?itok+AD0-EDZF0+AC0-q0
Dong Hyun Kim,https://dmxg5wxfqgb4u.cloudfront.net/styles/athlete+AF8-bio+AF8-full+AF8-body/s3/image/ufc+AC0-fighter+AC0-container/67847/profile+AC0-galery/fullbodyleft+AC0-picture/Dong+AC0-Hyun+AC0-Kim+AF8-904+AF8-LeftFullBodyImage.png?VersionId+AD0-0AmlvrLfPqsRN51WYEJWCJ0TF6oMZTFf+ACY-itok+AD0-meiWpNgJ
Jeremy Kimball,https://dmxg5wxfqgb4u.cloudfront.net/styles/athlete+AF8-bio+AF8-full+AF8-body/s3/2022+AC0-03/6639eb2c+AC0-86cd+AC0-4fc3+AC0-9d34+AC0-0bc35319f0be+ACU-252FJeremy+AC0-Kimball+AF8-618953+AF8-LeftFullBodyImage.png?itok+AD0-6Ks+AC0-EgsS
Rob Kimmons,None
Dustin Kimura,https://dmxg5wxfqgb4u.cloudfront.net/styles/athlete+AF8-bio+AF8-full+AF8-body/s3/2022+AC0-03/6ec187d4+AC0-8d7d+AC0-4068+AC0-acc7+AC0-5fd9f0d342fc+ACU-252FDustin+AC0-Kimura+AF8-299020+AF8-LeftFullBodyImage.png?itok+AD0-U99ywYNj
Mike King,https://dmxg5wxfqgb4u.cloudfront.net/styles/athlete+AF8-bio+AF8-full+AF8-body/s3/2022+AC0-03/c2a915e7+AC0-a27a+AC0-45c6+AC0-83b2+AC0-28bbfed3c749+ACU-252Fmike+AC0-king+AF8-480352+AF8-LeftFullBodyImage.png?itok+AD0ALQ-nFbZVmR
Kyle Kingsbury,https://dmxg5wxfqgb4u.cloudfront.net/styles/athlete+AF8-bio+AF8-full+AF8-body/s3/2022+AC0-03/892d0acb+AC0-f4f6+AC0-40f4+AC0-be76+AC0-660ee5fa121a+ACU-252FKyle+AC0-Kingsbury+AF8-992+AF8-LeftFullBodyImage.png?itok+AD0-PlS8eYV8
Yusaku Kinoshita,https://dmxg5wxfqgb4u.cloudfront.net/styles/athlete+AF8-bio+AF8-full+AF8-body/s3/2023+AC0-02/KINOSHITA+AF8-YUSAKU+AF8-L+AF8-02+AC0-04.png?itok+AD0-b7hj0QPg
Kamuela Kirk,https://dmxg5wxfqgb4u.cloudfront.net/styles/athlete+AF8-bio+AF8-full+AF8-body/s3/2023+AC0-07/KIRK+AF8-KAMUELA+AF8-L+AF8-07+AC0-08.png?itok+AD0-R2OC6lia
Justine Kish,https://dmxg5wxfqgb4u.cloudfront.net/styles/athlete+AF8-bio+AF8-full+AF8-body/s3/2021+AC0-07/KISH+AF8-JUSTINE+AF8-L+AF8-04+AC0-17.png?itok+AD0-E2hvqa+AC0-c
Koji Kitao,None
Top Noi Kiwram,https://dmxg5wxfqgb4u.cloudfront.net/styles/athlete+AF8-bio+AF8-full+AF8-body/s3/2023+AC0-06/KIWRAM+AF8-TOP+AF8-L.png?itok+AD0-t9CBzLiA
Ludovit Klein,https://dmxg5wxfqgb4u.cloudfront.net/styles/athlete+AF8-bio+AF8-full+AF8-body/s3/2024+AC0-09/KLEIN+AF8-LUDOVIT+AF8-L+AF8-09+AC0-28.png?itok+AD0-GMDcj0+AC0-5
Nick Klein,https://dmxg5wxfqgb4u.cloudfront.net/styles/athlete+AF8-bio+AF8-full+AF8-body/s3/2024+AC0-10/KLEIN+AF8-NICK+AF8-L+AF8-10+AC0-15.png?itok+AD0-JSzVIgSC
Fatima Kline,https://dmxg5wxfqgb4u.cloudfront.net/styles/athlete+AF8-bio+AF8-full+AF8-body/s3/2025+AC0-01/10/KLINE+AF8-FATIMA+AF8-L+AF8-01+AC0-11.png?itok+AD0-TUoB0Faf
Felix Klinkhammer,None
Drakkar Klose,https://dmxg5wxfqgb4u.cloudfront.net/styles/athlete+AF8-bio+AF8-full+AF8-body/s3/2023+AC0-11/KLOSE+AF8-DRAKKAR+AF8-L+AF8-12+AC0-02.png?itok+AD0-SDobrI+AF8-a
Jason Knight,https://dmxg5wxfqgb4u.cloudfront.net/styles/athlete+AF8-bio+AF8-full+AF8-body/s3/image/ufc+AC0-fighter+AC0-container/68201/profile+AC0-galery/fullbodyleft+AC0-picture/jason+AC0-knight+AF8-572133+AF8-LeftFullBodyImage.png?itok+AD0-HYPNAxvV
William Knight,https://dmxg5wxfqgb4u.cloudfront.net/styles/athlete+AF8-bio+AF8-full+AF8-body/s3/2023+AC0-02/KNIGHT+AF8-WILLIAM+AF8-L+AF8-02+AC0-18.png?itok+AD0-RVbGMenz
Josefine Knutsson,https://dmxg5wxfqgb4u.cloudfront.net/styles/athlete+AF8-bio+AF8-full+AF8-body/s3/2024+AC0-12/KNUTSSON+AF8-JOSEFINE+AF8-L+AF8-12+AC0-14.png?itok+AD0-iW5TOS5t
Seokhyeon Ko,https://dmxg5wxfqgb4u.cloudfront.net/styles/athlete+AF8-bio+AF8-full+AF8-body/s3/2024+AC0-09/HYUN+AF8-KO+AF8-SEOK+AF8-L.png?itok+AD0-68utQPCL
Erik Koch,https://dmxg5wxfqgb4u.cloudfront.net/styles/athlete+AF8-bio+AF8-full+AF8-body/s3/2019+AC0-07/KOCH+AF8-ERIK+AF8-L.png?VersionId+AD0-9ANd+AF8-qK3lnDbLHdKU.damdtVzJser2eJ+ACY-itok+AD0-Q2f7KyXg
Brad Kohler,None
Kaloyan Kolev,https://dmxg5wxfqgb4u.cloudfront.net/styles/athlete+AF8-bio+AF8-full+AF8-body/s3/2021+AC0-10/71809+ACU-252Fprofile+AC0-galery+ACU-252Ffullbodyleft+AC0-picture+ACU-252FKOLEV+AF8-KALOYAN+AF8-L.png?itok+AD0-NIejyfZS
John Kolosci,None
Syuri Kondo,https://dmxg5wxfqgb4u.cloudfront.net/styles/athlete+AF8-bio+AF8-full+AF8-body/s3/image/ufc+AC0-fighter+AC0-container/69315/profile+AC0-galery/fullbodyleft+AC0-picture/KONDO+AF8-SYURI+AF8-L.png?itok+AD0AXw-7Xpz59O
Yuki Kondo,None
Cheick Kongo,None
Jon Koppenhaver,None
Roman Kopylov,https://dmxg5wxfqgb4u.cloudfront.net/styles/athlete+AF8-bio+AF8-full+AF8-body/s3/2025+AC0-01/2/KOPYLOV+AF8-ROMAN+AF8-L+AF8-01+AC0-11.png?itok+AD0-xFLtdLuK
Bruno Korea,https://dmxg5wxfqgb4u.cloudfront.net/styles/athlete+AF8-bio+AF8-full+AF8-body/s3/2021+AC0-07/bruno+AC0-korea+AF8-563511+AF8-LeftFullBodyImage.png?itok+AD0-dMDpzOJG
Tsuyoshi Kosaka,None
Josh Koscheck,https://dmxg5wxfqgb4u.cloudfront.net/styles/athlete+AF8-bio+AF8-full+AF8-body/s3/2022+AC0-03/c6424661+AC0-da6a+AC0-4bba+AC0-92a6+AC0-c3138c9155f4+ACU-252FJosh+AC0-Koscheck+AF8-357+AF8-LeftFullBodyImage.png?itok+AD0-goz48fJ+AF8-
Steven Koslow,https://dmxg5wxfqgb4u.cloudfront.net/styles/athlete+AF8-bio+AF8-full+AF8-body/s3/2023+AC0-01/KOSLOW+AF8-STEVEN+AF8-L+AF8-12+AC0-10.png?itok+AD0-q4d8FuBd
Naoyuki Kotani,https://dmxg5wxfqgb4u.cloudfront.net/styles/athlete+AF8-bio+AF8-full+AF8-body/s3/2022+AC0-03/1e1dd56c+AC0-5190+AC0-40ba+AC0-a99c+AC0-40a184330480+ACU-252FNaoyuki+AC0-Kotani+AF8-487155+AF8-LeftFullBodyImage.png?itok+AD0-29N1c7EV
Karolina Kowalkiewicz,https://dmxg5wxfqgb4u.cloudfront.net/styles/athlete+AF8-bio+AF8-full+AF8-body/s3/2024+AC0-11/KOWALKIEWICZ+AF8-KAROLINA+AF8-L+AF8-11+AC0-09.png?itok+AD0-Xt6fVrRR
Derrick Krantz,https://dmxg5wxfqgb4u.cloudfront.net/styles/athlete+AF8-bio+AF8-full+AF8-body/s3/image/ufc+AC0-fighter+AC0-container/71536/profile+AC0-galery/fullbodyleft+AC0-picture/KRANTZ+AF8-DERRICK+AF8-L.png?VersionId+AD0-pMyWhMzSS.KBk39HLlPz3Dk6Fy5rl5x9+ACY-itok+AD0-7CwBcDT1
James Krause,https://dmxg5wxfqgb4u.cloudfront.net/styles/athlete+AF8-bio+AF8-full+AF8-body/s3/2018+AC0-10/KRAUSE+AF8-JAMES+AF8-L.png?VersionId+AD0-GQU0ErkIsFgxvVWu85lSZlJhq8x2oHqf+ACY-itok+AD0-o+AC0-reWwor
Pascal Krauss,https://dmxg5wxfqgb4u.cloudfront.net/styles/athlete+AF8-bio+AF8-full+AF8-body/s3/image/ufc+AC0-fighter+AC0-container/68973/profile+AC0-galery/fullbodyleft+AC0-picture/Pascal+AC0-Krauss+AF8-41213+AF8-LeftFullBodyImage.png?itok+AD0-kw7lr+AC0-qO
Kaynan Kruschewsky,https://dmxg5wxfqgb4u.cloudfront.net/styles/athlete+AF8-bio+AF8-full+AF8-body/s3/2024+AC0-05/KRUSCHEWSKY+AF8-KAYNAN+AF8-L+AF8-11+AC0-04.png?itok+AD0-Z3oIlJdt
Jorgen Kruth,None
Nikita Krylov,https://dmxg5wxfqgb4u.cloudfront.net/styles/athlete+AF8-bio+AF8-full+AF8-body/s3/2025+AC0-01/5/KRYLOV+AF8-NIKITA+AF8-L+AF8-03+AC0-11.png?itok+AD0-H2IvRh4q
Mariusz Ksiazkiewicz,https://dmxg5wxfqgb4u.cloudfront.net/styles/athlete+AF8-bio+AF8-full+AF8-body/s3/2020+AC0-11/69587+ACU-252Fprofile+AC0-galery+ACU-252Ffullbodyright+AC0-picture+ACU-252FKSIAZKIEWICZ+AF8-MARIUSZ+AF8-R.png?itok+AD0-vhSXN5ns
Michael Kuiper,https://dmxg5wxfqgb4u.cloudfront.net/styles/athlete+AF8-bio+AF8-full+AF8-body/s3/2022+AC0-03/2384a9d0+AC0-ad1f+AC0-4543+AC0-b813+AC0-fc21cd1b7ee0+ACU-252FMichael+AC0-Kuiper+AF8-230770+AF8-LeftFullBodyImage.png?itok+AD0-eNMprJO0
Anton Kuivanen,None
Sumit Kumar,https://dmxg5wxfqgb4u.cloudfront.net/styles/athlete+AF8-bio+AF8-full+AF8-body/s3/2023+AC0-06/KUMAR+AF8-SUMIT+AF8-L.png?itok+AD0-pZRMkELp
Aleksei Kunchenko,https://dmxg5wxfqgb4u.cloudfront.net/styles/athlete+AF8-bio+AF8-full+AF8-body/s3/2020+AC0-03/KUNCHENKO+AF8-ALEXSEI+AF8-L.png?VersionId+AD0-ikB8yFuVEBZghBszmwDKgXrz+AF8-USboarj+ACY-itok+AD0-ukwv5LYK
Rizvan Kuniev,https://dmxg5wxfqgb4u.cloudfront.net/styles/athlete+AF8-bio+AF8-full+AF8-body/s3/2024+AC0-08/KUNIEV+AF8-RIZVAN+AF8-L+AF8-08+AC0-20.png?itok+AD0-3IkNlivo
Keigo Kunihara,None
Kiichi Kunimoto,https://dmxg5wxfqgb4u.cloudfront.net/styles/athlete+AF8-bio+AF8-full+AF8-body/s3/2022+AC0-03/57988c94+AC0-ab59+AC0-417b+AC0-a07a+AC0-009c30d93a38+ACU-252FKiichi+AC0-Kunimoto+AF8-458921+AF8-LeftFullBodyImage.png?itok+AD0-1UJHDOJb
Leo Kuntz,https://dmxg5wxfqgb4u.cloudfront.net/styles/athlete+AF8-bio+AF8-full+AF8-body/s3/2022+AC0-03/ec55b0b6+AC0-5d6a+AC0-4fa8+AC0-bd57+AC0-e76c5745c3d9+ACU-252FLeo+AC0-Kuntz+AF8-489580+AF8-LeftFullBodyImage.png?itok+AD0-uT+AC0-q9DYd
Korey Kuppe,https://dmxg5wxfqgb4u.cloudfront.net/styles/athlete+AF8-bio+AF8-full+AF8-body/s3/2022+AC0-03/040caaeb+AC0-1383+AC0-41c4+AC0-aec2+AC0-125b6124863c+ACU-252FKUPPE+AF8-KOREY+AF8-L.png?itok+AD0-W9l7gFud
Ramazan Kuramagomedov,https://dmxg5wxfqgb4u.cloudfront.net/styles/athlete+AF8-bio+AF8-full+AF8-body/s3/2021+AC0-03/71524+ACU-252Fprofile+AC0-galery+ACU-252Ffullbodyleft+AC0-picture+ACU-252FKURAMAGOMEDOV+AF8-RAMAZAN+AF8-L+AF8-02+AC0-27.png?itok+AD0-O+AF8-wuTcFs
Guram Kutateladze,https://dmxg5wxfqgb4u.cloudfront.net/styles/athlete+AF8-bio+AF8-full+AF8-body/s3/2024+AC0-08/KUTATELADZE+AF8-GURAM+AF8-L+AF8-08+AC0-03.png?itok+AD0-knPa+AF8-avj
Kwan Ho Kwak,https://dmxg5wxfqgb4u.cloudfront.net/styles/athlete+AF8-bio+AF8-full+AF8-body/s3/2022+AC0-03/8e2527c3+AC0-88f9+AC0-4f5d+AC0-af61+AC0-9395de528b2c+ACU-252Fkwan+AC0-ho+AC0-kwak+AF8-610266+AF8-LeftFullBodyImage.png?itok+AD0-nIXiUED0
Mike Kyle,None
Luan Lacerda,https://dmxg5wxfqgb4u.cloudfront.net/styles/athlete+AF8-bio+AF8-full+AF8-body/s3/2023+AC0-01/LACERDA+AF8-LUAN+AF8-L.png?itok+AD0-RMP3puvq
Daniel Lacerda,https://dmxg5wxfqgb4u.cloudfront.net/styles/athlete+AF8-bio+AF8-full+AF8-body/s3/2023+AC0-04/LACERDA+AF8-DANIEL+AF8-L+AF8-03+AC0-25.png?itok+AD0-ZsAZaLY3
Aspen Ladd,https://dmxg5wxfqgb4u.cloudfront.net/styles/athlete+AF8-bio+AF8-full+AF8-body/s3/2021+AC0-07/67418+ACU-252Fprofile+AC0-galery+ACU-252Ffullbodyleft+AC0-picture+ACU-252FLADD+AF8-ASPEN+AF8-L+AF8-07+AC0-24.png?itok+AD0-GggkwXc2
Ryan LaFlare,https://dmxg5wxfqgb4u.cloudfront.net/styles/athlete+AF8-bio+AF8-full+AF8-body/s3/image/ufc+AC0-fighter+AC0-container/69171/profile+AC0-galery/fullbodyleft+AC0-picture/Ryan+AC0-LaFlare+AF8-242414+AF8-LeftFullBodyImage.png?itok+AD0-Kh+AF8-tQogV
Corinne Laframboise,None
Noad Lahat,https://dmxg5wxfqgb4u.cloudfront.net/styles/athlete+AF8-bio+AF8-full+AF8-body/s3/2022+AC0-03/38a84313+AC0-31db+AC0-4e12+AC0-ba02+AC0-492efb729216+ACU-252FNoad+AC0-Lahat+AF8-471158+AF8-LeftFullBodyImage.png?itok+AD0-avfW90VD
Tina Lahdemaki,https://dmxg5wxfqgb4u.cloudfront.net/styles/athlete+AF8-bio+AF8-full+AF8-body/s3/image/ufc+AC0-fighter+AC0-container/69389/profile+AC0-galery/fullbodyleft+AC0-picture/Tina+AC0-Lahdemaki+AF8-488752+AF8-LeftFullBodyImage.png?VersionId+AD0-hfUQmotYY+AF8-e2p3BrEfpo+AF8-Z+AF8-RXV90eO78+ACY-itok+AD0-4q5wZE4d
Yohan Lainesse,https://dmxg5wxfqgb4u.cloudfront.net/styles/athlete+AF8-bio+AF8-full+AF8-body/s3/2024+AC0-01/LAINESSE+AF8-YOHAN+AF8-L+AF8-01+AC0-20.png?itok+AD0-Kr86pmY8
Tim Lajcik,None
Sean Lally,https://dmxg5wxfqgb4u.cloudfront.net/styles/athlete+AF8-bio+AF8-full+AF8-body/s3/image/fighter+AF8-images/Sean+AF8-Lally/LALLY+AF8-SEAN+AF8-R.png?VersionId+AD0-AscWrov6fO6CFtV5+AF8-bv1fJacZQMA3R33+ACY-itok+AD0-ku3ptCS+AC0-
Ricardo Lamas,https://dmxg5wxfqgb4u.cloudfront.net/styles/athlete+AF8-bio+AF8-full+AF8-body/s3/2020+AC0-08/LAMAS+AF8-RICARDO+AF8-L+AF8-08+AC0-29.png?VersionId+AD0-I.9zQ6HYSGTUEoBXp6fnuy1dbvnXxyCB+ACY-itok+AD0-xpeUXHuM
Jason Lambert,None
Nate Landwehr,https://dmxg5wxfqgb4u.cloudfront.net/styles/athlete+AF8-bio+AF8-full+AF8-body/s3/2024+AC0-12/LANDWEHR+AF8-NATE+AF8-L+AF8-12+AC0-07.png?itok+AD0-sbcJVOYG
Austen Lane,https://dmxg5wxfqgb4u.cloudfront.net/styles/athlete+AF8-bio+AF8-full+AF8-body/s3/2024+AC0-10/5/LANE+AF8-AUSTEN+AF8-L+AF8-04+AC0-27.png?itok+AD0-g2XtDzGy
Lina Lansberg,https://dmxg5wxfqgb4u.cloudfront.net/styles/athlete+AF8-bio+AF8-full+AF8-body/s3/2023+AC0-02/LANSBERG+AF8-LINA+AF8-L+AF8-02+AC0-18.png?itok+AD0-UYqGv8lq
Taylor Lapilus,https://dmxg5wxfqgb4u.cloudfront.net/styles/athlete+AF8-bio+AF8-full+AF8-body/s3/2024+AC0-09/LAPILUS+AF8-TAYLOR+AF8-L+AF8-09+AC0-28.png?itok+AD0-IloTp4AE
Chad Laprise,https://dmxg5wxfqgb4u.cloudfront.net/styles/athlete+AF8-bio+AF8-full+AF8-body/s3/2022+AC0-03/a614fd14+AC0-e600+AC0-435d+AC0-a5db+AC0-895caf41dc32+ACU-252FLAPRISE+AF8-CHAD+AF8-L.png?itok+AD0AXw-s+AF8-zrO6E
Anthony Lapsley,https://dmxg5wxfqgb4u.cloudfront.net/styles/athlete+AF8-bio+AF8-full+AF8-body/s3/2022+AC0-03/eb1ff3ad+AC0-e2bf+AC0-4ed2+AC0-a2e6+AC0-7c3650c97717+ACU-252FAnthony+AC0-Lapsley+AF8-460138+AF8-LeftFullBodyImage.png?itok+AD0-MfC3Kk9r
TJ Laramie,https://dmxg5wxfqgb4u.cloudfront.net/styles/athlete+AF8-bio+AF8-full+AF8-body/s3/2022+AC0-06/LARAMIE+AF8-TJ+AF8-L+AF8-04+AC0-16.png?itok+AD0-9MzPAn69
Icho Larenas,None
Lorenz Larkin,https://dmxg5wxfqgb4u.cloudfront.net/styles/athlete+AF8-bio+AF8-full+AF8-body/s3/2022+AC0-03/5709001f+AC0-2f74+AC0-44b7+AC0-b920+AC0-a9a98f201707+ACU-252FLorenz+AC0-Larkin+AF8-242416+AF8-LeftFullBodyImage.png?itok+AD0-tKdiJZO+AC0-
Jeremy Larsen,https://dmxg5wxfqgb4u.cloudfront.net/styles/athlete+AF8-bio+AF8-full+AF8-body/s3/image/fighter+AF8-images/Jeremy+AF8-Larsen/JeremyLarson+AF8-FullBody+AF8-BC.png?VersionId+AD0-G3UUJXFi1g6Umq.wGnUTNyCTfjoqIBzU+ACY-itok+AD0-cmKuwpAt
Brock Larson,None
Ilir Latifi,https://dmxg5wxfqgb4u.cloudfront.net/styles/athlete+AF8-bio+AF8-full+AF8-body/s3/2023+AC0-05/LATIFI+AF8-ILIR+AF8-L+AF8-05+AC0-20.png?itok+AD0-Nu+AF8-Hhx1w
Sione Latu,None
Jenel Lausa,https://dmxg5wxfqgb4u.cloudfront.net/styles/athlete+AF8-bio+AF8-full+AF8-body/s3/2022+AC0-03/9b6c3154+AC0-0a7c+AC0-445f+AC0-b289+AC0-5f6775afd0c0+ACU-252Fjenel+AC0-lausa+AF8-605719+AF8-LeftFullBodyImage.png?itok+AD0-9Nt0IvIz
Dan Lauzon,None
Joe Lauzon,https://dmxg5wxfqgb4u.cloudfront.net/styles/athlete+AF8-bio+AF8-full+AF8-body/s3/2022+AC0-06/LAUZON+AF8-JOE+AF8-L+AF8-05+AC0-07.png?itok+AD0-8Vyno1ZN
Sandra Lavado,https://dmxg5wxfqgb4u.cloudfront.net/styles/athlete+AF8-bio+AF8-full+AF8-body/s3/2022+AC0-08/LAVADO+AF8-SANDRA+AF8-L.png?itok+AD0-D5Fqh3Yc
Robbie Lawler,https://dmxg5wxfqgb4u.cloudfront.net/styles/athlete+AF8-bio+AF8-full+AF8-body/s3/2023+AC0-07/LAWLER+AF8-ROBBIE+AF8-L+AF8-07+AC0-08.png?itok+AD0-l4zNY6F4
Tom Lawlor,https://dmxg5wxfqgb4u.cloudfront.net/styles/athlete+AF8-bio+AF8-full+AF8-body/s3/2022+AC0-03/e5fe590f+AC0-f99f+AC0-4a24+AC0-a65b+AC0-bb4f1a905de9+ACU-252FTom+AC0-Lawlor+AF8-991+AF8-LeftFullBodyImage.png?itok+AD0-EFaujtGM
Justin Lawrence,None
Lance Lawrence,https://dmxg5wxfqgb4u.cloudfront.net/styles/athlete+AF8-bio+AF8-full+AF8-body/s3/2022+AC0-03/04f419dc+AC0-a9ae+AC0-4dd5+AC0-a46f+AC0-cf2c8e9b2d71+ACU-252FLAWRENCE+AF8-LANCE+AF8-L.png?itok+AD0-Qg+AF8-u2oyw
Ronnie Lawrence,https://dmxg5wxfqgb4u.cloudfront.net/styles/athlete+AF8-bio+AF8-full+AF8-body/s3/2023+AC0-06/LAWRENCE+AF8-RONNIE+AF8-L+AF8-06+AC0-17.png?itok+AD0-BQbVt6e+AF8-
Jimmy Lawson,https://dmxg5wxfqgb4u.cloudfront.net/styles/athlete+AF8-bio+AF8-full+AF8-body/s3/2022+AC0-09/LAWSON+AF8-JIMMY+AF8-L.png?itok+AD0-ORPssnG7
Valmir Lazaro,https://dmxg5wxfqgb4u.cloudfront.net/styles/athlete+AF8-bio+AF8-full+AF8-body/s3/2022+AC0-03/50312f75+AC0-5cd6+AC0-4de6+AC0-bac0+AC0-c497fa30587e+ACU-252FValmir+AC0-Lazaro+AF8-488753+AF8-LeftFullBodyImage.png?itok+AD0-zKMYMztO
Zviad Lazishvili,https://dmxg5wxfqgb4u.cloudfront.net/styles/athlete+AF8-bio+AF8-full+AF8-body/s3/2021+AC0-10/71859+ACU-252Fprofile+AC0-galery+ACU-252Ffullbodyright+AC0-picture+ACU-252FLAZISHVILI+AF8-ZVIAD+AF8-R+AF8-10+AC0-23.png?itok+AD0-2NuWxjSk
Mounir Lazzez,https://dmxg5wxfqgb4u.cloudfront.net/styles/athlete+AF8-bio+AF8-full+AF8-body/s3/2022+AC0-04/LAZZEZ+AF8-MOUNIR+AF8-L+AF8-04+AC0-16.png?itok+AD0-L0xZ2XBQ
Thanh Le,https://dmxg5wxfqgb4u.cloudfront.net/styles/athlete+AF8-bio+AF8-full+AF8-body/s3/2022+AC0-03/8bd5b66c+AC0-988c+AC0-49c3+AC0-9ee8+AC0-58e43f5b892d+ACU-252FThanh+AC0-Le+AF8-631542+AF8-LeftFullBodyImage.png?itok+AD0-RSqpN4Kn
Cung Le,https://dmxg5wxfqgb4u.cloudfront.net/styles/athlete+AF8-bio+AF8-full+AF8-body/s3/image/fighter+AF8-images/Cung+AF8-Le/Cung+AC0-Le+AC0-2014+AC0-07+AC0-24+AC0-UFC+AC0-FOX+AC0-SAN+AC0-JOSE+AC0-056.png?VersionId+AD0-zxyRo9XE5XHoWg6SzNxbapc69wJJ9t+AF8-k+ACY-itok+AD0-oOcqgogi
Quang Le,https://dmxg5wxfqgb4u.cloudfront.net/styles/athlete+AF8-bio+AF8-full+AF8-body/s3/2024+AC0-08/LE+AF8-QUANG+AF8-L+AF8-08+AC0-10.png?itok+AD0-oRQzN5R+AF8-
Carlos Leal,https://dmxg5wxfqgb4u.cloudfront.net/styles/athlete+AF8-bio+AF8-full+AF8-body/s3/2024+AC0-11/LEAL+AF8-CARLOS+AF8-L+AF8-10+AC0-26.png?itok+AD0-0pkHQKGL
Jordan Leavitt,https://dmxg5wxfqgb4u.cloudfront.net/styles/athlete+AF8-bio+AF8-full+AF8-body/s3/2023+AC0-02/LEAVITT+AF8-JORDAN+AF8-L+AF8-02+AC0-25.png?itok+AD0-Yuxy4oLc
Chris Leben,https://dmxg5wxfqgb4u.cloudfront.net/styles/athlete+AF8-bio+AF8-full+AF8-body/s3/image/fighter+AF8-images/Chris+AF8-Leben/fighter+AF8-FULL+AF8-LEBEN.png?VersionId+AD0-Dh7hSUt5LOFYI6hv7CukEpVlpyegIGjf+ACY-itok+AD0-XLqkLXgB
Mickael Lebout,https://dmxg5wxfqgb4u.cloudfront.net/styles/athlete+AF8-bio+AF8-full+AF8-body/s3/2022+AC0-03/8a725f73+AC0-611e+AC0-4f4d+AC0-81c2+AC0-f8243946e815+ACU-252Fmickael+AC0-lebout+AF8-527458+AF8-LeftFullBodyImage.png?itok+AD0-ZQVBN864
Justin Ledet,https://dmxg5wxfqgb4u.cloudfront.net/styles/athlete+AF8-bio+AF8-full+AF8-body/s3/2018+AC0-10/LEDET+AF8-JUSTIN+AF8-L+AF8-0.png?VersionId+AD0-eigl5rR65ZUQF2m2UeAHZgT4zlSogSPd+ACY-itok+AD0-MPi3e1yz
Kevin Lee,https://dmxg5wxfqgb4u.cloudfront.net/styles/athlete+AF8-bio+AF8-full+AF8-body/s3/2023+AC0-06/LEE+AF8-KEVIN+AF8-L+AF8-07+AC0-01.png?itok+AD0-HDsK9Xd9
Vaughan Lee,https://dmxg5wxfqgb4u.cloudfront.net/styles/athlete+AF8-bio+AF8-full+AF8-body/s3/2022+AC0-03/f893f607+AC0-126e+AC0-469e+AC0-8bfe+AC0-646860624574+ACU-252FVaughan+AC0-Lee+AF8-206184+AF8-LeftFullBodyImage.png?itok+AD0-JvD+AC0-vVCG
Rocky Lee,https://dmxg5wxfqgb4u.cloudfront.net/styles/athlete+AF8-bio+AF8-full+AF8-body/s3/image/fighter+AF8-images/Rocky+AF8-Lee/Rocky+AC0-Lee+AC0-2015+AC0-04+AC0-08+AC0-UFN+AC0-Krakow+AC0-0021.png?VersionId+AD0-D6N3naNlrJiLvmUQXfxzliQ3RPN8eJcX+ACY-itok+AD0-jG1BEKrX
David Lee,None
Jung Hyun Lee,https://dmxg5wxfqgb4u.cloudfront.net/styles/athlete+AF8-bio+AF8-full+AF8-body/s3/2023+AC0-06/LEE+AF8-JUNGHYUN+AF8-R.png?itok+AD0-Tr9pugAV
James Lee,None
Jackie Lee,None
ChangHo Lee ,https://dmxg5wxfqgb4u.cloudfront.net/styles/athlete+AF8-bio+AF8-full+AF8-body/s3/2023+AC0-06/LEE+AF8-CHANGHO+AF8-L.png?itok+AD0-8syhHgf2
JeongYeong Lee,https://dmxg5wxfqgb4u.cloudfront.net/styles/athlete+AF8-bio+AF8-full+AF8-body/s3/2024+AC0-07/LEE+AF8-JEONGYEONG+AF8-L+AF8-07+AC0-20.png?itok+AD0-bsRBy0Th
Andrea Lee,https://dmxg5wxfqgb4u.cloudfront.net/styles/athlete+AF8-bio+AF8-full+AF8-body/s3/2024+AC0-02/LEE+AF8-ANDREA+AF8-L+AF8-02+AC0-17.png?itok+AD0-aZtLIZDq
Cheyden Leialoha,https://dmxg5wxfqgb4u.cloudfront.net/styles/athlete+AF8-bio+AF8-full+AF8-body/s3/2022+AC0-03/135780fb+AC0-4677+AC0-4591+AC0-867b+AC0-a73b57c57023+ACU-252FCheyden+AC0-Leialoha+AF8-632978+AF8-LeftFullBodyImage.png?itok+AD0-Kdu5dlsI
Christophe Leininger,None
Claudia Leite,https://dmxg5wxfqgb4u.cloudfront.net/styles/athlete+AF8-bio+AF8-full+AF8-body/s3/2022+AC0-08/LEITE+AF8-CLAUDIA+AF8-R.png?itok+AD0-HA0dtODI
Thales Leites,https://dmxg5wxfqgb4u.cloudfront.net/styles/athlete+AF8-bio+AF8-full+AF8-body/s3/image/fighter+AF8-images/Thales+AF8-Lietes/LEITES+AF8-THALES+AF8-L.png?itok+AD0-VFjRCdCB
Giacomo Lemos,https://dmxg5wxfqgb4u.cloudfront.net/styles/athlete+AF8-bio+AF8-full+AF8-body/s3/image/ufc+AC0-fighter+AC0-container/71552/profile+AC0-galery/fullbodyright+AC0-picture/LEMOS+AF8-GIACOMO+AF8-R.png?VersionId+AD0-AB9xHo.Nqb+AF8-FqFQHc7Xq1UWO97GjeMzj+ACY-itok+AD0-DPJBpRTv
Amanda Lemos,https://dmxg5wxfqgb4u.cloudfront.net/styles/athlete+AF8-bio+AF8-full+AF8-body/s3/2025+AC0-01/5/LEMOS+AF8-AMANDA+AF8-L+AF8-07+AC0-20.png?itok+AD0-initDawk
Jesse Lennox,None
Nik Lentz,https://dmxg5wxfqgb4u.cloudfront.net/styles/athlete+AF8-bio+AF8-full+AF8-body/s3/2022+AC0-03/0e14e257+AC0-608c+AC0-4a80+AC0-9658+AC0-65359a2ce0f9+ACU-252FLENTZ+AF8-NIK+AF8-L+AF8-01+AC0-25.png?itok+AD0-28tU9z9l
Alberto Cerro Leon,None
Victoria Leonardo,https://dmxg5wxfqgb4u.cloudfront.net/styles/athlete+AF8-bio+AF8-full+AF8-body/s3/2024+AC0-08/LEONARDO+AF8-VICTORIA+AF8-L+AF8-08+AC0-24.png?itok+AD0-KOH5MNRM
Anthony Leone,None
Kimo Leopoldo,None
Brock Lesnar,https://dmxg5wxfqgb4u.cloudfront.net/styles/athlete+AF8-bio+AF8-full+AF8-body/s3/image/ufc+AC0-fighter+AC0-container/67517/profile+AC0-galery/fullbodyleft+AC0-picture/Brock+AC0-Lesnar+AF8-548+AF8-LeftFullBodyImage.png?VersionId+AD0-es2GU4srnPemgboD5lx+AF8-6Q0vWWD23HRN+ACY-itok+AD0-wbQJeaTs
Frank Lester,None
Valerie Letourneau,https://dmxg5wxfqgb4u.cloudfront.net/styles/athlete+AF8-bio+AF8-full+AF8-body/s3/2022+AC0-03/19bd5d7e+AC0-7caa+AC0-4555+AC0-8579+AC0-ce37f8732202+ACU-252FValerie+AC0-Letourneau+AF8-453498+AF8-LeftFullBodyImage.png?itok+AD0-iLHu5XiJ
Leah Letson,https://dmxg5wxfqgb4u.cloudfront.net/styles/athlete+AF8-bio+AF8-full+AF8-body/s3/2021+AC0-11/68556+ACU-252Fprofile+AC0-galery+ACU-252Ffullbodyleft+AC0-picture+ACU-252FLETSON+AF8-LEAH+AF8-L+AF8-11+AC0-13.png?itok+AD0-bQC7aS2Q
Justin Levens,None
Marcus LeVesseur,None
David Levicki,None
Natan Levy,https://dmxg5wxfqgb4u.cloudfront.net/styles/athlete+AF8-bio+AF8-full+AF8-body/s3/2022+AC0-04/ec33ffaf+AC0-1ad4+AC0-428c+AC0-b4ea+AC0-2548c4fe74f1+AC0-LEVY+AF8-NATAN+AF8-L+AF8-11+AC0-20.png?itok+AD0-O8jueVWB
Bevon Lewis,https://dmxg5wxfqgb4u.cloudfront.net/styles/athlete+AF8-bio+AF8-full+AF8-body/s3/2020+AC0-01/LEWIS+AF8-BEVON+AF8-L.png?VersionId+AD0-4MtYMHiVmnljukxiozImcQ0kFy+AF8-mwExd+ACY-itok+AD0-N+AF8AXw-O5jZA
John Lewis,None
Malik Lewis,https://dmxg5wxfqgb4u.cloudfront.net/styles/athlete+AF8-bio+AF8-full+AF8-body/s3/2023+AC0-02/LEWIS+AF8-MALIK+AF8-L.png?itok+AD0-2MNJt24O
Brandon Lewis,https://dmxg5wxfqgb4u.cloudfront.net/styles/athlete+AF8-bio+AF8-full+AF8-body/s3/2021+AC0-09/71786+ACU-252Fprofile+AC0-galery+ACU-252Ffullbodyleft+AC0-picture+ACU-252FLEWIS+AF8-BRANDON+AF8-L.png?itok+AD0ALQ-CBKCmdG
Derrick Lewis,https://dmxg5wxfqgb4u.cloudfront.net/styles/athlete+AF8-bio+AF8-full+AF8-body/s3/2025+AC0-01/5/LEWIS+AF8-DERRICK+AF8-L+AF8-11+AC0-02.png?itok+AD0-9TZRH57+AC0-
Chi Lewis+AC0-Parry,None
Liang Na ,https://dmxg5wxfqgb4u.cloudfront.net/styles/athlete+AF8-bio+AF8-full+AF8-body/s3/2024+AC0-04/LIANG+AF8-NA+AF8-L.png?itok+AD0-Wy4GzCQy
Jess Liaudin,None
Chuck Liddell,None
Rodrigo Lidio,https://dmxg5wxfqgb4u.cloudfront.net/styles/athlete+AF8-bio+AF8-full+AF8-body/s3/2022+AC0-08/LIDIO+AF8-RODRIGO+AF8-L.png?itok+AD0-L0S14BTI
Zach Light,None
Chris Ligouri,None
Hyun Gyu Lim,https://dmxg5wxfqgb4u.cloudfront.net/styles/athlete+AF8-bio+AF8-full+AF8-body/s3/2022+AC0-03/612f99af+AC0-3d4c+AC0-4892+AC0-8e6a+AC0-8395333582f1+ACU-252FHyun+AC0-Gyu+AC0-Lim+AF8-287189+AF8-LeftFullBodyImage.png?itok+AD0-YrXEJKbg
Juliana Lima,https://dmxg5wxfqgb4u.cloudfront.net/styles/athlete+AF8-bio+AF8-full+AF8-body/s3/2020+AC0-03/Juliana+AC0-Lima+AF8-492800+AF8-LeftFullBodyImage.png?VersionId+AD0-IUsqiYx9SX3fYbevTskEEggIHSyZMivb+ACY-itok+AD0-LimlAvud
Dhiego Lima,https://dmxg5wxfqgb4u.cloudfront.net/styles/athlete+AF8-bio+AF8-full+AF8-body/s3/2021+AC0-06/67817+ACU-252Fprofile+AC0-galery+ACU-252Ffullbodyleft+AC0-picture+ACU-252FLIMA+AF8-DHIEGO+AF8-L+AF8-06+AC0-19.png?itok+AD0-sKaVZMJE
Mabelly Lima,https://dmxg5wxfqgb4u.cloudfront.net/styles/athlete+AF8-bio+AF8-full+AF8-body/s3/image/fighter+AF8-images/Fighter+AF8-fullLength+AF8-Shadow+AC0-woman+AC0-blue.png?VersionId+AD0-SaZSiHq6Es28JDi9+AF8-jfSTmRNG4l+AF8-XkBS+ACY-itok+AD0-DWjj5ONS
Felipe Lima,https://dmxg5wxfqgb4u.cloudfront.net/styles/athlete+AF8-bio+AF8-full+AF8-body/s3/2024+AC0-12/LIMA+AF8-FELIPE+AF8-L+AF8-06+AC0-22.png?itok+AD0-iq9lerE9
Andre Lima,https://dmxg5wxfqgb4u.cloudfront.net/styles/athlete+AF8-bio+AF8-full+AF8-body/s3/2024+AC0-09/LIMA+AF8-ANDRE+AF8-R+AF8-09+AC0-07.png?itok+AD0-Q8ZbBwJu
Matt Lindland,None
Ange Loosa,https://dmxg5wxfqgb4u.cloudfront.net/styles/athlete+AF8-bio+AF8-full+AF8-body/s3/2023+AC0-08/LOOSA+AF8-ANGE+AF8-L+AF8-09+AC0-02.png?itok+AD0-VupgGzkN
Dileno Lopes,https://dmxg5wxfqgb4u.cloudfront.net/styles/athlete+AF8-bio+AF8-full+AF8-body/s3/2022+AC0-03/29785c66+AC0-48cf+AC0-4ad8+AC0-ba75+AC0-2e4889b80210+ACU-252Fdileno+AC0-lopes+AF8-539488+AF8-LeftFullBodyImage.png?itok+AD0-FU2g7Uz7
Bruno Lopes,https://dmxg5wxfqgb4u.cloudfront.net/styles/athlete+AF8-bio+AF8-full+AF8-body/s3/2025+AC0-01/2/LOPES+AF8-BRUNO+AF8-L+AF8-01+AC0-11.png?itok+AD0-qQiLk79u
Diego Lopes,https://dmxg5wxfqgb4u.cloudfront.net/styles/athlete+AF8-bio+AF8-full+AF8-body/s3/2025+AC0-01/5/LOPES+AF8-DIEGO+AF8-L+AF8-09+AC0-14.png?itok+AD0-YrFMMIIg
Matthew Lopez,https://dmxg5wxfqgb4u.cloudfront.net/styles/athlete+AF8-bio+AF8-full+AF8-body/s3/image/fighter+AF8-images/Matthew+AF8-Lopez/LOPEZ+AF8-MATT+AF8-L.png?VersionId+AD0-ur2QqzGVRB5SZjJ5s8WH3BC.CIy.n5EH+ACY-itok+AD0-ZonAJtmB
Jorge Lopez,None
Benito Lopez,https://dmxg5wxfqgb4u.cloudfront.net/styles/athlete+AF8-bio+AF8-full+AF8-body/s3/2019+AC0-02/LOPEZ+AF8-BENITO+AF8-L.png?VersionId+AD0-7HN1DQgUfoCJrNiHAE82fzcCFrGtJz9d+ACY-itok+AD0-O2yW5jxo
Steve Lopez,None
Gustavo Lopez,https://dmxg5wxfqgb4u.cloudfront.net/styles/athlete+AF8-bio+AF8-full+AF8-body/s3/2021+AC0-09/71633+ACU-252Fprofile+AC0-galery+ACU-252Ffullbodyleft+AC0-picture+ACU-252FLOPEZ+AF8-GUSTAVO+AF8-L+AF8-09+AC0-18.png?itok+AD0-35duN2Di
Aaron Lott,None
Brendan Loughnane,https://dmxg5wxfqgb4u.cloudfront.net/styles/athlete+AF8-bio+AF8-full+AF8-body/s3/2022+AC0-03/305c9a07+AC0-496c+AC0-4e96+AC0-87b2+AC0-dbcc06a9ca80+ACU-252FLOUGHNANE+AF8-BRENDAN+AF8-L.png?itok+AD0-uK88PXzV
Dalcha Lungiambula,https://dmxg5wxfqgb4u.cloudfront.net/styles/athlete+AF8-bio+AF8-full+AF8-body/s3/2023+AC0-02/LUNGIAMBULA+AF8-DALCHA+AF8-L+AF8-12+AC0-10.png?itok+AD0-nykg2RZ6
Vicente Luque,https://dmxg5wxfqgb4u.cloudfront.net/styles/athlete+AF8-bio+AF8-full+AF8-body/s3/2025+AC0-01/5/LUQUE+AF8-VICENTE+AF8-L+AF8-12+AC0-07.png?itok+AD0-PaQ1AjR6
Thaddeus Luster,None
Travis Lutter,None
Tucker Lutz,https://dmxg5wxfqgb4u.cloudfront.net/styles/athlete+AF8-bio+AF8-full+AF8-body/s3/2023+AC0-07/LUTZ+AF8-TUCKER+AF8-L+AF8-07+AC0-15.png?itok+AD0-8KAUGbEK
Stevie Lynch,None
Chris Lytle,None
Dong Hyun Ma,https://dmxg5wxfqgb4u.cloudfront.net/styles/athlete+AF8-bio+AF8-full+AF8-body/s3/2019+AC0-12/MA+AF8-DONG+AF8-HYUN+AF8-L.png?VersionId+AD0-HfadG+AF8-dPZhT1nCFqbGY.tifhKp.nWgdf+ACY-itok+AD0-ReV+AF8-hClg
Pawan Maan,https://dmxg5wxfqgb4u.cloudfront.net/styles/athlete+AF8-bio+AF8-full+AF8-body/s3/2022+AC0-06/53ca9534+AC0-1aed+AC0-4251+AC0-bd9a+AC0-4899eeb56e35+ACU-252FMAAN+AF8-PAWAN+AF8-R.png?itok+AD0-N9cd0s61
William Macario,https://dmxg5wxfqgb4u.cloudfront.net/styles/athlete+AF8-bio+AF8-full+AF8-body/s3/2022+AC0-03/479ac4b7+AC0-3b7a+AC0-433c+AC0-90e5+AC0-da5cc9dc5b80+ACU-252Fwilliam+AC0-macario+AF8-309058+AF8-LeftFullBodyImage.png?itok+AD0-iy9UhgzT
Ryan MacDonald,https://dmxg5wxfqgb4u.cloudfront.net/styles/athlete+AF8-bio+AF8-full+AF8-body/s3/2019+AC0-03/MACDONALD+AF8-RYAN+AF8-L.png?VersionId+AD0-T74XMZPEIX+AF8-oqVmNtoqhnarQlJ8rVbJc+ACY-itok+AD0-4+AC0-whUv57
Jason MacDonald,None
Rob MacDonald,None
Rory MacDonald,https://dmxg5wxfqgb4u.cloudfront.net/styles/athlete+AF8-bio+AF8-full+AF8-body/s3/2022+AC0-03/5fdd0ddb+AC0-100b+AC0-4664+AC0-b283+AC0-5f3fb6e401b0+ACU-252FRory+AC0-MacDonald+AF8-1143+AF8-LeftFullBodyImage.png?itok+AD0-l2lamv+AC0-c
Veronica Hardy ,https://dmxg5wxfqgb4u.cloudfront.net/styles/athlete+AF8-bio+AF8-full+AF8-body/s3/2024+AC0-11/HARDY+AF8-VERONICA+AF8-L+AF8-11+AC0-16.png?itok+AD0-9hOAEqAV
Caio Machado,https://dmxg5wxfqgb4u.cloudfront.net/styles/athlete+AF8-bio+AF8-full+AF8-body/s3/2024+AC0-10/MACHADO+AF8-CAIO+AF8-L+AF8-11+AC0-02.png?itok+AD0-KhnE9mbz
Valesca Machado,https://dmxg5wxfqgb4u.cloudfront.net/styles/athlete+AF8-bio+AF8-full+AF8-body/s3/2021+AC0-10/71799+ACU-252Fprofile+AC0-galery+ACU-252Ffullbodyright+AC0-picture+ACU-252FMACHADO+AF8-VALESCA+AF8-R.png?itok+AD0-w2gIfJbw
Ian Machado Garry,https://dmxg5wxfqgb4u.cloudfront.net/styles/athlete+AF8-bio+AF8-full+AF8-body/s3/2025+AC0-01/5/GARRY+AF8-IAN+AF8-L+AF8-06+AC0-29.png?itok+AD0-seAGjSPf
Lyoto Machida,https://dmxg5wxfqgb4u.cloudfront.net/styles/athlete+AF8-bio+AF8-full+AF8-body/s3/2022+AC0-03/fc34e9f1+AC0-af85+AC0-4a11+AC0-bdaa+AC0-7ab1383b41e4+ACU-252FLyoto+AC0-Machida+AF8-831+AF8-LeftFullBodyImage.png?itok+AD0-Q+AC0-oMpIzO
Anthony Macias,None
Pauline Macias,https://dmxg5wxfqgb4u.cloudfront.net/styles/athlete+AF8-bio+AF8-full+AF8-body/s3/2020+AC0-10/71673+ACU-252Fprofile+AC0-galery+ACU-252Ffullbodyleft+AC0-picture+ACU-252FMACIAS+AF8-PAULINE+AF8-L.png?itok+AD0-l3itgHvb
Reza Madadi,https://dmxg5wxfqgb4u.cloudfront.net/styles/athlete+AF8-bio+AF8-full+AF8-body/s3/2022+AC0-03/0df986b2+AC0-c47b+AC0-4cca+AC0-8533+AC0-22b94f300e7e+ACU-252FReza+AC0-Madadi+AF8-232923+AF8-LeftFullBodyImage.png?itok+AD0-ydlZZL+AF8-z
Don Madge,https://dmxg5wxfqgb4u.cloudfront.net/styles/athlete+AF8-bio+AF8-full+AF8-body/s3/image/ufc+AC0-fighter+AC0-container/67842/profile+AC0-galery/fullbodyleft+AC0-picture/MADGE+AF8-DON+AF8-L.png?VersionId+AD0-icbKWlziX2DDH+AF8-20aQceo+AF8-D1dLanP1Y5+ACY-itok+AD0AXw-lOpM2Yk
Ryan Madigan,None
Victor Madrigal,None
Mark Madsen,https://dmxg5wxfqgb4u.cloudfront.net/styles/athlete+AF8-bio+AF8-full+AF8-body/s3/2024+AC0-03/MADSEN+AF8-MARK+AF8-O+AF8-L+AF8-11+AC0-11.png?itok+AD0-QXTE6V31
Jon Madsen,None
Leonardo Mafra,https://dmxg5wxfqgb4u.cloudfront.net/styles/athlete+AF8-bio+AF8-full+AF8-body/s3/2022+AC0-03/d8c1be2c+AC0-cf21+AC0-459e+AC0-b765+AC0-4071f1497936+ACU-252FLeonardo+AC0-Mafra+AF8-242232+AF8-LeftFullBodyImage.png?itok+AD0-N8XJWK8x
Bernardo Magalhaes,None
Caio Magalhaes,https://dmxg5wxfqgb4u.cloudfront.net/styles/athlete+AF8-bio+AF8-full+AF8-body/s3/2022+AC0-03/1689fb04+AC0-8506+AC0-48c1+AC0-ba5f+AC0-1a70562c9db1+ACU-252FCaio+AC0-Magalhaes+AF8-234334+AF8-LeftFullBodyImage.png?itok+AD0-ZJp7J4Xj
Vinny Magalhaes,None
Angela Magana,https://dmxg5wxfqgb4u.cloudfront.net/styles/athlete+AF8-bio+AF8-full+AF8-body/s3/2021+AC0-08/Angela+AC0-Magana+AF8-501824+AF8-LeftFullBodyImage.png?itok+AD0-JvOyllOu
Neil Magny,https://dmxg5wxfqgb4u.cloudfront.net/styles/athlete+AF8-bio+AF8-full+AF8-body/s3/2024+AC0-11/MAGNY+AF8-NEIL+AF8-L+AF8-11+AC0-09.png?itok+AD0-P9kRnLjV
Raimond Magomedaliev,None
Rashid Magomedov,https://dmxg5wxfqgb4u.cloudfront.net/styles/athlete+AF8-bio+AF8-full+AF8-body/s3/2020+AC0-06/Rashid+AC0-Magomedov+AF8-466065+AF8-LeftFullBodyImage.png?VersionId+AD0-DZsFxBVt1HvlPJf2zFAeXppUtkv81Oa+AF8AJg-itok+AD0-Lie9K9X1
Ruslan Magomedov,https://dmxg5wxfqgb4u.cloudfront.net/styles/athlete+AF8-bio+AF8-full+AF8-body/s3/image/ufc+AC0-fighter+AC0-container/69164/profile+AC0-galery/fullbodyleft+AC0-picture/Ruslan+AC0-Magomedov+AF8-475290+AF8-LeftFullBodyImage.png?VersionId+AD0-YJD7o1qdaOu4ZsefPESIaOHMHWIkbQT7+ACY-itok+AD0-UPv7NwvJ
Abus Magomedov,https://dmxg5wxfqgb4u.cloudfront.net/styles/athlete+AF8-bio+AF8-full+AF8-body/s3/2024+AC0-10/2/MAGOMEDOV+AF8-ABUS+AF8-L+AF8-10+AC0-26.png?itok+AD0-N2PzwXYb
Shara Magomedov,https://dmxg5wxfqgb4u.cloudfront.net/styles/athlete+AF8-bio+AF8-full+AF8-body/s3/2025+AC0-01/MAGOMEDOV+AF8-SHARA+AF8-L+AF8-02+AC0-01.png?itok+AD0-tAluBpYX
Zabit Magomedsharipov,https://dmxg5wxfqgb4u.cloudfront.net/styles/athlete+AF8-bio+AF8-full+AF8-body/s3/2019+AC0-11/MAGOMEDSHARIPOV+AF8-ZABIT+AF8-L.png?VersionId+AD0-tEigkpdp6J86xmaA+AF8-bp1Doc970FKmSwe+ACY-itok+AD0-akIZgIOr
John Maguire,None
Maheshate,https://dmxg5wxfqgb4u.cloudfront.net/styles/athlete+AF8-bio+AF8-full+AF8-body/s3/2024+AC0-11/MAHESHATE+AF8-L+AF8-11+AC0-23.png?itok+AD0-dyIXrOp8
Bill Mahood,None
Jennifer Maia,https://dmxg5wxfqgb4u.cloudfront.net/styles/athlete+AF8-bio+AF8-full+AF8-body/s3/2023+AC0-03/MAIA+AF8-JENNIFER+AF8-L+AF8-03+AC0-18.png?itok+AD0-r9Bl1p0U
Demian Maia,https://dmxg5wxfqgb4u.cloudfront.net/styles/athlete+AF8-bio+AF8-full+AF8-body/s3/2021+AC0-06/67794+ACU-252Fprofile+AC0-galery+ACU-252Ffullbodyleft+AC0-picture+ACU-252FMAIA+AF8-DEMIAN+AF8-L+AF8-06+AC0-12.png?itok+AD0-wWG7LoU4
Nayara Maia,https://dmxg5wxfqgb4u.cloudfront.net/styles/athlete+AF8-bio+AF8-full+AF8-body/s3/2022+AC0-09/MAIA+AF8-NAYARA+AF8-L.png?itok+AD0-tcHhlay0
Roshan Mainam,None
Levan Makashvili,https://dmxg5wxfqgb4u.cloudfront.net/styles/athlete+AF8-bio+AF8-full+AF8-body/s3/2022+AC0-03/84e3cc87+AC0-e608+AC0-4c0f+AC0-9de7+AC0-637c5dc67a8d+ACU-252Flevan+AC0-makashvili+AF8-521000+AF8-LeftFullBodyImage.png?itok+AD0-AntC1+AF8-3D
John Makdessi,https://dmxg5wxfqgb4u.cloudfront.net/styles/athlete+AF8-bio+AF8-full+AF8-body/s3/2022+AC0-09/MAKDESSI+AF8-JOHN+AF8-L+AF8-09+AC0-03.png?itok+AD0-GSlMNxoF
Islam Makhachev,https://dmxg5wxfqgb4u.cloudfront.net/styles/athlete+AF8-bio+AF8-full+AF8-body/s3/2025+AC0-01/7/MAKHACHEV+AF8-ISLAM+AF8-L+AF8-BELT+AF8-01+AC0-18.png?itok+AD0-VptniX86
Bilyal Makhov,None
Zach Makovsky,https://dmxg5wxfqgb4u.cloudfront.net/styles/athlete+AF8-bio+AF8-full+AF8-body/s3/2022+AC0-03/9b66dea8+AC0-99c9+AC0-4a00+AC0-a8fb+AC0-1fb2e4df6426+ACU-252FZach+AC0-Makovsky+AF8-465421+AF8-LeftFullBodyImage.png?itok+AD0-zF+AC0-jMgfm
Azat Maksum,https://dmxg5wxfqgb4u.cloudfront.net/styles/athlete+AF8-bio+AF8-full+AF8-body/s3/2024+AC0-02/MAKSUM+AF8-AZAT+AF8-L+AF8-02+AC0-03.png?itok+AD0-jOPySEXM
Fabio Maldonado,https://dmxg5wxfqgb4u.cloudfront.net/styles/athlete+AF8-bio+AF8-full+AF8-body/s3/2022+AC0-03/ae053582+AC0-24f4+AC0-40ff+AC0-bd02+AC0-2b40c9da48e4+ACU-252FFabio+AC0-Maldonado+AF8-60507+AF8-LeftFullBodyImage.png?itok+AD0-9HYRSLq0
Bea Malecki,https://dmxg5wxfqgb4u.cloudfront.net/styles/athlete+AF8-bio+AF8-full+AF8-body/s3/2021+AC0-08/71455+ACU-252Fprofile+AC0-galery+ACU-252Ffullbodyleft+AC0-picture+ACU-252FMALECKI+AF8-BEA+AF8-L+AF8-08+AC0-21.png?itok+AD0-u65L3LOu
Nazareno Malegarie,https://dmxg5wxfqgb4u.cloudfront.net/styles/athlete+AF8-bio+AF8-full+AF8-body/s3/image/ufc+AC0-fighter+AC0-container/68899/profile+AC0-galery/fullbodyleft+AC0-picture/nazareno+AC0-malegarie+AF8-540604+AF8-LeftFullBodyImage.png?VersionId+AD0-RCw8fgle88HOOmQ4f5sOyHvh6knyVWHC+ACY-itok+AD0-FL+AC0AXw-NfZK
Jacob Malkoun,https://dmxg5wxfqgb4u.cloudfront.net/styles/athlete+AF8-bio+AF8-full+AF8-body/s3/2024+AC0-03/MALKOUN+AF8-JACOB+AF8-L+AF8-09+AC0-23.png?itok+AD0-zc0I35KZ
Mike Malott,https://dmxg5wxfqgb4u.cloudfront.net/styles/athlete+AF8-bio+AF8-full+AF8-body/s3/2024+AC0-10/MALOTT+AF8-MIKE+AF8-L+AF8-11+AC0-02.png?itok+AD0-JDv7KmoU
Troy Mandaloniz,None
Nate Maness,https://dmxg5wxfqgb4u.cloudfront.net/styles/athlete+AF8-bio+AF8-full+AF8-body/s3/2021+AC0-09/68367+ACU-252Fprofile+AC0-galery+ACU-252Ffullbodyleft+AC0-picture+ACU-252FMANESS+AF8-NATE+AF8-L+AF8-09+AC0-18.png?itok+AD0-lXB48EY7
Gary Mangat,None
Jon Manley,None
Marnic Mann,https://dmxg5wxfqgb4u.cloudfront.net/styles/athlete+AF8-bio+AF8-full+AF8-body/s3/2024+AC0-04/MANN+AF8-MARNIC+AF8-L+AF8-04+AC0-27.png?itok+AD0AXw-YeBO6iA
Jimi Manuwa,https://dmxg5wxfqgb4u.cloudfront.net/styles/athlete+AF8-bio+AF8-full+AF8-body/s3/image/fighter+AF8-images/Jimi+AF8-Manuwa/MANUWA+AF8-JIMI+AF8-L.png?VersionId+AD0-KbabTFnE54DMrzTvxAIaQwR.xb2lFG2b+ACY-itok+AD0-Ho9pF0xx
William Marcario,None
Cristiano Marcello,https://dmxg5wxfqgb4u.cloudfront.net/styles/athlete+AF8-bio+AF8-full+AF8-body/s3/image/fighter+AF8-images/Cristiano+AF8-Marcello/CristianoMarcello+AF8-RedCorner.png?VersionId+AD0-Cl6g1Y.UUi1XMfdFaFWgfvsvHxQMszmP+ACY-itok+AD0-HUpmSVNu
Daniel Marcos,https://dmxg5wxfqgb4u.cloudfront.net/styles/athlete+AF8-bio+AF8-full+AF8-body/s3/2024+AC0-12/MARCOS+AF8-DANIEL+AF8-L+AF8-02+AC0-10.png?itok+AD0-q+AC0-HkAUf8
Jose Maria,https://dmxg5wxfqgb4u.cloudfront.net/styles/athlete+AF8-bio+AF8-full+AF8-body/s3/image/fighter+AF8-images/Jose+AF8-Maria/JoseMaria+AF8-RedCorner.png?VersionId+AD0-jaa6zZiR3iLZ2iH2VFl3QgoltiGV8xl3+ACY-itok+AD0-BW4ZJtf5
Enrique Marin,https://dmxg5wxfqgb4u.cloudfront.net/styles/athlete+AF8-bio+AF8-full+AF8-body/s3/2022+AC0-03/1b76e1e4+AC0-9c05+AC0-49c6+AC0-bcb6+AC0-94c5cb6fd63e+ACU-252Fenrique+AC0-marin+AF8-569099+AF8-LeftFullBodyImage.png?itok+AD0-WKyu4Y1e
Jesse Mariotti,None
Chepe Mariscal,https://dmxg5wxfqgb4u.cloudfront.net/styles/athlete+AF8-bio+AF8-full+AF8-body/s3/2024+AC0-08/MARISCAL+AF8-CHEPE+AF8-L+AF8-08+AC0-10.png?itok+AD0-vOm+AF8-foxI
Ronny Markes,https://dmxg5wxfqgb4u.cloudfront.net/styles/athlete+AF8-bio+AF8-full+AF8-body/s3/image/ufc+AC0-fighter+AC0-container/69145/profile+AC0-galery/fullbodyleft+AC0-picture/Ronny+AC0-Markes+AF8-181548+AF8-LeftFullBodyImage.png?VersionId+AD0-q6si9kDF8puO2RRl7fL6MuwbkL3HxF0x+ACY-itok+AD0-7+AC0-343B5Y
Rory Markham,None
Randa Markos,https://dmxg5wxfqgb4u.cloudfront.net/styles/athlete+AF8-bio+AF8-full+AF8-body/s3/2021+AC0-04/69044+ACU-252Fprofile+AC0-galery+ACU-252Ffullbodyleft+AC0-picture+ACU-252FMARKOS+AF8-RANDA+AF8-L+AF8-05+AC0-01.png?itok+AD0-1SGufCJB
Christina Marks,https://dmxg5wxfqgb4u.cloudfront.net/styles/athlete+AF8-bio+AF8-full+AF8-body/s3/2022+AC0-03/f2126d2d+AC0-3757+AC0-4ab2+AC0-bf37+AC0-5a06c826c949+ACU-252FChristina+AC0-Marks+AF8-644623+AF8-LeftFullBodyImage.png?itok+AD0-9LuHcH0S
Brendon Marotte,https://dmxg5wxfqgb4u.cloudfront.net/styles/athlete+AF8-bio+AF8-full+AF8-body/s3/2024+AC0-09/MAROTTE+AF8-BRENDON+AF8-R+AF8-09+AC0-07.png?itok+AD0-hIX9Ebpy
Nate Marquardt,https://dmxg5wxfqgb4u.cloudfront.net/styles/athlete+AF8-bio+AF8-full+AF8-body/s3/2022+AC0-03/ccb00869+AC0-3e4e+AC0-450c+AC0-af29+AC0-4826dab8e2d8+ACU-252FNate+AC0-Marquardt+AF8-358+AF8-LeftFullBodyImage.png?itok+AD0-6LkLbWik
Danilo Marques,https://dmxg5wxfqgb4u.cloudfront.net/styles/athlete+AF8-bio+AF8-full+AF8-body/s3/2021+AC0-07/MARQUES+AF8-DANILO+AF8-L+AF8-06+AC0-26.png?itok+AD0-D09Vl5WP
Julian Marquez,https://dmxg5wxfqgb4u.cloudfront.net/styles/athlete+AF8-bio+AF8-full+AF8-body/s3/2025+AC0-02/MARQUEZ+AF8-JULIAN+AF8-L+AF8-06+AC0-08.png?itok+AD0-NLS5eoNs
Carmelo Marrero,None
Dallas Marron,None
Cesar Marscucci,None
John Marsh,None
Doug Marshall,None
Eliot Marshall,None
Francis Marshall,https://dmxg5wxfqgb4u.cloudfront.net/styles/athlete+AF8-bio+AF8-full+AF8-body/s3/2024+AC0-08/MARSHALL+AF8-FRANCIS+AF8-L+AF8-08+AC0-24.png?itok+AD0-DeSI60qf
Jack Marshman,https://dmxg5wxfqgb4u.cloudfront.net/styles/athlete+AF8-bio+AF8-full+AF8-body/s3/image/fighter+AF8-images/Jack+AF8-Marshman/MARSHMAN+AF8-JACK+AF8-L.png?VersionId+AD0-BVIwKm777vibVz9GVvVZrx5a3VLKFusS+ACY-itok+AD0-Fnncqt9L
Anthony Rocco Martin,https://dmxg5wxfqgb4u.cloudfront.net/styles/athlete+AF8-bio+AF8-full+AF8-body/s3/2019+AC0-03/ROCCO+AF8-MARTIN+AF8-ANTHONY+AF8-L.png?VersionId+AD0AXw-k+AF8-up9QAygSxWCBpnXiOk51ItXJg7Otb+ACY-itok+AD0-hFVEdwbT
Mallory Martin,https://dmxg5wxfqgb4u.cloudfront.net/styles/athlete+AF8-bio+AF8-full+AF8-body/s3/2022+AC0-02/55c7d96e+AC0-15da+AC0-4464+AC0-8880+AC0-f734acb17762+ACU-252FMARTIN+AF8-MALLORY+AF8-L+AF8-12+AC0-04.png?itok+AD0-RpVRw3Zs
Eric Martin,None
Terry Martin,None
Justin Martin,None
Michal Martinek,https://dmxg5wxfqgb4u.cloudfront.net/styles/athlete+AF8-bio+AF8-full+AF8-body/s3/2022+AC0-03/154d122c+AC0-1d12+AC0-4040+AC0-8f03+AC0-c472fc2a8030+ACU-252FMARTINEK+AF8-MICHAL+AF8-R.png?itok+AD0-HPo6psDd
Henry Martinez,None
Danny Martinez,https://dmxg5wxfqgb4u.cloudfront.net/styles/athlete+AF8-bio+AF8-full+AF8-body/s3/2022+AC0-03/248f05a2+AC0-c213+AC0-4f71+AC0-9561+AC0-e9cba27c8d16+ACU-252FDanny+AC0-Martinez+AF8-453465+AF8-LeftFullBodyImage.png?itok+AD0-bR2Lds9Z
Rainy Martinez,None
Melissa Martinez,https://dmxg5wxfqgb4u.cloudfront.net/styles/athlete+AF8-bio+AF8-full+AF8-body/s3/2024+AC0-10/5/MARTINEZ+AF8-MELISSA+AF8-L+AF8-09+AC0-10.png?itok+AD0-rqZ+AC0-h6hg
Roque Martinez,https://dmxg5wxfqgb4u.cloudfront.net/styles/athlete+AF8-bio+AF8-full+AF8-body/s3/2021+AC0-06/69657+ACU-252Fprofile+AC0-galery+ACU-252Ffullbodyleft+AC0-picture+ACU-252FMARTINEZ+AF8-ROQUE+AF8-L+AF8-06+AC0-19.png?itok+AD0-yA3e9+AF8-K4
Mana Martinez,https://dmxg5wxfqgb4u.cloudfront.net/styles/athlete+AF8-bio+AF8-full+AF8-body/s3/2023+AC0-03/MARTINEZ+AF8-MANA+AF8-L+AF8-03+AC0-05.png?itok+AD0-H8yrnTrA
Victor Martinez,https://dmxg5wxfqgb4u.cloudfront.net/styles/athlete+AF8-bio+AF8-full+AF8-body/s3/2023+AC0-02/MARTINEZ+AF8-VICTOR+AF8-L+AF8-02+AC0-25.png?itok+AD0-xF5fr6Jr
Jonathan Martinez,https://dmxg5wxfqgb4u.cloudfront.net/styles/athlete+AF8-bio+AF8-full+AF8-body/s3/2024+AC0-11/MARTINEZ+AF8-JONATHAN+AF8-L+AF8-11+AC0-16.png?itok+AD0-tdKVyP+AC0-h
David Martinez,https://dmxg5wxfqgb4u.cloudfront.net/styles/athlete+AF8-bio+AF8-full+AF8-body/s3/2025+AC0-01/MARTINEZ+AF8-DAVID+AF8-L.png?itok+AD0-u+AF8-Je6IfW
Lucas Martins,https://dmxg5wxfqgb4u.cloudfront.net/styles/athlete+AF8-bio+AF8-full+AF8-body/s3/2022+AC0-03/f35ea2b3+AC0-8406+AC0-43d6+AC0-b2bb+AC0-66cb75175f7f+ACU-252FLucas+AC0-Martins+AF8-298745+AF8-LeftFullBodyImage.png?itok+AD0-gwLSkqSp
Adriano Martins,https://dmxg5wxfqgb4u.cloudfront.net/styles/athlete+AF8-bio+AF8-full+AF8-body/s3/2021+AC0-08/Adriano+AC0-Martins+AF8-286579+AF8-LeftFullBodyImage.png?itok+AD0-FHedY1Q1
Bristol Marunde,None
Kazuma Maruyama,https://dmxg5wxfqgb4u.cloudfront.net/styles/athlete+AF8-bio+AF8-full+AF8-body/s3/2023+AC0-06/MARUYAMA+AF8-KAZUMA+AF8-L.png?itok+AD0-SQrr0o7Y
Mike Massenzio,None
Tiffany Masters,https://dmxg5wxfqgb4u.cloudfront.net/styles/athlete+AF8-bio+AF8-full+AF8-body/s3/2022+AC0-03/93191c5c+AC0-8ccc+AC0-4f13+AC0-a7cb+AC0-d3bc27f9fd97+ACU-252FTiffany+AC0-Masters+AF8-635977+AF8-LeftFullBodyImage.png?itok+AD0-DDRct4bJ
Jorge Masvidal,https://dmxg5wxfqgb4u.cloudfront.net/styles/athlete+AF8-bio+AF8-full+AF8-body/s3/2023+AC0-06/MASVIDAL+AF8-JORGE+AF8-L+AF8-04+AC0-08.png?itok+AD0-e6d7F5uq
Al Matavao,https://dmxg5wxfqgb4u.cloudfront.net/styles/athlete+AF8-bio+AF8-full+AF8-body/s3/2022+AC0-03/875b58ff+AC0-8aee+AC0-420d+AC0-b7aa+AC0-0bc12709d15a+ACU-252FMATAVAO+AF8-AL+AF8-R.png?itok+AD0-sO8iro+AF8-3
Eduardo Matias Torres,None
Tateki Matsuda,https://dmxg5wxfqgb4u.cloudfront.net/styles/athlete+AF8-bio+AF8-full+AF8-body/s3/2022+AC0-03/2e5f7224+AC0-57fe+AC0-4524+AC0-83ce+AC0-73eedd6024f9+ACU-252Ftateki+AC0-matsuda+AF8-500175+AF8-LeftFullBodyImage.png?itok+AD0-EW9O73G9
Jean Matsumoto,https://dmxg5wxfqgb4u.cloudfront.net/styles/athlete+AF8-bio+AF8-full+AF8-body/s3/2024+AC0-10/7/MATSUMOTO+AF8-JEAN+AF8-L+AF8-04+AC0-06.png?itok+AD0-TZbw7hz0
Koyomi Matsushima,https://dmxg5wxfqgb4u.cloudfront.net/styles/athlete+AF8-bio+AF8-full+AF8-body/s3/2022+AC0-06/64e869a6+AC0-a371+AC0-408e+AC0-8c7a+AC0-501383cb719f+ACU-252FMATSUSHIMA+AF8-KOYOMI+AF8-R.png?itok+AD0-fbg8TB+AC0-A
Jake Matthews,https://dmxg5wxfqgb4u.cloudfront.net/styles/athlete+AF8-bio+AF8-full+AF8-body/s3/2025+AC0-02/MATTHEWS+AF8-JAKE+AF8-L+AF8-02+AC0-08.png?itok+AD0-e0Ul8bRI
Connor Matthews,https://dmxg5wxfqgb4u.cloudfront.net/styles/athlete+AF8-bio+AF8-full+AF8-body/s3/2025+AC0-02/MATTHEWS+AF8-CONNOR+AF8-L+AF8-02+AC0-15.png?itok+AD0-Edsy1XOE
John Matua,None
Francesco Maturi,None
Vladimir Matyushenko,None
Miranda Maverick,https://dmxg5wxfqgb4u.cloudfront.net/styles/athlete+AF8-bio+AF8-full+AF8-body/s3/2025+AC0-01/5/MAVERICK+AF8-MIRANDA+AF8-L+AF8-12+AC0-14.png?itok+AD0-jVXEhXGn
Nick Maximov,https://dmxg5wxfqgb4u.cloudfront.net/styles/athlete+AF8-bio+AF8-full+AF8-body/s3/2022+AC0-10/MAXIMOV+AF8-NICK+AF8-L+AF8-10+AC0-15.png?itok+AD0-hEHJ0UCs
Jack May,https://dmxg5wxfqgb4u.cloudfront.net/styles/athlete+AF8-bio+AF8-full+AF8-body/s3/2022+AC0-03/07af50e6+AC0-7267+AC0-4ad2+AC0-85f5+AC0-6b1d4a9b5b12+ACU-252FJack+AC0-May+AF8-472737+AF8-LeftFullBodyImage.png?itok+AD0-Co6S3Jdy
Don'Tale Mayes ,https://dmxg5wxfqgb4u.cloudfront.net/styles/athlete+AF8-bio+AF8-full+AF8-body/s3/2025+AC0-02/MAYES+AF8-DONTALE+AF8-L+AF8-02+AC0-15.png?itok+AD0-AoZs5+AF8-Ub
Gray Maynard,https://dmxg5wxfqgb4u.cloudfront.net/styles/athlete+AF8-bio+AF8-full+AF8-body/s3/image/ufc+AC0-fighter+AC0-container/68043/profile+AC0-galery/fullbodyleft+AC0-picture/Gray+AC0-Maynard+AF8-512+AF8-LeftFullBodyImage.png?itok+AD0-2T7jKerI
Gina Mazany,https://dmxg5wxfqgb4u.cloudfront.net/styles/athlete+AF8-bio+AF8-full+AF8-body/s3/2022+AC0-04/b411a4b0+AC0-8007+AC0-47f9+AC0-8ac7+AC0-dcb6a3adbb89+ACU-252FMAZANY+AF8-GINA+AF8-L+AF8-04+AC0-30.png?itok+AD0-o6aitgGE
Sabina Mazo,https://dmxg5wxfqgb4u.cloudfront.net/styles/athlete+AF8-bio+AF8-full+AF8-body/s3/2021+AC0-10/69185+ACU-252Fprofile+AC0-galery+ACU-252Ffullbodyleft+AC0-picture+ACU-252FMAZO+AF8-SABINA+AF8-L+AF8-10+AC0-09.png?itok+AD0-BhYUH3Ds
Scott McAfee,None
Michael McBride,https://dmxg5wxfqgb4u.cloudfront.net/styles/athlete+AF8-bio+AF8-full+AF8-body/s3/2022+AC0-03/75eb19ea+AC0-a0c8+AC0-4889+AC0-87b5+AC0-7a7b918fe3c1+ACU-252Fmichael+AC0-mcbride+AF8-604656+AF8-LeftFullBodyImage.png?itok+AD0-9hPuvh28
Ian McCall,https://dmxg5wxfqgb4u.cloudfront.net/styles/athlete+AF8-bio+AF8-full+AF8-body/s3/2022+AC0-03/682fc11d+AC0-ca78+AC0-43c0+AC0-a23e+AC0-5289f256f990+ACU-252FIan+AC0-McCall+AF8-234155+AF8-LeftFullBodyImage.png?itok+AD0-D0zl3vzZ
Molly McCann,https://dmxg5wxfqgb4u.cloudfront.net/styles/athlete+AF8-bio+AF8-full+AF8-body/s3/2024+AC0-07/MCCANN+AF8-MOLLY+AF8-L+AF8-07+AC0-27.png?itok+AD0-40zTRfRD
Charles McCarthy,None
Eric McConico,https://dmxg5wxfqgb4u.cloudfront.net/styles/athlete+AF8-bio+AF8-full+AF8-body/s3/2025+AC0-02/MCCONICO+AF8-ERIC+AF8-R+AF8-02+AC0-22.png?itok+AD0-Op+AC0-sQQz1
Sean McCorkle,None
Kris McCray,None
Tamdan McCrory,https://dmxg5wxfqgb4u.cloudfront.net/styles/athlete+AF8-bio+AF8-full+AF8-body/s3/2022+AC0-03/8f687a63+AC0-d9e6+AC0-4036+AC0-ade8+AC0-df687b6a38c9+ACU-252FTamdan+AC0-McCrory+AF8-484+AF8-LeftFullBodyImage.png?itok+AD0-5McZLdhb
Justin McCully,None
Bubba McDaniel,https://dmxg5wxfqgb4u.cloudfront.net/styles/athlete+AF8-bio+AF8-full+AF8-body/s3/image/fighter+AF8-images/Robert+AF8-Bubba+AF8-McDaniel/Robert+AC0-Bubba+AC0-McDaniel+AC0-005.png?VersionId+AD0-A5vxYE49eQwQKJgtYuuWHNHw5lR0YAbn+ACY-itok+AD0-jzkbPbIh
Michael McDonald,https://dmxg5wxfqgb4u.cloudfront.net/styles/athlete+AF8-bio+AF8-full+AF8-body/s3/2020+AC0-03/Michael+AC0-McDonald+AF8-106902+AF8-LeftFullBodyImage.png?VersionId+AD0-A3788V9dtu7FceUxeG7zrhanR9JdY+AF8-XS+ACY-itok+AD0-ZLrSKGNv
Drew McFedries,None
Gan McGee,None
Court McGee,https://dmxg5wxfqgb4u.cloudfront.net/styles/athlete+AF8-bio+AF8-full+AF8-body/s3/2024+AC0-10/MCGEE+AF8-COURT+AF8-L+AF8-10+AC0-05.png?itok+AD0-Ps2R0nHs
Marcus McGhee,https://dmxg5wxfqgb4u.cloudfront.net/styles/athlete+AF8-bio+AF8-full+AF8-body/s3/2025+AC0-01/5/MCGHEE+AF8-MARCUS+AF8-L+AF8-01+AC0-13.png?itok+AD0-7PHLMpGO
Ryan McGilivray,None
Jack McGlaughlin,None
Conor McGregor,https://dmxg5wxfqgb4u.cloudfront.net/styles/athlete+AF8-bio+AF8-full+AF8-body/s3/2021+AC0-07/MCGREGOR+AF8-CONOR+AF8-L+AF8-07+AC0-10.png?itok+AD0-xbg9Kwfj
Sean Mcinerney,None
Antonio McKee,None
Rhys McKee,https://dmxg5wxfqgb4u.cloudfront.net/styles/athlete+AF8-bio+AF8-full+AF8-body/s3/2020+AC0-11/MCKEE+AF8-RHYS+AF8-L+AF8-07+AC0-25.png?itok+AD0-ZltijBAQ
Cory McKenna,https://dmxg5wxfqgb4u.cloudfront.net/styles/athlete+AF8-bio+AF8-full+AF8-body/s3/2024+AC0-10/1/MCKENNA+AF8-CORY+AF8-L+AF8-03+AC0-16.png?itok+AD0-jf5EcvHk
Cody McKenzie,https://dmxg5wxfqgb4u.cloudfront.net/styles/athlete+AF8-bio+AF8-full+AF8-body/s3/image/fighter+AF8-images/Cody+AF8-McKenzie/CodyMcKenzie+AF8-UFC159+AF8-054.png?VersionId+AD0-ziTnTjYweufsehpLzOZWOcflE38Voszm+ACY-itok+AD0-NMCBwvEX
Tim McKenzie,None
Terrance McKinney,https://dmxg5wxfqgb4u.cloudfront.net/styles/athlete+AF8-bio+AF8-full+AF8-body/s3/2025+AC0-01/MCKINNEY+AF8-TERRANCE+AF8-L+AF8-02+AC0-01.png?itok+AD0-u23T36P+AF8-
Garreth McLellan,https://dmxg5wxfqgb4u.cloudfront.net/styles/athlete+AF8-bio+AF8-full+AF8-body/s3/2022+AC0-03/25e1d3b8+AC0-7e9c+AC0-48f9+AC0-bae0+AC0-082a4508e5b9+ACU-252Fgarreth+AC0-mclellan+AF8-513471+AF8-LeftFullBodyImage.png?itok+AD0-TNDYHDV9
Sara McMann,https://dmxg5wxfqgb4u.cloudfront.net/styles/athlete+AF8-bio+AF8-full+AF8-body/s3/2022+AC0-06/MCMANN+AF8-SARA+AF8-L+AF8-03+AC0-26.png?itok+AD0-e4xYlpkV
James McSweeney,None
Tim Means,https://dmxg5wxfqgb4u.cloudfront.net/styles/athlete+AF8-bio+AF8-full+AF8-body/s3/2024+AC0-04/MEANS+AF8-TIM+AF8-L+AF8-04+AC0-27.png?itok+AD0-3qS4onQK
Yancy Medeiros,https://dmxg5wxfqgb4u.cloudfront.net/styles/athlete+AF8-bio+AF8-full+AF8-body/s3/2021+AC0-05/69524+ACU-252Fprofile+AC0-galery+ACU-252Ffullbodyleft+AC0-picture+ACU-252FMEDEIROS+AF8-YANCY+AF8-L+AF8-05+AC0-22.png?itok+AD0-geEvGRZM
Anistavio Medeiros,None
MarQuel Mederos,https://dmxg5wxfqgb4u.cloudfront.net/styles/athlete+AF8-bio+AF8-full+AF8-body/s3/2024+AC0-01/MEDEROS+AF8-MARQUEL+AF8-L.png?itok+AD0-7eEl8q4c
Uro+//3//Q- Medi+//3//Q-,https://dmxg5wxfqgb4u.cloudfront.net/styles/athlete+AF8-bio+AF8-full+AF8-body/s3/2025+AC0-01/2/MEDIC+AF8-UROS+AF8-L+AF8-01+AC0-11.png?itok+AD0-QbSTfVCp
Todd Medina,None
Emil Meek,https://dmxg5wxfqgb4u.cloudfront.net/styles/athlete+AF8-bio+AF8-full+AF8-body/s3/2018+AC0-10/MEEK+AF8-EMIL+AF8-L.png?VersionId+AD0-YY773+AF8-WLDo9EJ29S5yjXw5HWK2HoZ7X.+ACY-itok+AD0-N0cfMA8u
Alton Meeks,https://dmxg5wxfqgb4u.cloudfront.net/styles/athlete+AF8-bio+AF8-full+AF8-body/s3/2022+AC0-03/c9f28fc3+AC0-869f+AC0-4b4b+AC0-8b77+AC0-632b6e6e5414+ACU-252FMEEKS+AF8-ALTON+AF8-L.png?itok+AD0-KM6eHJ+AC0-0
Gerald Meerschaert,https://dmxg5wxfqgb4u.cloudfront.net/styles/athlete+AF8-bio+AF8-full+AF8-body/s3/2024+AC0-11/MEERSCHAERT+AF8-GERALD+AF8-L+AF8-11+AC0-09.png?itok+AD0-VKVgf6+AC0-E
Jordan Mein,https://dmxg5wxfqgb4u.cloudfront.net/styles/athlete+AF8-bio+AF8-full+AF8-body/s3/image/ufc+AC0-fighter+AC0-container/68336/profile+AC0-galery/fullbodyleft+AC0-picture/Jordan+AC0-Mein+AF8-242511+AF8-LeftFullBodyImage.png?VersionId+AD0-5WIMB3L1NG9ZoBuEVO+AF8-g+AF8-dWSvHJlQAjn+ACY-itok+AD0-nC1qtdkw
Brian Melancon,https://dmxg5wxfqgb4u.cloudfront.net/styles/athlete+AF8-bio+AF8-full+AF8-body/s3/image/fighter+AF8-images/Brian+AF8-Melancon/BrianMelancon+AF8-UFC162+AF8-049.png?VersionId+AD0-lF.Y8Zo2sU7TKgUWnr9.DDUaGaRBHTM3+ACY-itok+AD0-UJewtM0J
Dominik Melendez,None
Gilbert Melendez,https://dmxg5wxfqgb4u.cloudfront.net/styles/athlete+AF8-bio+AF8-full+AF8-body/s3/image/ufc+AC0-fighter+AC0-container/68021/profile+AC0-galery/fullbodyleft+AC0-picture/MELENDEZ+AF8-GILBERT+AF8-L.png?VersionId+AD0-RDOk7r.nff0LipzUnFqoeUESOLD55eql+ACY-itok+AD0-xt+AF8-RaHM9
Marcello Mello,None
Vanessa Melo,https://dmxg5wxfqgb4u.cloudfront.net/styles/athlete+AF8-bio+AF8-full+AF8-body/s3/2019+AC0-11/MELO+AF8-VANESSA+AF8-L.png?VersionId+AD0-u4zV2vxt3LssrDoV1DJGO6si0sUTcEV8+ACY-itok+AD0-XhHwlLeE
Augusto Mendes,https://dmxg5wxfqgb4u.cloudfront.net/styles/athlete+AF8-bio+AF8-full+AF8-body/s3/2022+AC0-03/a56562a0+AC0-ad95+AC0-4de7+AC0-9d52+AC0-718ba76d7488+ACU-252FAugusto+AC0-Mendes+AF8-576605+AF8-LeftFullBodyImage.png?itok+AD0-ZmVUWJv5
Chad Mendes,https://dmxg5wxfqgb4u.cloudfront.net/styles/athlete+AF8-bio+AF8-full+AF8-body/s3/image/fighter+AF8-images/Chad+AF8-Mendes/MENDES+AF8-CHAD+AF8-L.png?itok+AD0-j00hkOvo
Antonio Mendes,None
Eddie Mendez,None
Mateus Mendon+//3//Q-a,https://dmxg5wxfqgb4u.cloudfront.net/styles/athlete+AF8-bio+AF8-full+AF8-body/s3/2023+AC0-01/MENDONCA+AF8-MATEUS+AF8-L+AF8-01+AC0-14.png?itok+AD0-jhMn5oDJ
Pietro Menga,https://dmxg5wxfqgb4u.cloudfront.net/styles/athlete+AF8-bio+AF8-full+AF8-body/s3/2022+AC0-03/259a88e9+AC0-bc23+AC0-48b4+AC0-bc70+AC0-bfcecc9b791d+ACU-252FPietro+AC0-Menga+AF8-645478+AF8-LeftFullBodyImage.png?itok+AD0-MJVArwSC
Alonzo Menifield,https://dmxg5wxfqgb4u.cloudfront.net/styles/athlete+AF8-bio+AF8-full+AF8-body/s3/2025+AC0-02/MENIFIELD+AF8-ALONZO+AF8-L+AF8-02+AC0-22.png?itok+AD0ALQ-fZW+AC0-aZ4
Ivan Menjivar,None
Dave Menne,None
Joe Merritt,https://dmxg5wxfqgb4u.cloudfront.net/styles/athlete+AF8-bio+AF8-full+AF8-body/s3/2022+AC0-03/cce0f063+AC0-feb4+AC0-4956+AC0-b651+AC0-39edb77e1497+ACU-252Fjoe+AC0-merritt+AF8-536410+AF8-LeftFullBodyImage.png?itok+AD0-4MWO5Feb
Jonathan Meunier,https://dmxg5wxfqgb4u.cloudfront.net/styles/athlete+AF8-bio+AF8-full+AF8-body/s3/2022+AC0-03/c7220a4f+AC0-4ab6+AC0-4176+AC0-a4a1+AC0-8b501a289135+ACU-252Fjonathan+AC0-meunier+AF8-594158+AF8-LeftFullBodyImage.png?itok+AD0-3NFeoWbD
Yaotzin Meza,https://dmxg5wxfqgb4u.cloudfront.net/styles/athlete+AF8-bio+AF8-full+AF8-body/s3/2022+AC0-03/7410c022+AC0-44e0+AC0-410d+AC0-aa2c+AC0-e65b1694640b+ACU-252FYaotzin+AC0-Meza+AF8-296694+AF8-LeftFullBodyImage.png?itok+AD0-CLiwxM5p
Guy Mezger,None
Jonathan Micallef,https://dmxg5wxfqgb4u.cloudfront.net/styles/athlete+AF8-bio+AF8-full+AF8-body/s3/2025+AC0-02/MICALLEF+AF8-JONATHAN+AF8-L+AF8-02+AC0-08.png?itok+AD0-5eJEH2qq
Andreas Michailidis,https://dmxg5wxfqgb4u.cloudfront.net/styles/athlete+AF8-bio+AF8-full+AF8-body/s3/2022+AC0-06/04f3f2c5+AC0-8f2b+AC0-41e8+AC0-ae78+AC0-085aa77c6365+ACU-252FMICHAILIDIS+AF8-ANDREAS+AF8-L+AF8-06+AC0-04.png?itok+AD0-z+AC0-JmLHt4
David Michaud,https://dmxg5wxfqgb4u.cloudfront.net/styles/athlete+AF8-bio+AF8-full+AF8-body/s3/2022+AC0-03/32ff2027+AC0-5b3b+AC0-47a7+AC0-9f7e+AC0-28bd7d4e321c+ACU-252FDavid+AC0-Michaud+AF8-483894+AF8-LeftFullBodyImage.png?itok+AD0-eNUDajuf
Christophe Midoux,None
Keith Mielke,None
Bojan Mihajlovic,https://dmxg5wxfqgb4u.cloudfront.net/styles/athlete+AF8-bio+AF8-full+AF8-body/s3/2022+AC0-03/23655a8e+AC0-5885+AC0-4745+AC0-b1ae+AC0-56080ec7d4e0+ACU-252Fbojan+AC0-mihajlovic+AF8-578548+AF8-LeftFullBodyImage.png?itok+AD0-T5LtMp6j
Pat Miletich,None
Curtis Millender,https://dmxg5wxfqgb4u.cloudfront.net/styles/athlete+AF8-bio+AF8-full+AF8-body/s3/image/ufc+AC0-fighter+AC0-container/67684/profile+AC0-galery/fullbodyleft+AC0-picture/MILLENDER+AF8-CURTIS+AF8-L.png?VersionId+AD0-u3mfBzKMWr5lCg1ptqYjSm584nkUYnw.+ACY-itok+AD0-w44iHsW1
Jim Miller,https://dmxg5wxfqgb4u.cloudfront.net/styles/athlete+AF8-bio+AF8-full+AF8-body/s3/2024+AC0-11/MILLER+AF8-JIM+AF8-L+AF8-11+AC0-16.png?itok+AD0-WZY1pp+AC0-m
Dan Miller,https://dmxg5wxfqgb4u.cloudfront.net/styles/athlete+AF8-bio+AF8-full+AF8-body/s3/2022+AC0-03/06872e7a+AC0-4985+AC0-4cc2+AC0-86d3+AC0-87528449a7e8+ACU-252FDan+AC0-Miller+AF8-954+AF8-LeftFullBodyImage.png?itok+AD0-6g4jmxJP
Cole Miller,https://dmxg5wxfqgb4u.cloudfront.net/styles/athlete+AF8-bio+AF8-full+AF8-body/s3/image/ufc+AC0-fighter+AC0-container/67659/profile+AC0-galery/fullbodyleft+AC0-picture/Cole+AC0-Miller+AF8-510+AF8-LeftFullBodyImage.png?itok+AD0-3+AF8-hknEIT
Phillip Miller,None
Jason Miller,None
Juliana Miller,https://dmxg5wxfqgb4u.cloudfront.net/styles/athlete+AF8-bio+AF8-full+AF8-body/s3/2023+AC0-03/MILLER+AF8-JULIANA+AF8-L+AF8-03+AC0-18.png?itok+AD0-HVIJ1bG0
Mo Miller,https://dmxg5wxfqgb4u.cloudfront.net/styles/athlete+AF8-bio+AF8-full+AF8-body/s3/2021+AC0-09/71787+ACU-252Fprofile+AC0-galery+ACU-252Ffullbodyright+AC0-picture+ACU-252FMILLER+AF8-MO+AF8-R.png?itok+AD0-768X8tfh
Che Mills,None
Adam Milstead,https://dmxg5wxfqgb4u.cloudfront.net/styles/athlete+AF8-bio+AF8-full+AF8-body/s3/image/fighter+AF8-images/Adam+AF8-Milstead/MILSTEAD+AF8-ADAM+AF8-L.png?itok+AD0-w+AF8-erpIzo
Alberto Mina,https://dmxg5wxfqgb4u.cloudfront.net/styles/athlete+AF8-bio+AF8-full+AF8-body/s3/image/ufc+AC0-fighter+AC0-container/67191/profile+AC0-galery/fullbodyleft+AC0-picture/Alberto+AC0-Mina+AF8-472511+AF8-LeftFullBodyImage.png?itok+AD0-3MlkyB7J
Zhang Mingyang,https://dmxg5wxfqgb4u.cloudfront.net/styles/athlete+AF8-bio+AF8-full+AF8-body/s3/2024+AC0-11/MINGYANG+AF8-ZHANG+AF8-L+AF8-11+AC0-23.png?itok+AD0-Th2mydJn
Darrick Minner,https://dmxg5wxfqgb4u.cloudfront.net/styles/athlete+AF8-bio+AF8-full+AF8-body/s3/2022+AC0-11/MINNER+AF8-DARRICK+AF8-L+AF8-11+AC0-05.png?itok+AD0-LQS+AF8-KNSt
Ikuhisa Minowa,None
Carlton Minus,https://dmxg5wxfqgb4u.cloudfront.net/styles/athlete+AF8-bio+AF8-full+AF8-body/s3/2020+AC0-08/MINUS+AF8-CARLTON+AF8-L+AF8-08+AC0-22.png?VersionId+AD0-Uui2StneZmgRuvI1BpV94mGhoOiaob99+ACY-itok+AD0-PPIjhXbq
Stipe Miocic,https://dmxg5wxfqgb4u.cloudfront.net/styles/athlete+AF8-bio+AF8-full+AF8-body/s3/2024+AC0-10/2/MIOCIC+AF8-STIPE+AF8-L.png?itok+AD0-vGdTrhWf
Frank Mir,https://dmxg5wxfqgb4u.cloudfront.net/styles/athlete+AF8-bio+AF8-full+AF8-body/s3/2022+AC0-03/4db23501+AC0-da10+AC0-4288+AC0-a34f+AC0-89b0af05a5f3+ACU-252FFrank+AC0-Mir+AF8-251+AF8-LeftFullBodyImage.png?itok+AD0-hhXyQA6w
Vitor Miranda,https://dmxg5wxfqgb4u.cloudfront.net/styles/athlete+AF8-bio+AF8-full+AF8-body/s3/2022+AC0-03/b69c74d8+AC0-0162+AC0-4d85+AC0-a3af+AC0-8fbafece2626+ACU-252Fvitor+AC0-miranda+AF8-477639+AF8-LeftFullBodyImage.png?itok+AD0-iEt+AF8ALQ-tux
Mario Miranda,None
Gabriel Miranda,https://dmxg5wxfqgb4u.cloudfront.net/styles/athlete+AF8-bio+AF8-full+AF8-body/s3/2022+AC0-09/MIRANDA+AF8-GABRIEL+AF8-L+AF8-09+AC0-03.png?itok+AD0-A1+AC0-7Iw9y
Kazuo Misaki,None
Toby Misech,https://dmxg5wxfqgb4u.cloudfront.net/styles/athlete+AF8-bio+AF8-full+AF8-body/s3/2022+AC0-03/2a522bd6+AC0-8ee0+AC0-480e+AC0-89b1+AC0-2270d9715d52+ACU-252FMISECH+AF8-TOBY+AF8-L.png?itok+AD0-ckaXcCL8
Dokonjonosuke Mishima,None
Martin Mishtaku,None
Danny Mitchell,https://dmxg5wxfqgb4u.cloudfront.net/styles/athlete+AF8-bio+AF8-full+AF8-body/s3/image/fighter+AF8-images/Danny+AF8-Mitchell/Danny+AF8-Mitchell+AF8-2014+AC0-03+AC0-05+AF8-024.png?VersionId+AD0-coSTfX8yezOD716C5MCEDc82omnAoJY8+ACY-itok+AD0-0QIpxGle
Maurice Mitchell,None
Terrence Mitchell,https://dmxg5wxfqgb4u.cloudfront.net/styles/athlete+AF8-bio+AF8-full+AF8-body/s3/2023+AC0-09/MITCHELL+AF8-TERRENCE+AF8-L+AF8-09+AC0-16.png?itok+AD0-Q9NLqEFf
Felix Lee Mitchell,None
Bryce Mitchell,https://dmxg5wxfqgb4u.cloudfront.net/styles/athlete+AF8-bio+AF8-full+AF8-body/s3/2025+AC0-01/5/MITCHELL+AF8-BRYCE+AF8-L+AF8-12+AC0-07.png?itok+AD0-dHLy0NT0
Roman Mitichyan,None
Matt Mitrione,https://dmxg5wxfqgb4u.cloudfront.net/styles/athlete+AF8-bio+AF8-full+AF8-body/s3/2022+AC0-03/49706924+AC0-8265+AC0-4dbd+AC0-b2f6+AC0-93c48c01f5f1+ACU-252FMatt+AC0-Mitrione+AF8-1109+AF8-LeftFullBodyImage.png?itok+AD0-BGzR+AF8-S1U
Eiji Mitsuoka,None
Takeya Mizugaki,https://dmxg5wxfqgb4u.cloudfront.net/styles/athlete+AF8-bio+AF8-full+AF8-body/s3/2022+AC0-03/22867f63+AC0-279d+AC0-4615+AC0-ad98+AC0-33e83960857a+ACU-252FTakeya+AC0-Mizugaki+AF8-1035+AF8-LeftFullBodyImage.png?itok+AD0-1+AC0-i+AC0-n+AC0-2+AC0-
Roxanne Modafferi,https://dmxg5wxfqgb4u.cloudfront.net/styles/athlete+AF8-bio+AF8-full+AF8-body/s3/2021+AC0-09/69156+ACU-252Fprofile+AC0-galery+ACU-252Ffullbodyleft+AC0-picture+ACU-252FMODAFFERI+AF8-ROXANNE+AF8-L+AF8-09+AC0-25.png?itok+AD0-UrW6WjzP
Bobby Moffett,https://dmxg5wxfqgb4u.cloudfront.net/styles/athlete+AF8-bio+AF8-full+AF8-body/s3/image/ufc+AC0-fighter+AC0-container/67477/profile+AC0-galery/fullbodyleft+AC0-picture/MOFFETT+AF8-BOBBY+AF8-L.png?VersionId+AD0-StruM.JDt14QPAW4qmQryMwFU31Q9fOI+ACY-itok+AD0-rxPzbKk3
Nate Mohr,None
Renato Moicano,https://dmxg5wxfqgb4u.cloudfront.net/styles/athlete+AF8-bio+AF8-full+AF8-body/s3/2025+AC0-01/12/MOICANO+AF8-RENATO+AF8-L+AF8-09+AC0-28.png?itok+AD0-tegTEuLA
Thiago Mois+//3//Q-s,https://dmxg5wxfqgb4u.cloudfront.net/styles/athlete+AF8-bio+AF8-full+AF8-body/s3/2025+AC0-01/13/MOISES+AF8-THIAGO+AF8-L+AF8-01+AC0-11.png?itok+AD0-gxcbFUxF
Muhammad Mokaev,https://dmxg5wxfqgb4u.cloudfront.net/styles/athlete+AF8-bio+AF8-full+AF8-body/s3/2022+AC0-03/911ce7a0+AC0-a97f+AC0-497c+AC0-9a2d+AC0-b3bbfa3e50d8+ACU-252FMOKAEV+AF8-MUHAMMAD+AF8-L+AF8-03+AC0-19.png?itok+AD0-4J+AF8-mStsT
Ashkan Mokhtarian,https://dmxg5wxfqgb4u.cloudfront.net/styles/athlete+AF8-bio+AF8-full+AF8-body/s3/image/ufc+AC0-fighter+AC0-container/67410/profile+AC0-galery/fullbodyleft+AC0-picture/Ashkan+AC0-Mokhtarian+AF8-624468+AF8-LeftFullBodyImage.png?VersionId+AD0-nYZsg2v5CiTZLXiVO4PuVnHgQwcOJN4G+ACY-itok+AD0-4m42pvcg
Suman Mokhtarian,https://dmxg5wxfqgb4u.cloudfront.net/styles/athlete+AF8-bio+AF8-full+AF8-body/s3/2018+AC0-11/MOKHTARIAN+AF8-SUMAN+AF8-L.png?VersionId+AD0-SfIe53BgR5hNF+AF8-9q2dve7r2EpHtMuwhO+ACY-itok+AD0-tQjC175O
Jeffrey Molina,https://dmxg5wxfqgb4u.cloudfront.net/styles/athlete+AF8-bio+AF8-full+AF8-body/s3/2021+AC0-08/71609+ACU-252Fprofile+AC0-galery+ACU-252Ffullbodyleft+AC0-picture+ACU-252FMOLINA+AF8-JEFF+AF8-L+AF8-04+AC0-24.png?itok+AD0-b8rGAbaH
Rudyard Moncayo,None
Jeff Monson,None
Darrell Montague,https://dmxg5wxfqgb4u.cloudfront.net/styles/athlete+AF8-bio+AF8-full+AF8-body/s3/2022+AC0-03/f90a3d53+AC0-16be+AC0-4281+AC0-b125+AC0-f9ac17b44c9d+ACU-252FDarrell+AC0-Montague+AF8-452694+AF8-LeftFullBodyImage.png?itok+AD0-s93gCnSu
Erick Montano,https://dmxg5wxfqgb4u.cloudfront.net/styles/athlete+AF8-bio+AF8-full+AF8-body/s3/2022+AC0-03/3c4e9440+AC0-0dba+AC0-4c76+AC0-aa7c+AC0-e3abdaaaba29+ACU-252Ferick+AC0-montano+AF8-569097+AF8-LeftFullBodyImage.png?itok+AD0-kiGNmSxp
Augusto Montano,https://dmxg5wxfqgb4u.cloudfront.net/styles/athlete+AF8-bio+AF8-full+AF8-body/s3/2022+AC0-03/62ac3604+AC0-855f+AC0-42cf+AC0-8c8e+AC0-3c121f81dee4+ACU-252Faugusto+AC0-montano+AF8-489258+AF8-LeftFullBodyImage.png?itok+AD0-u4T35yUz
Nicco Montano,https://dmxg5wxfqgb4u.cloudfront.net/styles/athlete+AF8-bio+AF8-full+AF8-body/s3/2021+AC0-07/69629+ACU-252Fprofile+AC0-galery+ACU-252Ffullbodyleft+AC0-picture+ACU-252FMONTANO+AF8-NICCO+AF8-L+AF8-07+AC0-31.png?itok+AD0-H67n3fNP
Alberto Montes,https://dmxg5wxfqgb4u.cloudfront.net/styles/athlete+AF8-bio+AF8-full+AF8-body/s3/2025+AC0-01/MONTES+AF8-ALBERTO+AF8-L.png?itok+AD0-B8+AC0-cJPuk
Steve Montgomery,https://dmxg5wxfqgb4u.cloudfront.net/styles/athlete+AF8-bio+AF8-full+AF8-body/s3/2022+AC0-03/24877c3a+AC0-feef+AC0-48d2+AC0-b7de+AC0-8344aa5fdc7c+ACU-252Fsteve+AC0-montgomery+AF8-530251+AF8-LeftFullBodyImage.png?itok+AD0-0rpFPpkB
James Moontasri,https://dmxg5wxfqgb4u.cloudfront.net/styles/athlete+AF8-bio+AF8-full+AF8-body/s3/2022+AC0-03/fd527642+AC0-0072+AC0-4b72+AC0-890c+AC0-4a0715a3c524+ACU-252FJames+AC0-Moontasri+AF8-490594+AF8-LeftFullBodyImage.png?itok+AD0-WB9k69a5
Homer Moore,None
Taylor Moore,https://dmxg5wxfqgb4u.cloudfront.net/styles/athlete+AF8-bio+AF8-full+AF8-body/s3/2020+AC0-11/71724+ACU-252Fprofile+AC0-galery+ACU-252Ffullbodyright+AC0-picture+ACU-252FMOORE+AF8-TAYLOR+AF8-R.png?itok+AD0-Kych+AF8-XQL
Marlon Moraes,https://dmxg5wxfqgb4u.cloudfront.net/styles/athlete+AF8-bio+AF8-full+AF8-body/s3/2021+AC0-09/68724+ACU-252Fprofile+AC0-galery+ACU-252Ffullbodyleft+AC0-picture+ACU-252FMORAES+AF8-MARLON+AF8-L+AF8-09+AC0-25.png?itok+AD0-MDXhwAUj
Sergio Moraes,https://dmxg5wxfqgb4u.cloudfront.net/styles/athlete+AF8-bio+AF8-full+AF8-body/s3/2018+AC0-10/MORAES+AF8-SERGIO+AF8-L.png?VersionId+AD0-Wv+AF8-QG3jG3jj0inI7zb1mFGITuS.zv4kr+ACY-itok+AD0-ktPf+AC0-U+AF8-3
Sheymon Moraes,https://dmxg5wxfqgb4u.cloudfront.net/styles/athlete+AF8-bio+AF8-full+AF8-body/s3/2020+AC0-03/MORAES+AF8-SHEYMON+AF8-L.png?VersionId+AD0-QiS3a7eXahQqV8P0x.AvFuv5JRt6jShB+ACY-itok+AD0-1ruue3hS
John Moraga,https://dmxg5wxfqgb4u.cloudfront.net/styles/athlete+AF8-bio+AF8-full+AF8-body/s3/image/ufc+AC0-fighter+AC0-container/68298/profile+AC0-galery/fullbodyleft+AC0-picture/John+AC0-Moraga+AF8-285939+AF8-LeftFullBodyImage.png?VersionId+AD0-pmDi6ZCx2E.yBjCqaGsZcoMlbUWjNrE4+ACY-itok+AD0-1rcmfF0H
Vince Morales,https://dmxg5wxfqgb4u.cloudfront.net/styles/athlete+AF8-bio+AF8-full+AF8-body/s3/2025+AC0-02/MORALES+AF8-VINCE+AF8-L+AF8-02+AC0-15.png?itok+AD0-W5lKkGLh
Albert Morales,https://dmxg5wxfqgb4u.cloudfront.net/styles/athlete+AF8-bio+AF8-full+AF8-body/s3/2021+AC0-08/Albert+AC0-Morales+AF8-602347+AF8-LeftFullBodyImage.png?itok+AD0-5BMGDv5T
Leonardo Morales,https://dmxg5wxfqgb4u.cloudfront.net/styles/athlete+AF8-bio+AF8-full+AF8-body/s3/2022+AC0-03/a6afaac8+AC0-0c9e+AC0-4432+AC0-8c59+AC0-fcfecb40dfff+ACU-252Fleonardo+AC0-morales+AF8-498766+AF8-LeftFullBodyImage.png?itok+AD0-sTjaRqqp
Joseph Morales,https://dmxg5wxfqgb4u.cloudfront.net/styles/athlete+AF8-bio+AF8-full+AF8-body/s3/image/fighter+AF8-images/Joseph+AF8-Morales/MORALES+AF8-JOSEPH+AF8-L.png?itok+AD0-w8OXScUm
Michael Morales,https://dmxg5wxfqgb4u.cloudfront.net/styles/athlete+AF8-bio+AF8-full+AF8-body/s3/2025+AC0-01/5/MORALES+AF8-MICHAEL+AF8-L+AF8-08+AC0-24.png?itok+AD0-YHNrEo3b
Omar Morales,https://dmxg5wxfqgb4u.cloudfront.net/styles/athlete+AF8-bio+AF8-full+AF8-body/s3/2023+AC0-04/MORALES+AF8-OMAR+AF8-L+AF8-03+AC0-18.png?itok+AD0-pRe0CHvy
Sarah Moras,https://dmxg5wxfqgb4u.cloudfront.net/styles/athlete+AF8-bio+AF8-full+AF8-body/s3/2022+AC0-03/bc95c750+AC0-2c9f+AC0-49b0+AC0-97af+AC0-3dcdf3bb801d+ACU-252FMORAS+AF8-SARAH+AF8-L+AF8-05+AC0-04.png?itok+AD0-ay2hfcBS
Christian Morecraft,None
Richardson Moreira,https://dmxg5wxfqgb4u.cloudfront.net/styles/athlete+AF8-bio+AF8-full+AF8-body/s3/2022+AC0-03/08d8e5f0+AC0-4b51+AC0-4991+AC0-8c31+AC0-823adae36c72+ACU-252Frichardson+AC0-moreira+AF8-477653+AF8-LeftFullBodyImage.png?itok+AD0-j2Gr1Tlw
Gisele Moreira,https://dmxg5wxfqgb4u.cloudfront.net/styles/athlete+AF8-bio+AF8-full+AF8-body/s3/image/fighter+AF8-images/Fighter+AF8-fullLength+AF8-Shadow+AC0-woman+AC0-blue.png?VersionId+AD0-SaZSiHq6Es28JDi9+AF8-jfSTmRNG4l+AF8-XkBS+ACY-itok+AD0-DWjj5ONS
Vinicius Moreira,https://dmxg5wxfqgb4u.cloudfront.net/styles/athlete+AF8-bio+AF8-full+AF8-body/s3/2019+AC0-09/MOREIRA+AF8-VINICIUS+AF8-L.png?VersionId+AD0-H9.mJUYIi+AF8-cdgM1WoE8JIidyvJqx1Swn+ACY-itok+AD0-GliivgEl
Brandon Moreno,https://dmxg5wxfqgb4u.cloudfront.net/styles/athlete+AF8-bio+AF8-full+AF8-body/s3/2022+AC0-07/MORENO+AF8-BRANDON+AF8-L+AF8-06+AC0-12.png?itok+AD0ALQ-Gi9L7O0
Dan Moret,https://dmxg5wxfqgb4u.cloudfront.net/styles/athlete+AF8-bio+AF8-full+AF8-body/s3/image/ufc+AC0-fighter+AC0-container/67717/profile+AC0-galery/fullbodyleft+AC0-picture/MORET+AF8-DAN+AF8-L.png?VersionId+AD0-I4+AF8-bJ9h5zHppkRBBHn6iicQfZTuwwkw1+ACY-itok+AD0-2jMmQxYM
Peggy Morgan,https://dmxg5wxfqgb4u.cloudfront.net/styles/athlete+AF8-bio+AF8-full+AF8-body/s3/image/fighter+AF8-images/Peggy+AF8-Morgan/PeggyMorgan+AF8-UNIFORM+AF8-TUF18+AF8-019.png?VersionId+AD0-Ur+AF8-2XPLNzcV1lSazGkjTLaHOIcbvDCY2+ACY-itok+AD0-x2+AF8-3E0Mu
Sammy Morgan,None
Alexander Morgan,https://dmxg5wxfqgb4u.cloudfront.net/styles/athlete+AF8-bio+AF8-full+AF8-body/s3/2022+AC0-08/MORGAN+AF8-ALEX+AF8-R.png?itok+AD0-yD7Zk+AC0-Wv
Joe Moriera,None
Alex Morono,https://dmxg5wxfqgb4u.cloudfront.net/styles/athlete+AF8-bio+AF8-full+AF8-body/s3/2024+AC0-11/MORONO+AF8-ALEX+AF8-L+AF8-10+AC0-12.png?itok+AD0-PYvPAhnU
Maryna Moroz,https://dmxg5wxfqgb4u.cloudfront.net/styles/athlete+AF8-bio+AF8-full+AF8-body/s3/2024+AC0-03/MOROZ+AF8-MARYNA+AF8-L+AF8-08+AC0-19.png?itok+AD0-WWjHJtle
Sergey Morozov,https://dmxg5wxfqgb4u.cloudfront.net/styles/athlete+AF8-bio+AF8-full+AF8-body/s3/2022+AC0-12/MOROZOV+AF8-SERGEY+AF8-L+AF8-12+AC0-17.png?itok+AD0-5YvT+AF8-g0Y
Scott Morris,None
Brad Morris,None
Anthony Morrison,None
Harry Moskowitz,None
Carlos Mota,https://dmxg5wxfqgb4u.cloudfront.net/styles/athlete+AF8-bio+AF8-full+AF8-body/s3/2022+AC0-11/MOTA+AF8-CARLOS+AF8-L+AF8-10+AC0-29.png?itok+AD0-k2Ak3189
Nikolas Motta,https://dmxg5wxfqgb4u.cloudfront.net/styles/athlete+AF8-bio+AF8-full+AF8-body/s3/2024+AC0-01/MOTTA+AF8-NIKOLAS+AF8-L+AF8-01+AC0-13.png?itok+AD0-hSbn+AC0AXw-Po
Eduarda Moura,https://dmxg5wxfqgb4u.cloudfront.net/styles/athlete+AF8-bio+AF8-full+AF8-body/s3/2024+AC0-11/MOURA+AF8-EDUARDA+AF8-L+AF8-06+AC0-08.png?itok+AD0-mGCsjkm6
Flavio Moura,None
Gegard Mousasi,https://dmxg5wxfqgb4u.cloudfront.net/styles/athlete+AF8-bio+AF8-full+AF8-body/s3/2022+AC0-03/964e83df+AC0-28e3+AC0-4aea+AC0-b2fe+AC0-414b55f22aca+ACU-252FGegard+AC0-Mousasi+AF8-241929+AF8-LeftFullBodyImage.png?itok+AD0-LCCRc5qe
Kris Moutinho,https://dmxg5wxfqgb4u.cloudfront.net/styles/athlete+AF8-bio+AF8-full+AF8-body/s3/2022+AC0-03/c9dc5e90+AC0-fb24+AC0-44e0+AC0-9a16+AC0-9b684c5af43b+ACU-252FMOUTINHO+AF8-KRIS+AF8-L+AF8-03+AC0-12.png?itok+AD0-V2jBO3K9
Jamie Moyle,https://dmxg5wxfqgb4u.cloudfront.net/styles/athlete+AF8-bio+AF8-full+AF8-body/s3/2022+AC0-03/5cea4e50+AC0-656f+AC0-48da+AC0-ae1d+AC0-4614a0802922+ACU-252Fjamie+AC0-moyle+AF8-587590+AF8-LeftFullBodyImage.png?itok+AD0-XJPTkJis
Askar Mozharov,https://dmxg5wxfqgb4u.cloudfront.net/styles/athlete+AF8-bio+AF8-full+AF8-body/s3/2022+AC0-06/ffae1624+AC0-c7ea+AC0-453d+AC0-a82b+AC0-1961ec583a6b+ACU-252FMOZHAROV+AF8-ASKAR+AF8-L+AF8-06+AC0-04.png?itok+AD0-mmhUBFQp
Sumudaerji,https://dmxg5wxfqgb4u.cloudfront.net/styles/athlete+AF8-bio+AF8-full+AF8-body/s3/2024+AC0-11/SUMUDAERJI+AF8-L+AF8-10+AC0-19.png?itok+AD0-kR4zlcwl
Lauren Mueller,https://dmxg5wxfqgb4u.cloudfront.net/styles/athlete+AF8-bio+AF8-full+AF8-body/s3/2018+AC0-11/MUELLER+AF8-LAUREN+AF8-L.png?VersionId+AD0-UrF88G.8r69y7oXNdR4I.I1WesYzq5vK+ACY-itok+AD0-3iKzb1Kl
Belal Muhammad,https://dmxg5wxfqgb4u.cloudfront.net/styles/athlete+AF8-bio+AF8-full+AF8-body/s3/2025+AC0-01/5/MUHAMMAD+AF8-BELAL+AF8-L+AF8-BELTMOCK.png?itok+AD0-KkpJDuuw
Quinn Mulhern,https://dmxg5wxfqgb4u.cloudfront.net/styles/athlete+AF8-bio+AF8-full+AF8-body/s3/image/fighter+AF8-images/Quinn+AF8-Mulhern/QuinnMulhern+AF8-UFC158+AF8-018.png?VersionId+AD0-ztu+AF8-Uc2ofX0CtqzHettbeTAusB7aZd07+ACY-itok+AD0-oKviQ3+AC0-S
James Mulheron,https://dmxg5wxfqgb4u.cloudfront.net/styles/athlete+AF8-bio+AF8-full+AF8-body/s3/2022+AC0-03/afb2c5a2+AC0-d7af+AC0-4446+AC0-b9d9+AC0-20a56160a70d+ACU-252FJames+AC0-Mulheron+AF8-630115+AF8-LeftFullBodyImage.png?itok+AD0-mSO3QkRk
Jamie Mullarkey,https://dmxg5wxfqgb4u.cloudfront.net/styles/athlete+AF8-bio+AF8-full+AF8-body/s3/2023+AC0-12/MULLARKEY+AF8-JAMIE+AF8-L+AF8-09+AC0-09.png?itok+AD0-bRPx5PNZ
Jim Mullen,None
Melissa Mullins,https://dmxg5wxfqgb4u.cloudfront.net/styles/athlete+AF8-bio+AF8-full+AF8-body/s3/2024+AC0-11/MULLINS+AF8-MELISSA+AF8-L+AF8-11+AC0-09.png?itok+AD0-usz738FY
Pedro Munhoz,https://dmxg5wxfqgb4u.cloudfront.net/styles/athlete+AF8-bio+AF8-full+AF8-body/s3/2024+AC0-03/MUNHOZ+AF8-PEDRO+AF8-L+AF8-03+AC0-09.png?itok+AD0-0l14dtxt
Andre Muniz,https://dmxg5wxfqgb4u.cloudfront.net/styles/athlete+AF8-bio+AF8-full+AF8-body/s3/2023+AC0-02/MUNIZ+AF8-ANDRE+AF8-L+AF8-02+AC0-25.png?itok+AD0-Rn6HJbdk
Alexander Munoz,https://dmxg5wxfqgb4u.cloudfront.net/styles/athlete+AF8-bio+AF8-full+AF8-body/s3/2023+AC0-07/MUNOZ+AF8-ALEXANDER+AF8-L+AF8-07+AC0-15.png?itok+AD0-VdSQECTu
Mark Munoz,https://dmxg5wxfqgb4u.cloudfront.net/styles/athlete+AF8-bio+AF8-full+AF8-body/s3/image/ufc+AC0-fighter+AC0-container/68712/profile+AC0-galery/fullbodyleft+AC0-picture/Mark+AC0-Munoz+AF8-916+AF8-LeftFullBodyImage.png?VersionId+AD0-jAUQE3coTwcztB9eG8Y1N06ccISRQ+AF8-TJ+ACY-itok+AD0-DD3SV3cr
Johnny Munoz,https://dmxg5wxfqgb4u.cloudfront.net/styles/athlete+AF8-bio+AF8-full+AF8-body/s3/2021+AC0-08/71685+ACU-252Fprofile+AC0-galery+ACU-252Ffullbodyleft+AC0-picture+ACU-252FMUNOZ+AF8-JOHNNY+AF8-L+AF8-08+AC0-07.png?itok+AD0-95Tj+AC0-r9z
Olivier Murad,https://dmxg5wxfqgb4u.cloudfront.net/styles/athlete+AF8-bio+AF8-full+AF8-body/s3/2021+AC0-10/84831+ACU-252Fprofile+AC0-galery+ACU-252Ffullbodyright+AC0-picture+ACU-252FMURAD+AF8-OLIVIER+AF8-R.png?itok+AD0-K6yEdu8G
Makhmud Muradov,https://dmxg5wxfqgb4u.cloudfront.net/styles/athlete+AF8-bio+AF8-full+AF8-body/s3/2024+AC0-05/MURADOV+AF8-MAKHMUD+AF8-L+AF8-02+AC0-03.png?itok+AD0-oDak959+AF8-
Kanako Murata,https://dmxg5wxfqgb4u.cloudfront.net/styles/athlete+AF8-bio+AF8-full+AF8-body/s3/2021+AC0-06/71616+ACU-252Fprofile+AC0-galery+ACU-252Ffullbodyleft+AC0-picture+ACU-252FMURATA+AF8-KANAKO+AF8-L+AF8-06+AC0-19.png?itok+AD0-SAdxibD6
Aili Muratbek,None
Vince Murdock,https://dmxg5wxfqgb4u.cloudfront.net/styles/athlete+AF8-bio+AF8-full+AF8-body/s3/image/ufc+AC0-fighter+AC0-container/69462/profile+AC0-galery/fullbodyleft+AC0-picture/MURDOCK+AF8-VINCE+AF8-L.png?itok+AD0AXw-oWrdSu9
Samandar Murodov,https://dmxg5wxfqgb4u.cloudfront.net/styles/athlete+AF8-bio+AF8-full+AF8-body/s3/2022+AC0-10/MURADOV+AF8-SAMANDER+AF8-L.png?itok+AD0-JKX+AF8-Jnh6
Lauren Murphy,https://dmxg5wxfqgb4u.cloudfront.net/styles/athlete+AF8-bio+AF8-full+AF8-body/s3/2023+AC0-01/MURPHY+AF8-LAUREN+AF8-L+AF8-01+AC0-19.png?itok+AD0-Hs7WZu6o
Tom Murphy,None
Lerone Murphy,https://dmxg5wxfqgb4u.cloudfront.net/styles/athlete+AF8-bio+AF8-full+AF8-body/s3/2025+AC0-01/5/MURPHY+AF8-LERONE+AF8-L+AF8-10+AC0-26.png?itok+AD0-iJChzpgf
Lee Murray,None
Jesse Murray,https://dmxg5wxfqgb4u.cloudfront.net/styles/athlete+AF8-bio+AF8-full+AF8-body/s3/2021+AC0-10/71852+ACU-252Fprofile+AC0-galery+ACU-252Ffullbodyright+AC0-picture+ACU-252FMURRAY+AF8-JESSE+AF8-R.png?itok+AD0-T17YpNIK
Khalid Murtazaliev,https://dmxg5wxfqgb4u.cloudfront.net/styles/athlete+AF8-bio+AF8-full+AF8-body/s3/2018+AC0-10/MURTAZALIEV+AF8-KHALID+AF8-L+AF8-0.png?VersionId+AD0-2RoFXc4Ovtjsnxua+AF8-00ZCbeOPq0M3d7K+ACY-itok+AD0ALQ-tnjsxAz
Azamat Murzakanov,https://dmxg5wxfqgb4u.cloudfront.net/styles/athlete+AF8-bio+AF8-full+AF8-body/s3/2025+AC0-01/5/MURZAKANOV+AF8-AZAMAT+AF8-L+AF8-08+AC0-03.png?itok+AD0-BRG5nU2A
Josias Musasa,https://dmxg5wxfqgb4u.cloudfront.net/styles/athlete+AF8-bio+AF8-full+AF8-body/s3/2024+AC0-09/MUSASA+AF8-JOSIAS+AF8-L.png?itok+AD0-tOCtdf5A
Nico Musoke,https://dmxg5wxfqgb4u.cloudfront.net/styles/athlete+AF8-bio+AF8-full+AF8-body/s3/2022+AC0-03/2f990c2d+AC0-cdb1+AC0-422b+AC0-8f5e+AC0-2c0146b2eb37+ACU-252FNicholas+AC0-Musoke+AF8-459338+AF8-LeftFullBodyImage.png?itok+AD0-wJiKhlZ7
Magomed Mustafaev,https://dmxg5wxfqgb4u.cloudfront.net/styles/athlete+AF8-bio+AF8-full+AF8-body/s3/2021+AC0-11/68647+ACU-252Fprofile+AC0-galery+ACU-252Ffullbodyleft+AC0-picture+ACU-252FMUSTAFAEV+AF8-MAGOMED+AF8-L+AF8-10+AC0-30.png?itok+AD0-ULGBxTCU
Max Mustaki,https://dmxg5wxfqgb4u.cloudfront.net/styles/athlete+AF8-bio+AF8-full+AF8-body/s3/2022+AC0-03/25540eb8+AC0-540a+AC0-4619+AC0-bb32+AC0-1a2386836386+ACU-252FMUSTAKI+AF8-MAX+AF8-R.png?itok+AD0-axDXxga5
Elvis Mutapcic,https://dmxg5wxfqgb4u.cloudfront.net/styles/athlete+AF8-bio+AF8-full+AF8-body/s3/2022+AC0-03/f85c845e+AC0-1841+AC0-418d+AC0-a8e1+AC0-b0efdb95ab37+ACU-252FElvis+AC0-Mutapcic+AF8-576508+AF8-LeftFullBodyImage.png?itok+AD0-Ax5gxM+AC0-0
Przemyslaw Mysiala,None
Muhammad Naimov,https://dmxg5wxfqgb4u.cloudfront.net/styles/athlete+AF8-bio+AF8-full+AF8-body/s3/2025+AC0-01/NAIMOV+AF8-MUHAMMAD+AF8-L+AF8-02+AC0-01.png?itok+AD0-WQYSIsNX
Rin Nakai,https://dmxg5wxfqgb4u.cloudfront.net/styles/athlete+AF8-bio+AF8-full+AF8-body/s3/2022+AC0-03/7bbeda70+AC0-869b+AC0-4250+AC0-8c6d+AC0-4900f98638d9+ACU-252FRin+AC0-Nakai+AF8-486128+AF8-LeftFullBodyImage.png?itok+AD0-a6QUfowK
Kazuhiro Nakamura,None
Keita Nakamura,https://dmxg5wxfqgb4u.cloudfront.net/styles/athlete+AF8-bio+AF8-full+AF8-body/s3/image/ufc+AC0-fighter+AC0-container/68467/profile+AC0-galery/fullbodyleft+AC0-picture/NAKAMURA+AF8-KEITA+AF8-L.png?itok+AD0-d7cAeCnr
Rinya Nakamura,https://dmxg5wxfqgb4u.cloudfront.net/styles/athlete+AF8-bio+AF8-full+AF8-body/s3/2023+AC0-08/NAKAMURA+AF8-RINYA+AF8-L+ACU-298+AF8-26.png?itok+AD0-9QceAHm6
Jutaro Nakao,None
Tyson Nam,https://dmxg5wxfqgb4u.cloudfront.net/styles/athlete+AF8-bio+AF8-full+AF8-body/s3/2023+AC0-07/NAM+AF8-TYSON+AF8-L+AF8-07+AC0-15.png?itok+AD0-ZtISSJO0
Rose Namajunas,https://dmxg5wxfqgb4u.cloudfront.net/styles/athlete+AF8-bio+AF8-full+AF8-body/s3/2025+AC0-01/5/NAMAJUNAS+AF8-ROSE+AF8-L+AF8-07+AC0-13.png?itok+AD0-0755HalR
Nad Narimani,https://dmxg5wxfqgb4u.cloudfront.net/styles/athlete+AF8-bio+AF8-full+AF8-body/s3/2020+AC0-07/NARIMANI+AF8-NAD+AF8-L+AF8-07+AC0-22.png?VersionId+AD0-gd0XYUxAOr7O4vi1fHEwRB297+AF8-vs.VaE+ACY-itok+AD0-ouc3VHFW
Roger Narvaez,https://dmxg5wxfqgb4u.cloudfront.net/styles/athlete+AF8-bio+AF8-full+AF8-body/s3/2022+AC0-03/ef5590d7+AC0-5034+AC0-47bb+AC0-8525+AC0-016e7dbb1eb3+ACU-252FRoger+AC0-Narvaez+AF8-486262+AF8-LeftFullBodyImage.png?itok+AD0-XBjKo15q
Rodrigo Nascimento,https://dmxg5wxfqgb4u.cloudfront.net/styles/athlete+AF8-bio+AF8-full+AF8-body/s3/2024+AC0-10/2/NASCIMENTO+AF8-RODRIGO+AF8-L+AF8-05+AC0-11.png?itok+AD0-LLy25Mi+AF8-
Allan Nascimento,https://dmxg5wxfqgb4u.cloudfront.net/styles/athlete+AF8-bio+AF8-full+AF8-body/s3/2023+AC0-01/NASCIMENTO+AF8-ALLAN+AF8-L+AF8-01+AC0-14.png?itok+AD0-tp6+AF8-5hmh
Bobby Nash,https://dmxg5wxfqgb4u.cloudfront.net/styles/athlete+AF8-bio+AF8-full+AF8-body/s3/2022+AC0-03/c61d1fce+AC0-d089+AC0-4848+AC0-8a0d+AC0-6654e7e8abd8+ACU-252Fbobby+AC0-nash+AF8-616674+AF8-LeftFullBodyImage.png?itok+AD0AXw-IM+AF8-5b9I
Nasrudin Nasrudinov,https://dmxg5wxfqgb4u.cloudfront.net/styles/athlete+AF8-bio+AF8-full+AF8-body/s3/2021+AC0-09/71767+ACU-252Fprofile+AC0-galery+ACU-252Ffullbodyright+AC0-picture+ACU-252FNASRUDINOV+AF8-NASRUDIN+AF8-R.png?itok+AD0-psvJ0dcK
Rafael Natal,https://dmxg5wxfqgb4u.cloudfront.net/styles/athlete+AF8-bio+AF8-full+AF8-body/s3/image/ufc+AC0-fighter+AC0-container/69034/profile+AC0-galery/fullbodyleft+AC0-picture/rafael+AC0-natal+AF8-13184+AF8-LeftFullBodyImage.png?VersionId+AD0-jpxF0zPgNSsIs+AF8-O2PGmAyN4.ENyeefMN+ACY-itok+AD0-BkvJ+AC0-ln4
Kevin Natividad,https://dmxg5wxfqgb4u.cloudfront.net/styles/athlete+AF8-bio+AF8-full+AF8-body/s3/2023+AC0-01/NATIVIDAD+AF8-KEVIN+AF8-L.png?itok+AD0-O3D7HQEd
Ismail Naurdiev,https://dmxg5wxfqgb4u.cloudfront.net/styles/athlete+AF8-bio+AF8-full+AF8-body/s3/2024+AC0-10/2/NAURDIEV+AF8-ISMAIL+AF8-L+AF8-10+AC0-26.png?itok+AD0-cAZ2Z+AF8-2o
Reza Nazri,None
Tafon Nchukwi,https://dmxg5wxfqgb4u.cloudfront.net/styles/athlete+AF8-bio+AF8-full+AF8-body/s3/2021+AC0-05/71605+ACU-252Fprofile+AC0-galery+ACU-252Ffullbodyleft+AC0-picture+ACU-252FNCHUKWI+AF8-TAFON+AF8-L+AF8-05+AC0-08.png?itok+AD0-6WLUqRKj
Dustin Neace,None
Geoff Neal,https://dmxg5wxfqgb4u.cloudfront.net/styles/athlete+AF8-bio+AF8-full+AF8-body/s3/2025+AC0-01/5/NEAL+AF8-GEOFF+AF8-L+AF8-10+AC0-26.png?itok+AD0-asYClZu2
Stanislav Nedkov,https://dmxg5wxfqgb4u.cloudfront.net/styles/athlete+AF8-bio+AF8-full+AF8-body/s3/image/fighter+AF8-images/Stanislav+AF8-Nedkov/StanislavNedkov+AF8-BlueCornerV2.png?VersionId+AD0-kshmk3mWewdyRXaj8q3X5aOe.8CAG+AF8-fm+ACY-itok+AD0-2qeb90CC
Josh Neer,None
Nicolae Negumereanu,https://dmxg5wxfqgb4u.cloudfront.net/styles/athlete+AF8-bio+AF8-full+AF8-body/s3/2021+AC0-06/71457+ACU-252Fprofile+AC0-galery+ACU-252Ffullbodyleft+AC0-picture+ACU-252FNEGUMEREANU+AF8-NICOLAE+AF8-L+AF8-06+AC0-19.png?itok+AD0-sKxexmCQ
Nair Nelikyan,None
Steve Nelmark,None
Kyle Nelson,https://dmxg5wxfqgb4u.cloudfront.net/styles/athlete+AF8-bio+AF8-full+AF8-body/s3/2024+AC0-09/NELSON+AF8-KYLE+AF8-L+AF8-3+AC0-30.png?itok+AD0-ar1URRhx
Gunnar Nelson,https://dmxg5wxfqgb4u.cloudfront.net/styles/athlete+AF8-bio+AF8-full+AF8-body/s3/2023+AC0-03/NELSON+AF8-GUNNAR+AF8-L+AF8-03+AC0-18.png?itok+AD0AXw-usckJU4
Roy Nelson,https://dmxg5wxfqgb4u.cloudfront.net/styles/athlete+AF8-bio+AF8-full+AF8-body/s3/2022+AC0-03/edc4dc56+AC0-2c21+AC0-4213+AC0-9ec8+AC0-68e2bb2046a4+ACU-252FRoy+AC0-Nelson+AF8-1110+AF8-LeftFullBodyImage.png?itok+AD0-WeC8abqb
Shane Nelson,None
Antonio Braga Neto,https://dmxg5wxfqgb4u.cloudfront.net/styles/athlete+AF8-bio+AF8-full+AF8-body/s3/image/ufc+AC0-fighter+AC0-container/67382/profile+AC0-galery/fullbodyleft+AC0-picture/Antonio+AC0-Braga+AC0-Neto+AF8-309271+AF8-LeftFullBodyImage.png?VersionId+AD0-iv2g5hwXuXZYiDMHqbF6qQMOE9puskfo+ACY-itok+AD0-9xxrPHKp
Mario Neto,None
Eduardo Neves,https://dmxg5wxfqgb4u.cloudfront.net/styles/athlete+AF8-bio+AF8-full+AF8-body/s3/2022+AC0-08/NEVES+AF8-EDUARDO+AF8-R.png?itok+AD0-WZcNNCfd
Nick Newell,None
Journey Newson,https://dmxg5wxfqgb4u.cloudfront.net/styles/athlete+AF8-bio+AF8-full+AF8-body/s3/2022+AC0-06/NEWSON+AF8-JOURNEY+AF8-L+AF8-05+AC0-07.png?itok+AD0-7olM43z9
Jeff Newton,None
Carlos Newton,None
Francis Ngannou,https://dmxg5wxfqgb4u.cloudfront.net/styles/athlete+AF8-bio+AF8-full+AF8-body/s3/2023+AC0-01/NGANNOU+AF8-FRANCIS+AF8-L+AF8-03+AC0-27.png?itok+AD0-s4MVBS7x
Ben Nguyen,https://dmxg5wxfqgb4u.cloudfront.net/styles/athlete+AF8-bio+AF8-full+AF8-body/s3/image/fighter+AF8-images/Ben+AF8-Nguyen/NGUYEN+AF8-BEN+AF8-L.png?itok+AD0-CrQPN3ZA
Steven Nguyen,https://dmxg5wxfqgb4u.cloudfront.net/styles/athlete+AF8-bio+AF8-full+AF8-body/s3/2024+AC0-04/NGUYEN+AF8-STEVEN+AF8-L+AF8-03+AC0-23.png?itok+AD0ALQ-qfx6yve
Alex Nicholson,https://dmxg5wxfqgb4u.cloudfront.net/styles/athlete+AF8-bio+AF8-full+AF8-body/s3/2021+AC0-08/alex+AC0-nicholson+AF8-575996+AF8-LeftFullBodyImage.png?itok+AD0-r2Yzemq9
Bo Nickal,https://dmxg5wxfqgb4u.cloudfront.net/styles/athlete+AF8-bio+AF8-full+AF8-body/s3/2024+AC0-11/NICKAL+AF8-BO+AF8-L+AF8-11+AC0-16.png?itok+AD0-Ny0jQ60x
Mike Nickels,None
Matheus Nicolau,https://dmxg5wxfqgb4u.cloudfront.net/styles/athlete+AF8-bio+AF8-full+AF8-body/s3/2024+AC0-10/16/NICOLAU+AF8-MATHEUS+AF8-L+AF8-10+AC0-19.png?itok+AD0-EuxC7X3A
Stewart Nicoll,https://dmxg5wxfqgb4u.cloudfront.net/styles/athlete+AF8-bio+AF8-full+AF8-body/s3/2024+AC0-08/NICOLL+AF8-STEWART+AF8-L+AF8-08+AC0-17.png?itok+AD0-0RUJMtxb
Jaimee Nievera,https://dmxg5wxfqgb4u.cloudfront.net/styles/athlete+AF8-bio+AF8-full+AF8-body/s3/image/fighter+AF8-images/Fighter+AF8-fullLength+AF8-Shadow+AC0-woman+AC0-blue.png?VersionId+AD0-SaZSiHq6Es28JDi9+AF8-jfSTmRNG4l+AF8-XkBS+ACY-itok+AD0-DWjj5ONS
Tom Niinimaki,https://dmxg5wxfqgb4u.cloudfront.net/styles/athlete+AF8-bio+AF8-full+AF8-body/s3/image/fighter+AF8-images/Tom+AF8-Niinimaki/Tom+AC0-Niinimaki+AC0-2013+AC0-11+AC0-27+AC0-047.png?VersionId+AD0-sAyaZ2siBGlMgK+AF8-OQdU4bzMJc9YLpSY6+ACY-itok+AD0-Cvp6BCFD
Ramsey Nijem,https://dmxg5wxfqgb4u.cloudfront.net/styles/athlete+AF8-bio+AF8-full+AF8-body/s3/2022+AC0-03/7e4e3757+AC0-374a+AC0-46d1+AC0-93f1+AC0-0556771ebb9c+ACU-252FRamsey+AC0-Nijem+AF8-144964+AF8-LeftFullBodyImage.png?itok+AD0-A6UL4+AF8-h6
Mats Nilsson,https://dmxg5wxfqgb4u.cloudfront.net/styles/athlete+AF8-bio+AF8-full+AF8-body/s3/image/ufc+AC0-fighter+AC0-container/68752/profile+AC0-galery/fullbodyleft+AC0-picture/Mats+AC0-Nilsson+AF8-466134+AF8-LeftFullBodyImage.png?VersionId+AD0-zIwQoooDVNbe66PEBvEQGgheLG1JSz0R+ACY-itok+AD0-x6Rl+AF8-tMI
Jack Nilsson,None
Yamato Nishikawa,None
Anthony Njokuani,https://dmxg5wxfqgb4u.cloudfront.net/styles/athlete+AF8-bio+AF8-full+AF8-body/s3/2022+AC0-03/f9c60486+AC0-80de+AC0-4ebb+AC0-a65f+AC0-8250899d2172+ACU-252FAnthony+AC0-Njokuani+AF8-1008+AF8-LeftFullBodyImage.png?itok+AD0-NAOGgfey
Chidi Njokuani,https://dmxg5wxfqgb4u.cloudfront.net/styles/athlete+AF8-bio+AF8-full+AF8-body/s3/2023+AC0-08/NJOKUANI+AF8-CHIDI+AF8-L.png?itok+AD0-qrXqI+AC0-dZ
Derrick Noble,None
Kyle Noblitt,None
Pedro Nobre,None
Antonio Rogerio Nogueira,https://dmxg5wxfqgb4u.cloudfront.net/styles/athlete+AF8-bio+AF8-full+AF8-body/s3/image/fighter+AF8-images/Antonio+AF8-Nogueira/NOGUEIRA+AF8-ROGERIO+AF8-L.png?VersionId+AD0-.wKSIpSNa6AbyOzgWnj+AF8-xK7aZnjP24vl+ACY-itok+AD0-d2RQAWmg
Minotauro Nogueira,https://dmxg5wxfqgb4u.cloudfront.net/styles/athlete+AF8-bio+AF8-full+AF8-body/s3/image/fighter+AF8-images/Antonio+AF8-Rodrigo+AF8-Nogueira/NOGUIERA+AF8-MINOTAURO+AF8-R.png?VersionId+AD0-YNPNRUEk6HX581+AF8-by.3q35b4Fg5zEOmO+ACY-itok+AD0-xx+AC0-uL52g
Alexandre Nogueira,None
Kyle Noke,https://dmxg5wxfqgb4u.cloudfront.net/styles/athlete+AF8-bio+AF8-full+AF8-body/s3/image/ufc+AC0-fighter+AC0-container/68531/profile+AC0-galery/fullbodyleft+AC0-picture/Kyle+AC0-Noke+AF8-1181+AF8-LeftFullBodyImage.png?VersionId+AD0-dUDcVtLShDLOf+AF8-HxsZeIPkOdV87EovoF+ACY-itok+AD0-kFlWzpxH
Tom Nolan,https://dmxg5wxfqgb4u.cloudfront.net/styles/athlete+AF8-bio+AF8-full+AF8-body/s3/2025+AC0-02/NOLAN+AF8-TOM+AF8-L+AF8-02+AC0-08.png?itok+AD0-1+AF8-k+AC0-gg+AF8-1
KJ Noons,https://dmxg5wxfqgb4u.cloudfront.net/styles/athlete+AF8-bio+AF8-full+AF8-body/s3/2022+AC0-03/32936dfb+AC0-068b+AC0-4fdc+AC0-a3eb+AC0-4e5c0c75faae+ACU-252FKJ+AC0-Noons+AF8-241941+AF8-LeftFullBodyImage.png?itok+AD0-MjWhnn6i
Sage Northcutt,https://dmxg5wxfqgb4u.cloudfront.net/styles/athlete+AF8-bio+AF8-full+AF8-body/s3/image/ufc+AC0-fighter+AC0-container/69188/profile+AC0-galery/fullbodyleft+AC0-picture/sage+AC0-northcutt+AF8-545279+AF8-LeftFullBodyImage.png?itok+AD0-V6Jr+AF8-gkH
Shohei Nose,https://dmxg5wxfqgb4u.cloudfront.net/styles/athlete+AF8-bio+AF8-full+AF8-body/s3/2022+AC0-06/7ead9139+AC0-185d+AC0-4af2+AC0-bfed+AC0-d6e99b50a136+ACU-252FNOSE+AF8-SHOHEI+AF8-L.png?itok+AD0-xsOb+AF8-ur9
Jason Novelli,https://dmxg5wxfqgb4u.cloudfront.net/styles/athlete+AF8-bio+AF8-full+AF8-body/s3/2022+AC0-03/b71621f4+AC0-fb8c+AC0-41e9+AC0-97ed+AC0-f65db459db5f+ACU-252FJason+AC0-Novelli+AF8-596662+AF8-LeftFullBodyImage.png?itok+AD0-UFRYs67Y
Phillipe Nover,https://dmxg5wxfqgb4u.cloudfront.net/styles/athlete+AF8-bio+AF8-full+AF8-body/s3/2022+AC0-03/3c5eebd6+AC0-50ba+AC0-4e7c+AC0-a545+AC0-5e1e48187bba+ACU-252FPhillipe+AC0-Nover+AF8-1002+AF8-LeftFullBodyImage.png?itok+AD0-SXVOLdED
Taiyilake Nueraji,https://dmxg5wxfqgb4u.cloudfront.net/styles/athlete+AF8-bio+AF8-full+AF8-body/s3/2023+AC0-06/NUERAJI+AF8-TAIYILAKE+AF8-L.png?itok+AD0-7tp8a8dY
Shayilan Nuerdanbieke,https://dmxg5wxfqgb4u.cloudfront.net/styles/athlete+AF8-bio+AF8-full+AF8-body/s3/2023+AC0-04/NUERDANBIEKE+AF8-SHAYILAN+AF8-L+AF8-04+AC0-08.png?itok+AD0-P06TvLw7
Amanda Nunes,https://dmxg5wxfqgb4u.cloudfront.net/styles/athlete+AF8-bio+AF8-full+AF8-body/s3/2023+AC0-06/NUNES+AF8-AMANDA+AF8-L+AF8-BELTX2+AF8-06+AC0-10.png?itok+AD0-8tM+AC0-g+AC0-Vq
Istela Nunes,https://dmxg5wxfqgb4u.cloudfront.net/styles/athlete+AF8-bio+AF8-full+AF8-body/s3/2021+AC0-10/68133+ACU-252Fprofile+AC0-galery+ACU-252Ffullbodyleft+AC0-picture+ACU-252FNUNES+AF8-ISTELA+AF8-L+AF8-10+AC0-16.png?itok+AD0-bYtt3La0
Diego Nunes,None
Josiane Nunes,https://dmxg5wxfqgb4u.cloudfront.net/styles/athlete+AF8-bio+AF8-full+AF8-body/s3/2024+AC0-03/NUNES+AF8-JOSIANE+AF8-L+AF8-03+AC0-16.png?itok+AD0-g02nHayz
Diyar Nurgozhay,https://dmxg5wxfqgb4u.cloudfront.net/styles/athlete+AF8-bio+AF8-full+AF8-body/s3/2025+AC0-01/NURGOZHAY+AF8-DIYAR+AF8-L.png?itok+AD0-NufUFO0+AF8-
Khabib Nurmagomedov,https://dmxg5wxfqgb4u.cloudfront.net/styles/athlete+AF8-bio+AF8-full+AF8-body/s3/image/fighter+AF8-images/Khabib+AF8-Nurmagomedov/1NURMAGOMEDOV+AF8-KHABIB+AF8-L.png?itok+AD0-MDKzcpwv
Said Nurmagomedov,https://dmxg5wxfqgb4u.cloudfront.net/styles/athlete+AF8-bio+AF8-full+AF8-body/s3/2025+AC0-01/NURMAGOMEDOV+AF8-SAID+AF8-L+AF8-02+AC0-01.png?itok+AD0-dn9AtHtI
Abubakar Nurmagomedov,https://dmxg5wxfqgb4u.cloudfront.net/styles/athlete+AF8-bio+AF8-full+AF8-body/s3/2022+AC0-10/NURMAGOMEDOV+AF8-ABUBAKAR+AF8-L+AF8-10+AC0-22.png?itok+AD0-iYDCRl84
Umar Nurmagomedov,https://dmxg5wxfqgb4u.cloudfront.net/styles/athlete+AF8-bio+AF8-full+AF8-body/s3/2025+AC0-01/NURMAGOMEDOV+AF8-UMAR+AF8-L+AF8-01+AC0-18.png?itok+AD0-iHETqGt4
Kennedy Nzechukwu,https://dmxg5wxfqgb4u.cloudfront.net/styles/athlete+AF8-bio+AF8-full+AF8-body/s3/2024+AC0-12/NZECHUKWU+AF8-KENNEDY+AF8-L+AF8-12+AC0-07.png?itok+AD0-m71eatdY
Jake O'Brien,None
TJ O'Brien,None
Sean O'Connell,https://dmxg5wxfqgb4u.cloudfront.net/styles/athlete+AF8-bio+AF8-full+AF8-body/s3/2022+AC0-03/86f4f1a8+AC0-aff9+AC0-4253+AC0-8712+AC0-d6a162f25b12+ACU-252FSean+AC0-O+AC0-Connell+AF8-476364+AF8-LeftFullBodyImage.png?itok+AD0-DO5HXIUh
Sean O'Malley,https://dmxg5wxfqgb4u.cloudfront.net/styles/athlete+AF8-bio+AF8-full+AF8-body/s3/2025+AC0-01/5/OMALLEY+AF8-SEAN+AF8-L+AF8-08+AC0-19.png?itok+AD0-PZizstP4
Chuck O'Neil,None
Casey O'Neill,https://dmxg5wxfqgb4u.cloudfront.net/styles/athlete+AF8-bio+AF8-full+AF8-body/s3/2024+AC0-10/2/ONEILL+AF8-CASEY+AF8-L+AF8-08+AC0-17.png?itok+AD0-G3lQIzld
Brendan O'Reilly,https://dmxg5wxfqgb4u.cloudfront.net/styles/athlete+AF8-bio+AF8-full+AF8-body/s3/2022+AC0-03/ffd69ece+AC0-f8be+AC0-42e2+AC0-ace0+AC0-b55ee16d0895+ACU-252Fbrendan+AC0-oreilly+AF8-465465+AF8-LeftFullBodyImage.png?itok+AD0AXw-gfZl87t
Jose Ochoa,https://dmxg5wxfqgb4u.cloudfront.net/styles/athlete+AF8-bio+AF8-full+AF8-body/s3/2024+AC0-11/OCHOA+AF8-JOSE+AF8-R+AF8-11+AC0-23.png?itok+AD0-AFE3qhbV
Christian Ocon,https://dmxg5wxfqgb4u.cloudfront.net/styles/athlete+AF8-bio+AF8-full+AF8-body/s3/2022+AC0-03/5a5478b4+AC0-57d7+AC0-4b4c+AC0-97e7+AC0-f9f2e83d374e+ACU-252FOCON+AF8-CHRISTIAN+AF8-L.png?itok+AD0-BiYvEswh
Richard Odoms,https://dmxg5wxfqgb4u.cloudfront.net/styles/athlete+AF8-bio+AF8-full+AF8-body/s3/image/fighter+AF8-images/SHADOW+AF8-Fighter+AF8-fullLength+AF8-RED.png?VersionId+AD0-niQpXmYT1tbiETIDAxTsCI5FDbiNt9kI+ACY-itok+AD0-Wcqi+AC0-8Me
Volkan Oezdemir,https://dmxg5wxfqgb4u.cloudfront.net/styles/athlete+AF8-bio+AF8-full+AF8-body/s3/2025+AC0-01/5/OEZDEMIR+AF8-VOLKAN+AF8-L+AF8-11+AC0-23.png?itok+AD0-BkueGFQW
Kaan Ofli,https://dmxg5wxfqgb4u.cloudfront.net/styles/athlete+AF8-bio+AF8-full+AF8-body/s3/2024+AC0-08/OFLI+AF8-KAAN+AF8-L+AF8-08+AC0-24.png?itok+AD0-ZWtdPliX
Trey Ogden,https://dmxg5wxfqgb4u.cloudfront.net/styles/athlete+AF8-bio+AF8-full+AF8-body/s3/2025+AC0-01/2/OGDEN+AF8-TREY+AF8-L+AF8-01+AC0-11.png?itok+AD0-u+AC0-lKyW1H
Andy Ogle,https://dmxg5wxfqgb4u.cloudfront.net/styles/athlete+AF8-bio+AF8-full+AF8-body/s3/2021+AC0-08/Andy+AC0-Ogle+AF8-271379+AF8-LeftFullBodyImage.png?itok+AD0-9XM2NeSa
Ho Taek Oh,None
Koji Oishi,None
Yushin Okami,https://dmxg5wxfqgb4u.cloudfront.net/styles/athlete+AF8-bio+AF8-full+AF8-body/s3/image/ufc+AC0-fighter+AC0-container/69611/profile+AC0-galery/fullbodyleft+AC0-picture/OKAMI+AF8-YUSHIN+AF8-L.png?VersionId+AD0-husoBhWJZG1oVRzlecdEhkL3KKJblqYh+ACY-itok+AD0-0nY+AC0-3KEb
JJ Okanovich,https://dmxg5wxfqgb4u.cloudfront.net/styles/athlete+AF8-bio+AF8-full+AF8-body/s3/2022+AC0-03/930b0902+AC0-79ef+AC0-4d21+AC0-b850+AC0-a3ab91375e9a+ACU-252FOKANOVICH+AF8-JJ+AF8-R.png?itok+AD0-tS5rJ3pR
Bolaji Oki,https://dmxg5wxfqgb4u.cloudfront.net/styles/athlete+AF8-bio+AF8-full+AF8-body/s3/2024+AC0-09/OKI+AF8-BOLAJI+AF8-L+AF8-09+AC0-28.png?itok+AD0-bvSOzsZJ
Aleksei Oleinik,https://dmxg5wxfqgb4u.cloudfront.net/styles/athlete+AF8-bio+AF8-full+AF8-body/s3/2022+AC0-08/3d2c60db+AC0-88dd+AC0-426b+AC0-9552+AC0-24ee37f5e804+ACU-252FOLEINIK+AF8-ALEKSEI+AF8-L+AF8-03+AC0-26.png?itok+AD0AXw-vwf9RgM
Michal Oleksiejczuk,https://dmxg5wxfqgb4u.cloudfront.net/styles/athlete+AF8-bio+AF8-full+AF8-body/s3/2024+AC0-06/OLEKSIEJCZUK+AF8-MICHAL+AF8-L+AF8-06+AC0-01.png?itok+AD0-rby88QRO
Ednaldo Oliveira,None
Wendell Oliveira,https://dmxg5wxfqgb4u.cloudfront.net/styles/athlete+AF8-bio+AF8-full+AF8-body/s3/image/ufc+AC0-fighter+AC0-container/69502/profile+AC0-galery/fullbodyleft+AC0-picture/wendell+AC0-oliveira+AF8-497780+AF8-LeftFullBodyImage.png?VersionId+AD0-lW75yziJ7jzfjecc6b+AF8-VDLC6mGJkyiPo+ACY-itok+AD0-4sDMHKbn
Alex Oliveira,https://dmxg5wxfqgb4u.cloudfront.net/styles/athlete+AF8-bio+AF8-full+AF8-body/s3/2021+AC0-04/67204+ACU-252Fprofile+AC0-galery+ACU-252Ffullbodyleft+AC0-picture+ACU-252FOLIVEIRA+AF8-ALEX+AF8-L+AF8-04+AC0-24.png?itok+AD0-OOEWWAXe
Maria Oliveira,https://dmxg5wxfqgb4u.cloudfront.net/styles/athlete+AF8-bio+AF8-full+AF8-body/s3/2022+AC0-06/dbfbc246+AC0-67f2+AC0-45d9+AC0-b6dd+AC0-2cb36eb6f179+ACU-252FOLIVEIRA+AF8-MARIA+AF8-L+AF8-06+AC0-18.png?itok+AD0-2PTJiDlh
Rafaello Oliveira,https://dmxg5wxfqgb4u.cloudfront.net/styles/athlete+AF8-bio+AF8-full+AF8-body/s3/image/fighter+AF8-images/Rafaello+AF8-Oliveira/RafaelloOliveira+AF8-RedCorner2.png?VersionId+AD0-eZc6isxN5KQszphK62IRghcgnkst3qY8+ACY-itok+AD0-wMhisPva
Vinicius Oliveira,https://dmxg5wxfqgb4u.cloudfront.net/styles/athlete+AF8-bio+AF8-full+AF8-body/s3/2024+AC0-02/OLIVIEIRA+AF8-VINICIUS+AF8-L+AF8-03+AC0-02.png?itok+AD0-ZK4gjuY2
Saimon Oliveira,https://dmxg5wxfqgb4u.cloudfront.net/styles/athlete+AF8-bio+AF8-full+AF8-body/s3/2022+AC0-01/ea80fa44+AC0-30db+AC0-475d+AC0-848e+AC0-8baa4bcb797e+ACU-252FOLIVEIRA+AF8-SAIMON+AF8-R+AF8-01+AC0-22.png?itok+AD0-Bej2bdFr
Bruno Oliveira,https://dmxg5wxfqgb4u.cloudfront.net/styles/athlete+AF8-bio+AF8-full+AF8-body/s3/2020+AC0-10/67525+ACU-252Fprofile+AC0-galery+ACU-252Ffullbodyright+AC0-picture+ACU-252FOLIVEIRA+AF8-BRUNO+AF8-R.png?itok+AD0-DQGSoK9V
Charles Oliveira,https://dmxg5wxfqgb4u.cloudfront.net/styles/athlete+AF8-bio+AF8-full+AF8-body/s3/2025+AC0-01/5/OLIVEIRA+AF8-CHARLES+AF8-L+AF8-11+AC0-16.png?itok+AD0-ReesBWpC
Ravena Oliveira,https://dmxg5wxfqgb4u.cloudfront.net/styles/athlete+AF8-bio+AF8-full+AF8-body/s3/2023+AC0-10/OLIVEIRA+AF8-RAVENA+AF8-R+AF8-10+AC0-14.png?itok+AD0-VltV+AC0-9yY
Felipe Olivieri,https://dmxg5wxfqgb4u.cloudfront.net/styles/athlete+AF8-bio+AF8-full+AF8-body/s3/2022+AC0-03/10ba2225+AC0-1075+AC0-4dd0+AC0-a0ad+AC0-fdd68fb8c126+ACU-252FFelipe+AC0-Olivieri+AF8-568410+AF8-LeftFullBodyImage.png?itok+AD0-EwNjV9Y0
Cameron Olson,https://dmxg5wxfqgb4u.cloudfront.net/styles/athlete+AF8-bio+AF8-full+AF8-body/s3/2022+AC0-03/0cbe71ac+AC0-f3aa+AC0-44e5+AC0-97cd+AC0-32bc7661be90+ACU-252FCameron+AC0-Olson+AF8-635981+AF8-LeftFullBodyImage.png?itok+AD0-aTgF094f
Gadzhi Omargadzhiev,https://dmxg5wxfqgb4u.cloudfront.net/styles/athlete+AF8-bio+AF8-full+AF8-body/s3/2022+AC0-05/92230a73+AC0-ae3b+AC0-452c+AC0-817d+AC0-e02faa715feb+ACU-252FOMARGADZHIEV+AF8-GADZHI+AF8-L+AF8-04+AC0-16.png?itok+AD0-QCvVq5nI
Alan Omer,https://dmxg5wxfqgb4u.cloudfront.net/styles/athlete+AF8-bio+AF8-full+AF8-body/s3/2021+AC0-08/Alan+AC0-Omer+AF8-474002+AF8-LeftFullBodyImage.png?itok+AD0-UD+AF8-8wtP+AF8-
Daniel Omielanczuk,https://dmxg5wxfqgb4u.cloudfront.net/styles/athlete+AF8-bio+AF8-full+AF8-body/s3/2022+AC0-03/31916caf+AC0-7567+AC0-4e7f+AC0-8371+AC0-ecdad8c70c20+ACU-252FDaniel+AC0-Omielanczuk+AF8-313054+AF8-LeftFullBodyImage.png?itok+AD0-8UNXmYPb
Michihiro Omigawa,None
David Onama,https://dmxg5wxfqgb4u.cloudfront.net/styles/athlete+AF8-bio+AF8-full+AF8-body/s3/2024+AC0-11/ONAMA+AF8-DAVID+AF8-L+AF8-11+AC0-16.png?itok+AD0-unBHuE6h
Charlie Ontiveros,https://dmxg5wxfqgb4u.cloudfront.net/styles/athlete+AF8-bio+AF8-full+AF8-body/s3/2021+AC0-10/71283+ACU-252Fprofile+AC0-galery+ACU-252Ffullbodyleft+AC0-picture+ACU-252FONTIVEROS+AF8-CHARLIE+AF8-L+AF8-10+AC0-09.png?itok+AD0-7v1Nr8Tl
Chibwikem Onyenegecha,None
Myktybek Orolbai,https://dmxg5wxfqgb4u.cloudfront.net/styles/athlete+AF8-bio+AF8-full+AF8-body/s3/2024+AC0-10/5/OROLBAI+AF8-MYKTYBEK+AF8-L+AF8-11+AC0-18.png?itok+AD0-SSUFQ4BQ
Brian Ortega,https://dmxg5wxfqgb4u.cloudfront.net/styles/athlete+AF8-bio+AF8-full+AF8-body/s3/2025+AC0-01/5/ORTEGA+AF8-BRIAN+AF8-L+AF8-09+AC0-14.png?itok+AD0-pUV9T7HB
Dustin Ortiz,https://dmxg5wxfqgb4u.cloudfront.net/styles/athlete+AF8-bio+AF8-full+AF8-body/s3/image/fighter+AF8-images/Dustin+AF8-Ortiz/ORTIZ+AF8-DUSTIN+AF8-L.png?VersionId+AD0-M2Oo9vo9FqkT9rxF9CcIWgB50lreecCS+ACY-itok+AD0-S1vjorBI
Tito Ortiz,None
Ode Osbourne,https://dmxg5wxfqgb4u.cloudfront.net/styles/athlete+AF8-bio+AF8-full+AF8-body/s3/2024+AC0-09/OSBOURNE+AF8-ODE+AF8-L+AF8-03+AC0-16.png?itok+AD0-j9aYNTpD
Nick Osipczak,None
Nissen Osterneck,None
Rachael Ostovich,https://dmxg5wxfqgb4u.cloudfront.net/styles/athlete+AF8-bio+AF8-full+AF8-body/s3/image/ufc+AC0-fighter+AC0-container/69626/profile+AC0-galery/fullbodyleft+AC0-picture/OSTOVICH+AF8-RACHAEL+AF8-L.png?VersionId+AD0-G0Zs.WoRP92k9yQtcT6fsdVs4oxbKC6C+ACY-itok+AD0-9x3kdzNL
Zak Ottow,https://dmxg5wxfqgb4u.cloudfront.net/styles/athlete+AF8-bio+AF8-full+AF8-body/s3/image/ufc+AC0-fighter+AC0-container/69557/profile+AC0-galery/fullbodyleft+AC0-picture/OTTOW+AF8-ZAK+AF8-L.png?VersionId+AD0-PVxe79ZsN75XuRhlxJ1awF.6BMopciow+ACY-itok+AD0-Pytuq5br
Sidney Outlaw,https://dmxg5wxfqgb4u.cloudfront.net/styles/athlete+AF8-bio+AF8-full+AF8-body/s3/2022+AC0-03/4ea5d8ac+AC0-506c+AC0-451f+AC0-b983+AC0-46b8d186a171+ACU-252FSidney+AC0-Outlaw+AF8-631544+AF8-LeftFullBodyImage.png?itok+AD0-yjONFMmo
Alistair Overeem,https://dmxg5wxfqgb4u.cloudfront.net/styles/athlete+AF8-bio+AF8-full+AF8-body/s3/2020+AC0-09/OVEREEM+AF8-ALISTAIR+AF8-L+AF8-04+AC0-20.png?VersionId+AD0-bXdyWxqT3s9LgovyRhZf2AXfXWZG.zt5+ACY-itok+AD0-rsA2j5xc
Alptekin Ozkilic,https://dmxg5wxfqgb4u.cloudfront.net/styles/athlete+AF8-bio+AF8-full+AF8-body/s3/2021+AC0-08/Alptekin+AC0-Ozkilic+AF8-464480+AF8-LeftFullBodyImage.png?itok+AD0-nGE6hEY1
Nick Pace,None
Larissa Pacheco,https://dmxg5wxfqgb4u.cloudfront.net/styles/athlete+AF8-bio+AF8-full+AF8-body/s3/2022+AC0-03/0b955f52+AC0-4b5f+AC0-471e+AC0-8c45+AC0-9b0f55c196fe+ACU-252Flarissa+AC0-pacheco+AF8-498883+AF8-LeftFullBodyImage.png?itok+AD0-k+AF8-3KCFUt
Angel Pacheco,https://dmxg5wxfqgb4u.cloudfront.net/styles/athlete+AF8-bio+AF8-full+AF8-body/s3/2024+AC0-03/PACHECO+AF8-ANGEL+AF8-L+AF8-03+AC0-30.png?itok+AD0-NwCafqU+AF8-
Teemu Packalen,https://dmxg5wxfqgb4u.cloudfront.net/styles/athlete+AF8-bio+AF8-full+AF8-body/s3/image/ufc+AC0-fighter+AC0-container/69342/profile+AC0-galery/fullbodyleft+AC0-picture/PACKALEN+AF8-TEEMU+AF8-L.png?VersionId+AD0-fWPKJQ2ISlMo5ie.qwO+AF8-85mDIl3SGM9M+ACY-itok+AD0-Gfc32FQZ
Chris Padilla,https://dmxg5wxfqgb4u.cloudfront.net/styles/athlete+AF8-bio+AF8-full+AF8-body/s3/2024+AC0-09/PADILLA+AF8-CHRIS+AF8-L+AF8-04+AC0-27.png?itok+AD0-msHvaB+AF8-e
Fernando Padilla,https://dmxg5wxfqgb4u.cloudfront.net/styles/athlete+AF8-bio+AF8-full+AF8-body/s3/2024+AC0-12/PADILLA+AF8-FERNANDO+AF8-L+AF8-03+AC0-23.png?itok+AD0-DHXR+AF8-1DC
Michael Page,https://dmxg5wxfqgb4u.cloudfront.net/styles/athlete+AF8-bio+AF8-full+AF8-body/s3/2024+AC0-03/PAGE+AF8-MICHAEL+AF8-L+AF8-03+AC0-09.png?itok+AD0-XqoQbGfO
Dustin Pague,https://dmxg5wxfqgb4u.cloudfront.net/styles/athlete+AF8-bio+AF8-full+AF8-body/s3/2022+AC0-03/8b78f53c+AC0-271d+AC0-43aa+AC0-ab66+AC0-cf3a379ae290+ACU-252FDustin+AC0-Pague+AF8-231411+AF8-LeftFullBodyImage.png?itok+AD0-0yRF3Ip5
Raulian Paiva,https://dmxg5wxfqgb4u.cloudfront.net/styles/athlete+AF8-bio+AF8-full+AF8-body/s3/2022+AC0-06/2d7d4623+AC0-b6d2+AC0-4b52+AC0-a616+AC0-6fedb4814a30+ACU-252FPAIVA+AF8-RAULIAN+AF8-L+AF8-06+AC0-25.png?itok+AD0-tIyT44DT
Dinis Paiva,https://dmxg5wxfqgb4u.cloudfront.net/styles/athlete+AF8-bio+AF8-full+AF8-body/s3/2022+AC0-03/d7615c73+AC0-0fce+AC0-4135+AC0-b49d+AC0-542c725c3c21+ACU-252FPAIVA+AF8-DINIS+AF8-L.png?itok+AD0-OzqbMiB2
Fredson Paixao,None
Luis Pajuelo,https://dmxg5wxfqgb4u.cloudfront.net/styles/athlete+AF8-bio+AF8-full+AF8-body/s3/2024+AC0-04/PAJUELO+AF8-LUIS+AF8-L+AF8-03+AC0-23.png?itok+AD0-doBPI+AF8-7n
Rick Palacios,None
Bart Palaszewski,None
Sasha Palatnikov,https://dmxg5wxfqgb4u.cloudfront.net/styles/athlete+AF8-bio+AF8-full+AF8-body/s3/2021+AC0-07/PALATNIKOV+AF8-SASHA+AF8-L+AF8-04+AC0-10.png?itok+AD0-YlbV1ap+AC0-
Soa Palelei,https://dmxg5wxfqgb4u.cloudfront.net/styles/athlete+AF8-bio+AF8-full+AF8-body/s3/2022+AC0-03/9b49a08d+AC0-aa5a+AC0-463b+AC0-a5ea+AC0-aebae798c2e2+ACU-252FSoa+AC0-Palelei+AF8-562+AF8-LeftFullBodyImage.png?itok+AD0-GYIIKkWt
Rousimar Palhares,https://dmxg5wxfqgb4u.cloudfront.net/styles/athlete+AF8-bio+AF8-full+AF8-body/s3/2022+AC0-03/d8906d79+AC0-973f+AC0-49f3+AC0-bb34+AC0-980ad0230054+ACU-252FRousimar+AC0-Palhares+AF8-88+AF8-LeftFullBodyImage.png?itok+AD0-fsCCdUF4
Tulio Palhares,None
Alexandre Pantoja,https://dmxg5wxfqgb4u.cloudfront.net/styles/athlete+AF8-bio+AF8-full+AF8-body/s3/2025+AC0-01/5/PANTOJA+AF8-ALEXANDRE+AF8-L+AF8-BELT+AF8-12+AC0-07.png?itok+AD0-NqCK2FLq
Jared Papazian,None
Kathryn Paprocki,https://dmxg5wxfqgb4u.cloudfront.net/styles/athlete+AF8-bio+AF8-full+AF8-body/s3/2021+AC0-10/85094+ACU-252Fprofile+AC0-galery+ACU-252Ffullbodyright+AC0-picture+ACU-252FPAPROCKI+AF8-KATHRYN+AF8-R.png?itok+AD0-qMELfqeO
Joe Pardo,None
Remco Pardoel,None
Josh Parisian,https://dmxg5wxfqgb4u.cloudfront.net/styles/athlete+AF8-bio+AF8-full+AF8-body/s3/2024+AC0-03/PARISIAN+AF8-JOSH+AF8-L+AF8-08+AC0-12.png?itok+AD0-R9wi+AF8-iMb
Karo Parisyan,None
JunYong Park,https://dmxg5wxfqgb4u.cloudfront.net/styles/athlete+AF8-bio+AF8-full+AF8-body/s3/2023+AC0-12/PARK+AF8-JUNYONG+AF8-L+AF8-12+AC0-09.png?itok+AD0-vA9roBIR
Jae Hyun Park,None
HyunSung Park,https://dmxg5wxfqgb4u.cloudfront.net/styles/athlete+AF8-bio+AF8-full+AF8-body/s3/2025+AC0-02/PARK+AF8-HYUNSUNG+AF8-L+AF8-02+AC0-08.png?itok+AD0-iOTveigV
Harvey Park,https://dmxg5wxfqgb4u.cloudfront.net/styles/athlete+AF8-bio+AF8-full+AF8-body/s3/2022+AC0-03/99420280+AC0-0d09+AC0-48f6+AC0-b195+AC0-9ff6db414074+ACU-252FPARK+AF8-HARVEY+AF8-R.png?itok+AD0-EanW+AC0-WIh
Norman Parke,https://dmxg5wxfqgb4u.cloudfront.net/styles/athlete+AF8-bio+AF8-full+AF8-body/s3/2022+AC0-03/8a25825d+AC0-3e13+AC0-413f+AC0-9bac+AC0-a9c0994c4d82+ACU-252Fnorman+AC0-parke+AF8-290176+AF8-LeftFullBodyImage.png?itok+AD0-3spx1AQM
Ryan Parker,None
Mick Parkin,https://dmxg5wxfqgb4u.cloudfront.net/styles/athlete+AF8-bio+AF8-full+AF8-body/s3/2025+AC0-01/5/PARKIN+AF8-MICK+AF8-L+AF8-07+AC0-27.png?itok+AD0-cR8wNYb2
Preston Parsons,https://dmxg5wxfqgb4u.cloudfront.net/styles/athlete+AF8-bio+AF8-full+AF8-body/s3/2025+AC0-01/12/PARSONS+AF8-PRESTON+AF8-L+AF8-01+AC0-11.png?itok+AD0-jviXlqzV
Jonny Parsons,https://dmxg5wxfqgb4u.cloudfront.net/styles/athlete+AF8-bio+AF8-full+AF8-body/s3/2023+AC0-07/PARSONS+AF8-JONNY+AF8-L+AF8-07+AC0-22.png?itok+AD0-AL2GPEV1
Onassis Parungao,None
Ramona Pascual,https://dmxg5wxfqgb4u.cloudfront.net/styles/athlete+AF8-bio+AF8-full+AF8-body/s3/2022+AC0-06/40d02c20+AC0-8ab0+AC0-4ab4+AC0-ab69+AC0-ba8b8a4b2fc0+ACU-252FPASCUAL+AF8-RAMONA+AF8-L+AF8-02+AC0-26n.png?itok+AD0-9Mm+AF8-NNAY
Billy Pasulatan,https://dmxg5wxfqgb4u.cloudfront.net/styles/athlete+AF8-bio+AF8-full+AF8-body/s3/2023+AC0-06/PASULATAN+AF8-BILLY+AF8-R.png?itok+AD0-vkzwlBWD
Jhonoven Pati,https://dmxg5wxfqgb4u.cloudfront.net/styles/athlete+AF8-bio+AF8-full+AF8-body/s3/2022+AC0-03/5d2914c9+AC0-14a8+AC0-45c2+AC0-b468+AC0-06abb544ec21+ACU-252FPATI+AF8-JHONOVEN+AF8-L.png?itok+AD0-6YlQVbJg
Wendri Patilima,https://dmxg5wxfqgb4u.cloudfront.net/styles/athlete+AF8-bio+AF8-full+AF8-body/s3/2023+AC0-06/PATILIMA+AF8-WINDRI+AF8-L.png?itok+AD0-lXFQ0UTR
Jorge Patino,None
Alan Patrick,https://dmxg5wxfqgb4u.cloudfront.net/styles/athlete+AF8-bio+AF8-full+AF8-body/s3/2022+AC0-08/2d452983+AC0-441e+AC0-45e0+AC0-8c54+AC0-2175f9117930+ACU-252FPATRICK+AF8-ALAN+AF8-L+AF8-05+AC0-14.png?itok+AD0-OReZT7qI
Claude Patrick,None
Michael Patt,None
Sam Patterson,https://dmxg5wxfqgb4u.cloudfront.net/styles/athlete+AF8-bio+AF8-full+AF8-body/s3/2024+AC0-07/PATTERSON+AF8-SAM+AF8-L+AF8-07+AC0-27.png?itok+AD0-VsLACaap
Zac Pauga,https://dmxg5wxfqgb4u.cloudfront.net/styles/athlete+AF8-bio+AF8-full+AF8-body/s3/2024+AC0-02/PAUGA+AF8-ZAC+AF8-L+AF8-02+AC0-10.png?itok+AD0-0tn4TPnK
Julio Paulino,None
Thomas Paull,https://dmxg5wxfqgb4u.cloudfront.net/styles/athlete+AF8-bio+AF8-full+AF8-body/s3/2022+AC0-08/PAUL+AF8-THOMAS+AF8-L.png?itok+AD0-jP7lIWxo
Sergei Pavlovich,https://dmxg5wxfqgb4u.cloudfront.net/styles/athlete+AF8-bio+AF8-full+AF8-body/s3/2025+AC0-01/PAVLOVICH+AF8-SERGEI+AF8-L+AF8-02+AC0-01.png?itok+AD0-MY4F+AC0-Kia
Pawel Pawlak,https://dmxg5wxfqgb4u.cloudfront.net/styles/athlete+AF8-bio+AF8-full+AF8-body/s3/2022+AC0-03/82a6d1c1+AC0-ee92+AC0-412b+AC0-98c7+AC0-15f4ecdcccf5+ACU-252FPawel+AC0-Pawlak+AF8-466042+AF8-LeftFullBodyImage.png?itok+AD0-P+AC0-tx8Vdd
Estevan Payan,https://dmxg5wxfqgb4u.cloudfront.net/styles/athlete+AF8-bio+AF8-full+AF8-body/s3/2022+AC0-03/c99d7871+AC0-6e80+AC0-4117+AC0-acba+AC0-fe5be92ac07a+ACU-252FEstevan+AC0-Payan+AF8-242539+AF8-LeftFullBodyImage.png?itok+AD0-GXsfsjhS
Roland Payne,None
Jonathan Pearce,https://dmxg5wxfqgb4u.cloudfront.net/styles/athlete+AF8-bio+AF8-full+AF8-body/s3/2024+AC0-10/PEARCE+AF8-JONATHAN+AF8-L+AF8-10+AC0-12.png?itok+AD0-uTUmC3Pr
Ross Pearson,https://dmxg5wxfqgb4u.cloudfront.net/styles/athlete+AF8-bio+AF8-full+AF8-body/s3/image/fighter+AF8-images/Ross+AF8-Pearson/PEARSON+AF8-ROSS+AF8-L.png?VersionId+AD0-AGAmplZvoKETfW2hAJo3tmjyRV1aBUdo+ACY-itok+AD0-A6zhXw71
Andre Pederneiras,None
Carlo Pedersoli,https://dmxg5wxfqgb4u.cloudfront.net/styles/athlete+AF8-bio+AF8-full+AF8-body/s3/image/fighter+AF8-images/carlo+AF8-pedersoli/PEDERSOLI+AF8-CARLO+AF8-R.png?VersionId+AD0-IJ0Qe0P8kg7Oy+AF8-0LAFo+AF8-WH7NXr33BmtE+ACY-itok+AD0-wi4LPn0Y
Tyson Pedro,https://dmxg5wxfqgb4u.cloudfront.net/styles/athlete+AF8-bio+AF8-full+AF8-body/s3/2023+AC0-09/PEDRO+AF8-TYSON+AF8-L+AF8-09+AC0-09.png?itok+AD0-c4E4fGWV
Trevor Peek,https://dmxg5wxfqgb4u.cloudfront.net/styles/athlete+AF8-bio+AF8-full+AF8-body/s3/2024+AC0-09/PEEK+AF8-TREVOR+AF8-L+AF8-09+AC0-07.png?itok+AD0-R1vtpMTb
Filip Pejic,https://dmxg5wxfqgb4u.cloudfront.net/styles/athlete+AF8-bio+AF8-full+AF8-body/s3/2022+AC0-03/a9c899b8+AC0-0f9e+AC0-4de3+AC0-91df+AC0-7d9b6fbc5e56+ACU-252Ffilip+AC0-pejic+AF8-582928+AF8-LeftFullBodyImage.png?itok+AD0-qf3293EO
Kurt Pellegrino,None
Luis Pena,https://dmxg5wxfqgb4u.cloudfront.net/styles/athlete+AF8-bio+AF8-full+AF8-body/s3/2021+AC0-04/69731+ACU-252Fprofile+AC0-galery+ACU-252Ffullbodyleft+AC0-picture+ACU-252FPENA+AF8-LUIS+AF8-L+AF8-04+AC0-17.png?itok+AD0-g+AC0-nzzKcl
Julianna Pe+//3//Q-a,https://dmxg5wxfqgb4u.cloudfront.net/styles/athlete+AF8-bio+AF8-full+AF8-body/s3/2025+AC0-01/5/PENA+AF8-JULIANNA+AF8-L+AF8-BELT+AF8-07+AC0-30.png?itok+AD0-ln4aPF+AC0-V
Mat+//3//Q-j Pe+//3//f/9//0-z,https://dmxg5wxfqgb4u.cloudfront.net/styles/athlete+AF8-bio+AF8-full+AF8-body/s3/2022+AC0-08/PENAZ+AF8-MATEJ+AF8-R.png?itok+AD0-WFWkCpyU
Sherman Pendergarst,None
Cathal Pendred,https://dmxg5wxfqgb4u.cloudfront.net/styles/athlete+AF8-bio+AF8-full+AF8-body/s3/2022+AC0-03/99aa01bc+AC0-6b66+AC0-4379+AC0-838a+AC0-823785370d8e+ACU-252Fcathal+AC0-pendred+AF8-480355+AF8-LeftFullBodyImage.png?itok+AD0-vSUIJW53
Feng Pengchao,None
BJ Penn,https://dmxg5wxfqgb4u.cloudfront.net/styles/athlete+AF8-bio+AF8-full+AF8-body/s3/2020+AC0-03/PENN+AF8-BJ+AF8-L.png?VersionId+AD0-7enVGaRzNvudsF2YM8m.U5hjkv8CmYgb+ACY-itok+AD0-oDEnhpSE
Jessica Penne,https://dmxg5wxfqgb4u.cloudfront.net/styles/athlete+AF8-bio+AF8-full+AF8-body/s3/2024+AC0-10/14/PENNE+AF8-JESSICA+AF8-L+AF8-10+AC0-19.png?itok+AD0-d+AC0-r7UIfn
Nick Penner,None
Tecia Pennington,https://dmxg5wxfqgb4u.cloudfront.net/styles/athlete+AF8-bio+AF8-full+AF8-body/s3/2025+AC0-01/5/PENNINGTON+AF8-TECIA+AF8-L+AF8-05+AC0-11.png?itok+AD0-YQRjrZDR
Raquel Pennington,https://dmxg5wxfqgb4u.cloudfront.net/styles/athlete+AF8-bio+AF8-full+AF8-body/s3/2025+AC0-01/5/PENNINGTON+AF8-RAQUEL+AF8-L+AF8-01+AC0-20.png?itok+AD0-5LiXxOES
Robbie Peralta,https://dmxg5wxfqgb4u.cloudfront.net/styles/athlete+AF8-bio+AF8-full+AF8-body/s3/2022+AC0-03/ed1190b1+AC0-53dd+AC0-400b+AC0-8b98+AC0-9eb4de19d573+ACU-252FRobert+AC0-Peralta+AF8-226172+AF8-LeftFullBodyImage.png?itok+AD0-dPIPb3Lk
Viviane Pereira,https://dmxg5wxfqgb4u.cloudfront.net/styles/athlete+AF8-bio+AF8-full+AF8-body/s3/2022+AC0-03/5febd666+AC0-092e+AC0-40f3+AC0-ac3a+AC0-eed96bad87da+ACU-252FViviane+AC0-Pereira+AF8-609925+AF8-LeftFullBodyImage.png?itok+AD0-VoF6phUc
Alberto Pereira,https://dmxg5wxfqgb4u.cloudfront.net/styles/athlete+AF8-bio+AF8-full+AF8-body/s3/image/ufc+AC0-fighter+AC0-container/67192/profile+AC0-galery/fullbodyleft+AC0-picture/alberto+AC0-uda+AF8-586048+AF8-LeftFullBodyImage.png?VersionId+AD0-FEbaJLU6kf6SAitgfHLc5yuCPV7FEjf.+ACY-itok+AD0-k0EpTbB2
Daniel Pereira,None
Michel Pereira,https://dmxg5wxfqgb4u.cloudfront.net/styles/athlete+AF8-bio+AF8-full+AF8-body/s3/2025+AC0-01/5/PEREIRA+AF8-MICHEL+AF8-L+AF8-10+AC0-19.png?itok+AD0-Z+AC0-cWvzFL
Alex Pereira,https://dmxg5wxfqgb4u.cloudfront.net/styles/athlete+AF8-bio+AF8-full+AF8-body/s3/2025+AC0-01/5/PEREIRA+AF8-ALEX+AF8-L+AF8-BELT+AF8-10+AC0-05.png?itok+AD0ALQ-HWopS+AF8-9
Erik Perez,https://dmxg5wxfqgb4u.cloudfront.net/styles/athlete+AF8-bio+AF8-full+AF8-body/s3/2022+AC0-03/02aff074+AC0-112c+AC0-4e03+AC0-aa93+AC0-454d88dd8f6f+ACU-252FErik+AC0-Perez+AF8-268497+AF8-LeftFullBodyImage.png?itok+AD0-eevb9ntw
Frankie Perez,https://dmxg5wxfqgb4u.cloudfront.net/styles/athlete+AF8-bio+AF8-full+AF8-body/s3/2022+AC0-03/0fa667df+AC0-63e9+AC0-4296+AC0-9188+AC0-8df7770358b4+ACU-252Ffrankie+AC0-perez+AF8-516084+AF8-LeftFullBodyImage.png?itok+AD0-N5XRxn+AF8-t
Alejandro P+//3//Q-rez,https://dmxg5wxfqgb4u.cloudfront.net/styles/athlete+AF8-bio+AF8-full+AF8-body/s3/2021+AC0-10/67194+ACU-252Fprofile+AC0-galery+ACU-252Ffullbodyleft+AC0-picture+ACU-252FPEREZ+AF8-ALEJANDRO+AF8-L+AF8-10+AC0-02.png?itok+AD0-kqCsgx4r
Markus Perez,https://dmxg5wxfqgb4u.cloudfront.net/styles/athlete+AF8-bio+AF8-full+AF8-body/s3/2020+AC0-10/68722+ACU-252Fprofile+AC0-galery+ACU-252Ffullbodyleft+AC0-picture+ACU-252FPEREZ+AF8-MARKUS+AF8-L+AF8-11+AC0-16.png?itok+AD0-O8mlLzpN
Alex Perez,https://dmxg5wxfqgb4u.cloudfront.net/styles/athlete+AF8-bio+AF8-full+AF8-body/s3/2025+AC0-01/5/PEREZ+AF8-ALEX+AF8-L+AF8-06+AC0-15.png?itok+AD0-8UdkdbV+AF8-
Ailin Perez,https://dmxg5wxfqgb4u.cloudfront.net/styles/athlete+AF8-bio+AF8-full+AF8-body/s3/2025+AC0-01/13/PEREZ+AF8-AILIN+AF8-L+AF8-09+AC0-28.png?itok+AD0-UOV5hABI
Anthony Perosh,https://dmxg5wxfqgb4u.cloudfront.net/styles/athlete+AF8-bio+AF8-full+AF8-body/s3/2022+AC0-03/7e804117+AC0-3701+AC0-41f5+AC0-a826+AC0-9d327fd478cc+ACU-252FAnthony+AC0-Perosh+AF8-771+AF8-LeftFullBodyImage.png?itok+AD0-2JWeF1SP
Hernani Perpetuo,https://dmxg5wxfqgb4u.cloudfront.net/styles/athlete+AF8-bio+AF8-full+AF8-body/s3/2022+AC0-03/4b9a3e82+AC0-9c52+AC0-401b+AC0-83b1+AC0-3953b77722ee+ACU-252FHernani+AC0-Perpetuo+AF8-461793+AF8-LeftFullBodyImage.png?itok+AD0-U3wi88U9
Thiago Perp+//3//Q-tuo,https://dmxg5wxfqgb4u.cloudfront.net/styles/athlete+AF8-bio+AF8-full+AF8-body/s3/image/fighter+AF8-images/Thiago+AF8-Perdutuo/ThiagoPerdetuo+AF8-RedCorner.png?VersionId+AD0-IavNPXc9Y9zsvmsH+AF8-meHzgDxNYdylXAL+ACY-itok+AD0-jHmnctmk
Jay Perrin,https://dmxg5wxfqgb4u.cloudfront.net/styles/athlete+AF8-bio+AF8-full+AF8-body/s3/2022+AC0-02/cba9f2ed+AC0-c5bd+AC0-48a8+AC0-a137+AC0-7faa62f255e2+ACU-252FPERRIN+AF8-JAY+AF8-L+AF8-02+AC0-19.png?itok+AD0-oF76UtB+AF8-
Mike Perry,https://dmxg5wxfqgb4u.cloudfront.net/styles/athlete+AF8-bio+AF8-full+AF8-body/s3/2021+AC0-04/68841+ACU-252Fprofile+AC0-galery+ACU-252Ffullbodyleft+AC0-picture+ACU-252FPERRY+AF8-MIKE+AF8-L+AF8-04+AC0-10.png?itok+AD0-Hoh06TrJ
Raphael Pessoa Nunes,https://dmxg5wxfqgb4u.cloudfront.net/styles/athlete+AF8-bio+AF8-full+AF8-body/s3/image/ufc+AC0-fighter+AC0-container/69693/profile+AC0-galery/fullbodyleft+AC0-picture/PESSOA+AF8-RAPHAEL+AF8-L.png?VersionId+AD0-YmDm9OX6.fbV2zUtv5L+AF8-FzXliNVGAnI0+ACY-itok+AD0-Ecb+AF8-2HcW
Viktor Pesta,https://dmxg5wxfqgb4u.cloudfront.net/styles/athlete+AF8-bio+AF8-full+AF8-body/s3/2022+AC0-03/ed979e1d+AC0-0009+AC0-4343+AC0-bff8+AC0-e52a7b1d817b+ACU-252FViktor+AC0-Pesta+AF8-472617+AF8-LeftFullBodyImage.png?itok+AD0-FGfhhNWz
Tony Peterra,None
Emily Peters Kagan,https://dmxg5wxfqgb4u.cloudfront.net/styles/athlete+AF8-bio+AF8-full+AF8-body/s3/2022+AC0-03/9913c53b+AC0-ad60+AC0-4b8e+AC0-a67a+AC0-caf10c7bdfcc+ACU-252FEmily+AC0-Kagan+AF8-501821+AF8-LeftFullBodyImage.png?itok+AD0-t6ZtTo1b
Thomas Petersen,https://dmxg5wxfqgb4u.cloudfront.net/styles/athlete+AF8-bio+AF8-full+AF8-body/s3/2024+AC0-02/PETERSON+AF8-THOMAS+AF8-L+AF8-02+AC0-03.png?itok+AD0-O5Nb5zPT
Steven Peterson,https://dmxg5wxfqgb4u.cloudfront.net/styles/athlete+AF8-bio+AF8-full+AF8-body/s3/2023+AC0-03/PETERSON+AF8-STEVEN+AF8-L+AF8-03+AC0-25.png?itok+AD0-KFmRfFXa
Vitor Petrino,https://dmxg5wxfqgb4u.cloudfront.net/styles/athlete+AF8-bio+AF8-full+AF8-body/s3/2024+AC0-12/PETRINO+AF8-VITOR+AF8-L+AF8-12+AC0-14.png?itok+AD0-s+AF8-2+AC0-yODT
Andre Petroski,https://dmxg5wxfqgb4u.cloudfront.net/styles/athlete+AF8-bio+AF8-full+AF8-body/s3/2024+AC0-12/3/PETROSKI+AF8-ANDRE+AF8-L+AF8-09+AC0-07.png?itok+AD0-0jNnKSvA
Armen Petrosyan,https://dmxg5wxfqgb4u.cloudfront.net/styles/athlete+AF8-bio+AF8-full+AF8-body/s3/2024+AC0-11/PETROSYAN+AF8-ARMEN+AF8-L+AF8-10+AC0-26.png?itok+AD0-JMVOTu80
Ivana Petrovi+//3//Q-,https://dmxg5wxfqgb4u.cloudfront.net/styles/athlete+AF8-bio+AF8-full+AF8-body/s3/2024+AC0-04/PETROVIC+AF8-IVANA+AF8-L+AF8-04+AC0-27.png?itok+AD0-O+AF8-jrgtYB
Seth Petruzelli,None
Peter Petties,https://dmxg5wxfqgb4u.cloudfront.net/styles/athlete+AF8-bio+AF8-full+AF8-body/s3/2022+AC0-03/787e9b2c+AC0-b4c2+AC0-4166+AC0-b8c6+AC0-bb0c69b7adb7+ACU-252FPeter+AC0-Petties+AF8-635824+AF8-LeftFullBodyImage.png?itok+AD0ALQ-wcOTCKm
Sergio Pettis,https://dmxg5wxfqgb4u.cloudfront.net/styles/athlete+AF8-bio+AF8-full+AF8-body/s3/2018+AC0-10/PETTIS+AF8-SERGIO+AF8-L.png?itok+AD0-xxDbI7CQ
Anthony Pettis,https://dmxg5wxfqgb4u.cloudfront.net/styles/athlete+AF8-bio+AF8-full+AF8-body/s3/2019+AC0-08/PETTIS+AF8-ANTHONY+AF8-L+AF8-0.png?VersionId+AD0-1oy1Wmt9DLTlTc9prpWF6HliIZEh0Yj8+ACY-itok+AD0-vlUQ+AC0-54L
Forrest Petz,None
Cody Pfister,https://dmxg5wxfqgb4u.cloudfront.net/styles/athlete+AF8-bio+AF8-full+AF8-body/s3/2022+AC0-03/2651f080+AC0-a3c0+AC0-4d68+AC0-9681+AC0-40657cd8d869+ACU-252Fcody+AC0-pfister+AF8-519451+AF8-LeftFullBodyImage.png?itok+AD0-RNLg4dYp
Nam Phan,https://dmxg5wxfqgb4u.cloudfront.net/styles/athlete+AF8-bio+AF8-full+AF8-body/s3/2022+AC0-03/cbf8a22b+AC0-069a+AC0-4234+AC0-b5eb+AC0-0c2609bcb38b+ACU-252FNam+AC0-Phan+AF8-94733+AF8-LeftFullBodyImage.png?itok+AD0-rrnnGWW8
Costas Philippou,https://dmxg5wxfqgb4u.cloudfront.net/styles/athlete+AF8-bio+AF8-full+AF8-body/s3/image/ufc+AC0-fighter+AC0-container/67668/profile+AC0-galery/fullbodyleft+AC0-picture/constantinos+AC0-philippou+AF8-127777+AF8-LeftFullBodyImage.png?VersionId+AD0-8+AF8-bMnp3OVshOWxrRauidvUxwUKYSVooX+ACY-itok+AD0-PCk936+AF8-M
John Phillips,https://dmxg5wxfqgb4u.cloudfront.net/styles/athlete+AF8-bio+AF8-full+AF8-body/s3/2020+AC0-07/PHILLIPS+AF8-JOHN+AF8-L+AF8-03+AC0-16.png?VersionId+AD0-zDp3f7IVXLRSkVRaBEQEtOQAJK3LLTQp+ACY-itok+AD0-IYLTqckU
Elizabeth Phillips,https://dmxg5wxfqgb4u.cloudfront.net/styles/athlete+AF8-bio+AF8-full+AF8-body/s3/2022+AC0-03/73bd3b57+AC0-6582+AC0-45de+AC0-bbad+AC0-6b1ce858850a+ACU-252FElizabeth+AC0-Phillips+AF8-488764+AF8-LeftFullBodyImage.png?itok+AD0-GMnhVg3x
Aaron Phillips,https://dmxg5wxfqgb4u.cloudfront.net/styles/athlete+AF8-bio+AF8-full+AF8-body/s3/2023+AC0-04/PHILLIPS+AF8-AARON+AF8-L+AF8-04+AC0-15.png?itok+AD0-AGyUbB7y
Kyler Phillips,https://dmxg5wxfqgb4u.cloudfront.net/styles/athlete+AF8-bio+AF8-full+AF8-body/s3/2025+AC0-01/5/PHILLIPS+AF8-KYLER+AF8-L+AF8-10+AC0-19.png?itok+AD0-0LWJhXJp
Vinc Pichel,https://dmxg5wxfqgb4u.cloudfront.net/styles/athlete+AF8-bio+AF8-full+AF8-body/s3/2024+AC0-05/PICHEL+AF8-VINC+AF8-L+AF8-11+AC0-04.png?itok+AD0-Q+AF8-3KHom6
Jamie Pickett,https://dmxg5wxfqgb4u.cloudfront.net/styles/athlete+AF8-bio+AF8-full+AF8-body/s3/2024+AC0-03/PICKETT+AF8-JAMIE+AF8-L+AF8-03+AC0-02.png?itok+AD0-l4uqLc0N
Brad Pickett,https://dmxg5wxfqgb4u.cloudfront.net/styles/athlete+AF8-bio+AF8-full+AF8-body/s3/image/ufc+AC0-fighter+AC0-container/67485/profile+AC0-galery/fullbodyleft+AC0-picture/Brad+AC0-Pickett+AF8-1134+AF8-LeftFullBodyImage.png?VersionId+AD0-wGQHKZzWVNBG39XvXGessuDEvBobYqBi+ACY-itok+AD0-OlwP+AF8-nEo
Fabiola Pidroni,None
Oskar Piechota,https://dmxg5wxfqgb4u.cloudfront.net/styles/athlete+AF8-bio+AF8-full+AF8-body/s3/2020+AC0-03/PIECHOTA+AF8-OSKAR+AF8-L.png?VersionId+AD0-WF6OjImd95WkzjXqd9rs0KzlnegFtrXw+ACY-itok+AD0AXw-TSnfdAy
Mike Pierce,https://dmxg5wxfqgb4u.cloudfront.net/styles/athlete+AF8-bio+AF8-full+AF8-body/s3/2022+AC0-03/453cde6e+AC0-daeb+AC0-454e+AC0-9eb0+AC0-78e4bf952f2c+ACU-252FMike+AC0-Pierce+AF8-1028+AF8-LeftFullBodyImage.png?itok+AD0-3B0gYA+AC0-g
Joao Pierini,None
Sean Pierson,None
Domingo Pilarte,https://dmxg5wxfqgb4u.cloudfront.net/styles/athlete+AF8-bio+AF8-full+AF8-body/s3/2021+AC0-08/69711+ACU-252Fprofile+AC0-galery+ACU-252Ffullbodyleft+AC0-picture+ACU-252FPILARTE+AF8-DOMINGO+AF8-L+AF8-08+AC0-21.png?itok+AD0-4hm8+AC0-yHM
Paddy Pimblett,https://dmxg5wxfqgb4u.cloudfront.net/styles/athlete+AF8-bio+AF8-full+AF8-body/s3/2025+AC0-01/5/PIMBLETT+AF8-PADDY+AF8-L+AF8-07+AC0-27.png?itok+AD0-1rNStQm+AC0-
Daniel Pineda,https://dmxg5wxfqgb4u.cloudfront.net/styles/athlete+AF8-bio+AF8-full+AF8-body/s3/2024+AC0-10/16/PINEDA+AF8-DANIEL+AF8-L+AF8-07+AC0-27.png?itok+AD0-b2nMKWoI
Jesus Pinedo,https://dmxg5wxfqgb4u.cloudfront.net/styles/athlete+AF8-bio+AF8-full+AF8-body/s3/image/ufc+AC0-fighter+AC0-container/68251/profile+AC0-galery/fullbodyleft+AC0-picture/PINEDO+AF8-JESUS+AF8-L.png?VersionId+AD0-vhGmCc1.WEPCxyurvHm.Eu8RQI81eCZS+ACY-itok+AD0-vS+AC0-6y4I7
Luana Pinheiro,https://dmxg5wxfqgb4u.cloudfront.net/styles/athlete+AF8-bio+AF8-full+AF8-body/s3/2025+AC0-01/5/PINHEIRO+AF8-LUANA+AF8-L+AF8-11+AC0-09.png?itok+AD0-xdAMg7jW
Mario Pinto,https://dmxg5wxfqgb4u.cloudfront.net/styles/athlete+AF8-bio+AF8-full+AF8-body/s3/2024+AC0-10/PINTO+AF8-MARIO+AF8-R+AF8-10+AC0-08.png?itok+AD0-5szIRTI0
Gaetano Pirrello,https://dmxg5wxfqgb4u.cloudfront.net/styles/athlete+AF8-bio+AF8-full+AF8-body/s3/2021+AC0-10/67994+ACU-252Fprofile+AC0-galery+ACU-252Ffullbodyleft+AC0-picture+ACU-252FPIRRELLO+AF8-GAETANO+AF8-L+AF8-10+AC0-02.png?itok+AD0-RytdWC+AC0-5
Maki Pitolo,https://dmxg5wxfqgb4u.cloudfront.net/styles/athlete+AF8-bio+AF8-full+AF8-body/s3/2022+AC0-03/05814fbf+AC0-fec6+AC0-4205+AC0-be0d+AC0-70b7cb7adb7e+ACU-252FPITOLO+AF8-MAKI+AF8-L+AF8-12+AC0-04.png?itok+AD0-0nZQ987H
Dmitry Poberezhets,None
Jamal Pogues,https://dmxg5wxfqgb4u.cloudfront.net/styles/athlete+AF8-bio+AF8-full+AF8-body/s3/2025+AC0-01/2/POGUES+AF8-JAMAL+AF8-L+AF8-02+AC0-18.png?itok+AD0-9QWJqPAH
Ross Pointon,None
Dustin Poirier,https://dmxg5wxfqgb4u.cloudfront.net/styles/athlete+AF8-bio+AF8-full+AF8-body/s3/2025+AC0-01/5/POIRIER+AF8-DUSTIN+AF8-L+AF8-06+AC0-01.png?itok+AD0-YHikGku5
Igor Pokrajac,https://dmxg5wxfqgb4u.cloudfront.net/styles/athlete+AF8-bio+AF8-full+AF8-body/s3/2022+AC0-03/83f06aff+AC0-a7ee+AC0-4eff+AC0-9497+AC0-636d86f698a5+ACU-252FIgor+AC0-Pokrajac+AF8-1098+AF8-LeftFullBodyImage.png?itok+AD0-hgwrDPcs
John Polakowski,None
Julia Polastri,https://dmxg5wxfqgb4u.cloudfront.net/styles/athlete+AF8-bio+AF8-full+AF8-body/s3/2024+AC0-10/POLASTRI+AF8-JULIA+AF8-L+AF8-10+AC0-12.png?itok+AD0-vDWb36MS
Santiago Ponzinibbio,https://dmxg5wxfqgb4u.cloudfront.net/styles/athlete+AF8-bio+AF8-full+AF8-body/s3/2025+AC0-01/13/PONZINIBBIO+AF8-SANTIAGO+AF8-L+AF8-01+AC0-11.png?itok+AD0-O0krj9MM
Grigory Popov,https://dmxg5wxfqgb4u.cloudfront.net/styles/athlete+AF8-bio+AF8-full+AF8-body/s3/2019+AC0-11/POPOV+AF8-GRIGORII+AF8-L.png?VersionId+AD0-MeZFD7M9qgnC8l1saNC+AF8-fWGTKXCRli1b+ACY-itok+AD0-N0txDIys
Alexander Poppeck,https://dmxg5wxfqgb4u.cloudfront.net/styles/athlete+AF8-bio+AF8-full+AF8-body/s3/2022+AC0-03/fe063916+AC0-a811+AC0-481f+AC0-9b3e+AC0-204197e1c557+ACU-252FPOPPECK+AF8-ALEXANDER+AF8-R.png?itok+AD0-2LZjKvmy
Parker Porter,https://dmxg5wxfqgb4u.cloudfront.net/styles/athlete+AF8-bio+AF8-full+AF8-body/s3/2023+AC0-02/PORTER+AF8-PARKER+AF8-L+AF8-02+AC0-11.png?itok+AD0-Luhf3NJ9
Ihor Potieria,https://dmxg5wxfqgb4u.cloudfront.net/styles/athlete+AF8-bio+AF8-full+AF8-body/s3/2025+AC0-01/2/POTIERIA+AF8-IHOR+AF8-L+AF8-01+AC0-11.png?itok+AD0-VwyWNnXD
Callan Potter,https://dmxg5wxfqgb4u.cloudfront.net/styles/athlete+AF8-bio+AF8-full+AF8-body/s3/image/ufc+AC0-fighter+AC0-container/71451/profile+AC0-galery/fullbodyleft+AC0-picture/POTTER+AF8-CALLAN+AF8-L.png?VersionId+AD0-IhI2M3F7MO4PpyEx6ElLaWVHLSKbsboT+ACY-itok+AD0-RUbuLSGU
Dylan Potter,https://dmxg5wxfqgb4u.cloudfront.net/styles/athlete+AF8-bio+AF8-full+AF8-body/s3/2021+AC0-09/84666+ACU-252Fprofile+AC0-galery+ACU-252Ffullbodyright+AC0-picture+ACU-252FPOTTER+AF8-DYLAN+AF8-R.png?itok+AD0-QY4OnpbQ
Ruan Potts,https://dmxg5wxfqgb4u.cloudfront.net/styles/athlete+AF8-bio+AF8-full+AF8-body/s3/2022+AC0-03/fb090c1f+AC0-568a+AC0-48fb+AC0-98f8+AC0-ffd046454e9a+ACU-252FRuan+AC0-Potts+AF8-471303+AF8-LeftFullBodyImage.png?itok+AD0-NhBcfxhV
Devin Powell,https://dmxg5wxfqgb4u.cloudfront.net/styles/athlete+AF8-bio+AF8-full+AF8-body/s3/image/fighter+AF8-images/Devin+AF8-Powell/POWELL+AF8-DEVIN+AF8-L.png?itok+AD0-XemIbgH2
Marcin Prachnio,https://dmxg5wxfqgb4u.cloudfront.net/styles/athlete+AF8-bio+AF8-full+AF8-body/s3/2023+AC0-02/PRACHNIO+AF8-MARCIN+AF8-L+AF8-02+AC0-18.png?itok+AD0-4jz78JHO
Wagner Prado,None
Francisco Prado,https://dmxg5wxfqgb4u.cloudfront.net/styles/athlete+AF8-bio+AF8-full+AF8-body/s3/2025+AC0-01/3/PRADO+AF8-FRANCISCO+AF8-L+AF8-02+AC0-24.png?itok+AD0-X0HbKtgn
Trevor Prangley,None
Ricardo Prasel,https://dmxg5wxfqgb4u.cloudfront.net/styles/athlete+AF8-bio+AF8-full+AF8-body/s3/2021+AC0-02/PRASEL+AF8-RICARDO+AF8-L.png?itok+AD0-Z19CBBro
Rana Rudra Pratap Singh,https://dmxg5wxfqgb4u.cloudfront.net/styles/athlete+AF8-bio+AF8-full+AF8-body/s3/2023+AC0-06/SINGH+AF8-RANA+AF8-R.png?itok+AD0-QaCfjTjT
Carlo Prater,None
Carlos Prates,https://dmxg5wxfqgb4u.cloudfront.net/styles/athlete+AF8-bio+AF8-full+AF8-body/s3/2025+AC0-01/5/PRATES+AF8-CARLOS+AF8-L+AF8-08+AC0-17.png?itok+AD0-LTLr+AF8-UYW
Michel Prazeres,https://dmxg5wxfqgb4u.cloudfront.net/styles/athlete+AF8-bio+AF8-full+AF8-body/s3/2021+AC0-07/PRAZERES+AF8-MICHEL+AF8-L+AF8-06+AC0-26.png?itok+AD0-v7Wk7IEQ
Kyle Prepolec,https://dmxg5wxfqgb4u.cloudfront.net/styles/athlete+AF8-bio+AF8-full+AF8-body/s3/2020+AC0-03/PREPOLEC+AF8-KYLE+AF8-L.png?VersionId+AD0-8qa+AF8-cd3e6hqWz6FeK4ZOWOXnv.xPmOv7+ACY-itok+AD0-aSheOOUy
Niko Price,https://dmxg5wxfqgb4u.cloudfront.net/styles/athlete+AF8-bio+AF8-full+AF8-body/s3/2024+AC0-05/PRICE+AF8-NIKO+AF8-L+AF8-06+AC0-01.png?itok+AD0-chooWOHY
Chris Price,None
Dorian Price,None
Shane Primm,None
Ji+//3//f/9//0- Proch+//3//Q-zka ,https://dmxg5wxfqgb4u.cloudfront.net/styles/athlete+AF8-bio+AF8-full+AF8-body/s3/2025+AC0-01/7/PROCHAZKA+AF8-JIRI+AF8-L+AF8-01+AC0-18.png?itok+AD0-S7kn3uyt
Lara Procopio,https://dmxg5wxfqgb4u.cloudfront.net/styles/athlete+AF8-bio+AF8-full+AF8-body/s3/2021+AC0-06/71565+ACU-252Fprofile+AC0-galery+ACU-252Ffullbodyleft+AC0-picture+ACU-252FPROCOPIO+AF8-LARA+AF8-L+AF8-06+AC0-19.png?itok+AD0-cQylsssC
Joe Proctor,https://dmxg5wxfqgb4u.cloudfront.net/styles/athlete+AF8-bio+AF8-full+AF8-body/s3/2022+AC0-03/6709cd9e+AC0-70a0+AC0-4b04+AC0-9fdc+AC0-8da9f3eae1f7+ACU-252FJoe+AC0-Proctor+AF8-269244+AF8-LeftFullBodyImage.png?itok+AD0-zoPgAVD8
Lucie Pudilova,https://dmxg5wxfqgb4u.cloudfront.net/styles/athlete+AF8-bio+AF8-full+AF8-body/s3/2023+AC0-11/PUDILOVA+AF8-LUCIE+AF8-L+AF8-11+AC0-18.png?itok+AD0-0K7V89rI
Claudio Puelles,https://dmxg5wxfqgb4u.cloudfront.net/styles/athlete+AF8-bio+AF8-full+AF8-body/s3/2024+AC0-02/PUELLES+AF8-CLAUDIO+AF8-L+AF8-02+AC0-24.png?itok+AD0-MP+AC0-rnYqo
Juan Puerta,https://dmxg5wxfqgb4u.cloudfront.net/styles/athlete+AF8-bio+AF8-full+AF8-body/s3/2021+AC0-11/68391+ACU-252Fprofile+AC0-galery+ACU-252Ffullbodyright+AC0-picture+ACU-252FPUERTA+AF8-JUAN+AF8-R.png?itok+AD0-S109Acao
Juan Puig,https://dmxg5wxfqgb4u.cloudfront.net/styles/athlete+AF8-bio+AF8-full+AF8-body/s3/2022+AC0-03/c8395070+AC0-81f2+AC0-43b6+AC0-a08b+AC0-75072d45c383+ACU-252FJuan+AC0-Manuel+AC0-Puig+AC0-Carreon+AF8-486131+AF8-LeftFullBodyImage.png?itok+AD0-1CtvbwS8
Jens Pulver,None
Andrey Pulyaev,https://dmxg5wxfqgb4u.cloudfront.net/styles/athlete+AF8-bio+AF8-full+AF8-body/s3/2024+AC0-12/PULYAEV+AF8-ANDREY+AF8-L.png?itok+AD0-BQ9CokUf
CM Punk,https://dmxg5wxfqgb4u.cloudfront.net/styles/athlete+AF8-bio+AF8-full+AF8-body/s3/image/ufc+AC0-fighter+AC0-container/69013/profile+AC0-galery/fullbodyleft+AC0-picture/cm+AC0-punk+AF8-515764+AF8-LeftFullBodyImage.png?VersionId+AD0-q7.emDpDT+AF8AXw-eCrzIRB3nssqG1FQO6tys+ACY-itok+AD0-XT8c3fmW
Joe Pyfer,https://dmxg5wxfqgb4u.cloudfront.net/styles/athlete+AF8-bio+AF8-full+AF8-body/s3/2024+AC0-06/PYFER+AF8-JOE+AF8-L+AF8-06+AC0-29.png?itok+AD0-ydMfkko6
Mike Pyle,https://dmxg5wxfqgb4u.cloudfront.net/styles/athlete+AF8-bio+AF8-full+AF8-body/s3/2022+AC0-03/2dbd05eb+AC0-bd0f+AC0-41d7+AC0-a84a+AC0-d03052d47b5c+ACU-252FMike+AC0-Pyle+AF8-849+AF8-LeftFullBodyImage.png?itok+AD0-kVku13r4
Billy Quarantillo,https://dmxg5wxfqgb4u.cloudfront.net/styles/athlete+AF8-bio+AF8-full+AF8-body/s3/2024+AC0-12/QUARANTILLO+AF8-BILLY+AF8-L+AF8-03+AC0-23.png?itok+AD0-BVw7kIwA
Nate Quarry,None
Vinicius Queiroz,None
Jimmy Quinlan,None
Josh Quinlan,https://dmxg5wxfqgb4u.cloudfront.net/styles/athlete+AF8-bio+AF8-full+AF8-body/s3/2024+AC0-02/QUINLAN+AF8-JOSH+AF8-L+AF8-02+AC0-17.png?itok+AD0-nLPyc6TJ
Michel Quinones,https://dmxg5wxfqgb4u.cloudfront.net/styles/athlete+AF8-bio+AF8-full+AF8-body/s3/2022+AC0-03/c11e8707+AC0-1f0b+AC0-4aa5+AC0-950c+AC0-40704f9d6f1d+ACU-252Fmichael+AC0-quinones+AF8-619989+AF8-LeftFullBodyImage.png?itok+AD0-C9bxoxBN
Landon Quinones,https://dmxg5wxfqgb4u.cloudfront.net/styles/athlete+AF8-bio+AF8-full+AF8-body/s3/2024+AC0-02/QUINONES+AF8-LANDON+AF8-L+AF8-02+AC0-03.png?itok+AD0-dTtEiwR6
Jose Quinonez,https://dmxg5wxfqgb4u.cloudfront.net/styles/athlete+AF8-bio+AF8-full+AF8-body/s3/2020+AC0-11/68355+ACU-252Fprofile+AC0-galery+ACU-252Ffullbodyleft+AC0-picture+ACU-252FQUINONEZ+AF8-JOSE+AF8-L+AF8-09+AC0-21.png?itok+AD0-H+AC0-FF7A0V
Cristian Qui+//3//Q-onez,https://dmxg5wxfqgb4u.cloudfront.net/styles/athlete+AF8-bio+AF8-full+AF8-body/s3/2024+AC0-02/QUINONEZ+AF8-CRISTIAN+AF8-L+AF8-02+AC0-24.png?itok+AD0-T8x6X3dc
Benji Radach,None
Jordan Radev,None
Charles Radtke,https://dmxg5wxfqgb4u.cloudfront.net/styles/athlete+AF8-bio+AF8-full+AF8-body/s3/2024+AC0-11/RADTKE+AF8-CHARLES+AF8-L+AF8-06+AC0-08.png?itok+AD0-5Pu+AC0-JdP1
Loik Radzhabov,https://dmxg5wxfqgb4u.cloudfront.net/styles/athlete+AF8-bio+AF8-full+AF8-body/s3/2024+AC0-07/RADZHABOV+AF8-LOIK+AF8-L+AF8-07+AC0-20.png?itok+AD0-Tj+AC0-qQtM+AC0-
Josh Raferty,None
Ricky Rainey,https://dmxg5wxfqgb4u.cloudfront.net/styles/athlete+AF8-bio+AF8-full+AF8-body/s3/image/ufc+AC0-fighter+AC0-container/69685/profile+AC0-galery/fullbodyleft+AC0-picture/RAINEY+AF8-RICKY+AF8-L.png?itok+AD0-A31v9jKP
Shavkat Rakhmonov,https://dmxg5wxfqgb4u.cloudfront.net/styles/athlete+AF8-bio+AF8-full+AF8-body/s3/2025+AC0-01/5/RAKHMONOV+AF8-SHAVKAT+AF8-L+AF8-12+AC0-07.png?itok+AD0-oasJwCB+AF8-
Aleksandar Raki+//3//Q-,https://dmxg5wxfqgb4u.cloudfront.net/styles/athlete+AF8-bio+AF8-full+AF8-body/s3/2025+AC0-01/5/RAKIC+AF8-ALEKSANDAR+AF8-L+AF8-10+AC0-26.png?itok+AD0-qjxvN9Vh
Jessica Rakoczy,https://dmxg5wxfqgb4u.cloudfront.net/styles/athlete+AF8-bio+AF8-full+AF8-body/s3/2022+AC0-03/1a7898fe+AC0-e784+AC0-425b+AC0-bc90+AC0-95a8cd669920+ACU-252FJessica+AC0-Rakoczy+AF8-453513+AF8-LeftFullBodyImage.png?itok+AD0ALQ-2QmX127
Zygimantas Ramaska,https://dmxg5wxfqgb4u.cloudfront.net/styles/athlete+AF8-bio+AF8-full+AF8-body/s3/2024+AC0-09/RAMASKA+AF8-ZYGIMANTAS+AF8-L+AF8-09+AC0-07.png?itok+AD0-xURGwsg+AF8-
Hector Ramirez,None
Mitch Ramirez,https://dmxg5wxfqgb4u.cloudfront.net/styles/athlete+AF8-bio+AF8-full+AF8-body/s3/2025+AC0-02/RAMIREZ+AF8-MITCH+AF8-L+AF8-03+AC0-16.png?itok+AD0-6kx2KGAI
Thomas Ramirez,None
Vernon Ramos,https://dmxg5wxfqgb4u.cloudfront.net/styles/athlete+AF8-bio+AF8-full+AF8-body/s3/2022+AC0-03/bea78076+AC0-44e2+AC0-4e0b+AC0-9fe9+AC0-b8a44f3590c0+ACU-252Fvernon+AC0-ramos+AF8-569100+AF8-LeftFullBodyImage.png?itok+AD0-6YHetbX+AF8-
Davi Ramos,https://dmxg5wxfqgb4u.cloudfront.net/styles/athlete+AF8-bio+AF8-full+AF8-body/s3/2020+AC0-07/RAMOS+AF8-DAVI+AF8-L+AF8-11+AC0-10.png?VersionId+AD0-2cFzwgIrFnytvUUJSqhSJwishPlpXYdg+ACY-itok+AD0-clYb+AF8-2LW
Luis Ramos,None
Ricardo Ramos,https://dmxg5wxfqgb4u.cloudfront.net/styles/athlete+AF8-bio+AF8-full+AF8-body/s3/2024+AC0-08/RAMOS+AF8-RICARDO+AF8-L+AF8-03+AC0-23.png?itok+AD0-zmNek0uC
Kevin Randleman,None
Mitch Raposo,https://dmxg5wxfqgb4u.cloudfront.net/styles/athlete+AF8-bio+AF8-full+AF8-body/s3/2024+AC0-05/RAPOSO+AF8-MITCH+AF8-L+AF8-06+AC0-01.png?itok+AD0-ocNn9F4c
Bec Rawlings,https://dmxg5wxfqgb4u.cloudfront.net/styles/athlete+AF8-bio+AF8-full+AF8-body/s3/image/ufc+AC0-fighter+AC0-container/67442/profile+AC0-galery/fullbodyleft+AC0-picture/Bec+AC0-Rawlings+AF8-501834+AF8-LeftFullBodyImage.png?itok+AD0-NF9PEXsP
Stevie Ray,https://dmxg5wxfqgb4u.cloudfront.net/styles/athlete+AF8-bio+AF8-full+AF8-body/s3/2018+AC0-11/RAY+AF8-STEVIE+AF8-L.png?VersionId+AD0-2Wm7aqP+AF8-CJQMEW9vj1b2pIOogxEyPdyd+ACY-itok+AD0-iqqvJ+AF8-XM
Gideon Ray,None
Mateusz R+//3//Q-becki,https://dmxg5wxfqgb4u.cloudfront.net/styles/athlete+AF8-bio+AF8-full+AF8-body/s3/2024+AC0-10/2/REBECKI+AF8-MATEUSZ+AF8-L+AF8-10+AC0-26.png?itok+AD0-BrxF6i4k
Greg Rebello,https://dmxg5wxfqgb4u.cloudfront.net/styles/athlete+AF8-bio+AF8-full+AF8-body/s3/image/fighter+AF8-images/Greg+AF8-Rebello/REBELLO+AF8-GREG+AF8-L.png?VersionId+AD0-w5PTP9ufRVg+AF8-kw6wBERbJ5TMCcR2j09X+ACY-itok+AD0AXw-hml1qIo
Paul Redmond,https://dmxg5wxfqgb4u.cloudfront.net/styles/athlete+AF8-bio+AF8-full+AF8-body/s3/2022+AC0-03/9112852d+AC0-9d8d+AC0-4742+AC0-a3ac+AC0-0544bdab2644+ACU-252Fpaul+AC0-redmond+AF8-517871+AF8-LeftFullBodyImage.png?itok+AD0-uewsU7uS
Karl Reed,https://dmxg5wxfqgb4u.cloudfront.net/styles/athlete+AF8-bio+AF8-full+AF8-body/s3/2022+AC0-03/629c7b9d+AC0-b1d2+AC0-4f40+AC0-bddf+AC0-d02fad16c9c4+ACU-252FKarl+AC0-Reed+AF8-635982+AF8-LeftFullBodyImage.png?itok+AD0-4cx7fc8J
Elise Reed,https://dmxg5wxfqgb4u.cloudfront.net/styles/athlete+AF8-bio+AF8-full+AF8-body/s3/2024+AC0-11/REED+AF8-ELISE+AF8-L+AF8-10+AC0-19.png?itok+AD0-N7spvAyv
Johnny Rees,None
Zachary Reese,https://dmxg5wxfqgb4u.cloudfront.net/styles/athlete+AF8-bio+AF8-full+AF8-body/s3/2025+AC0-01/4/REESE+AF8-ZACHARY+AF8-L+AF8-01+AC0-18.png?itok+AD0-IpIYll0Y
Steve Regman,https://dmxg5wxfqgb4u.cloudfront.net/styles/athlete+AF8-bio+AF8-full+AF8-body/s3/2022+AC0-03/139fae14+AC0-7f27+AC0-49d7+AC0-ae47+AC0-38d229edd8bb+ACU-252FREGMAN+AF8-STEPHEN+AF8-L.png?itok+AD0-xb6nE0Qb
Chad Reiner,None
Jason Reinhardt,None
Wilson Reis,https://dmxg5wxfqgb4u.cloudfront.net/styles/athlete+AF8-bio+AF8-full+AF8-body/s3/image/fighter+AF8-images/Wilson+AF8-Reis/REIS+AF8-WILSON+AF8-L.png?VersionId+AD0-bmtu0x9i61MePE5T+AF8-6la+AF8-e831+AF8-HbulPC+ACY-itok+AD0-WrGOaCcu
Leigh Remedios,None
Paulo Renato Jr.,https://dmxg5wxfqgb4u.cloudfront.net/styles/athlete+AF8-bio+AF8-full+AF8-body/s3/2022+AC0-08/RENATO+AC0-JR+AF8-PAULO+AF8-L.png?itok+AD0-NC+AC0-lR0ee
Chance Rencountre,https://dmxg5wxfqgb4u.cloudfront.net/styles/athlete+AF8-bio+AF8-full+AF8-body/s3/image/ufc+AC0-fighter+AC0-container/69732/profile+AC0-galery/fullbodyleft+AC0-picture/RENCOUNTRE+AF8-CHANCE+AF8-L.png?VersionId+AD0-p8uwwdAbDFr2WIk6LFkIbYTeF3SmqVAX+ACY-itok+AD0-65JuKOeT
Marion Reneau,https://dmxg5wxfqgb4u.cloudfront.net/styles/athlete+AF8-bio+AF8-full+AF8-body/s3/2021+AC0-07/68708+ACU-252Fprofile+AC0-galery+ACU-252Ffullbodyleft+AC0-picture+ACU-252FRENEAU+AF8-MARION+AF8-L+AF8-07+AC0-17.png?itok+AD0-qY04uJKG
Solomon Renfro,https://dmxg5wxfqgb4u.cloudfront.net/styles/athlete+AF8-bio+AF8-full+AF8-body/s3/2021+AC0-10/71841+ACU-252Fprofile+AC0-galery+ACU-252Ffullbodyright+AC0-picture+ACU-252FRENFRO+AF8-SOLOMAN+AF8-R.png?itok+AD0-Drv8RXa4
Marco Polo Reyes,https://dmxg5wxfqgb4u.cloudfront.net/styles/athlete+AF8-bio+AF8-full+AF8-body/s3/2019+AC0-09/REYES+AF8-POLO+AF8-L.png?VersionId+AD0-OExQrHK1DESCsqXJWsQEHJEt5aCsS4Kn+ACY-itok+AD0-v1mL+AC0-XWS
Jon Delos Reyes,https://dmxg5wxfqgb4u.cloudfront.net/styles/athlete+AF8-bio+AF8-full+AF8-body/s3/2022+AC0-03/a79ec77c+AC0-43e6+AC0-4966+AC0-958b+AC0-7d1495ca73c4+ACU-252FJon+AC0-Delos+AC0-Reyes+AF8-464453+AF8-LeftFullBodyImage.png?itok+AD0ALQ-ylOvZJ2
Alex Reyes,https://dmxg5wxfqgb4u.cloudfront.net/styles/athlete+AF8-bio+AF8-full+AF8-body/s3/2023+AC0-09/REYES+AF8-ALEX+AF8-L+AF8-09+AC0-16.png?itok+AD0ALQ-ehfrGRR
Kyle Reyes,None
Dominick Reyes,https://dmxg5wxfqgb4u.cloudfront.net/styles/athlete+AF8-bio+AF8-full+AF8-body/s3/2025+AC0-01/5/REYES+AF8-DOMINICK+AF8-L+AF8-12+AC0-07.png?itok+AD0-C3ZhAAFm
Victor Reyna,https://dmxg5wxfqgb4u.cloudfront.net/styles/athlete+AF8-bio+AF8-full+AF8-body/s3/2022+AC0-03/1b7ea5f5+AC0-3455+AC0-4456+AC0-9230+AC0-ad7c837d621c+ACU-252FREYNA+AF8-VICTOR+AF8-R.png?itok+AD0-lKeDkBOU
Mike Rhodes,https://dmxg5wxfqgb4u.cloudfront.net/styles/athlete+AF8-bio+AF8-full+AF8-body/s3/2022+AC0-03/12be8005+AC0-91df+AC0-44d8+AC0-9660+AC0-913a3351cf6c+ACU-252FMike+AC0-Rhodes+AF8-469347+AF8-LeftFullBodyImage.png?itok+AD0-L8NptsxE
Johnny Rhodes,None
Lucrezia Ria,https://dmxg5wxfqgb4u.cloudfront.net/styles/athlete+AF8-bio+AF8-full+AF8-body/s3/2022+AC0-03/e91707e9+AC0-785f+AC0-4c0e+AC0-abef+AC0-37d16f0cf2f3+ACU-252FRIA+AF8-LUCREZIA+AF8-R.png?itok+AD0-o5flEaPx
Amanda Ribas,https://dmxg5wxfqgb4u.cloudfront.net/styles/athlete+AF8-bio+AF8-full+AF8-body/s3/2025+AC0-01/8/RIBAS+AF8-AMANDA+AF8-L+AF8-01+AC0-11.png?itok+AD0-jwdCtXE+AC0-
Brendson Ribeiro,https://dmxg5wxfqgb4u.cloudfront.net/styles/athlete+AF8-bio+AF8-full+AF8-body/s3/2024+AC0-02/RIBEIRO+AF8-BRENDSON+AF8-L+AF8-02+AC0-17.png?itok+AD0-gWU0MXme
Claudio Ribeiro,https://dmxg5wxfqgb4u.cloudfront.net/styles/athlete+AF8-bio+AF8-full+AF8-body/s3/2024+AC0-03/RIBEIRO+AF8-CLAUDIO+AF8-L+AF8-03+AC0-02.png?itok+AD0AXw-wh3af74
Esteban Ribovics,https://dmxg5wxfqgb4u.cloudfront.net/styles/athlete+AF8-bio+AF8-full+AF8-body/s3/2024+AC0-09/RIBOVICS+AF8-ESTEBAN+AF8-L+AF8-05+AC0-11.png?itok+AD0-l93cRaVA
Alessandro Ricci,https://dmxg5wxfqgb4u.cloudfront.net/styles/athlete+AF8-bio+AF8-full+AF8-body/s3/2021+AC0-08/alesandro+AC0-ricci+AF8-603198+AF8-LeftFullBodyImage.png?itok+AD0-FN3LBdS8
Mike Ricci,https://dmxg5wxfqgb4u.cloudfront.net/styles/athlete+AF8-bio+AF8-full+AF8-body/s3/2022+AC0-03/de74c875+AC0-ab82+AC0-4f90+AC0-b8b5+AC0-ddeb9f096738+ACU-252FMike+AC0-Ricci+AF8-293591+AF8-LeftFullBodyImage.png?itok+AD0-z2zBcyUn
Tabatha Ricci,https://dmxg5wxfqgb4u.cloudfront.net/styles/athlete+AF8-bio+AF8-full+AF8-body/s3/2025+AC0-01/5/RICCI+AF8-TABATHA+AF8-L+AF8-08+AC0-24.png?itok+AD0-izUEtuXk
Brad Riddell,https://dmxg5wxfqgb4u.cloudfront.net/styles/athlete+AF8-bio+AF8-full+AF8-body/s3/2022+AC0-06/14008ba7+AC0-e7c2+AC0-4b34+AC0-a19d+AC0-de0e06826f82+ACU-252FRIDDELL+AF8-BRAD+AF8-L+AF8-07+AC0-02.png?itok+AD0-eaBjtKhc
Matthew Riddle,None
Joe Riggs,https://dmxg5wxfqgb4u.cloudfront.net/styles/athlete+AF8-bio+AF8-full+AF8-body/s3/2022+AC0-03/60e442da+AC0-bed9+AC0-4dde+AC0-81b4+AC0-0be3e2db1940+ACU-252FJoe+AC0-Riggs+AF8-332+AF8-LeftFullBodyImage.png?itok+AD0-Yxg5OeHT
Aaron Riley,None
Jordan Rinaldi,https://dmxg5wxfqgb4u.cloudfront.net/styles/athlete+AF8-bio+AF8-full+AF8-body/s3/image/ufc+AC0-fighter+AC0-container/68339/profile+AC0-galery/fullbodyleft+AC0-picture/jordan+AC0-rinaldi+AF8-591269+AF8-LeftFullBodyImage.png?VersionId+AD0-F+AF8-78HhlAEiy9bB2iqN.cctRxu+AF8-uKALkQ+ACY-itok+AD0-R6utT2Ou
Robbie Ring,None
Nick Ring,https://dmxg5wxfqgb4u.cloudfront.net/styles/athlete+AF8-bio+AF8-full+AF8-body/s3/image/fighter+AF8-images/Nick+AF8-Ring/NickRing+AF8-RedCorner.png?VersionId+AD0-vG45YF5EVuvEyaRRZK+AF8-jqtDtA+AF8-dW6zqZ+ACY-itok+AD0-geNkNppq
Mike Rio,https://dmxg5wxfqgb4u.cloudfront.net/styles/athlete+AF8-bio+AF8-full+AF8-body/s3/image/fighter+AF8-images/Mike+AF8-Rio/Mike+AC0-Rio+AC0-UFC166+AC0-0022.png?VersionId+AD0-REsWb06blumJ4m7+AF8-dr7e4gIXfld8A87c+ACY-itok+AD0-ekDDSsJE
Diego Rivas,https://dmxg5wxfqgb4u.cloudfront.net/styles/athlete+AF8-bio+AF8-full+AF8-body/s3/2022+AC0-03/ce902d6e+AC0-72dc+AC0-4576+AC0-b92b+AC0-b26cc88c7e39+ACU-252Fdiego+AC0-rivas+AF8-498761+AF8-LeftFullBodyImage.png?itok+AD0-2KPObikk
Jimmie Rivera,https://dmxg5wxfqgb4u.cloudfront.net/styles/athlete+AF8-bio+AF8-full+AF8-body/s3/2020+AC0-07/RIVERA+AF8-JIMMIE+AF8-L+AF8-09+AC0-08.png?VersionId+AD0-2OP8hX9j6sKGD5QDrr5ceKd2y7lCQQNa+ACY-itok+AD0-GrGWDhTw
Francisco Rivera,https://dmxg5wxfqgb4u.cloudfront.net/styles/athlete+AF8-bio+AF8-full+AF8-body/s3/2022+AC0-03/297d7b63+AC0-3cc1+AC0-4f91+AC0-9ed8+AC0-875016824029+ACU-252FFrancisco+AC0-Rivera+AF8-105019+AF8-LeftFullBodyImage.png?itok+AD0-lF91OS7D
Dante Rivera,None
Jorge Rivera,None
Jerome Rivera,https://dmxg5wxfqgb4u.cloudfront.net/styles/athlete+AF8-bio+AF8-full+AF8-body/s3/2021+AC0-07/RIVERA+AF8-JEROME+AF8-L+AF8-07+AC0-10.png?itok+AD0-uBNTIBiu
Irwin Rivera,https://dmxg5wxfqgb4u.cloudfront.net/styles/athlete+AF8-bio+AF8-full+AF8-body/s3/2020+AC0-08/RIVERA+AF8-IRWIN+AF8-L+AF8-05+AC0-16.png?VersionId+AD0-LkJVPBiEMJghdeIPxWUnVNC0jMKXtIX+AF8AJg-itok+AD0-nqeaygZQ
Pedro Rizzo,None
Theo Rlayang,https://dmxg5wxfqgb4u.cloudfront.net/styles/athlete+AF8-bio+AF8-full+AF8-body/s3/2021+AC0-09/71805+ACU-252Fprofile+AC0-galery+ACU-252Ffullbodyright+AC0-picture+ACU-252FRLAYANG+AF8-THEO+AF8-R.png?itok+AD0-FAaNRTJb
Kali Robbins,https://dmxg5wxfqgb4u.cloudfront.net/styles/athlete+AF8-bio+AF8-full+AF8-body/s3/2022+AC0-03/8794bfd4+AC0-948b+AC0-45ab+AC0-b375+AC0-7ee7f0be664e+ACU-252FROBBINS+AF8-KALI+AF8-L.png?itok+AD0-0+AC0-BL65u6
Karl Roberson,https://dmxg5wxfqgb4u.cloudfront.net/styles/athlete+AF8-bio+AF8-full+AF8-body/s3/2022+AC0-03/d62c1a22+AC0-5b6c+AC0-4265+AC0-a714+AC0-59d6b7c649cd+ACU-252FROBERSON+AF8-KARL+AF8-L+AF8-03+AC0-12.png?itok+AD0-RjkJJpEa
Danny Roberts,https://dmxg5wxfqgb4u.cloudfront.net/styles/athlete+AF8-bio+AF8-full+AF8-body/s3/2025+AC0-01/1/ROBERTS+AF8-DANNY+AF8-L+AF8-07+AC0-22.png?itok+AD0-loyBbVJ4
Buddy Roberts,None
Roosevelt Roberts,https://dmxg5wxfqgb4u.cloudfront.net/styles/athlete+AF8-bio+AF8-full+AF8-body/s3/2024+AC0-09/ROBERTS+AF8-ROOSEVELT+AF8-L+AF8-11+AC0-11.png?itok+AD0-8PDoKIoj
Keifer Roberts,None
Tyrone Roberts,None
Joey Roberts,None
Andre Roberts,None
Daniel Roberts,None
Kenny Robertson,https://dmxg5wxfqgb4u.cloudfront.net/styles/athlete+AF8-bio+AF8-full+AF8-body/s3/2022+AC0-03/934b337c+AC0-ef84+AC0-4e11+AC0-aebf+AC0-181e4726ef96+ACU-252FKenny+AC0-Robertson+AF8-41212+AF8-LeftFullBodyImage.png?itok+AD0-OtxkFstG
Gillian Robertson,https://dmxg5wxfqgb4u.cloudfront.net/styles/athlete+AF8-bio+AF8-full+AF8-body/s3/2025+AC0-01/5/ROBERTSON+AF8-GILLIAN+AF8-L+AF8-01+AC0-20.png?itok+AD0-sbiZCGHg
Colin Robinson,None
Alvin Robinson,None
Mark David Robinson,None
Vagner Rocha,https://dmxg5wxfqgb4u.cloudfront.net/styles/athlete+AF8-bio+AF8-full+AF8-body/s3/2022+AC0-03/de292f4a+AC0-55be+AC0-43a7+AC0-9da2+AC0-945d3cad4d3a+ACU-252FVagner+AC0-Rocha+AF8-144189+AF8-LeftFullBodyImage.png?itok+AD0-gbTdlbsz
Carlos Eduardo Rocha,None
Lucas Rocha,https://dmxg5wxfqgb4u.cloudfront.net/styles/athlete+AF8-bio+AF8-full+AF8-body/s3/2024+AC0-11/ROCHA+AF8-LUCAS+AF8-L+AF8-10+AC0-12.png?itok+AD0-BClnQaVT
Keith Rockel,None
Luke Rockhold,https://dmxg5wxfqgb4u.cloudfront.net/styles/athlete+AF8-bio+AF8-full+AF8-body/s3/2022+AC0-08/ROCKHOLD+AF8-LUKE+AF8-L+AF8-08+AC0-20.png?itok+AD0-ZChToXqv
Gregory Rodrigues,https://dmxg5wxfqgb4u.cloudfront.net/styles/athlete+AF8-bio+AF8-full+AF8-body/s3/2023+AC0-01/RODRIGUES+AF8-GREGORY+AF8-L+AF8-01+AC0-19.png?itok+AD0-Sc2BxcQM
Kleydson Rodrigues ,https://dmxg5wxfqgb4u.cloudfront.net/styles/athlete+AF8-bio+AF8-full+AF8-body/s3/2022+AC0-05/0ecb34b7+AC0-1e98+AC0-4ac5+AC0-a3f5+AC0-86082527a516+ACU-252FRODRIGUES+AF8-KLEYDSON+AF8-L+AF8-05+AC0-07.png?itok+AD0-qL5J+AF8-KGQ
Mike Rodriguez,https://dmxg5wxfqgb4u.cloudfront.net/styles/athlete+AF8-bio+AF8-full+AF8-body/s3/2021+AC0-09/68843+ACU-252Fprofile+AC0-galery+ACU-252Ffullbodyleft+AC0-picture+ACU-252FRODRIGUEZ+AF8-MIKE+AF8-L+AF8-09+AC0-18.png?itok+AD0-y0Oc3iJv
Manuel Rodriguez,None
Daniel Rodriguez,https://dmxg5wxfqgb4u.cloudfront.net/styles/athlete+AF8-bio+AF8-full+AF8-body/s3/2024+AC0-10/RODRIGUEZ+AF8-DANIEL+AF8-L+AF8-10+AC0-12.png?itok+AD0-5PxL0BAM
Paul Rodriguez,None
Ricco Rodriguez,None
Ronaldo Rodriguez,https://dmxg5wxfqgb4u.cloudfront.net/styles/athlete+AF8-bio+AF8-full+AF8-body/s3/2024+AC0-09/RODRIGUEZ+AF8-RONALDO+AF8-L+AF8-09+AC0-14.png?itok+AD0-sSgYZX4N
Ray Rodriguez,https://dmxg5wxfqgb4u.cloudfront.net/styles/athlete+AF8-bio+AF8-full+AF8-body/s3/2020+AC0-09/RODRIGUEZ+AF8-RAY+AF8-L.png?VersionId+AD0-v03VaQizIfI0iJzkkAsuk9ZtwDgSkDAG+ACY-itok+AD0-u5kELD1F
Piera Rodriguez,https://dmxg5wxfqgb4u.cloudfront.net/styles/athlete+AF8-bio+AF8-full+AF8-body/s3/2024+AC0-12/RODRIGUEZ+AF8-PIERA+AF8-L+AF8-05+AC0-18.png?itok+AD0-Vmd+AC0-Vmep
Victor Rodriguez,https://dmxg5wxfqgb4u.cloudfront.net/styles/athlete+AF8-bio+AF8-full+AF8-body/s3/2021+AC0-05/RODRIGUEZ+AF8-VICTOR+AF8-L+AF8-05+AC0-22.png?itok+AD0-2Cuq9+AC0-0s
Christian Rodriguez,https://dmxg5wxfqgb4u.cloudfront.net/styles/athlete+AF8-bio+AF8-full+AF8-body/s3/2025+AC0-01/16/RODRIGUEZ+AF8-CHRISTIAN+AF8-L+AF8-01+AC0-11.png?itok+AD0-lOUIT0pl
Drako Rodriguez,https://dmxg5wxfqgb4u.cloudfront.net/styles/athlete+AF8-bio+AF8-full+AF8-body/s3/2021+AC0-08/71636+ACU-252Fprofile+AC0-galery+ACU-252Ffullbodyleft+AC0-picture+ACU-252FRODRIGUEZ+AF8-DRAKO+AF8-L+AF8-08+AC0-07.png?itok+AD0-rK7YF+AC0-D4
Pete Rodriguez,https://dmxg5wxfqgb4u.cloudfront.net/styles/athlete+AF8-bio+AF8-full+AF8-body/s3/2023+AC0-06/RODRIGUEZ+AF8-PETE+AF8-L+AF8-05+AC0-13.png?itok+AD0-bOELLmsp
Marina Rodriguez,https://dmxg5wxfqgb4u.cloudfront.net/styles/athlete+AF8-bio+AF8-full+AF8-body/s3/2025+AC0-01/5/RODRIGUEZ+AF8-MARINA+AF8-L+AF8-10+AC0-05.png?itok+AD0-l0l9sfFg
Yair Rodriguez,https://dmxg5wxfqgb4u.cloudfront.net/styles/athlete+AF8-bio+AF8-full+AF8-body/s3/2025+AC0-01/5/RODRIGUEZ+AF8-YAIR+AF8-L+AF8-02+AC0-24.png?itok+AD0-47fDPRar
Nick Roehrick,https://dmxg5wxfqgb4u.cloudfront.net/styles/athlete+AF8-bio+AF8-full+AF8-body/s3/2022+AC0-03/6562f2fb+AC0-d16e+AC0-44f5+AC0-801d+AC0-1faec51eb2a2+ACU-252FNick+AC0-Roehrick+AF8-632898+AF8-LeftFullBodyImage.png?itok+AD0-jAdQKF20
Saul Rogers,None
Max Rohskopf,https://dmxg5wxfqgb4u.cloudfront.net/styles/athlete+AF8-bio+AF8-full+AF8-body/s3/2020+AC0-06/ROHSKOPF+AF8-MAX+AF8-L.png?VersionId+AD0-PBygzvoBRjEPmQsOTVRktZl0llORTQWT+ACY-itok+AD0-q3J+AF8ALQ-HOf
Marcelo Rojo,https://dmxg5wxfqgb4u.cloudfront.net/styles/athlete+AF8-bio+AF8-full+AF8-body/s3/2021+AC0-10/69634+ACU-252Fprofile+AC0-galery+ACU-252Ffullbodyleft+AC0-picture+ACU-252FROJO+AF8-MARCELO+AF8-L+AF8-09+AC0-04.png?itok+AD0-7WMdKQgv
Shane Roller,None
Jared Rollins,None
Alexandr Romanov,https://dmxg5wxfqgb4u.cloudfront.net/styles/athlete+AF8-bio+AF8-full+AF8-body/s3/2024+AC0-10/ROMANOV+AF8-ALEXANDR+AF8-L+AF8-11+AC0-02.png?itok+AD0-E1jTRluH
Yoel Romero,https://dmxg5wxfqgb4u.cloudfront.net/styles/athlete+AF8-bio+AF8-full+AF8-body/s3/2019+AC0-08/ROMERO+AF8-YOEL+AF8-L.png?VersionId+AD0-rMWoCutUaCZ5g3ltk5jLMlEU83wP2ukr+ACY-itok+AD0-2fdVAvOR
Ricardo Romero,None
Kaleio Romero,https://dmxg5wxfqgb4u.cloudfront.net/styles/athlete+AF8-bio+AF8-full+AF8-body/s3/2022+AC0-07/ROMERO+AF8-KALEIO+AF8-R+AF8-CS.png?itok+AD0-twDnWNOl
Anthony Romero,https://dmxg5wxfqgb4u.cloudfront.net/styles/athlete+AF8-bio+AF8-full+AF8-body/s3/2022+AC0-03/ab196166+AC0-a590+AC0-473d+AC0-b98e+AC0-3404a5f0f8b4+ACU-252FROMERO+AF8-ANTHONY+AF8-R.png?itok+AD0-y6tjzKDU
Roberto Romero,https://dmxg5wxfqgb4u.cloudfront.net/styles/athlete+AF8-bio+AF8-full+AF8-body/s3/2024+AC0-11/ROMERO+AF8-ROBERTO+AF8-R+AF8-11+AC0-16.png?itok+AD0-ADznxgG0
Mara Romero Borella,https://dmxg5wxfqgb4u.cloudfront.net/styles/athlete+AF8-bio+AF8-full+AF8-body/s3/2019+AC0-01/BORELLA+AF8-MARA+AF8-ROMERO+AF8-L.png?VersionId+AD0-7lC4+AF8-Hg0zYksKvJlB1oeI6DdVLf6.pzy+ACY-itok+AD0-cWDatCIH
Cortavious Romious,https://dmxg5wxfqgb4u.cloudfront.net/styles/athlete+AF8-bio+AF8-full+AF8-body/s3/2024+AC0-08/ROMIOUS+AF8-CORTAVIOUS+AF8-L+AF8-08+AC0-20.png?itok+AD0-r+AC0-Su5vHx
Juancamilo Ronderos,https://dmxg5wxfqgb4u.cloudfront.net/styles/athlete+AF8-bio+AF8-full+AF8-body/s3/2023+AC0-02/RONDEROS+AF8-JAUNCAMILO+AF8-L+AF8-02+AC0-18.png?itok+AD0-pQaSWMiF
Rongzhu,https://dmxg5wxfqgb4u.cloudfront.net/styles/athlete+AF8-bio+AF8-full+AF8-body/s3/2025+AC0-02/RONGZHU+AF8-L+AF8-02+AC0-08.png?itok+AD0-HgXaH6w7
Jesse Ronson,https://dmxg5wxfqgb4u.cloudfront.net/styles/athlete+AF8-bio+AF8-full+AF8-body/s3/2022+AC0-06/RONSON+AF8-JESSE+AF8-L+AF8-04+AC0-16.png?itok+AD0-mR3a4EpW
George Roop,https://dmxg5wxfqgb4u.cloudfront.net/styles/athlete+AF8-bio+AF8-full+AF8-body/s3/2022+AC0-03/4a8d8397+AC0-75ea+AC0-4728+AC0-ad7c+AC0-1160e408d97e+ACU-252FGeorge+AC0-Roop+AF8-989+AF8-LeftFullBodyImage.png?itok+AD0-QVCXy7eS
Joao Roque,None
Marcos Rosa,https://dmxg5wxfqgb4u.cloudfront.net/styles/athlete+AF8-bio+AF8-full+AF8-body/s3/2020+AC0-03/MARIANO+AF8-MARCOS+AF8-L.png?VersionId+AD0-cX1E0nugQdvA.E5I6m1x1zCD549.4t.p+ACY-itok+AD0AXw-woTBGlz
Aaron Rosa,None
Charles Rosa,https://dmxg5wxfqgb4u.cloudfront.net/styles/athlete+AF8-bio+AF8-full+AF8-body/s3/2022+AC0-07/ROSA+AF8-CHARLES+AF8-L+AF8-07+AC0-23.png?itok+AD0-hCENRv7r
Karol Rosa,https://dmxg5wxfqgb4u.cloudfront.net/styles/athlete+AF8-bio+AF8-full+AF8-body/s3/2025+AC0-01/7/ROSA+AF8-KAROL+AF8-L+AF8-01+AC0-18.png?itok+AD0-KH9ZUt86
Jacob Rosales,https://dmxg5wxfqgb4u.cloudfront.net/styles/athlete+AF8-bio+AF8-full+AF8-body/s3/2021+AC0-09/71502+ACU-252Fprofile+AC0-galery+ACU-252Ffullbodyleft+AC0-picture+ACU-252FROSALES+AF8-JACOB+AF8-L+AC0-cs.png?itok+AD0-TcBUQZ6C
Raul Rosas Jr.,https://dmxg5wxfqgb4u.cloudfront.net/styles/athlete+AF8-bio+AF8-full+AF8-body/s3/2024+AC0-09/ROSAS+AF8-JR+AF8-RAUL+AF8-L+AF8-09+AC0-14.png?itok+AD0-BDdM8WCN
Hilarie Rose,https://dmxg5wxfqgb4u.cloudfront.net/styles/athlete+AF8-bio+AF8-full+AF8-body/s3/2022+AC0-03/c6af9eb8+AC0-d81b+AC0-4d20+AC0-8a16+AC0-75ffc638434f+ACU-252FROSE+AF8-HILARIE+AF8-R.png?itok+AD0-5CCeuXwc
Jared Rosholt,https://dmxg5wxfqgb4u.cloudfront.net/styles/athlete+AF8-bio+AF8-full+AF8-body/s3/2022+AC0-03/db8e3c28+AC0-ca93+AC0-4220+AC0-ba36+AC0-6dda7ba28f8e+ACU-252FJared+AC0-Rosholt+AF8-457260+AF8-LeftFullBodyImage.png?itok+AD0-3a4DlA0H
Jake Rosholt,None
Kevin Rosier,None
Shannon Ross,https://dmxg5wxfqgb4u.cloudfront.net/styles/athlete+AF8-bio+AF8-full+AF8-body/s3/2023+AC0-07/ROSS+AF8-SHANNON+AF8-L+AF8-07+AC0-08.png?itok+AD0-LKb1JYKN
Kristian Rothaermel,None
Ben Rothwell,https://dmxg5wxfqgb4u.cloudfront.net/styles/athlete+AF8-bio+AF8-full+AF8-body/s3/2021+AC0-05/67447+ACU-252Fprofile+AC0-galery+ACU-252Ffullbodyleft+AC0-picture+ACU-252FROTHWELL+AF8-BEN+AF8-L+AF8-05+AC0-08.png?itok+AD0-zdlvjzJm
Khalil Rountree Jr.,https://dmxg5wxfqgb4u.cloudfront.net/styles/athlete+AF8-bio+AF8-full+AF8-body/s3/2025+AC0-01/5/ROUNTREE+AF8-KHALIL+AF8-L+AF8-12+AC0-09.png?itok+AD0-qN4+AF8-yzFn
Ronda Rousey,https://dmxg5wxfqgb4u.cloudfront.net/styles/athlete+AF8-bio+AF8-full+AF8-body/s3/2022+AC0-03/85973314+AC0-4705+AC0-4ef9+AC0-ab85+AC0-f2d4e16e35a1+ACU-252FRonda+AC0-Rousey+AF8-241883+AF8-LeftFullBodyImage.png?itok+AD0-mJsZJB1N
Phil Rowe,https://dmxg5wxfqgb4u.cloudfront.net/styles/athlete+AF8-bio+AF8-full+AF8-body/s3/2024+AC0-05/ROWE+AF8-PHIL+AF8-L+AF8-06+AC0-01.png?itok+AD0-WZOaHSvG
Cam Rowston,None
Brandon Royval,https://dmxg5wxfqgb4u.cloudfront.net/styles/athlete+AF8-bio+AF8-full+AF8-body/s3/2025+AC0-01/5/ROYVAL+AF8-BRANDON+AF8-L+AF8-10+AC0-12.png?itok+AD0-FFq8GMSE
Jairzinho Rozenstruik,https://dmxg5wxfqgb4u.cloudfront.net/styles/athlete+AF8-bio+AF8-full+AF8-body/s3/2025+AC0-01/5/ROZENSTRUIK+AF8-JAIRZINHO+AF8-L+AF8-08+AC0-17.png?itok+AD0-d+AC0-BHmzYc
Mauricio Rua,https://dmxg5wxfqgb4u.cloudfront.net/styles/athlete+AF8-bio+AF8-full+AF8-body/s3/2018+AC0-10/RUA+AF8-SHOGUN+AF8-L+AF8-0.png?VersionId+AD0-RmKWOc4dxqmHId6e8voPVOFTPVAgJpZr+ACY-itok+AD0-WihaGKvz
Marco Ruas,None
Rodrigo Ruas,None
Rodolfo Rubio,https://dmxg5wxfqgb4u.cloudfront.net/styles/athlete+AF8-bio+AF8-full+AF8-body/s3/2022+AC0-03/66f60efc+AC0-193a+AC0-4540+AC0-a236+AC0-5a7204548cba+ACU-252Frodolfo+AC0-rubio+AF8-498746+AF8-LeftFullBodyImage.png?itok+AD0-Q9PvWGkJ
Gabe Ruediger,None
Mauricio Ruffy,https://dmxg5wxfqgb4u.cloudfront.net/styles/athlete+AF8-bio+AF8-full+AF8-body/s3/2024+AC0-11/RUFFY+AF8-MAURICIO+AF8-L+AF8-11+AC0-16.png?itok+AD0-ru1rI3pT
Eddie Ruiz,None
Montserrat Ruiz,https://dmxg5wxfqgb4u.cloudfront.net/styles/athlete+AF8-bio+AF8-full+AF8-body/s3/2021+AC0-07/CONEJO+AF8-MONTSERRAT+AF8-L+AF8-07+AC0-17.png?itok+AD0-uqAwksc5
Mike Russow,None
Bas Rutten,None
Mashrabjon Ruzibaev,https://dmxg5wxfqgb4u.cloudfront.net/styles/athlete+AF8-bio+AF8-full+AF8-body/s3/image/fighter+AF8-images/SHADOW+AF8-Fighter+AF8-fullLength+AF8-RED.png?VersionId+AD0-niQpXmYT1tbiETIDAxTsCI5FDbiNt9kI+ACY-itok+AD0-Wcqi+AC0-8Me
Nursulton Ruziboev,https://dmxg5wxfqgb4u.cloudfront.net/styles/athlete+AF8-bio+AF8-full+AF8-body/s3/2025+AC0-02/RUZIBOEV+AF8-NURSULTON+AF8-L+AF8-02+AC0-22.png?itok+AD0-qp5LlnFb
Cameron Saaiman,https://dmxg5wxfqgb4u.cloudfront.net/styles/athlete+AF8-bio+AF8-full+AF8-body/s3/2023+AC0-07/SAAIMAN+AF8-CAMERON+AF8-L+AF8-07+AC0-08.png?itok+AD0-StjSWWUU
Danny Sabatello,https://dmxg5wxfqgb4u.cloudfront.net/styles/athlete+AF8-bio+AF8-full+AF8-body/s3/2020+AC0-11/71723+ACU-252Fprofile+AC0-galery+ACU-252Ffullbodyleft+AC0-picture+ACU-252FSABATELLO+AF8-DANNY+AF8-L.png?itok+AD0-HRlKIKN8
Pat Sabatini,https://dmxg5wxfqgb4u.cloudfront.net/styles/athlete+AF8-bio+AF8-full+AF8-body/s3/2024+AC0-11/SABATINI+AF8-PAT+AF8-L+AF8-10+AC0-12.png?itok+AD0-rvoW3lDD
Amir Sadollah,https://dmxg5wxfqgb4u.cloudfront.net/styles/athlete+AF8-bio+AF8-full+AF8-body/s3/2021+AC0-08/Amir+AC0-Sadollah+AF8-925+AF8-LeftFullBodyImage.png?itok+AD0-W6O6gpgv
Nazim Sadykhov,https://dmxg5wxfqgb4u.cloudfront.net/styles/athlete+AF8-bio+AF8-full+AF8-body/s3/2023+AC0-11/SADYKHOV+AF8-NAZIM+AF8-L+AF8-11+AC0-11.png?itok+AD0-P99Mruyd
Frankie Saenz,https://dmxg5wxfqgb4u.cloudfront.net/styles/athlete+AF8-bio+AF8-full+AF8-body/s3/2020+AC0-08/SAENZ+AF8-FRANKIE+AF8-L+AF8-03+AC0-02.png?VersionId+AD0-62lK2F7WnD5cN2ZMtjeiZVZzFBElcuCW+ACY-itok+AD0-9U0RUUXf
Saparbeg Safarov,https://dmxg5wxfqgb4u.cloudfront.net/styles/athlete+AF8-bio+AF8-full+AF8-body/s3/image/ufc+AC0-fighter+AC0-container/69203/profile+AC0-galery/fullbodyleft+AC0-picture/SAFAROV+AF8-SAPARBEG+AF8-L.png?VersionId+AD0-PsLJyrFmAMiVB0AxRM2vfy1EYmiuN05C+ACY-itok+AD0-uSPTBCDo
Tarec Saffiedine,https://dmxg5wxfqgb4u.cloudfront.net/styles/athlete+AF8-bio+AF8-full+AF8-body/s3/image/ufc+AC0-fighter+AC0-container/69335/profile+AC0-galery/fullbodyleft+AC0-picture/Tarec+AC0-Saffiedine+AF8-242571+AF8-LeftFullBodyImage.png?itok+AD0-nIMIcznm
Jason Saggo,https://dmxg5wxfqgb4u.cloudfront.net/styles/athlete+AF8-bio+AF8-full+AF8-body/s3/2022+AC0-03/62b1dd27+AC0-6d05+AC0-4920+AC0-8f37+AC0-e3b8fc9010b8+ACU-252FJason+AC0-Saggo+AF8-485166+AF8-LeftFullBodyImage.png?itok+AD0-H+AF8-xQn1kA
Wang Sai,https://dmxg5wxfqgb4u.cloudfront.net/styles/athlete+AF8-bio+AF8-full+AF8-body/s3/2022+AC0-03/cbaf10b6+AC0-d5f1+AC0-489a+AC0-bc57+AC0-dacd1415539d+ACU-252FSai+AC0-Wang+AF8-471357+AF8-LeftFullBodyImage.png?itok+AD0-ihLrMqDz
Beno+//3//Q-t Saint Denis ,https://dmxg5wxfqgb4u.cloudfront.net/styles/athlete+AF8-bio+AF8-full+AF8-body/s3/2025+AC0-01/5/SAINT+AF8-DENIS+AF8-BENOIT+AF8-L+AF8-03+AC0-09.png?itok+AD0-EvDfVI0a
Ovince Saint Preux,https://dmxg5wxfqgb4u.cloudfront.net/styles/athlete+AF8-bio+AF8-full+AF8-body/s3/2024+AC0-03/SAINT+AF8-PREUX+AF8-OVINCE+AF8-L+AF8-03+AC0-16.png?itok+AD0-6lXqMpnF
Lukasz Sajewski,https://dmxg5wxfqgb4u.cloudfront.net/styles/athlete+AF8-bio+AF8-full+AF8-body/s3/2022+AC0-03/579de56c+AC0-e7f7+AC0-40a4+AC0-94ae+AC0-ccf9d2580d03+ACU-252FLukasz+AC0-Sajewski+AF8-494188+AF8-LeftFullBodyImage.png?itok+AD0-V0ziN3Ts
Augusto Sakai,https://dmxg5wxfqgb4u.cloudfront.net/styles/athlete+AF8-bio+AF8-full+AF8-body/s3/2023+AC0-02/SAKAI+AF8-AUGUSTO+AF8-L+AF8-02+AC0-25.png?itok+AD0-sGecpHpJ
Alessio Sakara,https://dmxg5wxfqgb4u.cloudfront.net/styles/athlete+AF8-bio+AF8-full+AF8-body/s3/2021+AC0-08/Alessio+AC0-Sakara+AF8-812+AF8-LeftFullBodyImage.png?itok+AD0-d3yBh3o6
Gokhan Saki,https://dmxg5wxfqgb4u.cloudfront.net/styles/athlete+AF8-bio+AF8-full+AF8-body/s3/image/ufc+AC0-fighter+AC0-container/68038/profile+AC0-galery/fullbodyleft+AC0-picture/Gokhan+AC0-Saki+AF8-634220+AF8-LeftFullBodyImage.png?VersionId+AD0-SwR59LhpUe5o51X5L2Gr+AF8-yMBehPhlZRd+ACY-itok+AD0-YFnhN4fp
Kazushi Sakuraba,None
Hayato Sakurai,None
Justin Salas,https://dmxg5wxfqgb4u.cloudfront.net/styles/athlete+AF8-bio+AF8-full+AF8-body/s3/2022+AC0-03/99ff8679+AC0-1f64+AC0-40a2+AC0-9829+AC0-045f4b4e4621+ACU-252FJustin+AC0-Salas+AF8-235794+AF8-LeftFullBodyImage.png?itok+AD0-3VJ+AF8-ZZzV
Ivan Salaverry,None
Roman Salazar,https://dmxg5wxfqgb4u.cloudfront.net/styles/athlete+AF8-bio+AF8-full+AF8-body/s3/2022+AC0-03/fbff283c+AC0-32d5+AC0-4d77+AC0-b15e+AC0-938b68d4cac3+ACU-252Froman+AC0-salazar+AF8-504638+AF8-LeftFullBodyImage.png?itok+AD0-Z8nS9N5h
Luis Saldana,https://dmxg5wxfqgb4u.cloudfront.net/styles/athlete+AF8-bio+AF8-full+AF8-body/s3/2022+AC0-08/SALDANA+AF8-LUIS+AF8-L+AF8-08+AC0-20.png?itok+AD0-dxl2ldQP
Muslim Salikhov,https://dmxg5wxfqgb4u.cloudfront.net/styles/athlete+AF8-bio+AF8-full+AF8-body/s3/2024+AC0-11/SALIKHOV+AF8-MUSLIM+AF8-L+AF8-07+AC0-13.png?itok+AD0-oIQo+AC0-Xgi
Quillan Salkilld,https://dmxg5wxfqgb4u.cloudfront.net/styles/athlete+AF8-bio+AF8-full+AF8-body/s3/2025+AC0-02/SALKILLD+AF8-QUILLAN+AF8-L+AF8-02+AC0-08.png?itok+AD0-zx1q058l
Boston Salmon,https://dmxg5wxfqgb4u.cloudfront.net/styles/athlete+AF8-bio+AF8-full+AF8-body/s3/image/ufc+AC0-fighter+AC0-container/67483/profile+AC0-galery/fullbodyleft+AC0-picture/SALMON+AF8-BOSTON+AF8-L.png?VersionId+AD0-CCMUijdo+AF8-d8m8c8fQgJI.OH+AF8-XvEYAtiL+ACY-itok+AD0-fucHxbVV
Sean Salmon,None
John Salter,None
Dylan Salvador,None
Vinicius Salvador,https://dmxg5wxfqgb4u.cloudfront.net/styles/athlete+AF8-bio+AF8-full+AF8-body/s3/2024+AC0-10/SALVADOR+AF8-VINICIUS+AF8-L+AF8-05+AC0-18.png?itok+AD0-vf4yPMxt
Josh Samman,https://dmxg5wxfqgb4u.cloudfront.net/styles/athlete+AF8-bio+AF8-full+AF8-body/s3/2022+AC0-03/4aa8b7cc+AC0-1a3a+AC0-4332+AC0-8be8+AC0-87ac5c5e46d1+ACU-252FJosh+AC0-Samman+AF8-307095+AF8-LeftFullBodyImage.png?itok+AD0-xrjTuf90
Josh Sampo,https://dmxg5wxfqgb4u.cloudfront.net/styles/athlete+AF8-bio+AF8-full+AF8-body/s3/2022+AC0-03/48813c94+AC0-983a+AC0-44fc+AC0-8539+AC0-c9340b720aa6+ACU-252FJosh+AC0-Sampo+AF8-464233+AF8-LeftFullBodyImage.png?itok+AD0-FHTH+AC0-PW0
Andrew Sanchez,https://dmxg5wxfqgb4u.cloudfront.net/styles/athlete+AF8-bio+AF8-full+AF8-body/s3/2021+AC0-10/67330+ACU-252Fprofile+AC0-galery+ACU-252Ffullbodyleft+AC0-picture+ACU-252FSANCHEZ+AF8-ANDREW+AF8-L+AF8-10+AC0-16.png?itok+AD0-roh3s76N
Joby Sanchez,https://dmxg5wxfqgb4u.cloudfront.net/styles/athlete+AF8-bio+AF8-full+AF8-body/s3/image/fighter+AF8-images/Joby+AF8-Sanchez/SANCHEZ+AF8-JOBY+AF8-L.png?VersionId+AD0-pxEQRsCsp0CfuS6ILuD6.0rYvr1aHtm.+ACY-itok+AD0-LsrMSh6T
Roberto Sanchez,https://dmxg5wxfqgb4u.cloudfront.net/styles/athlete+AF8-bio+AF8-full+AF8-body/s3/image/ufc+AC0-fighter+AC0-container/69121/profile+AC0-galery/fullbodyleft+AC0-picture/roberto+AC0-sanchez+AF8-633730+AF8-LeftFullBodyImage.png?VersionId+AD0-kvk1XQsHdXfpdhlgOrn34kdDJA.uMroe+ACY-itok+AD0-2uDLgDGe
Eddie Sanchez,None
Julian Sanchez,None
Diego Sanchez,https://dmxg5wxfqgb4u.cloudfront.net/styles/athlete+AF8-bio+AF8-full+AF8-body/s3/2020+AC0-09/SANCHEZ+AF8-DIEGO+AF8-L+AF8-02+AC0-15.png?VersionId+AD0-wQhmItCaHls0WX8jW8XYH4YtnuxmvKE0+ACY-itok+AD0-Cy1OGnhU
Luke Sanders,https://dmxg5wxfqgb4u.cloudfront.net/styles/athlete+AF8-bio+AF8-full+AF8-body/s3/2021+AC0-04/68632+ACU-252Fprofile+AC0-galery+ACU-252Ffullbodyleft+AC0-picture+ACU-252FSANDERS+AF8-LUKE+AF8-L+AF8-05+AC0-01.png?itok+AD0-bDfReX08
Jerrod Sanders,https://dmxg5wxfqgb4u.cloudfront.net/styles/athlete+AF8-bio+AF8-full+AF8-body/s3/2022+AC0-03/99615a6a+AC0-c6c9+AC0-4906+AC0-91ed+AC0-47d81503ca34+ACU-252FJerrod+AC0-Sanders+AF8-492532+AF8-LeftFullBodyImage.png?itok+AD0-dq7+AC0-XuXu
Jesse Sanders,None
Cory Sandhagen,https://dmxg5wxfqgb4u.cloudfront.net/styles/athlete+AF8-bio+AF8-full+AF8-body/s3/2025+AC0-01/5/SANDHAGEN+AF8-CORY+AF8-L+AF8-08+AC0-03.png?itok+AD0-h0Wtfnz+AC0-
Hector Sandoval,https://dmxg5wxfqgb4u.cloudfront.net/styles/athlete+AF8-bio+AF8-full+AF8-body/s3/image/ufc+AC0-fighter+AC0-container/68081/profile+AC0-galery/fullbodyleft+AC0-picture/hector+AC0-sandoval+AF8-598902+AF8-LeftFullBodyImage.png?VersionId+AD0-H9A5MlFX3I.GboQOixMQb7xgWw6c1uF9+ACY-itok+AD0-nVoUPXJm
Joseph Sandoval,None
Chris Sanford,None
Roldan Sangcha+AC0-an,https://dmxg5wxfqgb4u.cloudfront.net/styles/athlete+AF8-bio+AF8-full+AF8-body/s3/2022+AC0-03/faed222e+AC0-0ba1+AC0-4a95+AC0-bb68+AC0-648573ce5588+ACU-252FRoldan+AC0-Sangcha+AC0-an+AF8-488079+AF8-LeftFullBodyImage.png?itok+AD0-A+AC0-CpxXIy
Martin Sano,https://dmxg5wxfqgb4u.cloudfront.net/styles/athlete+AF8-bio+AF8-full+AF8-body/s3/2021+AC0-11/SANO+AF8-MARTIN+AF8-L+AF8-09+AC0-25.png?itok+AD0-VGBMsIMt
Duda Santana,https://dmxg5wxfqgb4u.cloudfront.net/styles/athlete+AF8-bio+AF8-full+AF8-body/s3/2020+AC0-06/SANTANA+AF8-DUDA+AF8-L.png?VersionId+AD0-f8Vzu2tK0gLMXbj7UjU7vsEfoiaAcNes+ACY-itok+AD0-tfci9bKx
Shaheen Santana,https://dmxg5wxfqgb4u.cloudfront.net/styles/athlete+AF8-bio+AF8-full+AF8-body/s3/2020+AC0-11/71726+ACU-252Fprofile+AC0-galery+ACU-252Ffullbodyleft+AC0-picture+ACU-252FSANTANA+AF8-SHAHEEN+AF8-L.png?itok+AD0-tQuTsw1J
Sean Santella,None
Mike Santiago,https://dmxg5wxfqgb4u.cloudfront.net/styles/athlete+AF8-bio+AF8-full+AF8-body/s3/2022+AC0-03/9488a2fd+AC0-5a68+AC0-4311+AC0-9a01+AC0-252726904b60+ACU-252FMike+AC0-Santiago+AF8-636381+AF8-LeftFullBodyImage.png?itok+AD0-cp1fS3gn
Will Santiago,https://dmxg5wxfqgb4u.cloudfront.net/styles/athlete+AF8-bio+AF8-full+AF8-body/s3/image/fighter+AF8-images/Will+AF8-Santiago/SANTIAGO+AF8-WILL+AF8-R.png?VersionId+AD0-uqSnnKvgJ5voYfqKmSq+AF8AXw-.Cwx+AF8-DaNwSa+ACY-itok+AD0-nS3kFji5
Jorge Santiago,None
Richie Santiago,https://dmxg5wxfqgb4u.cloudfront.net/styles/athlete+AF8-bio+AF8-full+AF8-body/s3/2022+AC0-03/1731364e+AC0-8ee9+AC0-4672+AC0-879c+AC0-65c60aebbe9d+ACU-252FSANTIAGO+AF8-RICHIE+AF8-L.png?itok+AD0-upobjAL9
Art Santore,None
Bruno Santos,https://dmxg5wxfqgb4u.cloudfront.net/styles/athlete+AF8-bio+AF8-full+AF8-body/s3/2022+AC0-03/8380da56+AC0-7f28+AC0-41e5+AC0-996b+AC0-0955beac7519+ACU-252FBruno+AC0-Santos+AF8-456020+AF8-LeftFullBodyImage.png?itok+AD0-DA2Ef0hX
Iliarde Santos,https://dmxg5wxfqgb4u.cloudfront.net/styles/athlete+AF8-bio+AF8-full+AF8-body/s3/2022+AC0-03/329b3911+AC0-1dd9+AC0-4b6e+AC0-b127+AC0-58e9632cb442+ACU-252FIliarde+AC0-Santos+AF8-309780+AF8-LeftFullBodyImage.png?itok+AD0-g+AC0-p0pieg
Leonardo Santos,https://dmxg5wxfqgb4u.cloudfront.net/styles/athlete+AF8-bio+AF8-full+AF8-body/s3/2022+AC0-03/893d4843+AC0-0353+AC0-42db+AC0-a9d2+AC0-3207f90303fe+ACU-252FSANTOS+AF8-LEONARDO+AF8-L+AF8-12+AC0-04.png?itok+AD0-SEM7Np+AC0-K
Thiago Santos,https://dmxg5wxfqgb4u.cloudfront.net/styles/athlete+AF8-bio+AF8-full+AF8-body/s3/2022+AC0-08/SANTOS+AF8-THIAGO+AF8-L+AF8-08+AC0-06.png?itok+AD0-Ju5yuZvd
Taila Santos,https://dmxg5wxfqgb4u.cloudfront.net/styles/athlete+AF8-bio+AF8-full+AF8-body/s3/2022+AC0-07/8eb303a9+AC0-d887+AC0-4541+AC0-905b+AC0-e3e7461ed95e+ACU-252FSANTOS+AF8-TAILA+AF8-L+AF8-06+AC0-11.png?itok+AD0-UuRKEMr9
Luana Santos,https://dmxg5wxfqgb4u.cloudfront.net/styles/athlete+AF8-bio+AF8-full+AF8-body/s3/2024+AC0-08/SANTOS+AF8-LUANA+AF8-L+AF8-08+AC0-17.png?itok+AD0-PYgS5GDV
Paulo Santos,None
Adriano Santos,None
Gabriel Santos,https://dmxg5wxfqgb4u.cloudfront.net/styles/athlete+AF8-bio+AF8-full+AF8-body/s3/2025+AC0-01/SANTOS+AF8-GABRIEL+AF8-L+AF8-09+AC0-07.png?itok+AD0-4jprCYFh
Marilia Santos,https://dmxg5wxfqgb4u.cloudfront.net/styles/athlete+AF8-bio+AF8-full+AF8-body/s3/2022+AC0-03/a0915e5b+AC0-b1ee+AC0-436a+AC0-92cb+AC0-6466f47194f4+ACU-252FSANTOS+AF8-MARILIA+AF8-L.png?itok+AD0ALQ-W8a24gY
Edivan Santos,https://dmxg5wxfqgb4u.cloudfront.net/styles/athlete+AF8-bio+AF8-full+AF8-body/s3/2021+AC0-09/71771+ACU-252Fprofile+AC0-galery+ACU-252Ffullbodyright+AC0-picture+ACU-252FSANTOS+AF8-EDIVAN+AF8-R.png?itok+AD0-sFu7hUyO
Daniel Santos,https://dmxg5wxfqgb4u.cloudfront.net/styles/athlete+AF8-bio+AF8-full+AF8-body/s3/2023+AC0-06/SANTOS+AF8-DANIEL+AF8-L+AF8-06+AC0-03.png?itok+AD0-lPPwG8IU
Yana Santos,https://dmxg5wxfqgb4u.cloudfront.net/styles/athlete+AF8-bio+AF8-full+AF8-body/s3/2025+AC0-01/5/SANTOS+AF8-YANA+AF8-L+AF8-08+AC0-10.png?itok+AD0-IkwLle+AC0-p
Djorden Santos,https://dmxg5wxfqgb4u.cloudfront.net/styles/athlete+AF8-bio+AF8-full+AF8-body/s3/2024+AC0-09/SANTOS+AF8-DJORDEN+AF8-R.png?itok+AD0-xareHVFi
Mairon Santos,https://dmxg5wxfqgb4u.cloudfront.net/styles/athlete+AF8-bio+AF8-full+AF8-body/s3/2025+AC0-01/3/SANTOS+AF8-MAIRON+AF8-L+AF8-08+AC0-24.png?itok+AD0-DswOIIQ5
Joilton Lutterbach ,https://dmxg5wxfqgb4u.cloudfront.net/styles/athlete+AF8-bio+AF8-full+AF8-body/s3/image/fighter+AF8-images/SHADOW+AF8-Fighter+AF8-fullLength+AF8-RED.png?VersionId+AD0-niQpXmYT1tbiETIDAxTsCI5FDbiNt9kI+ACY-itok+AD0-Wcqi+AC0-8Me
Nick Sanzo,None
Jeka Saragih,https://dmxg5wxfqgb4u.cloudfront.net/styles/athlete+AF8-bio+AF8-full+AF8-body/s3/2023+AC0-11/SARAGIH+AF8-JEKA+AF8-L+AF8-11+AC0-18.png?itok+AD0AXw-Cwzq3KN
Diego Saraiva,None
Ulka Sasaki,https://dmxg5wxfqgb4u.cloudfront.net/styles/athlete+AF8-bio+AF8-full+AF8-body/s3/image/fighter+AF8-images/Ulka+AF8-Sasaki/SASAKI+AF8-ULKA+AF8-L.png?VersionId+AD0-0XNB9YxuIyGElTJhNKd46AJ8yJLANTwM+ACY-itok+AD0-AitoVx3b
Yuki Sasaki,None
Paul Sass,None
Keisuke Sasu,https://dmxg5wxfqgb4u.cloudfront.net/styles/athlete+AF8-bio+AF8-full+AF8-body/s3/2023+AC0-06/SASU+AF8-KEISUKE+AF8-L.png?itok+AD0-pCVITu+AC0-S
Takenori Sato,https://dmxg5wxfqgb4u.cloudfront.net/styles/athlete+AF8-bio+AF8-full+AF8-body/s3/2022+AC0-03/e458a39d+AC0-f2ed+AC0-476f+AC0-a807+AC0-dca19ab24144+ACU-252FTakenori+AC0-Sato+AF8-468642+AF8-LeftFullBodyImage.png?itok+AD0-pfBVKNY+AF8-
Takashi Sato,https://dmxg5wxfqgb4u.cloudfront.net/styles/athlete+AF8-bio+AF8-full+AF8-body/s3/2023+AC0-05/SATO+AF8-TAKASHI+AF8-L+AF8-05+AC0-20.png?itok+AD0-ACdza0YH
Chris Saunders,None
Ben Saunders,https://dmxg5wxfqgb4u.cloudfront.net/styles/athlete+AF8-bio+AF8-full+AF8-body/s3/image/ufc+AC0-fighter+AC0-container/67448/profile+AC0-galery/fullbodyleft+AC0-picture/SAUNDERS+AF8-BEN+AF8-L.png?VersionId+AD0-WCnPGuqeVmHgwUhh7M0nFW16w1xdUuua+ACY-itok+AD0-z1Yr2gyq
Townsend Saunders,None
Matt Sayles,https://dmxg5wxfqgb4u.cloudfront.net/styles/athlete+AF8-bio+AF8-full+AF8-body/s3/2021+AC0-12/SAYLES+AF8-MATT+AF8-L+AF8-12+AC0-18.png?itok+AD0-KR2MCnwg
Brandon Sayles,None
Mark Scanlon,None
Eric Schafer,None
Kerry Schall,None
Brendan Schaub,https://dmxg5wxfqgb4u.cloudfront.net/styles/athlete+AF8-bio+AF8-full+AF8-body/s3/image/ufc+AC0-fighter+AC0-container/67499/profile+AC0-galery/fullbodyleft+AC0-picture/Brendan+AC0-Schaub+AF8-1112+AF8-LeftFullBodyImage.png?VersionId+AD0-F+AF8-SsKJBcmrVdRnKh3M7uNJL3wIHZR64f+ACY-itok+AD0-GLhfUi4o
Matheus Scheffel,https://dmxg5wxfqgb4u.cloudfront.net/styles/athlete+AF8-bio+AF8-full+AF8-body/s3/2021+AC0-08/71612+ACU-252Fprofile+AC0-galery+ACU-252Ffullbodyleft+AC0-picture+ACU-252FSCHEFFEL+AF8-MATHEUS+AF8-L.png?itok+AD0-9GCo+AC0-iUo
Fabiano Scherner,None
Samy Schiavo,None
Pat Schilling,None
Semmy Schilt,None
Matt Schnell,https://dmxg5wxfqgb4u.cloudfront.net/styles/athlete+AF8-bio+AF8-full+AF8-body/s3/2024+AC0-10/SCHNELL+AF8-MATT+AF8-L+AF8-09+AC0-07.png?itok+AD0-E0wseANC
Josh Schockman,None
Alex Schoenauer,None
Darrill Schoonover,None
Nate Schroeder,None
Mark Schultz,None
Justin Scoggins,https://dmxg5wxfqgb4u.cloudfront.net/styles/athlete+AF8-bio+AF8-full+AF8-body/s3/image/ufc+AC0-fighter+AC0-container/68419/profile+AC0-galery/fullbodyleft+AC0-picture/Justin+AC0-Scoggins+AF8-453365+AF8-LeftFullBodyImage.png?VersionId+AD0-14uFbhQISxls8zgCQ3D6wsawhcwoJhpR+ACY-itok+AD0-IU+AF8-22ldL
Bradley Scott,https://dmxg5wxfqgb4u.cloudfront.net/styles/athlete+AF8-bio+AF8-full+AF8-body/s3/image/ufc+AC0-fighter+AC0-container/67488/profile+AC0-galery/fullbodyleft+AC0-picture/brad+AC0-scott+AF8-290166+AF8-LeftFullBodyImage.png?VersionId+AD0-gdi+AF8-M7aRJKuYQDn5I5Zfy4l+AF8-vO1qnyAB+ACY-itok+AD0-SZUx3fYz
Zach Scroggin,https://dmxg5wxfqgb4u.cloudfront.net/styles/athlete+AF8-bio+AF8-full+AF8-body/s3/2024+AC0-11/SCROGGIN+AF8-ZACH+AF8-R+AF8-11+AC0-09.png?itok+AD0-yIL4wyZd
Neil Seery,https://dmxg5wxfqgb4u.cloudfront.net/styles/athlete+AF8-bio+AF8-full+AF8-body/s3/2022+AC0-03/6e61c312+AC0-20bc+AC0-4e46+AC0-b29c+AC0-f297bf1e5a16+ACU-252FNeil+AC0-Seery+AF8-473777+AF8-LeftFullBodyImage.png?itok+AD0-08m59OKp
Tetsuya Seki,None
Stefan Sekulic,https://dmxg5wxfqgb4u.cloudfront.net/styles/athlete+AF8-bio+AF8-full+AF8-body/s3/2021+AC0-07/SEKULIC+AF8-STEFAN+AF8-L+AF8-04+AC0-24.png?itok+AD0-OI2K2gyd
Pete Sell,None
Matthew Semelsberger,https://dmxg5wxfqgb4u.cloudfront.net/styles/athlete+AF8-bio+AF8-full+AF8-body/s3/2024+AC0-11/SEMELSBERGER+AF8-MATTHEW+AF8-L+AF8-11+AC0-09.png?itok+AD0-6n71OL0a
Andrei Semenov,None
Mackens Semerzier,None
YeDam Seo,https://dmxg5wxfqgb4u.cloudfront.net/styles/athlete+AF8-bio+AF8-full+AF8-body/s3/2022+AC0-06/0626dca0+AC0-9a5a+AC0-46a4+AC0-897c+AC0-c9dd0ba2cc4e+ACU-252FSEO+AF8-YEDAM+AF8-L.png?itok+AD0-59IjBMFm
Ivan Serati,None
Alex Serdyukov,None
Matt Serra,None
Nick Serra,None
Fredy Serrano,https://dmxg5wxfqgb4u.cloudfront.net/styles/athlete+AF8-bio+AF8-full+AF8-body/s3/2022+AC0-03/e779c703+AC0-b754+AC0-4d7a+AC0-b6b3+AC0-842896149205+ACU-252Ffredy+AC0-serrano+AF8-498755+AF8-LeftFullBodyImage.png?itok+AD0-rJdYPKgI
Adrian Serrano,None
Igor Severino,https://dmxg5wxfqgb4u.cloudfront.net/styles/athlete+AF8-bio+AF8-full+AF8-body/s3/2024+AC0-03/SEVERINO+AF8-IGOR+AF8-L+AF8-03+AC0-23.png?itok+AD0-A8leYMFt
Dan Severn,None
Rosi Sexton,https://dmxg5wxfqgb4u.cloudfront.net/styles/athlete+AF8-bio+AF8-full+AF8-body/s3/2022+AC0-03/373ea1bc+AC0-a015+AC0-412a+AC0-99ba+AC0-61811ec975b9+ACU-252FRosi+AC0-Sexton+AF8-309888+AF8-LeftFullBodyImage.png?itok+AD0-VdsYoCte
Edmen Shahbazyan,https://dmxg5wxfqgb4u.cloudfront.net/styles/athlete+AF8-bio+AF8-full+AF8-body/s3/2025+AC0-02/SHAHBAZYAN+AF8-EDMEN+AF8-L+AF8-02+AC0-15.png?itok+AD0-fWT0LgUz
Leon Shahbazyan,https://dmxg5wxfqgb4u.cloudfront.net/styles/athlete+AF8-bio+AF8-full+AF8-body/s3/2022+AC0-03/b05302a6+AC0-881a+AC0-4d2b+AC0-a725+AC0-8bd744a0df1e+ACU-252FSHAHBAZYAN+AF8-LEON+AF8-L.png?itok+AD0-d9PcFV98
Don Shainis,https://dmxg5wxfqgb4u.cloudfront.net/styles/athlete+AF8-bio+AF8-full+AF8-body/s3/2022+AC0-10/SHAINIS+AF8-DON+AF8-L+AF8-10+AC0-01.png?itok+AD0-sp53kcsL
Liliya Shakirova,https://dmxg5wxfqgb4u.cloudfront.net/styles/athlete+AF8-bio+AF8-full+AF8-body/s3/2022+AC0-03/05fbae3e+AC0-f87e+AC0-4638+AC0-8747+AC0-3384565c464f+ACU-252FSHAKIROVA+AF8-LILIYA+AF8-L+AF8-10+AC0-24.png?itok+AD0-aoIqp0TN
Kamal Shalorus,None
Ken Shamrock,https://dmxg5wxfqgb4u.cloudfront.net/styles/athlete+AF8-bio+AF8-full+AF8-body/s3/2022+AC0-10/SHAMROCK+AF8-KEN+AF8-R.png?itok+AD0-degKv1IV
Frank Shamrock,None
Sean Sharaf,https://dmxg5wxfqgb4u.cloudfront.net/styles/athlete+AF8-bio+AF8-full+AF8-body/s3/2024+AC0-11/SHERAF+AF8-SEAN+AF8-L+AF8-10+AC0-12.png?itok+AD0-4Vnau0pc
Eric Shelton,https://dmxg5wxfqgb4u.cloudfront.net/styles/athlete+AF8-bio+AF8-full+AF8-body/s3/image/ufc+AC0-fighter+AC0-container/67908/profile+AC0-galery/fullbodyleft+AC0-picture/SHELTON+AF8-ERIC+AF8-L.png?itok+AD0-DwRGC8U4
Sean Sherk,None
Chase Sherman,https://dmxg5wxfqgb4u.cloudfront.net/styles/athlete+AF8-bio+AF8-full+AF8-body/s3/2022+AC0-04/76e26b86+AC0-126c+AC0-4ae7+AC0-a5be+AC0-4738fd6493e7+ACU-252FSHERMAN+AF8-CHASE+AF8-L+AF8-04+AC0-23.png?itok+AD0-7w+AC0-vv7Tk
Antonina Shevchenko,https://dmxg5wxfqgb4u.cloudfront.net/styles/athlete+AF8-bio+AF8-full+AF8-body/s3/2022+AC0-07/de82344b+AC0-e070+AC0-47cd+AC0-8fbb+AC0-23a9d9477336+ACU-252FSHEVCHENKO+AF8-ANTONINA+AF8-L+AF8-07+AC0-09.png?itok+AD0-QWOOdJlS
Valentina Shevchenko,https://dmxg5wxfqgb4u.cloudfront.net/styles/athlete+AF8-bio+AF8-full+AF8-body/s3/2025+AC0-01/5/SHEVCHENKO+AF8-VALENTINA+AF8-L+AF8-BELT+AF8-03+AC0-05.png?itok+AD0-CnKl02RK
Ming Shi,https://dmxg5wxfqgb4u.cloudfront.net/styles/athlete+AF8-bio+AF8-full+AF8-body/s3/2024+AC0-11/MING+AF8-SHI+AF8-L+AF8-11+AC0-23.png?itok+AD0-2BUcIGsU
Jake Shields,https://dmxg5wxfqgb4u.cloudfront.net/styles/athlete+AF8-bio+AF8-full+AF8-body/s3/image/fighter+AF8-images/Jake+AF8-Shields/fighter+AF8-full+AF8-SHIELDS.png?VersionId+AD0-aQGw8EquIRVSFEgKqPSbN0GDqns9qDte+ACY-itok+AD0-M7t3H+AF8-4p
Henrique Shiguemoto,https://dmxg5wxfqgb4u.cloudfront.net/styles/athlete+AF8-bio+AF8-full+AF8-body/s3/2022+AC0-03/aaacd0c8+AC0-29ab+AC0-45e0+AC0-af74+AC0-c018b76f9b37+ACU-252FSHIGUEMOTO+AF8-HENRIQUE+AF8-R.png?itok+AD0-JY5qIHcy
Shunichi Shimizu,https://dmxg5wxfqgb4u.cloudfront.net/styles/athlete+AF8-bio+AF8-full+AF8-body/s3/2022+AC0-03/c20b4577+AC0-2a27+AC0-4e26+AC0-b0e2+AC0-2d0fc26f9748+ACU-252FShunichi+AC0-Shimizu+AF8-462282+AF8-LeftFullBodyImage.png?itok+AD0-pT9C8Foj
Wade Shipp,None
Josh Shockley,https://dmxg5wxfqgb4u.cloudfront.net/styles/athlete+AF8-bio+AF8-full+AF8-body/s3/2022+AC0-03/5f13ea5a+AC0-96be+AC0-4fc9+AC0-91e4+AC0-347721599b46+ACU-252FJosh+AC0-Shockley+AF8-485280+AF8-LeftFullBodyImage.png?itok+AD0-NTEiucV1
Liudvik Sholinian,https://dmxg5wxfqgb4u.cloudfront.net/styles/athlete+AF8-bio+AF8-full+AF8-body/s3/2022+AC0-11/SHOLINIAN+AF8-LIUDVIK+AF8-L+AF8-11+AC0-05.png?itok+AD0-Tr6xCVrB
Jack Shore,https://dmxg5wxfqgb4u.cloudfront.net/styles/athlete+AF8-bio+AF8-full+AF8-body/s3/2024+AC0-10/SHORE+AF8-JACK+AF8-L+AF8-11+AC0-02.png?itok+AD0-uuMPXuF6
Ivan Shtyrkov,https://dmxg5wxfqgb4u.cloudfront.net/styles/athlete+AF8-bio+AF8-full+AF8-body/s3/2019+AC0-04/SHTYRKOV+AF8-IVAN+AF8-L.png?VersionId+AD0-wZKPzuo5jl9bphYTDrNI3SSD08ZUiVON+ACY-itok+AD0-X5+AC0-dLzFD
Ronal Siahaan,https://dmxg5wxfqgb4u.cloudfront.net/styles/athlete+AF8-bio+AF8-full+AF8-body/s3/2023+AC0-06/SIAHAAN+AF8-RONAL+AF8-R.png?itok+AD0-W08HAfAI
Sam Sicilia,https://dmxg5wxfqgb4u.cloudfront.net/styles/athlete+AF8-bio+AF8-full+AF8-body/s3/2022+AC0-03/81012f30+AC0-922c+AC0-4c98+AC0-90c4+AC0-bc96fc40d642+ACU-252FSam+AC0-Sicilia+AF8-269245+AF8-LeftFullBodyImage.png?itok+AD0-RD8A7fus
Serhiy Sidey,https://dmxg5wxfqgb4u.cloudfront.net/styles/athlete+AF8-bio+AF8-full+AF8-body/s3/2024+AC0-10/SIDEY+AF8-SERHIY+AF8-L+AF8-11+AC0-02.png?itok+AD0-B+AF8-KYO66l
Steven Siler,https://dmxg5wxfqgb4u.cloudfront.net/styles/athlete+AF8-bio+AF8-full+AF8-body/s3/2022+AC0-03/0c644b3c+AC0-afcd+AC0-458c+AC0-9fbb+AC0-ff00861db42a+ACU-252FSteven+AC0-Siler+AF8-231415+AF8-LeftFullBodyImage.png?itok+AD0-tPZ4nWPl
Felipe Silva,https://dmxg5wxfqgb4u.cloudfront.net/styles/athlete+AF8-bio+AF8-full+AF8-body/s3/image/ufc+AC0-fighter+AC0-container/67949/profile+AC0-galery/fullbodyleft+AC0-picture/felipe+AC0-silva+AF8-599175+AF8-LeftFullBodyImage.png?VersionId+AD0-a2XHAi8gSThXLdwKEOSORiWNxmujodCR+ACY-itok+AD0AXw-bxffNpX
Joaquim Silva,https://dmxg5wxfqgb4u.cloudfront.net/styles/athlete+AF8-bio+AF8-full+AF8-body/s3/2024+AC0-05/SILVA+AF8-JOAQUIM+AF8-L+AF8-05+AC0-04.png?itok+AD0-OSOGtksc
Claudio Silva,https://dmxg5wxfqgb4u.cloudfront.net/styles/athlete+AF8-bio+AF8-full+AF8-body/s3/2021+AC0-05/SILVA+AF8-CLAUDIO+AF8-L+AF8-05+AC0-22.png?itok+AD0-oP8fhlek
Leandro Silva,https://dmxg5wxfqgb4u.cloudfront.net/styles/athlete+AF8-bio+AF8-full+AF8-body/s3/2022+AC0-03/903b7e5a+AC0-d002+AC0-4081+AC0-b883+AC0-b472aa7fb1b3+ACU-252FLeandro+AC0-Silva+AF8-312129+AF8-LeftFullBodyImage.png?itok+AD0-lj+AF8-0ziL2
Antonio Silva,https://dmxg5wxfqgb4u.cloudfront.net/styles/athlete+AF8-bio+AF8-full+AF8-body/s3/2022+AC0-03/4959ccda+AC0-9494+AC0-429b+AC0-b77e+AC0-538b406e5cd2+ACU-252FAntonio+AC0-Silva+AF8-241130+AF8-LeftFullBodyImage.png?itok+AD0-0gNyKfT+AF8-
Erick Silva,https://dmxg5wxfqgb4u.cloudfront.net/styles/athlete+AF8-bio+AF8-full+AF8-body/s3/2022+AC0-03/ce687701+AC0-f43e+AC0-4d3b+AC0-af71+AC0-7700204c42cc+ACU-252FErick+AC0-Silva+AF8-148105+AF8-LeftFullBodyImage.png?itok+AD0-oYTB3LS9
Wagner Silva,https://dmxg5wxfqgb4u.cloudfront.net/styles/athlete+AF8-bio+AF8-full+AF8-body/s3/2022+AC0-03/77b67615+AC0-638e+AC0-4d4a+AC0-8dd9+AC0-46dc27146bc6+ACU-252Fwagner+AC0-silva+AC0-gomes+AF8-477656+AF8-LeftFullBodyImage.png?itok+AD0-Cq1bh7jw
Gabriel Silva,https://dmxg5wxfqgb4u.cloudfront.net/styles/athlete+AF8-bio+AF8-full+AF8-body/s3/2020+AC0-02/SILVA+AF8-GABRIEL+AF8-L.png?VersionId+AD0-INnOUyEtgqgx3AjEOZ9WCmaxJP.sGglh+ACY-itok+AD0-CIczN4QX
Jay Silva,None
Jhonata Silva,None
Janaina Silva,None
Wanderlei Silva,https://dmxg5wxfqgb4u.cloudfront.net/styles/athlete+AF8-bio+AF8-full+AF8-body/s3/image/fighter+AF8-images/Wanderlei+AF8-Silva/Wanderlei+AC0-Silva+AC0-020.png?VersionId+AD0AXw-7.yj7CNSmGi.YAfql30srzeH5mVuinK+ACY-itok+AD0-LPQ9v02P
Anderson Silva,https://dmxg5wxfqgb4u.cloudfront.net/styles/athlete+AF8-bio+AF8-full+AF8-body/s3/image/fighter+AF8-images/Anderson+AF8-Silva/SILVA+AF8-ANDERSON+AF8-L.png?VersionId+AD0-oqn6CIQraQL7H1Maglm56oOzYSKBL0n0+ACY-itok+AD0-6x3ZzpM3
Assuerio Silva,None
Erik Silva,https://dmxg5wxfqgb4u.cloudfront.net/styles/athlete+AF8-bio+AF8-full+AF8-body/s3/2024+AC0-02/SILVA+AF8-ERIK+AF8-L+AF8-02+AC0-24.png?itok+AD0-8o3y9H8D
Jacob Silva,https://dmxg5wxfqgb4u.cloudfront.net/styles/athlete+AF8-bio+AF8-full+AF8-body/s3/2022+AC0-03/8c9c516e+AC0-2802+AC0-481e+AC0-a771+AC0-06878c0d0bd6+ACU-252FSILVA+AF8-JACOB+AF8-L.png?itok+AD0-52CpEMuG
Maria Silva,https://dmxg5wxfqgb4u.cloudfront.net/styles/athlete+AF8-bio+AF8-full+AF8-body/s3/2021+AC0-10/71819+ACU-252Fprofile+AC0-galery+ACU-252Ffullbodyleft+AC0-picture+ACU-252FSILVA+AF8-MARIA+AF8-L.png?itok+AD0-P5Dwd4uq
Bruno Silva,https://dmxg5wxfqgb4u.cloudfront.net/styles/athlete+AF8-bio+AF8-full+AF8-body/s3/2024+AC0-10/4/SILVA+AF8-BRUNO+AF8-L+AF8-3+AC0-30.png?itok+AD0-TfEpwM6+AF8-
Jansey Silva,https://dmxg5wxfqgb4u.cloudfront.net/styles/athlete+AF8-bio+AF8-full+AF8-body/s3/2021+AC0-10/71797+ACU-252Fprofile+AC0-galery+ACU-252Ffullbodyright+AC0-picture+ACU-252FSILVA+AF8-JANSEY+AF8-R.png?itok+AD0-qDzP3o7J
Jean Silva,https://dmxg5wxfqgb4u.cloudfront.net/styles/athlete+AF8-bio+AF8-full+AF8-body/s3/2025+AC0-02/SILVA+AF8-JEAN+AF8-L+AF8-02+AC0-22.png?itok+AD0-RqD7S2Yl
Mayra Bueno Silva,https://dmxg5wxfqgb4u.cloudfront.net/styles/athlete+AF8-bio+AF8-full+AF8-body/s3/2025+AC0-01/5/BUENO+AF8-SILVA+AF8-MAYRA+AF8-L+AF8-06+AC0-29.png?itok+AD0-Gp0HRlLM
Bruno Silva,https://dmxg5wxfqgb4u.cloudfront.net/styles/athlete+AF8-bio+AF8-full+AF8-body/s3/2025+AC0-01/5/SILVA+AF8-BRUNO+AF8-L+AF8-03+AC0-11.png?itok+AD0-fy1akIMY
Natalia Silva,https://dmxg5wxfqgb4u.cloudfront.net/styles/athlete+AF8-bio+AF8-full+AF8-body/s3/2025+AC0-01/5/SILVA+AF8-NATALIA+AF8-L+AF8-09+AC0-07.png?itok+AD0-8fpolGDC
Karine Silva,https://dmxg5wxfqgb4u.cloudfront.net/styles/athlete+AF8-bio+AF8-full+AF8-body/s3/2025+AC0-01/5/SILVA+AF8-KARINE+AF8-L+AF8-08+AC0-19.png?itok+AD0-uhMrXGKY
Danny Silva,https://dmxg5wxfqgb4u.cloudfront.net/styles/athlete+AF8-bio+AF8-full+AF8-body/s3/2025+AC0-02/SILVA+AF8-DANNY+AF8-L+AF8-03+AC0-16.png?itok+AD0-Yx+AF8-yiqJH
Douglas Silva de Andrade,https://dmxg5wxfqgb4u.cloudfront.net/styles/athlete+AF8-bio+AF8-full+AF8-body/s3/2025+AC0-02/SILVA+AF8-DOUGLAS+AF8-L+AF8-06+AC0-15.png?itok+AD0-5LKrSX+AF8-q
Elias Silverio,https://dmxg5wxfqgb4u.cloudfront.net/styles/athlete+AF8-bio+AF8-full+AF8-body/s3/2022+AC0-03/f61db357+AC0-ee5c+AC0-4b67+AC0-ba75+AC0-6bdc5a857e9a+ACU-252FElias+AC0-Silverio+AF8-452660+AF8-LeftFullBodyImage.png?itok+AD0-dLm7WILY
Jamey Simmons,https://dmxg5wxfqgb4u.cloudfront.net/styles/athlete+AF8-bio+AF8-full+AF8-body/s3/2021+AC0-08/71732+ACU-252Fprofile+AC0-galery+ACU-252Ffullbodyleft+AC0-picture+ACU-252FSIMMONS+AF8-JAMEY+AF8-L+AF8-08+AC0-07.png?itok+AD0-eJnlC3+AF8-Y
Ricky Simon,https://dmxg5wxfqgb4u.cloudfront.net/styles/athlete+AF8-bio+AF8-full+AF8-body/s3/2025+AC0-02/SIMON+AF8-RICKY+AF8-L+AF8-02+AC0-22.png?itok+AD0-kcCwDfnJ
Aaron Simpson,None
Tony Sims,https://dmxg5wxfqgb4u.cloudfront.net/styles/athlete+AF8-bio+AF8-full+AF8-body/s3/2022+AC0-03/dbe0b933+AC0-320f+AC0-485a+AC0-bd72+AC0-72ba2e892c7f+ACU-252Ftony+AC0-sims+AF8-536416+AF8-LeftFullBodyImage.png?itok+AD0-Z5zF7Aj0
Everett Sims,https://dmxg5wxfqgb4u.cloudfront.net/styles/athlete+AF8-bio+AF8-full+AF8-body/s3/2022+AC0-03/1ad0fd5c+AC0-af20+AC0-4927+AC0-b930+AC0-dc6e171c106f+ACU-252FEverett+AC0-Sims+AF8-635818+AF8-LeftFullBodyImage.png?itok+AD0-TQy1t0Bw
Wes Sims,None
Lodune Sincaid,None
Rory Singer,None
Arjan Singh Bhullar,https://dmxg5wxfqgb4u.cloudfront.net/styles/athlete+AF8-bio+AF8-full+AF8-body/s3/image/fighter+AF8-images/Arjan+AF8-Bhullar/BHULLAR+AF8-ARJAN+AF8-L.png?VersionId+AD0-1jyJSV3zinpCH1.cWTZdKW7ZGSwdeXlF+ACY-itok+AD0-uiTrDg8b
Elvis Sinosic,None
Mitchell Sipe,None
Gian Siqueira,https://dmxg5wxfqgb4u.cloudfront.net/styles/athlete+AF8-bio+AF8-full+AF8-body/s3/2022+AC0-10/SIQUEIRA+AF8-GIAN+AF8-R.png?itok+AD0-f41AZbaf
Jeremia Siregar,https://dmxg5wxfqgb4u.cloudfront.net/styles/athlete+AF8-bio+AF8-full+AF8-body/s3/2022+AC0-06/7166777f+AC0-4fa7+AC0-42bc+AC0-be6e+AC0-b57c937e9b0e+ACU-252FSIREGAR+AF8-JEREMIAH+AF8-R.png?itok+AD0-BPTYyXt2
Dennis Siver,https://dmxg5wxfqgb4u.cloudfront.net/styles/athlete+AF8-bio+AF8-full+AF8-body/s3/2022+AC0-03/df2cfb35+AC0-bc59+AC0-48c0+AC0-a4ee+AC0-486b8ca910a8+ACU-252FDennis+AC0-Siver+AF8-364+AF8-LeftFullBodyImage.png?itok+AD0-WlJwk3UB
Chas Skelly,https://dmxg5wxfqgb4u.cloudfront.net/styles/athlete+AF8-bio+AF8-full+AF8-body/s3/2022+AC0-02/35ef0e31+AC0-1029+AC0-41d1+AC0-9909+AC0-483d224cb614+ACU-252FSKELLY+AF8-CHAS+AF8-L+AF8-02+AC0-19.png?itok+AD0-GaIbBGjY
Kimbo Slice,None
Joe Slick,None
Gilbert Smith,None
Colton Smith,https://dmxg5wxfqgb4u.cloudfront.net/styles/athlete+AF8-bio+AF8-full+AF8-body/s3/2022+AC0-03/e194e899+AC0-0ab6+AC0-4621+AC0-8c36+AC0-25aed813b4de+ACU-252FColton+AC0-Smith+AF8-293597+AF8-LeftFullBodyImage.png?itok+AD0AXw-GfT8upX
Trevor Smith,https://dmxg5wxfqgb4u.cloudfront.net/styles/athlete+AF8-bio+AF8-full+AF8-body/s3/2020+AC0-03/SMITH+AF8-TREVOR+AF8-L.png?VersionId+AD0-s97V3U1RMJghDUTkBnM2.zbT3JMLhmkP+ACY-itok+AD0-HgbHrnFj
Leslie Smith,https://dmxg5wxfqgb4u.cloudfront.net/styles/athlete+AF8-bio+AF8-full+AF8-body/s3/image/ufc+AC0-fighter+AC0-container/68577/profile+AC0-galery/fullbodyleft+AC0-picture/Leslie+AC0-Smith+AF8-480246+AF8-LeftFullBodyImage.png?itok+AD0-iwVw+AF8-8CS
Devonte Smith,https://dmxg5wxfqgb4u.cloudfront.net/styles/athlete+AF8-bio+AF8-full+AF8-body/s3/2021+AC0-10/71405+ACU-252Fprofile+AC0-galery+ACU-252Ffullbodyleft+AC0-picture+ACU-252FSMITH+AF8-DEVONTE+AF8-L+AF8-10+AC0-02.png?itok+AD0-k+AF8-5ydvcy
Cole Smith,https://dmxg5wxfqgb4u.cloudfront.net/styles/athlete+AF8-bio+AF8-full+AF8-body/s3/2020+AC0-09/SMITH+AF8-COLE+AF8-L+AF8-05+AC0-04.png?VersionId+AD0-wwjdco467kPKt3IBZ30kIe16WLsBEYVI+ACY-itok+AD0-nOxf7iuJ
Braxton Smith,https://dmxg5wxfqgb4u.cloudfront.net/styles/athlete+AF8-bio+AF8-full+AF8-body/s3/2023+AC0-05/SMITH+AF8-BRAXTON+AF8-L+AF8-05+AC0-06.png?itok+AD0-VeED4jFN
Patrick Smith,None
Maurice Smith,None
Scott Smith,None
Jacobe Smith,https://dmxg5wxfqgb4u.cloudfront.net/styles/athlete+AF8-bio+AF8-full+AF8-body/s3/2025+AC0-01/1/SMITH+AF8-JACOBE+AF8-L+AF8-01+AC0-11.png?itok+AD0-Zpq+AC0-31Xw
Michael Smith,None
Nate Smith,https://dmxg5wxfqgb4u.cloudfront.net/styles/athlete+AF8-bio+AF8-full+AF8-body/s3/2022+AC0-03/033df6e6+AC0-3e6b+AC0-479d+AC0-847d+AC0-149dbe0e4b4c+ACU-252FSMITH+AF8-NATE+AF8-R.png?itok+AD0-6KIKJanJ
Elijah Smith,https://dmxg5wxfqgb4u.cloudfront.net/styles/athlete+AF8-bio+AF8-full+AF8-body/s3/2025+AC0-01/SMITH+AF8-ELIJAH+AF8-R.png?itok+AD0-tPAasqE2
Anthony Smith,https://dmxg5wxfqgb4u.cloudfront.net/styles/athlete+AF8-bio+AF8-full+AF8-body/s3/2025+AC0-01/5/SMITH+AF8-ANTHONY+AF8-L+AF8-06+AC0-29.png?itok+AD0-EzRlEqE8
Dmitrii Smoliakov,https://dmxg5wxfqgb4u.cloudfront.net/styles/athlete+AF8-bio+AF8-full+AF8-body/s3/image/fighter+AF8-images/Dimitry+AF8-Smolyavko/SMOLIAKOV+AF8-DMITRII+AF8-L.png?VersionId+AD0-ibMkXkMAi60mS2ts3PtQk3RMktxi1NwY+ACY-itok+AD0-EBbhNZBS
Louis Smolka,https://dmxg5wxfqgb4u.cloudfront.net/styles/athlete+AF8-bio+AF8-full+AF8-body/s3/2022+AC0-03/3e3e8bf3+AC0-f981+AC0-4091+AC0-80c0+AC0-6f47d51190ba+ACU-252FSMOLKA+AF8-LOUIS+AF8-L+AF8-12+AC0-04.png?itok+AD0-gQlhqKFu
Cameron Smotherman,https://dmxg5wxfqgb4u.cloudfront.net/styles/athlete+AF8-bio+AF8-full+AF8-body/s3/2024+AC0-11/SMOTHERMAN+AF8-CAMERON+AF8-L+AF8-10+AC0-19.png?itok+AD0-if9S4t45
Shimon Smotritsky,https://dmxg5wxfqgb4u.cloudfront.net/styles/athlete+AF8-bio+AF8-full+AF8-body/s3/2022+AC0-07/SMOTRITSKY+AF8-SHIMON+AF8-L+AF8-CS.png?itok+AD0-Re1UFsNG
Richie Smullen,https://dmxg5wxfqgb4u.cloudfront.net/styles/athlete+AF8-bio+AF8-full+AF8-body/s3/2018+AC0-10/SMULLEN+AF8-RICHIE+AF8-R+AF8-0.png?VersionId+AD0-Q0Or9bIZDZI5kh6dUsC2sCP9GDZx+AF8-dtm+ACY-itok+AD0-Y99AJlMR
Devin Smyth,https://dmxg5wxfqgb4u.cloudfront.net/styles/athlete+AF8-bio+AF8-full+AF8-body/s3/2022+AC0-03/26f896e9+AC0-eda3+AC0-4fd8+AC0-92d9+AC0-8154d3800058+ACU-252FSMYTH+AF8-DEVIN+AF8-L.png?itok+AD0-ygiLSD6G
Peter Sobotta,https://dmxg5wxfqgb4u.cloudfront.net/styles/athlete+AF8-bio+AF8-full+AF8-body/s3/image/fighter+AF8-images/Peter+AF8-Sobotta/SOBOTTA+AF8-PETER+AF8-R.png?VersionId+AD0-nn1uHHWqsCpCSLkYJuk3v2mTGXoY98J.+ACY-itok+AD0-tTNyjb8z
Renato Sobral,None
Rameau Sokoudjou,None
Alexander Soldatkin,None
Joe Solecki,https://dmxg5wxfqgb4u.cloudfront.net/styles/athlete+AF8-bio+AF8-full+AF8-body/s3/2025+AC0-01/2/SOLECKI+AF8-JOE+AF8-L+AF8-01+AC0-11.png?itok+AD0-6EBZxTq7
Jin Soo Son,https://dmxg5wxfqgb4u.cloudfront.net/styles/athlete+AF8-bio+AF8-full+AF8-body/s3/image/ufc+AC0-fighter+AC0-container/71426/profile+AC0-galery/fullbodyleft+AC0-picture/SON+AF8-JINSOO+AF8-L.png?itok+AD0-DVME1+AF8-yG
Joe Son,None
Emrah Sonmez,None
Chael Sonnen,https://dmxg5wxfqgb4u.cloudfront.net/styles/athlete+AF8-bio+AF8-full+AF8-body/s3/image/fighter+AF8-images/Chael+AF8-Sonnen/ChaelSonnen+AF8-UFC159+AF8-018.png?VersionId+AD0-Fclt6W3Nkb1BNJBAWd.Ww5NM9y7IWKNS+ACY-itok+AD0-cqTqrZQ3
Benardo Sopaj,https://dmxg5wxfqgb4u.cloudfront.net/styles/athlete+AF8-bio+AF8-full+AF8-body/s3/2025+AC0-01/6/SOPAJ+AF8-BENARDO+AF8-L+AF8-03+AC0-02.png?itok+AD0-cyWRZeAl
Emiliano Sordi,https://dmxg5wxfqgb4u.cloudfront.net/styles/athlete+AF8-bio+AF8-full+AF8-body/s3/image/fighter+AF8-images/Emiliano+AF8-Sordi/SORDI+AF8-EMILIANO+AF8-R.png?VersionId+AD0-Hk3xNz5SOEBmiVUaRYNoUF2OA6TgxAGr+ACY-itok+AD0-otFqQZZn
Sean Soriano,https://dmxg5wxfqgb4u.cloudfront.net/styles/athlete+AF8-bio+AF8-full+AF8-body/s3/2021+AC0-06/SORIANO+AF8-SEAN+AF8-L+AF8-05+AC0-15.png?itok+AD0-F2oLFQWE
Punahele Soriano,https://dmxg5wxfqgb4u.cloudfront.net/styles/athlete+AF8-bio+AF8-full+AF8-body/s3/2025+AC0-01/9/SORIANO+AF8-PUNAHELE+AF8-L+AF8-01+AC0-11.png?itok+AD0-rxCPjv8Y
Dmitry Sosnovskiy,https://dmxg5wxfqgb4u.cloudfront.net/styles/athlete+AF8-bio+AF8-full+AF8-body/s3/image/fighter+AF8-images/Dmitry+AF8-Sosnovskiy/SOSNOVSKIY+AF8-DMITRY+AF8-R.png?VersionId+AD0-8sRVfLVdTDXINKmyUXO4ES6sv4L44adB+ACY-itok+AD0-1Z3hZNmk
Ben Sosoli,https://dmxg5wxfqgb4u.cloudfront.net/styles/athlete+AF8-bio+AF8-full+AF8-body/s3/2020+AC0-02/SOSOLI+AF8-BEN+AF8-L.png?VersionId+AD0-.xrzSkyj3r6OlS9hTycH9IQsT5T4zoZf+ACY-itok+AD0-KD8En1Cz
Krzysztof Soszynski,None
George Sotiropoulos,https://dmxg5wxfqgb4u.cloudfront.net/styles/athlete+AF8-bio+AF8-full+AF8-body/s3/image/fighter+AF8-images/George+AF8-Sotiropoulos/GeorgeSotiropoulos+AF8-FullBody+AF8-RC.png?VersionId+AD0-9LUWoM0lM0UD3A93ZvsrTkVY2gamoTok+ACY-itok+AD0-b+AC0-rM6t3B
Alex Soto,None
Joe Soto,https://dmxg5wxfqgb4u.cloudfront.net/styles/athlete+AF8-bio+AF8-full+AF8-body/s3/2022+AC0-03/fd69bd1f+AC0-7cb1+AC0-452b+AC0-9f07+AC0-dd71d94facfd+ACU-252Fjoe+AC0-soto+AF8-497684+AF8-LeftFullBodyImage.png?itok+AD0-qaFQZJsV
Greg Soto,None
Andre Soukhamthath,https://dmxg5wxfqgb4u.cloudfront.net/styles/athlete+AF8-bio+AF8-full+AF8-body/s3/image/ufc+AC0-fighter+AC0-container/67314/profile+AC0-galery/fullbodyleft+AC0-picture/SOUKHAMTHATH+AF8-ANDRE+AF8-L.png?VersionId+AD0-wxp.as.0Np39pZ+AF8-1pUdTS2XgUz42kneG+ACY-itok+AD0-il1o6Md4
Mario Sousa,https://dmxg5wxfqgb4u.cloudfront.net/styles/athlete+AF8-bio+AF8-full+AF8-body/s3/2021+AC0-09/71610+ACU-252Fprofile+AC0-galery+ACU-252Ffullbodyleft+AC0-picture+ACU-252FSOUZA+AF8-MARIO+AF8-L.png?itok+AD0-53N1JJxZ
Bobby Southworth,None
Kevin Souza,https://dmxg5wxfqgb4u.cloudfront.net/styles/athlete+AF8-bio+AF8-full+AF8-body/s3/2022+AC0-03/ec657b23+AC0-27b9+AC0-46b3+AC0-9721+AC0-c69e496ef5d4+ACU-252FKevin+AC0-Souza+AF8-452625+AF8-LeftFullBodyImage.png?itok+AD0-AaGoyJVB
Ronaldo Souza,https://dmxg5wxfqgb4u.cloudfront.net/styles/athlete+AF8-bio+AF8-full+AF8-body/s3/2021+AC0-05/68142+ACU-252Fprofile+AC0-galery+ACU-252Ffullbodyleft+AC0-picture+ACU-252FSOUZA+AF8-JACARE+AF8-L+AF8-05+AC0-15.png?itok+AD0-vRrOL9eL
Livinha Souza,https://dmxg5wxfqgb4u.cloudfront.net/styles/athlete+AF8-bio+AF8-full+AF8-body/s3/2021+AC0-10/68592+ACU-252Fprofile+AC0-galery+ACU-252Ffullbodyleft+AC0-picture+ACU-252FSOUZA+AF8-LIVIA+AF8-L+AF8-10+AC0-23.png?itok+AD0-hZXXCqzK
Ketlen Souza,https://dmxg5wxfqgb4u.cloudfront.net/styles/athlete+AF8-bio+AF8-full+AF8-body/s3/2023+AC0-06/SOUZA+AF8-KETLEN+AF8-L+AF8-06+AC0-03.png?itok+AD0-4YN1mMo+AC0-
Willian Souza,https://dmxg5wxfqgb4u.cloudfront.net/styles/athlete+AF8-bio+AF8-full+AF8-body/s3/2022+AC0-07/SOUZA+AF8-WILLIAN+AF8-R+AF8-CS.png?itok+AD0-LupGd0FO
Bruno Souza,https://dmxg5wxfqgb4u.cloudfront.net/styles/athlete+AF8-bio+AF8-full+AF8-body/s3/2022+AC0-03/d77d6f50+AC0-43b8+AC0-4b51+AC0-9b85+AC0-8ff9edcfcd54+ACU-252FSOUZA+AF8-BRUNO+AF8-L+AF8-11+AC0-06.png?itok+AD0-7tfTCMWO
Chris Spang,None
Andreas Spang,None
Ryan Spann,https://dmxg5wxfqgb4u.cloudfront.net/styles/athlete+AF8-bio+AF8-full+AF8-body/s3/2024+AC0-10/SPANN+AF8-RYAN+AF8-L+AF8-10+AC0-05.png?itok+AD0-2d3Yb3Ul
Tommy Speer,None
Felicia Spencer,https://dmxg5wxfqgb4u.cloudfront.net/styles/athlete+AF8-bio+AF8-full+AF8-body/s3/2021+AC0-05/71456+ACU-252Fprofile+AC0-galery+ACU-252Ffullbodyleft+AC0-picture+ACU-252FSPENCER+AF8-FELICIA+AF8-L+AF8-05+AC0-22.png?itok+AD0-uDZk8dp7
Sean Spencer,https://dmxg5wxfqgb4u.cloudfront.net/styles/athlete+AF8-bio+AF8-full+AF8-body/s3/2022+AC0-03/21c087d3+AC0-3edd+AC0-4e88+AC0-af76+AC0-c7b14332eef7+ACU-252FSean+AC0-Spencer+AF8-299613+AF8-LeftFullBodyImage.png?itok+AD0-gIGaTBDJ
Eric Spicely,https://dmxg5wxfqgb4u.cloudfront.net/styles/athlete+AF8-bio+AF8-full+AF8-body/s3/image/fighter+AF8-images/Eric+AF8-Sicely/SPICELY+AF8-ERIC+AF8-L.png?VersionId+AD0-8lnetwbdZRuRwc5CXgWL9.Vqy6rjsbkM+ACY-itok+AD0-RiMyNmJU
Daniel Spitz,https://dmxg5wxfqgb4u.cloudfront.net/styles/athlete+AF8-bio+AF8-full+AF8-body/s3/image/ufc+AC0-fighter+AC0-container/67731/profile+AC0-galery/fullbodyleft+AC0-picture/SPITZ+AF8-DANIEL+AF8-L.png?VersionId+AD0-h1kydhjpJe2EwHqNfeSWJJOiw7kdSg5.+ACY-itok+AD0-u3wlxV82
Serghei Spivac,https://dmxg5wxfqgb4u.cloudfront.net/styles/athlete+AF8-bio+AF8-full+AF8-body/s3/2022+AC0-03/7976d658+AC0-43f8+AC0-4c33+AC0-9ae0+AC0-4ec3b8a2403d+ACU-252FSPIVAC+AF8-SERGHEI+AF8-L+AF8-03+AC0-05.png?itok+AD0-EsTn+AC0-tdo
Daniel Spohn,https://dmxg5wxfqgb4u.cloudfront.net/styles/athlete+AF8-bio+AF8-full+AF8-body/s3/2022+AC0-03/4a43e9ec+AC0-df95+AC0-45ef+AC0-b54e+AC0-da405508df01+ACU-252FDaniel+AC0-Spohn+AF8-631537+AF8-LeftFullBodyImage.png?itok+AD0-pzFa+AF8-AZt
Pete Spratt,None
Austin Springer,https://dmxg5wxfqgb4u.cloudfront.net/styles/athlete+AF8-bio+AF8-full+AF8-body/s3/2020+AC0-09/SPRINGER+AF8-AUSTIN+AF8-L+AF8-08+AC0-29.png?VersionId+AD0-SUCkFwjXPAK6U7NXMsiB2PMGXNRiNAO6+ACY-itok+AD0-J3XVIoyY
Georges St+AC0-Pierre,https://dmxg5wxfqgb4u.cloudfront.net/styles/athlete+AF8-bio+AF8-full+AF8-body/s3/image/ufc+AC0-fighter+AC0-container/68009/profile+AC0-galery/fullbodyleft+AC0-picture/Georges+AC0-St+AC0-Pierre+AF8-318+AF8-LeftFullBodyImage.png?itok+AD0-JMGmeab+AF8-
Andreas Stahl,https://dmxg5wxfqgb4u.cloudfront.net/styles/athlete+AF8-bio+AF8-full+AF8-body/s3/2021+AC0-08/Andreas+AC0-Stahl+AF8-459184+AF8-LeftFullBodyImage.png?itok+AD0-fZLPEAtE
Ron Stallings,https://dmxg5wxfqgb4u.cloudfront.net/styles/athlete+AF8-bio+AF8-full+AF8-body/s3/2022+AC0-03/d5b54e4c+AC0-2193+AC0-42d3+AC0-b55d+AC0-41e1e78c1e4c+ACU-252Fron+AC0-stallings+AF8-517990+AF8-LeftFullBodyImage.png?itok+AD0-E4KtQORN
Cody Stamann,https://dmxg5wxfqgb4u.cloudfront.net/styles/athlete+AF8-bio+AF8-full+AF8-body/s3/2024+AC0-11/STAMANN+AF8-CODY+AF8-L+AF8-11+AC0-09.png?itok+AD0-bSKoRPdw
Cristina Stanciu,https://dmxg5wxfqgb4u.cloudfront.net/styles/athlete+AF8-bio+AF8-full+AF8-body/s3/2022+AC0-03/4a8c7da8+AC0-4c69+AC0-4c70+AC0-a85f+AC0-ae66f634e340+ACU-252FCristina+AC0-Stanciu+AF8-583148+AF8-LeftFullBodyImage.png?itok+AD0-ANhi+AC0-47F
Brian Stann,None
Joshua Stansbury,https://dmxg5wxfqgb4u.cloudfront.net/styles/athlete+AF8-bio+AF8-full+AF8-body/s3/2022+AC0-03/2d57d6e4+AC0-5d9a+AC0-43d4+AC0-933d+AC0-b68d2bbb6823+ACU-252Fjoshua+AC0-stansbury+AF8-587588+AF8-LeftFullBodyImage.png?itok+AD0-vUNcI+AF8-8w
Dion Staring,None
Clifford Starks,None
Kalib Starnes,None
Laureano Staropoli,https://dmxg5wxfqgb4u.cloudfront.net/styles/athlete+AF8-bio+AF8-full+AF8-body/s3/2021+AC0-06/71434+ACU-252Fprofile+AC0-galery+ACU-252Ffullbodyleft+AC0-picture+ACU-252FSTAROPOLI+AF8-LAUREANO+AF8-L+AF8-06+AC0-05.png?itok+AD0-zybPsCsF
Damian Stasiak,https://dmxg5wxfqgb4u.cloudfront.net/styles/athlete+AF8-bio+AF8-full+AF8-body/s3/image/ufc+AC0-fighter+AC0-container/67702/profile+AC0-galery/fullbodyleft+AC0-picture/damian+AC0-stasiak+AF8-527883+AF8-LeftFullBodyImage.png?VersionId+AD0-LrPW68k.uWxiFY3AGq6SiUzlK1v5bLTQ+ACY-itok+AD0-w+AF8-pwlY1k
Dominique Steele,https://dmxg5wxfqgb4u.cloudfront.net/styles/athlete+AF8-bio+AF8-full+AF8-body/s3/2022+AC0-03/44edd59a+AC0-c76b+AC0-4c3e+AC0-a4d9+AC0-0bd8f56e4ee6+ACU-252Fdominique+AC0-steele+AF8-538285+AF8-LeftFullBodyImage.png?itok+AD0-Caseo+AF8-LP
Kody Steele,https://dmxg5wxfqgb4u.cloudfront.net/styles/athlete+AF8-bio+AF8-full+AF8-body/s3/2025+AC0-01/STEELE+AF8-KODY+AF8-L+AF8-10+AC0-08.png?itok+AD0-4qdLNlve
Ricky Steele,https://dmxg5wxfqgb4u.cloudfront.net/styles/athlete+AF8-bio+AF8-full+AF8-body/s3/2022+AC0-03/fcd8f740+AC0-35ff+AC0-47d3+AC0-9123+AC0-d513e113c676+ACU-252FSTEELE+AF8-RICKY+AF8-L.png?itok+AD0-smvb4yfj
Alex Steibling,None
Steve Steinbeiss,None
Dmitrei Stepanov,None
Jeremy Stephens,https://dmxg5wxfqgb4u.cloudfront.net/styles/athlete+AF8-bio+AF8-full+AF8-body/s3/2021+AC0-04/68227+ACU-252Fprofile+AC0-galery+ACU-252Ffullbodyleft+AC0-picture+ACU-252FSTEPHENS+AF8-JEREMY+AF8-L+AF8-04+AC0-17.png?itok+AD0-r9oqGjwu
Aljamain Sterling,https://dmxg5wxfqgb4u.cloudfront.net/styles/athlete+AF8-bio+AF8-full+AF8-body/s3/2025+AC0-01/5/STERLING+AF8-ALJAMAIN+AF8-L+AF8-04+AC0-13.png?itok+AD0-rh3i96y4
Maia Stevenson,https://dmxg5wxfqgb4u.cloudfront.net/styles/athlete+AF8-bio+AF8-full+AF8-body/s3/image/ufc+AC0-fighter+AC0-container/69625/profile+AC0-galery/fullbodyleft+AC0-picture/Maia+AC0-Stevenson+AF8-645898+AF8-LeftFullBodyImage.png?VersionId+AD0-ifW71BAC3pKNlHDwiv4M3XWTrETiUN6j+ACY-itok+AD0-FVlGPHBj
Joe Stevenson,None
Darren Stewart,https://dmxg5wxfqgb4u.cloudfront.net/styles/athlete+AF8-bio+AF8-full+AF8-body/s3/2021+AC0-07/STEWART+AF8-DARREN+AF8-L+AF8-06+AC0-12.png?itok+AD0-ZYz8Tvb3
Kyle Stewart,https://dmxg5wxfqgb4u.cloudfront.net/styles/athlete+AF8-bio+AF8-full+AF8-body/s3/2019+AC0-01/STEWART+AF8-KYLE+AF8-L.png?VersionId+AD0-o5dKYwN7nm32idpAVQEBAHegkSJpt3sK+ACY-itok+AD0-B+AF8-SZxms1
Navajo Stirling,https://dmxg5wxfqgb4u.cloudfront.net/styles/athlete+AF8-bio+AF8-full+AF8-body/s3/2024+AC0-12/STIRLING+AF8-NAVAJO+AF8-L+AF8-12+AC0-14.png?itok+AD0-phh7M+AF8-EO
Dan Stittgen,None
Lazar Stojadinovic,https://dmxg5wxfqgb4u.cloudfront.net/styles/athlete+AF8-bio+AF8-full+AF8-body/s3/2022+AC0-03/e0b595c1+AC0-40e4+AC0-4aac+AC0-83e7+AC0-13ad27050ef9+ACU-252FLazar+AC0-Stojadinovic+AF8-631543+AF8-RightFullBodyImage.png?itok+AD0-9PxB6K+AF8-z
Denis Stojnic,None
Julija Stoliarenko,https://dmxg5wxfqgb4u.cloudfront.net/styles/athlete+AF8-bio+AF8-full+AF8-body/s3/2022+AC0-09/STOLIARENKO+AF8-JULIJA+AF8-L+AF8-10+AC0-01.png?itok+AD0-b+AF8-JSx55D
Dustin Stoltzfus,https://dmxg5wxfqgb4u.cloudfront.net/styles/athlete+AF8-bio+AF8-full+AF8-body/s3/2024+AC0-10/STOLTZFUS+AF8-DUSTIN+AF8-L+AF8-12+AC0-02.png?itok+AD0-QmDO1+AC0-1L
Niklas Stolze,https://dmxg5wxfqgb4u.cloudfront.net/styles/athlete+AF8-bio+AF8-full+AF8-body/s3/2022+AC0-06/2d3eeb7f+AC0-12df+AC0-451d+AC0-b1aa+AC0-c51464f699ea+ACU-252FSTOLZE+AF8-NIKLAS+AF8-L+AF8-06+AC0-04.png?itok+AD0-QOwmivH0
Ken Stone,None
Rick Story,https://dmxg5wxfqgb4u.cloudfront.net/styles/athlete+AF8-bio+AF8-full+AF8-body/s3/2022+AC0-03/662a72fe+AC0-bd7b+AC0-42a7+AC0-84de+AC0-1d6f87db8bef+ACU-252FRick+AC0-Story+AF8-1041+AF8-LeftFullBodyImage.png?itok+AD0-iswx4cUf
Darko Stosic,https://dmxg5wxfqgb4u.cloudfront.net/styles/athlete+AF8-bio+AF8-full+AF8-body/s3/image/ufc+AC0-fighter+AC0-container/67748/profile+AC0-galery/fullbodyleft+AC0-picture/STOSIC+AF8-DARKO+AF8-L.png?VersionId+AD0-SA.397ahhuO2O5CYE.ZIgs71N852Zfrg+ACY-itok+AD0-kRMLR2th
Greg Stott,None
Curtis Stout,None
Sam Stout,https://dmxg5wxfqgb4u.cloudfront.net/styles/athlete+AF8-bio+AF8-full+AF8-body/s3/image/ufc+AC0-fighter+AC0-container/69192/profile+AC0-galery/fullbodyleft+AC0-picture/Sam+AC0-Stout+AF8-741+AF8-LeftFullBodyImage.png?VersionId+AD0-PQesYKAkxZReIR6b232CarPeYY9X07pi+ACY-itok+AD0-fYyc9Vw3
Jesse Strader,https://dmxg5wxfqgb4u.cloudfront.net/styles/athlete+AF8-bio+AF8-full+AF8-body/s3/2022+AC0-02/95bfd25b+AC0-f749+AC0-457f+AC0-a9b6+AC0-bf66c9d82d6b+ACU-252FSTRADER+AF8-JESSE+AF8-L+AF8-02+AC0-19.png?itok+AD0-sJiv2yHj
Dave Strasser,None
Gerald Strebendt,None
Sean Strickland,https://dmxg5wxfqgb4u.cloudfront.net/styles/athlete+AF8-bio+AF8-full+AF8-body/s3/2025+AC0-01/5/STRICKLAND+AF8-SEAN+AF8-L+AF8-06+AC0-01.png?itok+AD0-Wum6qrCe
Mark Striegl,https://dmxg5wxfqgb4u.cloudfront.net/styles/athlete+AF8-bio+AF8-full+AF8-body/s3/2022+AC0-02/7520fbf5+AC0-fc3c+AC0-4750+AC0-919c+AC0-a6f7a46cbd07+ACU-252FSTRIEGL+AF8-MARK+AF8-L+AF8-02+AC0-19.png?itok+AD0-zANH2iFm
Hans Stringer,https://dmxg5wxfqgb4u.cloudfront.net/styles/athlete+AF8-bio+AF8-full+AF8-body/s3/2022+AC0-03/8e0094fb+AC0-9305+AC0-412d+AC0-8ff9+AC0-862e89592085+ACU-252FHans+AC0-Stringer+AF8-472611+AF8-LeftFullBodyImage.png?itok+AD0-OGWeoQ6t
Stefan Struve,https://dmxg5wxfqgb4u.cloudfront.net/styles/athlete+AF8-bio+AF8-full+AF8-body/s3/2019+AC0-02/STRUVE+AF8-STEFAN+AF8-L.png?VersionId+AD0-.cG0rPsvhW3ZmC.Q1Qr355L1ZQDRBAqU+ACY-itok+AD0-WFVXKziJ
Josh Stuart,None
Mike Stumpf,None
Tatiana Suarez,https://dmxg5wxfqgb4u.cloudfront.net/styles/athlete+AF8-bio+AF8-full+AF8-body/s3/2025+AC0-01/5/SAUREZ+AF8-TATIANA+AF8-L+AF8-02+AC0-25.png?itok+AD0-pSnPGr+AC0-0
Vineesh Subrahmanyan,None
Genki Sudo,None
Lukasz Sudolski,https://dmxg5wxfqgb4u.cloudfront.net/styles/athlete+AF8-bio+AF8-full+AF8-body/s3/2021+AC0-09/71773+ACU-252Fprofile+AC0-galery+ACU-252Ffullbodyleft+AC0-picture+ACU-252FSUDOLSKI+AF8-LUKASZ+AF8-L.png?itok+AD0-syWMy1UA
George Sullivan,https://dmxg5wxfqgb4u.cloudfront.net/styles/athlete+AF8-bio+AF8-full+AF8-body/s3/image/ufc+AC0-fighter+AC0-container/68008/profile+AC0-galery/fullbodyleft+AC0-picture/George+AC0-Sullivan+AF8-469417+AF8-LeftFullBodyImage.png?itok+AD0-msjeGMFl
Amar Suloev,None
Justin Sumter,https://dmxg5wxfqgb4u.cloudfront.net/styles/athlete+AF8-bio+AF8-full+AF8-body/s3/2022+AC0-03/5323c40f+AC0-281e+AC0-4eb9+AC0-9aeb+AC0-cdceaa647ca2+ACU-252FSUMTER+AF8-JUSTIN+AF8-L.png?itok+AD0-ukrtl49h
Rama Supandhi,https://dmxg5wxfqgb4u.cloudfront.net/styles/athlete+AF8-bio+AF8-full+AF8-body/s3/2022+AC0-06/47c65a2b+AC0-0693+AC0-4e73+AC0-a95e+AC0-ff2bf84c1a5c+ACU-252FSUPANDI+AF8-RAMA+AF8-R.png?itok+AD0-6Fx6vJud
Joel Sutton,None
Danilo Suzart,https://dmxg5wxfqgb4u.cloudfront.net/styles/athlete+AF8-bio+AF8-full+AF8-body/s3/2022+AC0-07/SUZART+AF8-DANILO+AF8-R+AF8-AC+AF8-CS.png?itok+AD0-4ZvcIeVe
Martin Svensson,https://dmxg5wxfqgb4u.cloudfront.net/styles/athlete+AF8-bio+AF8-full+AF8-body/s3/2022+AC0-03/cfb259a1+AC0-9985+AC0-40bd+AC0-9ecf+AC0-ad689d48b53d+ACU-252FMartin+AC0-Svensson+AF8-574488+AF8-LeftFullBodyImage.png?itok+AD0-M2T4m2o1
Daniel Swain,https://dmxg5wxfqgb4u.cloudfront.net/styles/athlete+AF8-bio+AF8-full+AF8-body/s3/2022+AC0-03/3fe46dd7+AC0-7b08+AC0-4ae7+AC0-bc96+AC0-afd24e40fd71+ACU-252FSWAIN+AF8-DANIEL+AF8-R+AF8-CS.png?itok+AD0-FSMxZuLg
Cub Swanson,https://dmxg5wxfqgb4u.cloudfront.net/styles/athlete+AF8-bio+AF8-full+AF8-body/s3/2024+AC0-12/SWANSON+AF8-CUB+AF8-L+AF8-12+AC0-14.png?itok+AD0AXw-PUZA20x
Evan Sweesy,None
Mike Swick,https://dmxg5wxfqgb4u.cloudfront.net/styles/athlete+AF8-bio+AF8-full+AF8-body/s3/image/ufc+AC0-fighter+AC0-container/68829/profile+AC0-galery/fullbodyleft+AC0-picture/Mike+AC0-Swick+AF8-359+AF8-LeftFullBodyImage.png?VersionId+AD0-4Mm2Z6g1ta3ZpjhpF2Cfb7+AF8-WPCsIw9U.+ACY-itok+AD0-5Ssbkvds
Floyd Sword,None
Oumar Sy,https://dmxg5wxfqgb4u.cloudfront.net/styles/athlete+AF8-bio+AF8-full+AF8-body/s3/2024+AC0-09/SY+AF8-OUMAR+AF8-L+AF8-09+AC0-28.png?itok+AD0-t2Vgwrqz
Klaudia Sygu+//3//Q-a,https://dmxg5wxfqgb4u.cloudfront.net/styles/athlete+AF8-bio+AF8-full+AF8-body/s3/2024+AC0-11/SYGULA+AF8-KLAUDIA+AF8-R+AF8-11+AC0-09.png?itok+AD0-ew1nMCdC
Bentley Syler,https://dmxg5wxfqgb4u.cloudfront.net/styles/athlete+AF8-bio+AF8-full+AF8-body/s3/2022+AC0-03/c77f3825+AC0-d480+AC0-44cf+AC0-a350+AC0-f09b6d0eeb62+ACU-252Fbentley+AC0-syler+AF8-498753+AF8-LeftFullBodyImage.png?itok+AD0-F+AF8-fb1ZhX
Kevin Syler,https://dmxg5wxfqgb4u.cloudfront.net/styles/athlete+AF8-bio+AF8-full+AF8-body/s3/2022+AC0-03/0a0119cf+AC0-5314+AC0-4d3d+AC0-bbb1+AC0-5f78a1dfeb66+ACU-252FSYLER+AF8-KEVIN+AF8-L+AF8-08+AC0-04.png?itok+AD0-FrlZhxXn
Tim Sylvia,None
Kevin Szaflarski,https://dmxg5wxfqgb4u.cloudfront.net/styles/athlete+AF8-bio+AF8-full+AF8-body/s3/2023+AC0-08/SZAFLARSKI+AF8-KEVIN+AF8-L.png?itok+AD0AXw-74U1dBg
Eugenio Tadeu,None
Justin Tafa,https://dmxg5wxfqgb4u.cloudfront.net/styles/athlete+AF8-bio+AF8-full+AF8-body/s3/2025+AC0-02/TAFA+AF8-JUSTIN+AF8-L+AF8-02+AC0-08.png?itok+AD0-56Ehzsh6
Junior Tafa,https://dmxg5wxfqgb4u.cloudfront.net/styles/athlete+AF8-bio+AF8-full+AF8-body/s3/2024+AC0-10/TAFA+AF8-JUNIOR+AF8-L+AF8-10+AC0-12.png?itok+AD0-1dF0rxHS
Khalid Taha,https://dmxg5wxfqgb4u.cloudfront.net/styles/athlete+AF8-bio+AF8-full+AF8-body/s3/2021+AC0-07/68505+ACU-252Fprofile+AC0-galery+ACU-252Ffullbodyleft+AC0-picture+ACU-252FTAHA+AF8-KHALID+AF8-L+AF8-07+AC0-17.png?itok+AD0ALQ-opyG4i+AC0-
Tatsuro Taira,https://dmxg5wxfqgb4u.cloudfront.net/styles/athlete+AF8-bio+AF8-full+AF8-body/s3/2025+AC0-01/5/TAIRA+AF8-TATSURO+AF8-L+AF8-12+AC0-09.png?itok+AD0-J7CAHwZY
Mairbek Taisumov,https://dmxg5wxfqgb4u.cloudfront.net/styles/athlete+AF8-bio+AF8-full+AF8-body/s3/2018+AC0-10/TAISUMOV+AF8-MAIRBEK+AF8-L.png?VersionId+AD0-EWuxiOB8HBWPiuWjpQkzRF5AwzVsJhw2+ACY-itok+AD0-6t13lRbX
Yoshiki Takahashi,None
Daiju Takase,None
Oleg Taktarov,None
Montrel Talbert,None
Payton Talbott,https://dmxg5wxfqgb4u.cloudfront.net/styles/athlete+AF8-bio+AF8-full+AF8-body/s3/2025+AC0-01/4/TALBOTT+AF8-PAYTON+AF8-L+AF8-01+AC0-18.png?itok+AD0-xwSdRLoq
Nordine Taleb,https://dmxg5wxfqgb4u.cloudfront.net/styles/athlete+AF8-bio+AF8-full+AF8-body/s3/2018+AC0-11/TALEB+AF8-NORDINE+AF8-L.png?VersionId+AD0-a5Oqgq5EtQ.1jhAunbqbfRPk352r444f+ACY-itok+AD0-MTTMQv39
Murtaza Talha,None
Issei Tamura,None
Akitoshi Tamura,None
Jason Tan,None
Michinori Tanaka,https://dmxg5wxfqgb4u.cloudfront.net/styles/athlete+AF8-bio+AF8-full+AF8-body/s3/2022+AC0-03/f9781b37+AC0-9cf0+AC0-46a2+AC0-bfe0+AC0-b3d8bbff90ac+ACU-252FMichinori+AC0-Tanaka+AF8-469994+AF8-LeftFullBodyImage.png?itok+AD0-NkH6Eu+AF8-L
Evan Tanner,None
Miesha Tate,https://dmxg5wxfqgb4u.cloudfront.net/styles/athlete+AF8-bio+AF8-full+AF8-body/s3/2025+AC0-01/5/TATE+AF8-MIESHA+AF8-L+AF8-12+AC0-02.png?itok+AD0-LokjikSC
Brad Tavares,https://dmxg5wxfqgb4u.cloudfront.net/styles/athlete+AF8-bio+AF8-full+AF8-body/s3/2024+AC0-10/TAVARES+AF8-BRAD+AF8-L+AF8-10+AC0-12.png?itok+AD0-PFfvjsx2
Thiago Tavares,https://dmxg5wxfqgb4u.cloudfront.net/styles/athlete+AF8-bio+AF8-full+AF8-body/s3/2022+AC0-03/7f8c09e0+AC0-ab75+AC0-4296+AC0-b02b+AC0-79e2a1017ee4+ACU-252FThiago+AC0-Tavares+AF8-840+AF8-LeftFullBodyImage.png?itok+AD0-AemPHVRt
Ramon Taveras,https://dmxg5wxfqgb4u.cloudfront.net/styles/athlete+AF8-bio+AF8-full+AF8-body/s3/2024+AC0-01/TAVERAS+AF8-RAMON+AF8-L+AF8-01+AC0-20.png?itok+AD0-SJhuwKq7
Danielle Taylor,https://dmxg5wxfqgb4u.cloudfront.net/styles/athlete+AF8-bio+AF8-full+AF8-body/s3/2022+AC0-03/7dc6388a+AC0-7a06+AC0-4133+AC0-837e+AC0-b211640c66dd+ACU-252Fdanielle+AC0-taylor+AF8-600330+AF8-LeftFullBodyImage.png?itok+AD0-5tx10+AF8-RC
Paul Taylor,None
Jesse Taylor,https://dmxg5wxfqgb4u.cloudfront.net/styles/athlete+AF8-bio+AF8-full+AF8-body/s3/image/ufc+AC0-fighter+AC0-container/68241/profile+AC0-galery/fullbodyleft+AC0-picture/Jesse+AC0-Taylor+AF8-941+AF8-LeftFullBodyImage.png?VersionId+AD0-ZtCbad7Q1bUTQVc+AF8-90CTVv71.2Z2sZws+ACY-itok+AD0-NwhtshBd
James Te Huna,https://dmxg5wxfqgb4u.cloudfront.net/styles/athlete+AF8-bio+AF8-full+AF8-body/s3/image/ufc+AC0-fighter+AC0-container/68165/profile+AC0-galery/fullbodyleft+AC0-picture/James+AC0-Te+AC0-Huna+AF8-1146+AF8-LeftFullBodyImage.png?VersionId+AD0-D8caSMg6dHnCMtnAWZvwks39JwjxZuha+ACY-itok+AD0-5CumJZ6x
Shawn Teed,None
John Teixeira,None
Glover Teixeira,https://dmxg5wxfqgb4u.cloudfront.net/styles/athlete+AF8-bio+AF8-full+AF8-body/s3/2023+AC0-01/TEIXEIRA+AF8-GLOVER+AF8-L+AF8-01+AC0-19.png?itok+AD0-UszZk6f8
Tallison Teixeira,https://dmxg5wxfqgb4u.cloudfront.net/styles/athlete+AF8-bio+AF8-full+AF8-body/s3/2024+AC0-10/TEIXEIRA+AF8-TALLISON+AF8-L.png?itok+AD0-o8HlPXPN
Tra Telligman,None
Ramazan Temirov,https://dmxg5wxfqgb4u.cloudfront.net/styles/athlete+AF8-bio+AF8-full+AF8-body/s3/2024+AC0-11/TEMIROV+AF8-RAMAZAN+AF8-L+AF8-10+AC0-12.png?itok+AD0-2VOhqMJi
Taneisha Tennant,https://dmxg5wxfqgb4u.cloudfront.net/styles/athlete+AF8-bio+AF8-full+AF8-body/s3/2022+AC0-03/93541307+AC0-81bf+AC0-49b3+AC0-a999+AC0-57a9ddeb5998+ACU-252FTENNANT+AF8-TENEISHA+AF8-R.png?itok+AD0-GV2WFu3M
David Terrell,None
James Terry,None
Testy Test,None
David Teymur,https://dmxg5wxfqgb4u.cloudfront.net/styles/athlete+AF8-bio+AF8-full+AF8-body/s3/image/fighter+AF8-images/David+AF8-Teymur/TEYMUR+AF8-DAVID+AF8-L.png?itok+AD0-akbjQC3D
Daniel Teymur,https://dmxg5wxfqgb4u.cloudfront.net/styles/athlete+AF8-bio+AF8-full+AF8-body/s3/image/ufc+AC0-fighter+AC0-container/67734/profile+AC0-galery/fullbodyleft+AC0-picture/TEYMUR+AF8-DANIEL+AF8-L.png?VersionId+AD0-dkuKztwS+AF8-pv0ZHikdrZNSNl4vWJzXeTs+ACY-itok+AD0-BmEt4TtU
Motonobu Tezuka,None
Jason Thacker,None
Alexia Thainara,https://dmxg5wxfqgb4u.cloudfront.net/styles/athlete+AF8-bio+AF8-full+AF8-body/s3/2024+AC0-09/THAINARA+AF8-ALEXIA+AF8-L+AF8-09+AC0-24.png?itok+AD0-QGxIj10C
Brandon Thatch,https://dmxg5wxfqgb4u.cloudfront.net/styles/athlete+AF8-bio+AF8-full+AF8-body/s3/2022+AC0-03/aba987b4+AC0-57c3+AC0-40dd+AC0-9e96+AC0-f919e37a14cf+ACU-252FBrandon+AC0-Thatch+AF8-312913+AF8-LeftFullBodyImage.png?itok+AD0-qpNKW+AF8-Sn
Elias Theodorou,https://dmxg5wxfqgb4u.cloudfront.net/styles/athlete+AF8-bio+AF8-full+AF8-body/s3/image/fighter+AF8-images/Elias+AF8-Theodorou/THEODOROU+AF8-ELIAS+AF8-L.png?VersionId+AD0-8kiLJLbfHV5lv7VQQWh5KcmhZe0zxkjA+ACY-itok+AD0-t2PowCou
Paulo Thiago,https://dmxg5wxfqgb4u.cloudfront.net/styles/athlete+AF8-bio+AF8-full+AF8-body/s3/image/fighter+AF8-images/Paulo+AF8-Thiago/PauloThiago+AF8-FUELTV2+AF8-067.png?VersionId+AD0-wvBawJL3iCkbC2GElpcV43O.3xge9CLh+ACY-itok+AD0-myxt6usD
Colby Thicknesse,https://dmxg5wxfqgb4u.cloudfront.net/styles/athlete+AF8-bio+AF8-full+AF8-body/s3/2025+AC0-02/THICKNESSE+AF8-COLBY+AF8-L+AF8-02+AC0-08.png?itok+AD0-pzUIA0xN
Ryan Thomas,None
Din Thomas,None
Timothy Thomas,None
Oli Thompson,None
Nick Thompson,None
Stephen Thompson,https://dmxg5wxfqgb4u.cloudfront.net/styles/athlete+AF8-bio+AF8-full+AF8-body/s3/2025+AC0-01/5/THOMPSON+AF8-STEPHEN+AF8-L+AF8-10+AC0-05.png?itok+AD0-xsH4ldHE
Josh Thomson,https://dmxg5wxfqgb4u.cloudfront.net/styles/athlete+AF8-bio+AF8-full+AF8-body/s3/2022+AC0-03/11f14d57+AC0-8ee1+AC0-4c97+AC0-bd95+AC0-6f04e9b54be2+ACU-252FJosh+AC0-Thomson+AF8-270+AF8-LeftFullBodyImage.png?itok+AD0-aN179HG+AF8-
Simeon Thoresen,None
Gleison Tibau,https://dmxg5wxfqgb4u.cloudfront.net/styles/athlete+AF8-bio+AF8-full+AF8-body/s3/image/ufc+AC0-fighter+AC0-container/68033/profile+AC0-galery/fullbodyleft+AC0-picture/Gleison+AC0-Tibau+AF8-1075+AF8-LeftFullBodyImage.png?itok+AD0-EVYhkFfL
Nolan Ticman,https://dmxg5wxfqgb4u.cloudfront.net/styles/athlete+AF8-bio+AF8-full+AF8-body/s3/2022+AC0-03/183adf35+AC0-d982+AC0-4b4b+AC0-aee8+AC0-a71f8622cbd1+ACU-252Fnolan+AC0-ticman+AF8-497309+AF8-LeftFullBodyImage.png?itok+AD0-T+AC0-1rcads
Darren Till,https://dmxg5wxfqgb4u.cloudfront.net/styles/athlete+AF8-bio+AF8-full+AF8-body/s3/2022+AC0-12/TILL+AF8-DARREN+AF8-L+AF8-12+AC0-10.png?itok+AD0-pCJkF50A
Denis Tiuliulin,https://dmxg5wxfqgb4u.cloudfront.net/styles/athlete+AF8-bio+AF8-full+AF8-body/s3/2023+AC0-11/TIULIULIN+AF8-DENIS+AF8-L+AF8-08+AC0-19.png?itok+AD0-hYJI2wMj
Andrew Todhunter,https://dmxg5wxfqgb4u.cloudfront.net/styles/athlete+AF8-bio+AF8-full+AF8-body/s3/image/fighter+AF8-images/Andrew+AF8-Todhunter/Andrew+AC0-Todhunter+AF8-MCR+AF8-0053.png?VersionId+AD0-TgmbuQBsfl90p9AC6LWQmCKYDT7NvFZO+ACY-itok+AD0-JNgZyD8D
Du+//3//Q-ko Todorovi+//3//Q-,https://dmxg5wxfqgb4u.cloudfront.net/styles/athlete+AF8-bio+AF8-full+AF8-body/s3/2022+AC0-08/4526cb41+AC0-c0d2+AC0-423a+AC0-ad18+AC0-d8efe88477f3+ACU-252FTODOROVIC+AF8-DUSKO+AF8-L+AF8-05+AC0-21.png?itok+AD0-qduY4+AF8-Dj
Tuco Tokkos,https://dmxg5wxfqgb4u.cloudfront.net/styles/athlete+AF8-bio+AF8-full+AF8-body/s3/2024+AC0-12/TOKKOS+AF8-TUCO+AF8-L+AF8-05+AC0-18.png?itok+AD0-ALs+AC0-jPBx
Puja Tomar,https://dmxg5wxfqgb4u.cloudfront.net/styles/athlete+AF8-bio+AF8-full+AF8-body/s3/2024+AC0-06/TOMAR+AF8-PUJA+AF8-R+AF8-06+AC0-08.png?itok+AD0-jbJhP2nS
Tyler Toner,None
James Toney,None
Aleksandre Topuria,https://dmxg5wxfqgb4u.cloudfront.net/styles/athlete+AF8-bio+AF8-full+AF8-body/s3/2025+AC0-02/TOPURIA+AF8-ALEKSANDRE+AF8-R+AF8-02+AC0-08.png?itok+AD0ALQ-zdGfWk8
Ilia Topuria,https://dmxg5wxfqgb4u.cloudfront.net/styles/athlete+AF8-bio+AF8-full+AF8-body/s3/2025+AC0-01/5/TOPURIA+AF8-ILIA+AF8-L+AF8-BELT+AF8-10+AC0-26.png?itok+AD0-4a1uyWfc
Alex Torres,https://dmxg5wxfqgb4u.cloudfront.net/styles/athlete+AF8-bio+AF8-full+AF8-body/s3/2021+AC0-08/alexander+AC0-torres+AF8-498768+AF8-LeftFullBodyImage.png?itok+AD0-eXNb2Gpi
Jose Torres,https://dmxg5wxfqgb4u.cloudfront.net/styles/athlete+AF8-bio+AF8-full+AF8-body/s3/2018+AC0-10/TORRES+AF8-JOSE+AF8-R.png?VersionId+AD0-G76mJ2rPQhxs+AF8-MYQU8Hcff1m+AF8-MCvi4wU+ACY-itok+AD0-Wkq7TyG5
Miguel Angel Torres,None
Anthony Torres,None
Ronys Torres,None
Desmond Torres,https://dmxg5wxfqgb4u.cloudfront.net/styles/athlete+AF8-bio+AF8-full+AF8-body/s3/2022+AC0-03/aef8f6ef+AC0-1483+AC0-4251+AC0-8663+AC0-35ace42d32d5+ACU-252FTORRES+AF8-DESMOND+AF8-L.png?itok+AD0-zOfhXtE0
Manuel Torres,https://dmxg5wxfqgb4u.cloudfront.net/styles/athlete+AF8-bio+AF8-full+AF8-body/s3/2024+AC0-09/TORRES+AF8-MANUEL+AF8-L+AF8-09+AC0-14.png?itok+AD0ALQ-rw7Rdpw
Salim Touahri,https://dmxg5wxfqgb4u.cloudfront.net/styles/athlete+AF8-bio+AF8-full+AF8-body/s3/2018+AC0-12/TOUHARI+AF8-SALIM+AF8-L.png?VersionId+AD0-vOA3wGeMGe4AbnV19isHqk8.6vNrWYmg+ACY-itok+AD0-6SKBxOG1
Dequan Townsend,https://dmxg5wxfqgb4u.cloudfront.net/styles/athlete+AF8-bio+AF8-full+AF8-body/s3/2020+AC0-10/67806+ACU-252Fprofile+AC0-galery+ACU-252Ffullbodyleft+AC0-picture+ACU-252FTOWNSEND+AF8-DEQUAN+AF8-L+AF8-06+AC0-29.png?VersionId+AD0-HSRGDMGZ3T4n48VezO3xksmQRe5lcgT.+ACY-itok+AD0-69Yth9C+AF8-
Slim Trabelsi,None
Tiago Trator,https://dmxg5wxfqgb4u.cloudfront.net/styles/athlete+AF8-bio+AF8-full+AF8-body/s3/2022+AC0-03/72b2f210+AC0-21b1+AC0-4955+AC0-a467+AC0-169d992f595e+ACU-252FTiago+AC0-Trator+AF8-486132+AF8-LeftFullBodyImage.png?itok+AD0-hnkZuno9
Roberto Traven,None
Francisco Trevino,https://dmxg5wxfqgb4u.cloudfront.net/styles/athlete+AF8-bio+AF8-full+AF8-body/s3/2022+AC0-03/45390c3d+AC0-f89b+AC0-4429+AC0-912e+AC0-582376775f74+ACU-252FFrancisco+AC0-Trevino+AF8-464214+AF8-LeftFullBodyImage.png?itok+AD0-ySOuvyf+AC0-
Angelo Trevino,None
Frank Trigg,None
Francisco Trinaldo,https://dmxg5wxfqgb4u.cloudfront.net/styles/athlete+AF8-bio+AF8-full+AF8-body/s3/2021+AC0-06/67967+ACU-252Fprofile+AC0-galery+ACU-252Ffullbodyleft+AC0-picture+ACU-252FTRINALDO+AF8-FRANCISCO+AF8-L+AF8-06+AC0-05.png?itok+AD0-2XThXrxh
Michael Trizano,https://dmxg5wxfqgb4u.cloudfront.net/styles/athlete+AF8-bio+AF8-full+AF8-body/s3/2022+AC0-03/e72d00f1+AC0-3c4d+AC0-487a+AC0-b751+AC0-4b0556eb1554+ACU-252FTRIZANO+AF8-MICHAEL+AF8-L+AF8-02+AC0-05.png?itok+AD0-eq5EcjxA
Antonio Trocoli,https://dmxg5wxfqgb4u.cloudfront.net/styles/athlete+AF8-bio+AF8-full+AF8-body/s3/2024+AC0-11/TROCOLI+AF8-ANTONIO+AF8-R+AF8-11+AC0-09.png?itok+AD0-QPteYkyb
Tor Troeng,https://dmxg5wxfqgb4u.cloudfront.net/styles/athlete+AF8-bio+AF8-full+AF8-body/s3/2022+AC0-03/cbf96986+AC0-3a66+AC0-4b4b+AC0-a043+AC0-e1c9c9324bd8+ACU-252FTor+AC0-Troeng+AF8-302965+AF8-LeftFullBodyImage.png?itok+AD0-h7u+AF8-GjLR
Abel Trujillo,https://dmxg5wxfqgb4u.cloudfront.net/styles/athlete+AF8-bio+AF8-full+AF8-body/s3/2021+AC0-08/Abel+AC0-Trujillo+AF8-287176+AF8-LeftFullBodyImage.png?itok+AD0-RAMVJ4xz
Arman Tsarukyan,https://dmxg5wxfqgb4u.cloudfront.net/styles/athlete+AF8-bio+AF8-full+AF8-body/s3/2025+AC0-01/TSARUKYAN+AF8-ARMAN+AF8-L+AF8-01+AC0-18.png?itok+AD0-YBzrEyRA
Rei Tsuruya,https://dmxg5wxfqgb4u.cloudfront.net/styles/athlete+AF8-bio+AF8-full+AF8-body/s3/2024+AC0-06/TSURUYA+AF8-REI+AF8-L+AF8-06+AC0-29.png?itok+AD0-q238a8yx
Chris Tuchscherer,None
Jon Tuck,https://dmxg5wxfqgb4u.cloudfront.net/styles/athlete+AF8-bio+AF8-full+AF8-body/s3/image/ufc+AC0-fighter+AC0-container/68321/profile+AC0-galery/fullbodyleft+AC0-picture/Jon+AC0-Tuck+AF8-289022+AF8-LeftFullBodyImage.png?itok+AD0-dpODiqLC
Gavin Tucker,https://dmxg5wxfqgb4u.cloudfront.net/styles/athlete+AF8-bio+AF8-full+AF8-body/s3/2022+AC0-03/0c2a6693+AC0-7f42+AC0-47b1+AC0-8d33+AC0-1c77dcd4616c+ACU-252FTUCKER+AF8-GAVIN+AF8-L+AF8-07+AC0-27.png?itok+AD0-PF4S240N
Jumabieke Tuerxun,https://dmxg5wxfqgb4u.cloudfront.net/styles/athlete+AF8-bio+AF8-full+AF8-body/s3/2022+AC0-03/7c67c085+AC0-6688+AC0-490d+AC0-9ded+AC0-492113e7f853+ACU-252FJumabieke+AC0-Tuerxun+AF8-302919+AF8-LeftFullBodyImage.png?itok+AD0-d9KK0ZIC
Tai Tuivasa,https://dmxg5wxfqgb4u.cloudfront.net/styles/athlete+AF8-bio+AF8-full+AF8-body/s3/2025+AC0-01/5/TUIVASA+AF8-TAI+AF8-L+AF8-08+AC0-17.png?itok+AD0-NpCXxG3n
Zubaira Tukhugov,https://dmxg5wxfqgb4u.cloudfront.net/styles/athlete+AF8-bio+AF8-full+AF8-body/s3/2023+AC0-02/TUKHUGOV+AF8-ZUBAIRA+AF8-L+AF8-02+AC0-11.png?itok+AD0-2os2clzD
Teila Tuli,https://dmxg5wxfqgb4u.cloudfront.net/styles/athlete+AF8-bio+AF8-full+AF8-body/s3/2022+AC0-10/TULI+AF8-TEILA+AF8-L.png?itok+AD0-KLxFzCoa
Marco Tulio,https://dmxg5wxfqgb4u.cloudfront.net/styles/athlete+AF8-bio+AF8-full+AF8-body/s3/2025+AC0-01/12/TULIO+AF8-MARCO+AF8-L+AF8-01+AC0-11.png?itok+AD0-S2+AC0-Of4Gh
Nyamjargal Tumendemberel,https://dmxg5wxfqgb4u.cloudfront.net/styles/athlete+AF8-bio+AF8-full+AF8-body/s3/2024+AC0-11/TUMENDEMBEREL+AF8-NYAMJARGAL+AF8-L+AF8-11+AC0-23.png?itok+AD0-7djrqWIO
Albert Tumenov,https://dmxg5wxfqgb4u.cloudfront.net/styles/athlete+AF8-bio+AF8-full+AF8-body/s3/2021+AC0-08/Albert+AC0-Tumenov+AF8-466036+AF8-LeftFullBodyImage.png?itok+AD0-jIy+AC0-rk2j
Ricky Turcios,https://dmxg5wxfqgb4u.cloudfront.net/styles/athlete+AF8-bio+AF8-full+AF8-body/s3/2024+AC0-02/TURCIOS+AF8-RICKY+AF8-L+AF8-02+AC0-24.png?itok+AD0-l94Tt9AX
Anton Turkalj,https://dmxg5wxfqgb4u.cloudfront.net/styles/athlete+AF8-bio+AF8-full+AF8-body/s3/2022+AC0-09/TURKALJ+AF8-ANTON+AF8-L+AF8-09+AC0-10.png?itok+AD0-awaehgbk
Wellington Turman,https://dmxg5wxfqgb4u.cloudfront.net/styles/athlete+AF8-bio+AF8-full+AF8-body/s3/2023+AC0-11/TURMAN+AF8-WELLINGTON+AF8-L+AF8-12+AC0-02.png?itok+AD0-YbMJgmfq
Courtney Turner,None
Jalin Turner,https://dmxg5wxfqgb4u.cloudfront.net/styles/athlete+AF8-bio+AF8-full+AF8-body/s3/2025+AC0-01/5/TURNER+AF8-JALIN+AF8-L+AF8-04+AC0-13.png?itok+AD0-5eKxGEcC
Austin Tweedy,https://dmxg5wxfqgb4u.cloudfront.net/styles/athlete+AF8-bio+AF8-full+AF8-body/s3/2022+AC0-03/6834473a+AC0-078d+AC0-48c0+AC0-89c9+AC0-cffb24fbe43a+ACU-252FTWEEDY+AF8-AUSTIN+AF8-L.png?itok+AD0-wlxG+AC0-8fn
Marcin Tybura,https://dmxg5wxfqgb4u.cloudfront.net/styles/athlete+AF8-bio+AF8-full+AF8-body/s3/2025+AC0-01/5/TYBURA+AF8-MARCIN+AF8-L+AF8-11+AC0-16.png?itok+AD0-cxmH0xgD
Takeru Uchida,https://dmxg5wxfqgb4u.cloudfront.net/styles/athlete+AF8-bio+AF8-full+AF8-body/s3/2022+AC0-06/3f3c8b30+AC0-283f+AC0-48a7+AC0-8a2f+AC0-539f113b7deb+ACU-252FUCHIDA+AF8-TAKERU+AF8-R.png?itok+AD0ALQ-MWcSxBM
Tagir Ulanbekov,https://dmxg5wxfqgb4u.cloudfront.net/styles/athlete+AF8-bio+AF8-full+AF8-body/s3/2025+AC0-01/7/ULANBEKOV+AF8-TAGIR+AF8-L+AF8-01+AC0-18.png?itok+AD0-YiMfwSGb
Name,img
Carlos Ulberg,https://dmxg5wxfqgb4u.cloudfront.net/styles/athlete+AF8-bio+AF8-full+AF8-body/s3/2025+AC0-01/5/ULBERG+AF8-CARLOS+AF8-L+AF8-05+AC0-11.png?itok+AD0-y8JOySUe
Gasan Umalatov,https://dmxg5wxfqgb4u.cloudfront.net/styles/athlete+AF8-bio+AF8-full+AF8-body/s3/2022+AC0-03/54edb557+AC0-9020+AC0-4b78+AC0-8548+AC0-0fb42e77dff8+ACU-252FGasan+AC0-Umalatov+AF8-466032+AF8-LeftFullBodyImage.png?itok+AD0-9FD5CdzX
Caol Uno,None
Logan Urban,https://dmxg5wxfqgb4u.cloudfront.net/styles/athlete+AF8-bio+AF8-full+AF8-body/s3/2021+AC0-09/84739+ACU-252Fprofile+AC0-galery+ACU-252Ffullbodyleft+AC0-picture+ACU-252FURBAN+AF8-LOGAN+AF8-L.png?itok+AD0-BhJcjlKG
Elias Urbina,https://dmxg5wxfqgb4u.cloudfront.net/styles/athlete+AF8-bio+AF8-full+AF8-body/s3/2021+AC0-02/elias+AC0-urbina+AF8-587591+AF8-LeftFullBodyImage.png?itok+AD0-d7Tm7Pgh
Hector Urbina,https://dmxg5wxfqgb4u.cloudfront.net/styles/athlete+AF8-bio+AF8-full+AF8-body/s3/2022+AC0-03/214cc330+AC0-9f40+AC0-4814+AC0-94a7+AC0-35dbeb6449bb+ACU-252Fhector+AC0-urbina+AF8-480089+AF8-LeftFullBodyImage.png?itok+AD0-PI+AF8-DeEse
Gilbert Urbina,https://dmxg5wxfqgb4u.cloudfront.net/styles/athlete+AF8-bio+AF8-full+AF8-body/s3/2024+AC0-02/URBINA+AF8-GILBERT+AF8-L+AF8-02+AC0-03.png?itok+AD0-rrk9XbQ2
Nick Urso,https://dmxg5wxfqgb4u.cloudfront.net/styles/athlete+AF8-bio+AF8-full+AF8-body/s3/2022+AC0-03/9c5da125+AC0-e922+AC0-4e68+AC0-80c1+AC0-8b012ade582f+ACU-252FNick+AC0-Urso+AF8-636378+AF8-LeftFullBodyImage.png?itok+AD0-ag9dDIWr
Yasuhiro Urushitani,None
Sho Patrick Usami,https://dmxg5wxfqgb4u.cloudfront.net/styles/athlete+AF8-bio+AF8-full+AF8-body/s3/2022+AC0-06/aa9541df+AC0-787d+AC0-464e+AC0-a0aa+AC0-a54aea81357d+ACU-252FUSAMI+AF8-SHO+AF8-PATRICK+AF8-R.png?itok+AD0-UMpLMHZp
Mohammed Usman,https://dmxg5wxfqgb4u.cloudfront.net/styles/athlete+AF8-bio+AF8-full+AF8-body/s3/2024+AC0-07/USMAN+AF8-MOHAMMAD+AF8-L+AF8-07+AC0-20.png?itok+AD0-CcmzfSZf
Kamaru Usman,https://dmxg5wxfqgb4u.cloudfront.net/styles/athlete+AF8-bio+AF8-full+AF8-body/s3/2025+AC0-01/5/USMAN+AF8-KAMARU+AF8-L+AF8-10+AC0-21.png?itok+AD0-VXrrBgWG
Darren Uyenoyama,https://dmxg5wxfqgb4u.cloudfront.net/styles/athlete+AF8-bio+AF8-full+AF8-body/s3/2022+AC0-03/7a074e76+AC0-7d6c+AC0-4c4d+AC0-8fd2+AC0-9677b968bd0c+ACU-252FDarren+AC0-Uyenoyama+AF8-226332+AF8-LeftFullBodyImage.png?itok+AD0-Xn5LaTcg
Richie Vaculik,https://dmxg5wxfqgb4u.cloudfront.net/styles/athlete+AF8-bio+AF8-full+AF8-body/s3/2022+AC0-03/c77ca95b+AC0-d824+AC0-4039+AC0-92b8+AC0-0783b3410353+ACU-252Frichie+AC0-vaculik+AF8-290159+AF8-LeftFullBodyImage.png?itok+AD0-sOJbYG8q
Richie Vaculik,None
Artem Vakhitov,https://dmxg5wxfqgb4u.cloudfront.net/styles/athlete+AF8-bio+AF8-full+AF8-body/s3/2024+AC0-10/VAKHITOV+AF8-ARTEM+AF8-R+AF8-10+AC0-08.png?itok+AD0-wUoZA2JS
Genaro Valdez,https://dmxg5wxfqgb4u.cloudfront.net/styles/athlete+AF8-bio+AF8-full+AF8-body/s3/2022+AC0-01/91879bcb+AC0-d2a3+AC0-4e1a+AC0-af3b+AC0-cc87e3b0a0ae+ACU-252FVALDEZ+AF8-GENARO+AF8-L+AF8-01+AC0-22.png?itok+AD0-Sflh2tfJ
Charlie Valencia,None
Robert Valentin,https://dmxg5wxfqgb4u.cloudfront.net/styles/athlete+AF8-bio+AF8-full+AF8-body/s3/2024+AC0-08/VALENTIN+AF8-ROBERT+AF8-L+AF8-08+AC0-24.png?itok+AD0-2gi+AF8-58+AF8-6
Ivan Valenzuela,https://dmxg5wxfqgb4u.cloudfront.net/styles/athlete+AF8-bio+AF8-full+AF8-body/s3/2022+AC0-08/VALENZUELA+AF8-IVAN+AF8-L.png?itok+AD0-gKIMQ7K1
Timur Valiev,https://dmxg5wxfqgb4u.cloudfront.net/styles/athlete+AF8-bio+AF8-full+AF8-body/s3/2021+AC0-07/VALIEV+AF8-TIMUR+AF8-L+AF8-06+AC0-26.png?itok+AD0AXw-8ZFMb7C
Victor Valimaki,None
Kevin Vallejos,https://dmxg5wxfqgb4u.cloudfront.net/styles/athlete+AF8-bio+AF8-full+AF8-body/s3/2024+AC0-09/VALLEJOS+AF8-KEVIN+AF8-L+AF8-09+AC0-24.png?itok+AD0-MIPg3FHm
Isaac Vallie+AC0-Flagg,https://dmxg5wxfqgb4u.cloudfront.net/styles/athlete+AF8-bio+AF8-full+AF8-body/s3/2022+AC0-03/68a024dc+AC0-4423+AC0-440d+AC0-b349+AC0-947976446fd7+ACU-252FIsaac+AC0-Vallie+AC0-Flagg+AF8-242823+AF8-LeftFullBodyImage.png?itok+AD0-Nv+AF8AXw-sNde
Joshua Van,https://dmxg5wxfqgb4u.cloudfront.net/styles/athlete+AF8-bio+AF8-full+AF8-body/s3/2025+AC0-01/5/VAN+AF8-JOSHUA+AF8-L+AF8-07+AC0-13.png?itok+AD0-X+AC0-VBLelL
Mike Van Arsdale,None
Matt Van Buren,https://dmxg5wxfqgb4u.cloudfront.net/styles/athlete+AF8-bio+AF8-full+AF8-body/s3/2022+AC0-03/50cb4203+AC0-8a8a+AC0-4579+AC0-a74b+AC0-5309257ead2a+ACU-252Fmatt+AC0-van+AC0-buren+AF8-480076+AF8-LeftFullBodyImage.png?itok+AD0-PioZ5TSE
Ron Van Clief,None
Cameron VanCamp,https://dmxg5wxfqgb4u.cloudfront.net/styles/athlete+AF8-bio+AF8-full+AF8-body/s3/2021+AC0-11/84794+ACU-252Fprofile+AC0-galery+ACU-252Ffullbodyleft+AC0-picture+ACU-252FVANCAMP+AF8-CAMERON+AF8-L+AF8-09+AC0-18.png?itok+AD0-5GGnvYcK
Jared Vanderaa,https://dmxg5wxfqgb4u.cloudfront.net/styles/athlete+AF8-bio+AF8-full+AF8-body/s3/2022+AC0-05/c7e5b3c5+AC0-f3a4+AC0-406a+AC0-b925+AC0-9b8f57aebfbd+ACU-252FVANDERAA+AF8-JARED+AF8-L+AF8-04+AC0-09.png?itok+AD0-vTd0v6B2
Austin Vanderford,https://dmxg5wxfqgb4u.cloudfront.net/styles/athlete+AF8-bio+AF8-full+AF8-body/s3/2025+AC0-02/VANDERFORD+AF8-AUSTIN+AF8-R+AF8-02+AC0-22.png?itok+AD0-aMIpKnac
Lando Vannata,https://dmxg5wxfqgb4u.cloudfront.net/styles/athlete+AF8-bio+AF8-full+AF8-body/s3/2023+AC0-04/VANNATA+AF8-LANDO+AF8-L+AF8-04+AC0-15.png?itok+AD0AXw-eu24FNU
Paige VanZant,https://dmxg5wxfqgb4u.cloudfront.net/styles/athlete+AF8-bio+AF8-full+AF8-body/s3/2019+AC0-01/VANZANT+AF8-PAIGE+AF8-L.png?VersionId+AD0-rDvHkKI517fjEl4bZXcbza533TPWxUDr+ACY-itok+AD0-OYyDwaRh
Paul Varelans,None
Kazula Vargas,https://dmxg5wxfqgb4u.cloudfront.net/styles/athlete+AF8-bio+AF8-full+AF8-body/s3/2021+AC0-04/71570+ACU-252Fprofile+AC0-galery+ACU-252Ffullbodyleft+AC0-picture+ACU-252FVARGAS+AF8-KAZULA+AF8-L+AF8-04+AC0-24.png?itok+AD0-k2CP+AC0-0dz
Jamie Varner,https://dmxg5wxfqgb4u.cloudfront.net/styles/athlete+AF8-bio+AF8-full+AF8-body/s3/image/fighter+AF8-images/Jamie+AF8-Varner/Jamie+AF8-Varner+AF8-UFC164+AC0-2013+AC0-08+AC0-28+AC0-0052.png?VersionId+AD0-CfP0P1EPb1+AF8-CGyuPwxg2l+AF8-imUsy2DNx0+ACY-itok+AD0-y4OsdbfV
Guilherme Vasconcelos,https://dmxg5wxfqgb4u.cloudfront.net/styles/athlete+AF8-bio+AF8-full+AF8-body/s3/2022+AC0-03/8b71062e+AC0-505a+AC0-41fa+AC0-8b22+AC0-e3b2eb8ea0c8+ACU-252Fguilherme+AC0-vasconcelos+AF8-477632+AF8-LeftFullBodyImage.png?itok+AD0-Ac9ywYLY
Yuri Vaulin,None
Manny Vazquez,https://dmxg5wxfqgb4u.cloudfront.net/styles/athlete+AF8-bio+AF8-full+AF8-body/s3/2022+AC0-03/787b7f3c+AC0-b592+AC0-466c+AC0-8379+AC0-501ca09570c2+ACU-252FManny+AC0-Vazquez+AF8-631435+AF8-LeftFullBodyImage.png?itok+AD0-h6rhXsJz
Javier Vazquez,None
Matt Veach,None
Joe Vedepo,None
Kelly Velasco,https://dmxg5wxfqgb4u.cloudfront.net/styles/athlete+AF8-bio+AF8-full+AF8-body/s3/2022+AC0-03/78eca572+AC0-728c+AC0-4edb+AC0-b166+AC0-7d09b5bbc713+ACU-252FKelly+AC0-Velasco+AF8-636456+AF8-LeftFullBodyImage.png?itok+AD0-SFPkNCkv
Greg Velasco,None
David Velasquez,None
Cain Velasquez,https://dmxg5wxfqgb4u.cloudfront.net/styles/athlete+AF8-bio+AF8-full+AF8-body/s3/image/ufc+AC0-fighter+AC0-container/67538/profile+AC0-galery/fullbodyleft+AC0-picture/Cain+AC0-Velasquez+AF8-899+AF8-LeftFullBodyImage.png?VersionId+AD0-EonoSX+AF8-uAxLzMjcEPHdUcqt44I2rooYr+ACY-itok+AD0-sbRE+AF8-Wyq
Bojan Velickovic,https://dmxg5wxfqgb4u.cloudfront.net/styles/athlete+AF8-bio+AF8-full+AF8-body/s3/2022+AC0-03/4fee75b5+AC0-8b61+AC0-4c02+AC0-904a+AC0-7dda3384d9a6+ACU-252Fbojan+AC0-velickovic+AF8-579876+AF8-LeftFullBodyImage.png?itok+AD0-7KW3EpV9
Karlos Vemola,None
Luigi Vendramini,https://dmxg5wxfqgb4u.cloudfront.net/styles/athlete+AF8-bio+AF8-full+AF8-body/s3/2021+AC0-07/VENDRAMINI+AF8-LUIGI+AF8-L+AF8-06+AC0-12.png?itok+AD0-CuiuySGR
Kerry Vera,https://dmxg5wxfqgb4u.cloudfront.net/styles/athlete+AF8-bio+AF8-full+AF8-body/s3/image/fighter+AF8-images/Fighter+AF8-fullLength+AF8-Shadow+AC0-woman+AC0-blue.png?VersionId+AD0-SaZSiHq6Es28JDi9+AF8-jfSTmRNG4l+AF8-XkBS+ACY-itok+AD0-DWjj5ONS
Brandon Vera,https://dmxg5wxfqgb4u.cloudfront.net/styles/athlete+AF8-bio+AF8-full+AF8-body/s3/2022+AC0-03/562089c4+AC0-28f7+AC0-4288+AC0-b2e2+AC0-b786d998d301+ACU-252FBrandon+AC0-Vera+AF8-815+AF8-RightFullBodyImage.png?itok+AD0-p8UhgTXS
Carlos Vera,https://dmxg5wxfqgb4u.cloudfront.net/styles/athlete+AF8-bio+AF8-full+AF8-body/s3/2024+AC0-02/VERA+AF8-CARLOS+AF8-L+AF8-02+AC0-17.png?itok+AD0-ljwzzQyV
Marlon Vera,https://dmxg5wxfqgb4u.cloudfront.net/styles/athlete+AF8-bio+AF8-full+AF8-body/s3/2025+AC0-01/5/VERA+AF8-MARLON+AF8-L+AF8-08+AC0-03.png?itok+AD0-i+AF8-ucHgXD
Isis Verbeek,None
Ernie Verdicia,None
Joe Veres,None
Nikolay Veretennikov,https://dmxg5wxfqgb4u.cloudfront.net/styles/athlete+AF8-bio+AF8-full+AF8-body/s3/2025+AC0-02/VERETENNIKOV+AF8-NIKOLAY+AF8-L+AF8-02+AC0-22.png?itok+AD0-zzays33P
CJ Vergara,https://dmxg5wxfqgb4u.cloudfront.net/styles/athlete+AF8-bio+AF8-full+AF8-body/s3/2024+AC0-10/VERGARA+AF8-CJ+AF8-L+AF8-10+AC0-12.png?itok+AD0-gvbltAAe
Renato Verissimo,None
Marvin Vettori,https://dmxg5wxfqgb4u.cloudfront.net/styles/athlete+AF8-bio+AF8-full+AF8-body/s3/2025+AC0-01/5/VETTORI+AF8-MARVIN+AF8-L+AF8-06+AC0-17.png?itok+AD0-u7k6Zcxx
Hugo Viana,https://dmxg5wxfqgb4u.cloudfront.net/styles/athlete+AF8-bio+AF8-full+AF8-body/s3/2022+AC0-03/0f5edce2+AC0-c70e+AC0-4416+AC0-9393+AC0-15be46b16a05+ACU-252FHugo+AC0-Viana+AF8-242245+AF8-LeftFullBodyImage.png?itok+AD0-pZqA35vr
Polyana Viana,https://dmxg5wxfqgb4u.cloudfront.net/styles/athlete+AF8-bio+AF8-full+AF8-body/s3/2023+AC0-08/VIANA+AF8-POLYANA+AF8-L+AF8-08+AC0-12.png?itok+AD0-SxOQowP7
James Vick,https://dmxg5wxfqgb4u.cloudfront.net/styles/athlete+AF8-bio+AF8-full+AF8-body/s3/2019+AC0-02/VICK+AF8-JAMES+AF8-L.png?VersionId+AD0-tRTOdm6pLZnYO+AF8-vB0I5R3bKqbTioB3B8+ACY-itok+AD0-Ul69qp1N
Tamires Vidal,https://dmxg5wxfqgb4u.cloudfront.net/styles/athlete+AF8-bio+AF8-full+AF8-body/s3/2024+AC0-10/7/VIDAL+AF8-TAMIRES+AF8-L+AF8-05+AC0-18.png?itok+AD0-LiW5Duqx
Reginaldo Vieira,https://dmxg5wxfqgb4u.cloudfront.net/styles/athlete+AF8-bio+AF8-full+AF8-body/s3/2022+AC0-03/e10f9cc1+AC0-d11c+AC0-42f2+AC0-957c+AC0-361ae8aa2a63+ACU-252Freginaldo+AC0-vieira+AF8-539490+AF8-LeftFullBodyImage.png?itok+AD0-Ry4aYFIg
Milton Vieira,None
Rodolfo Vieira,https://dmxg5wxfqgb4u.cloudfront.net/styles/athlete+AF8-bio+AF8-full+AF8-body/s3/2025+AC0-02/VIEIRA+AF8-RODOLFO+AF8-L+AF8-02+AC0-15.png?itok+AD0-w9NrHqMO
Ketlen Vieira,https://dmxg5wxfqgb4u.cloudfront.net/styles/athlete+AF8-bio+AF8-full+AF8-body/s3/2025+AC0-01/5/VIEIRA+AF8-KETLEN+AF8-L+AF8-10+AC0-05.png?itok+AD0-hyqtNfQd
Steve Vigneault,None
Gian Villante,https://dmxg5wxfqgb4u.cloudfront.net/styles/athlete+AF8-bio+AF8-full+AF8-body/s3/2021+AC0-11/68015+ACU-252Fprofile+AC0-galery+ACU-252Ffullbodyleft+AC0-picture+ACU-252FVILLANTE+AF8-GIAN+AF8-L+AF8-11+AC0-06.png?itok+AD0-MTO+AF8-ehaz
Ike Villanueva,https://dmxg5wxfqgb4u.cloudfront.net/styles/athlete+AF8-bio+AF8-full+AF8-body/s3/2021+AC0-07/VILLANUEVA+AF8-IKE+AF8-L+AF8-06+AC0-26.png?itok+AD0-RZmSakW9
Armando Villarreal,https://dmxg5wxfqgb4u.cloudfront.net/styles/athlete+AF8-bio+AF8-full+AF8-body/s3/2022+AC0-03/97344601+AC0-ef63+AC0-4410+AC0-bd6b+AC0-98ea6b3171b2+ACU-252FVILLARREAL+AF8-ARMANDO+AF8-R.png?itok+AD0-jSVqCFe4
Yuri Villefort,https://dmxg5wxfqgb4u.cloudfront.net/styles/athlete+AF8-bio+AF8-full+AF8-body/s3/image/fighter+AF8-images/Yuri+AF8-Villefort/YuriVillefort+AF8-UFC157+AF8-017.png?VersionId+AD0-Sa6+AF8-SJHt1tj5N9+AF8-L4MT.q8pMtG.g479e+ACY-itok+AD0-TWqYib0k
Danillo Villefort,None
Marcos Vinicius,https://dmxg5wxfqgb4u.cloudfront.net/styles/athlete+AF8-bio+AF8-full+AF8-body/s3/2022+AC0-03/5696e327+AC0-9af0+AC0-4e83+AC0-b26c+AC0-ed0a1041583c+ACU-252FMarcos+AC0-Vinicius+AF8-242242+AF8-LeftFullBodyImage.png?itok+AD0-5gGe7DRW
Falaniko Vitale,None
Cheyanne Vlismas,https://dmxg5wxfqgb4u.cloudfront.net/styles/athlete+AF8-bio+AF8-full+AF8-body/s3/2022+AC0-12/VLISMAS+AF8-CHEYANNE+AF8-L+AF8-12+AC0-17.png?itok+AD0-ApVRumQ+AC0-
Bobby Voelker,https://dmxg5wxfqgb4u.cloudfront.net/styles/athlete+AF8-bio+AF8-full+AF8-body/s3/image/fighter+AF8-images/Bobby+AF8-Voelker/BobbyVoelker+AF8-FOX8+AF8-020.png?VersionId+AD0-bV8RGG4.jiLxAuw.M3P.lXKXwzAirIxH+ACY-itok+AD0-ycU0bl6u
Mateo Vogel,None
Danylo Voievodkin,https://dmxg5wxfqgb4u.cloudfront.net/styles/athlete+AF8-bio+AF8-full+AF8-body/s3/2024+AC0-09/VOLVEODKIN+AF8-DANYLO+AF8-R+AF8-09+AC0-24.png?itok+AD0-E+AF8-i2QemS
Alexander Volkanovski,https://dmxg5wxfqgb4u.cloudfront.net/styles/athlete+AF8-bio+AF8-full+AF8-body/s3/2025+AC0-01/5/VOLKANOVSKI+AF8-ALEXANDER+AF8-L+AF8-02+AC0-17.png?itok+AD0-n9TnCDKb
Jacob Volkmann,None
Alexander Volkov,https://dmxg5wxfqgb4u.cloudfront.net/styles/athlete+AF8-bio+AF8-full+AF8-body/s3/2025+AC0-01/5/VOLKOV+AF8-ALEXANDER+AF8-L+AF8-06+AC0-22.png?itok+AD0-OKFbCy8W
Jason Von Flue,None
Jordan Vucenic,https://dmxg5wxfqgb4u.cloudfront.net/styles/athlete+AF8-bio+AF8-full+AF8-body/s3/2024+AC0-08/VUCENIC+AF8-JORDAN+AF8-R+AF8-08+AC0-03.png?itok+AD0-djxnd44c
Chris Wade,https://dmxg5wxfqgb4u.cloudfront.net/styles/athlete+AF8-bio+AF8-full+AF8-body/s3/2022+AC0-03/ba44e75c+AC0-4bef+AC0-4f0d+AC0-98f5+AC0-315452d2081f+ACU-252Fchris+AC0-wade+AF8-498499+AF8-LeftFullBodyImage.png?itok+AD0-q8S7F4Vw
Neil Wain,None
TJ Waldburger,https://dmxg5wxfqgb4u.cloudfront.net/styles/athlete+AF8-bio+AF8-full+AF8-body/s3/2022+AC0-03/32d9e1b5+AC0-72df+AC0-45f3+AC0-ac32+AC0-0e3897991d99+ACU-252FTJ+AC0-Waldburger+AC0-fighter+AF8-13185+AF8-LeftFullBodyImage.png?itok+AD0-c9+AF8ALQ-cx6H
Chase Waldon,https://dmxg5wxfqgb4u.cloudfront.net/styles/athlete+AF8-bio+AF8-full+AF8-body/s3/2022+AC0-03/67414e71+AC0-06fd+AC0-4783+AC0-bdab+AC0-aa2ba9753a6c+ACU-252FChase+AC0-Waldon+AF8-631550+AF8-LeftFullBodyImage.png?itok+AD0-nn+AC0-1bVhb
Valter Walker,https://dmxg5wxfqgb4u.cloudfront.net/styles/athlete+AF8-bio+AF8-full+AF8-body/s3/2024+AC0-04/WALKER+AF8-VALTER+AF8-L+AF8-04+AC0-06.png?itok+AD0-wqgOpz7s
Brogan Walker,https://dmxg5wxfqgb4u.cloudfront.net/styles/athlete+AF8-bio+AF8-full+AF8-body/s3/2023+AC0-06/WALKER+AF8-BROGAN+AF8-L+AF8-04+AC0-22.png?itok+AD0-zz5EvrTz
Donny Walker,None
Julius Walker,https://dmxg5wxfqgb4u.cloudfront.net/styles/athlete+AF8-bio+AF8-full+AF8-body/s3/2025+AC0-02/WALKER+AF8-JULIUS+AF8-R+AF8-02+AC0-22.png?itok+AD0-a4a3SpoP
Johnny Walker,https://dmxg5wxfqgb4u.cloudfront.net/styles/athlete+AF8-bio+AF8-full+AF8-body/s3/2025+AC0-01/5/WALKER+AF8-JOHNNY+AF8-L+AF8-06+AC0-22.png?itok+AD0-n2g3Uaz1
Ben Wall,https://dmxg5wxfqgb4u.cloudfront.net/styles/athlete+AF8-bio+AF8-full+AF8-body/s3/2022+AC0-03/a53c387e+AC0-ad64+AC0-4710+AC0-9360+AC0-f633517c622f+ACU-252FBen+AC0-Wall+AF8-290155+AF8-LeftFullBodyImage.png?itok+AD0-HpNxEm3w
Austin Wall,https://dmxg5wxfqgb4u.cloudfront.net/styles/athlete+AF8-bio+AF8-full+AF8-body/s3/2023+AC0-07/WALL+AF8-AUSTIN+AF8-R+AF8-07+AC0-07.png?itok+AD0-MAD3ELfH
Randall Wallace,https://dmxg5wxfqgb4u.cloudfront.net/styles/athlete+AF8-bio+AF8-full+AF8-body/s3/2022+AC0-03/b7ff2da1+AC0-b99f+AC0-4ff0+AC0-a379+AC0-1d3324ef28a4+ACU-252FRandall+AC0-Wallace+AF8-636538+AF8-LeftFullBodyImage.png?itok+AD0-R+AF8-v09zOj
Rodney Wallace,None
Crafton Wallace,None
James Wallace,https://dmxg5wxfqgb4u.cloudfront.net/styles/athlete+AF8-bio+AF8-full+AF8-body/s3/2022+AC0-03/ddd9b524+AC0-1a34+AC0-4fdf+AC0-84d8+AC0-36383adeffd2+ACU-252FWALLACE+AF8-JESSE+AF8-L.png?itok+AD0-thbXVl7M
Jimmy Wallhead,https://dmxg5wxfqgb4u.cloudfront.net/styles/athlete+AF8-bio+AF8-full+AF8-body/s3/2022+AC0-03/dce20b5b+AC0-bf78+AC0-44d9+AC0-a35d+AC0-04221388a428+ACU-252Fjim+AC0-wallhead+AF8-600281+AF8-LeftFullBodyImage.png?itok+AD0-mY0yyEnV
Cory Walmsley,None
Rich Walsh,https://dmxg5wxfqgb4u.cloudfront.net/styles/athlete+AF8-bio+AF8-full+AF8-body/s3/2022+AC0-03/4c89519b+AC0-ae35+AC0-49ba+AC0-9385+AC0-99ea9f2a4a9e+ACU-252Frichard+AC0-walsh+AF8-465466+AF8-LeftFullBodyImage.png?itok+AD0-L6ZzrQPM
Patrick Walsh,https://dmxg5wxfqgb4u.cloudfront.net/styles/athlete+AF8-bio+AF8-full+AF8-body/s3/2022+AC0-03/3df6d00d+AC0-adc1+AC0-4619+AC0-9df0+AC0-c95e8bc76640+ACU-252Fpatrick+AC0-walsh+AF8-480079+AF8-LeftFullBodyImage.png?itok+AD0-KDcpPo3B
Andy Wang,None
Joshua Wang+AC0-Kim,https://dmxg5wxfqgb4u.cloudfront.net/styles/athlete+AF8-bio+AF8-full+AF8-body/s3/2022+AC0-08/WANG+AC0-KIM+AF8-JOSH+AF8-L.png?itok+AD0-nB4rFiZq
Curt Warburton,None
Charlie Ward,https://dmxg5wxfqgb4u.cloudfront.net/styles/athlete+AF8-bio+AF8-full+AF8-body/s3/2022+AC0-03/070aa7ba+AC0-d776+AC0-4d42+AC0-a2d1+AC0-21492b95cf7b+ACU-252Fcharlie+AC0-ward+AF8-609202+AF8-LeftFullBodyImage.png?itok+AD0-c33jOlYy
Terrion Ware,https://dmxg5wxfqgb4u.cloudfront.net/styles/athlete+AF8-bio+AF8-full+AF8-body/s3/image/ufc+AC0-fighter+AC0-container/69346/profile+AC0-galery/fullbodyleft+AC0-picture/Terrion+AC0-Ware+AF8-632522+AF8-LeftFullBodyImage.png?VersionId+AD0-gR20JxJ2WN24fdSHwYRksJKwUCVa1Ro.+ACY-itok+AD0-9ZT9GlA4
Ron Waterman,None
Dominic Waters,https://dmxg5wxfqgb4u.cloudfront.net/styles/athlete+AF8-bio+AF8-full+AF8-body/s3/2022+AC0-03/30d439f1+AC0-93e5+AC0-4304+AC0-997d+AC0-ed6819baaa1e+ACU-252FDominic+AC0-Waters+AF8-538010+AF8-LeftFullBodyImage.png?itok+AD0-K695MsF+AF8-
Trey Waters,https://dmxg5wxfqgb4u.cloudfront.net/styles/athlete+AF8-bio+AF8-full+AF8-body/s3/2023+AC0-06/WATERS+AF8-TREY+AF8-L+AF8-04+AC0-29.png?itok+AD0-gEFpYRdg
Michelle Waterson+AC0-Gomez,https://dmxg5wxfqgb4u.cloudfront.net/styles/athlete+AF8-bio+AF8-full+AF8-body/s3/2024+AC0-06/WATERSON+AC0-GOMEZ+AF8-MICHELLE+AF8-L+AF8-06+AC0-29.png?itok+AD0-wPvygZA6
Tom Watson,https://dmxg5wxfqgb4u.cloudfront.net/styles/athlete+AF8-bio+AF8-full+AF8-body/s3/2022+AC0-03/c4ba0226+AC0-8369+AC0-445d+AC0-bc96+AC0-6d9989b9c19f+ACU-252FTom+AC0-Watson+AF8-284818+AF8-LeftFullBodyImage.png?itok+AD0-p0Age51d
Walel Watson,None
Kyle Watson,None
Brok Weaver,https://dmxg5wxfqgb4u.cloudfront.net/styles/athlete+AF8-bio+AF8-full+AF8-body/s3/2020+AC0-09/WEAVER+AF8-BROK+AF8-L+AF8-02+AC0-15.png?VersionId+AD0-14SLgZon51.R1nu.jhcACuXL41TUCpR9+ACY-itok+AD0-uQXmL7HG
Jonavin Webb,https://dmxg5wxfqgb4u.cloudfront.net/styles/athlete+AF8-bio+AF8-full+AF8-body/s3/2022+AC0-03/8b59f462+AC0-0914+AC0-4c8c+AC0-9402+AC0-84d018450dcb+ACU-252Fjonavin+AC0-webb+AF8-528092+AF8-LeftFullBodyImage.png?itok+AD0-5cOzoTWK
Royston Wee,https://dmxg5wxfqgb4u.cloudfront.net/styles/athlete+AF8-bio+AF8-full+AF8-body/s3/2022+AC0-03/505756c1+AC0-6c2b+AC0-42e7+AC0-a1c6+AC0-f98a4bc823e0+ACU-252FRoyston+AC0-Wee+AF8-463243+AF8-LeftFullBodyImage.png?itok+AD0-7UWw5c7W
Darian Weeks,https://dmxg5wxfqgb4u.cloudfront.net/styles/athlete+AF8-bio+AF8-full+AF8-body/s3/2022+AC0-03/32bd070e+AC0-37f4+AC0-485d+AC0-a53b+AC0-0ebdefab826b+ACU-252FWEEKS+AF8-DARIAN+AF8-L+AF8-12+AC0-04.png?itok+AD0-YhYX9GPJ
Joshua Weems,https://dmxg5wxfqgb4u.cloudfront.net/styles/athlete+AF8-bio+AF8-full+AF8-body/s3/2022+AC0-11/WEEMS+AF8-JOSHUA+AF8-L+AF8-10+AC0-29.png?itok+AD0ALQ-C75PHbT
Chris Weidman,https://dmxg5wxfqgb4u.cloudfront.net/styles/athlete+AF8-bio+AF8-full+AF8-body/s3/2024+AC0-12/WEIDMAN+AF8-CHRIS+AF8-L+AF8-12+AC0-07.png?itok+AD0-ahMMU9lN
Dakota Weigher,None
Zhang Weili,https://dmxg5wxfqgb4u.cloudfront.net/styles/athlete+AF8-bio+AF8-full+AF8-body/s3/2025+AC0-02/ZHANG+AF8-WEILI+AF8-L+AF8-BELT+AF8-02+AC0-08.png?itok+AD0-oYLMOZoJ
Mark Weir,None
Christian Wellisch,None
Jeremiah Wells,https://dmxg5wxfqgb4u.cloudfront.net/styles/athlete+AF8-bio+AF8-full+AF8-body/s3/2023+AC0-08/WELLS+AF8-JEREMIAH+AF8-L+AF8-08+AC0-05.png?itok+AD0-kDNlnig2
Orlando Welt,None
Fabricio Werdum,https://dmxg5wxfqgb4u.cloudfront.net/styles/athlete+AF8-bio+AF8-full+AF8-body/s3/image/ufc+AC0-fighter+AC0-container/67940/profile+AC0-galery/fullbodyleft+AC0-picture/Fabricio+AC0-Werdum+AF8-837+AF8-LeftFullBodyImage.png?VersionId+AD0-wyI69g79huVreRKKgo87LnKqCnMYSmxq+ACY-itok+AD0-66H5+AC0-PDZ
Mike Wessel,None
Sheldon Westcott,https://dmxg5wxfqgb4u.cloudfront.net/styles/athlete+AF8-bio+AF8-full+AF8-body/s3/image/ufc+AC0-fighter+AC0-container/69260/profile+AC0-galery/fullbodyleft+AC0-picture/sheldon+AC0-westcott+AF8-465483+AF8-LeftFullBodyImage.png?VersionId+AD0-1ObbDxTpHneet3lVN3GkHut9OMlddKg0+ACY-itok+AD0-guNBR4Dq
Alex White,https://dmxg5wxfqgb4u.cloudfront.net/styles/athlete+AF8-bio+AF8-full+AF8-body/s3/image/ufc+AC0-fighter+AC0-container/67214/profile+AC0-galery/fullbodyleft+AC0-picture/WHITE+AF8-ALEX+AF8-L.png?itok+AD0-uN7nOGMa
Craig White,https://dmxg5wxfqgb4u.cloudfront.net/styles/athlete+AF8-bio+AF8-full+AF8-body/s3/image/fighter+AF8-images/craig+AF8-white/WHITE+AF8-CRAIG+AF8-R.png?VersionId+AD0-9kZgaKXJPYCQ0BCUvjVrW5fRrQM86EMW+ACY-itok+AD0-O2VrBKY4
Vernon White,None
Patrik White,https://dmxg5wxfqgb4u.cloudfront.net/styles/athlete+AF8-bio+AF8-full+AF8-body/s3/2021+AC0-10/71833+ACU-252Fprofile+AC0-galery+ACU-252Ffullbodyleft+AC0-picture+ACU-252FWHITE+AF8-PATRIK+AF8-L.png?itok+AD0-jNv9ZSPQ
Rob Whiteford,https://dmxg5wxfqgb4u.cloudfront.net/styles/athlete+AF8-bio+AF8-full+AF8-body/s3/2022+AC0-03/f644e642+AC0-7fb2+AC0-42f5+AC0-b0b8+AC0-a9d7731df3f6+ACU-252FRob+AC0-Whiteford+AF8-460661+AF8-LeftFullBodyImage.png?itok+AD0-xkf06Eez
Mike Whitehead,None
Garett Whiteley,https://dmxg5wxfqgb4u.cloudfront.net/styles/athlete+AF8-bio+AF8-full+AF8-body/s3/image/fighter+AF8-images/Garett+AF8-Whiteley/Garett+AF8-Whiteley+AF8-FS1+AC0-4+AF8-0080.png?VersionId+AD0-.eONpTHFpxn4QswEY.DqZVCXrvFwCQPZ+ACY-itok+AD0-x+AC0-lkT06M
Emily Whitmire,https://dmxg5wxfqgb4u.cloudfront.net/styles/athlete+AF8-bio+AF8-full+AF8-body/s3/2024+AC0-10/1/WHITMIRE+AF8-EMILY+AF8-L+AF8-09+AC0-18.png?itok+AD0-8c1vAG2O
Robert Whittaker,https://dmxg5wxfqgb4u.cloudfront.net/styles/athlete+AF8-bio+AF8-full+AF8-body/s3/2025+AC0-01/5/WHITTAKER+AF8-ROBERT+AF8-L+AF8-10+AC0-26.png?itok+AD0-rmA2rxn2
Josh Wick,https://dmxg5wxfqgb4u.cloudfront.net/styles/athlete+AF8-bio+AF8-full+AF8-body/s3/2023+AC0-02/WICK+AF8-JOSH+AF8-R.png?itok+AD0-YDtYYeU4
Adam Wieczorek,https://dmxg5wxfqgb4u.cloudfront.net/styles/athlete+AF8-bio+AF8-full+AF8-body/s3/image/ufc+AC0-fighter+AC0-container/67147/profile+AC0-galery/fullbodyleft+AC0-picture/Adam+AC0-Wieczorek+AF8-629280+AF8-LeftFullBodyImage.png?VersionId+AD0-97mOpL1Tn54FImsVO59lTWaPWiB.8t7+AF8AJg-itok+AD0-tRQDOgOp
Jonathan Wiezorek,None
Justin Wilcox,None
Mike Wilkinson,https://dmxg5wxfqgb4u.cloudfront.net/styles/athlete+AF8-bio+AF8-full+AF8-body/s3/2022+AC0-03/cb46f23d+AC0-52aa+AC0-48eb+AC0-9239+AC0-1e66d3d6fc5b+ACU-252Fmike+AC0-wilkinson+AF8-290175+AF8-LeftFullBodyImage.png?itok+AD0-d5uXoPK8
Rob Wilkinson,https://dmxg5wxfqgb4u.cloudfront.net/styles/athlete+AF8-bio+AF8-full+AF8-body/s3/2022+AC0-03/f80c5bc4+AC0-3969+AC0-4ad1+AC0-b379+AC0-aabb15654dd1+ACU-252FRob+AC0-Wilkinson+AF8-637988+AF8-LeftFullBodyImage.png?itok+AD0-Fp+AC0-SfMbv
Aaron Wilkinson,None
James Wilks,None
Tim Williams,https://dmxg5wxfqgb4u.cloudfront.net/styles/athlete+AF8-bio+AF8-full+AF8-body/s3/2018+AC0-10/WILLIAMS+AF8-TIM+AF8-R+AF8-0.png?VersionId+AD0-Exw.9BJDhZbvsf5kDnz2FycDqkOUOwZ6+ACY-itok+AD0-StG0qRjt
Patrick Williams,https://dmxg5wxfqgb4u.cloudfront.net/styles/athlete+AF8-bio+AF8-full+AF8-body/s3/2022+AC0-03/cab05974+AC0-ae8e+AC0-4b2c+AC0-8973+AC0-8c004bdb4346+ACU-252FPatrick+AC0-Williams+AF8-479780+AF8-LeftFullBodyImage.png?itok+AD0-fDEl1VLt
Jordan Williams,https://dmxg5wxfqgb4u.cloudfront.net/styles/athlete+AF8-bio+AF8-full+AF8-body/s3/2021+AC0-07/WILLIAMS+AF8-JORDAN+AF8-L+AF8-07+AC0-24.png?itok+AD0-xnl1Ju+AF8-L
Cole Williams,https://dmxg5wxfqgb4u.cloudfront.net/styles/athlete+AF8-bio+AF8-full+AF8-body/s3/2020+AC0-10/67660+ACU-252Fprofile+AC0-galery+ACU-252Ffullbodyleft+AC0-picture+ACU-252FWILLIAMS+AF8-COLE+AF8-L+AF8-08+AC0-03.png?itok+AD0-2m30dvZe
Khaos Williams,https://dmxg5wxfqgb4u.cloudfront.net/styles/athlete+AF8-bio+AF8-full+AF8-body/s3/2025+AC0-02/WILLIAMS+AF8-KHAOS+AF8-L+AF8-05+AC0-18.png?itok+AD0-ob9lP7kO
Tedd Williams,None
Pete Williams,None
Karl Williams,https://dmxg5wxfqgb4u.cloudfront.net/styles/athlete+AF8-bio+AF8-full+AF8-body/s3/2024+AC0-08/WILLIAMS+AF8-KARL+AF8-L+AF8-08+AC0-10.png?itok+AD0-SBKiSuAS
Justin Willis,https://dmxg5wxfqgb4u.cloudfront.net/styles/athlete+AF8-bio+AF8-full+AF8-body/s3/image/ufc+AC0-fighter+AC0-container/68427/profile+AC0-galery/fullbodyleft+AC0-picture/WILLIS+AF8-JUSTIN+AF8-L.png?itok+AD0-g6ekqCIP
Jonathan Wilson,https://dmxg5wxfqgb4u.cloudfront.net/styles/athlete+AF8-bio+AF8-full+AF8-body/s3/2022+AC0-03/54c53573+AC0-d2ca+AC0-400a+AC0-b9eb+AC0-ca06af59b4b2+ACU-252Fjonathan+AC0-wilson+AF8-511416+AF8-LeftFullBodyImage.png?itok+AD0-1OQlQbQM
Westin Wilson,https://dmxg5wxfqgb4u.cloudfront.net/styles/athlete+AF8-bio+AF8-full+AF8-body/s3/2024+AC0-01/WILSON+AF8-WESTIN+AF8-L+AF8-01+AC0-13.png?itok+AD0-X0s11D2u
Chris Wilson,None
Matt Wiman,https://dmxg5wxfqgb4u.cloudfront.net/styles/athlete+AF8-bio+AF8-full+AF8-body/s3/2020+AC0-12/68759+ACU-252Fprofile+AC0-galery+ACU-252Ffullbodyleft+AC0-picture+ACU-252FWIMAN+AF8-MATT+AF8-L+AF8-06+AC0-22.png?itok+AD0-D0JO5HGc
Eddie Wineland,https://dmxg5wxfqgb4u.cloudfront.net/styles/athlete+AF8-bio+AF8-full+AF8-body/s3/2022+AC0-06/4a72ec41+AC0-026d+AC0-4b80+AC0-a18a+AC0-227f72333cbd+ACU-252FWINELAND+AF8-EDDIE+AF8-L+AF8-06+AC0-18.png?itok+AD0-0hbCMo+AF8-v
Deron Winn,https://dmxg5wxfqgb4u.cloudfront.net/styles/athlete+AF8-bio+AF8-full+AF8-body/s3/2023+AC0-01/WINN+AF8-DERON+AF8-L+AF8-12+AC0-17.png?itok+AD0-27h1cAnE
Andre Winner,None
Eric Wisely,None
Keith Wisniewski,https://dmxg5wxfqgb4u.cloudfront.net/styles/athlete+AF8-bio+AF8-full+AF8-body/s3/2022+AC0-03/d605cf87+AC0-bd1c+AC0-4574+AC0-8483+AC0-49067541e0a9+ACU-252FKeith+AC0-Wisniewski+AF8-728+AF8-LeftFullBodyImage.png?itok+AD0-EtnR5AqS
Jason Witt,https://dmxg5wxfqgb4u.cloudfront.net/styles/athlete+AF8-bio+AF8-full+AF8-body/s3/2021+AC0-08/WITT+AF8-JASON+AF8-L+AF8-07+AC0-31.png?itok+AD0-Fc6PFW+AF8-R
Travis Wiuff,None
Ray Wizard,None
Karolina Wojcik,https://dmxg5wxfqgb4u.cloudfront.net/styles/athlete+AF8-bio+AF8-full+AF8-body/s3/2022+AC0-08/WOJCIK+AF8-KAROLINA+AF8-R.png?itok+AD0-geD4o0wZ
Danyelle Wolf,https://dmxg5wxfqgb4u.cloudfront.net/styles/athlete+AF8-bio+AF8-full+AF8-body/s3/2022+AC0-09/WOLF+AF8-DANYELLE+AF8-L+AF8-09+AC0-10.png?itok+AD0-oXmwn9GG
Brandon Wolff,None
Joanne Wood,https://dmxg5wxfqgb4u.cloudfront.net/styles/athlete+AF8-bio+AF8-full+AF8-body/s3/2024+AC0-03/WOOD+AF8-JOANNE+AF8-L+AF8-03+AC0-09.png?itok+AD0-AzqtQcc9
Nathaniel Wood,https://dmxg5wxfqgb4u.cloudfront.net/styles/athlete+AF8-bio+AF8-full+AF8-body/s3/2024+AC0-07/WOOD+AF8-NATHANIEL+AF8-L+AF8-07+AC0-27.png?itok+AD0-iAxQi0U0
Val Woodburn,https://dmxg5wxfqgb4u.cloudfront.net/styles/athlete+AF8-bio+AF8-full+AF8-body/s3/2024+AC0-02/WOODBURN+AF8-VAL+AF8-L+AF8-02+AC0-17.png?itok+AD0-xZL5ipRU
Tyron Woodley,https://dmxg5wxfqgb4u.cloudfront.net/styles/athlete+AF8-bio+AF8-full+AF8-body/s3/image/ufc+AC0-fighter+AC0-container/69431/profile+AC0-galery/fullbodyleft+AC0-picture/WOODLEY+AF8-TYRON+AF8-L+AF8-09+AC0-19.png?itok+AD0-nwz3kZxO
Sean Woodson,https://dmxg5wxfqgb4u.cloudfront.net/styles/athlete+AF8-bio+AF8-full+AF8-body/s3/2024+AC0-12/WOODSON+AF8-SEAN+AF8-L+AF8-12+AC0-14.png?itok+AD0-0f3jUhtm
Cal Worsham,None
Khama Worthy,https://dmxg5wxfqgb4u.cloudfront.net/styles/athlete+AF8-bio+AF8-full+AF8-body/s3/2021+AC0-10/68507+ACU-252Fprofile+AC0-galery+ACU-252Ffullbodyleft+AC0-picture+ACU-252FWORTHY+AF8-KHAMA+AF8-L+AF8-10+AC0-23.png?itok+AD0-4xkCkIEM
Justin Wren,None
Jordan Wright,https://dmxg5wxfqgb4u.cloudfront.net/styles/athlete+AF8-bio+AF8-full+AF8-body/s3/2023+AC0-02/WRIGHT+AF8-JORDAN+AF8-L+AF8-02+AC0-18.png?itok+AD0-FNXy6rsM
Marcin Wrzosek,https://dmxg5wxfqgb4u.cloudfront.net/styles/athlete+AF8-bio+AF8-full+AF8-body/s3/2022+AC0-03/43a43a3e+AC0-ef52+AC0-4689+AC0-9a57+AC0-017e00313088+ACU-252FMarcin+AC0-Wrzosek+AF8-572775+AF8-RightFullBodyImage.png?itok+AD0-Clmf4cXc
Song Yadong,https://dmxg5wxfqgb4u.cloudfront.net/styles/athlete+AF8-bio+AF8-full+AF8-body/s3/2025+AC0-01/5/YADONG+AF8-SONG+AF8-L+AF8-03+AC0-09.png?itok+AD0-hTvFDc4q
Jamie Yager,None
Eddie Yagin,None
Rani Yahya,https://dmxg5wxfqgb4u.cloudfront.net/styles/athlete+AF8-bio+AF8-full+AF8-body/s3/2024+AC0-04/YAHYA+AF8-RANI+AF8-L+AF8-04+AC0-27.png?itok+AD0-VlW+AC0-dCRl
Mohammad Yahya,https://dmxg5wxfqgb4u.cloudfront.net/styles/athlete+AF8-bio+AF8-full+AF8-body/s3/2024+AC0-08/YAHYA+AF8-MOHAMMAD+AF8-L+AF8-08+AC0-03.png?itok+AD0-VQBBn0fm
Alexander Yakovlev,https://dmxg5wxfqgb4u.cloudfront.net/styles/athlete+AF8-bio+AF8-full+AF8-body/s3/image/ufc+AC0-fighter+AC0-container/67232/profile+AC0-galery/fullbodyleft+AC0-picture/YAKOVLEV+AF8-ALEXANDER+AF8-L.png?VersionId+AD0-R2Zs+AF8-BQfqYNMBkfWu8emYYYqVu.La5H9+ACY-itok+AD0-ok7XbKtK
Keichiro Yamamiya,None
Kenichi Yamamoto,None
Norifumi Yamamoto,https://dmxg5wxfqgb4u.cloudfront.net/styles/athlete+AF8-bio+AF8-full+AF8-body/s3/image/ufc+AC0-fighter+AC0-container/68512/profile+AC0-galery/fullbodyleft+AC0-picture/Norifumi+AC0-Yamamoto+AF8-104843+AF8-LeftFullBodyImage.png?VersionId+AD0-CFJZOj5X7AHG22zXBMBHIowbx9j+AF8-IlJm+ACY-itok+AD0-RIgZB0ak
Qihui Yan,https://dmxg5wxfqgb4u.cloudfront.net/styles/athlete+AF8-bio+AF8-full+AF8-body/s3/2023+AC0-02/6939f4a9+AC0-012f+AC0-48aa+AC0-aa0d+AC0-7918a8ab708c+ACU-252FQIHUI+AF8-YAN+AF8-L.png?itok+AD0-yPYZ8CGp
Petr Yan,https://dmxg5wxfqgb4u.cloudfront.net/styles/athlete+AF8-bio+AF8-full+AF8-body/s3/2025+AC0-01/5/YAN+AF8-PETR+AF8-L+AF8-11+AC0-23.png?itok+AD0-isjcRLJt
Yan Xiaonan,https://dmxg5wxfqgb4u.cloudfront.net/styles/athlete+AF8-bio+AF8-full+AF8-body/s3/2025+AC0-01/5/XIAONAN+AF8-YAN+AF8-L+AF8-11+AC0-23.png?itok+AD0-HSH5jT4t
Wu Yanan,https://dmxg5wxfqgb4u.cloudfront.net/styles/athlete+AF8-bio+AF8-full+AF8-body/s3/2022+AC0-08/WU+AF8-YANAN+AF8-L+AF8-08+AC0-20.png?itok+AD0ALQ-EcQerKd
Adam Yandiev,https://dmxg5wxfqgb4u.cloudfront.net/styles/athlete+AF8-bio+AF8-full+AF8-body/s3/2018+AC0-10/YANDIEV+AF8-ADAM+AF8-L+AF8-0.png?VersionId+AD0AXw-w8WKW.3cg0vTURSkc6QgEO3Dggcc+AF8-mP+ACY-itok+AD0-jlIhCorc
Adrian Yanez,https://dmxg5wxfqgb4u.cloudfront.net/styles/athlete+AF8-bio+AF8-full+AF8-body/s3/2024+AC0-12/YANEZ+AF8-ADRIAN+AF8-L+AF8-12+AC0-14.png?itok+AD0-JS69jJnN
Jianping Yang,https://dmxg5wxfqgb4u.cloudfront.net/styles/athlete+AF8-bio+AF8-full+AF8-body/s3/image/fighter+AF8-images/Yang+AF8-Jian+AF8-Ping/YANG+AC0-JIAN+AC0-PING+AC0-2013+AC0-10+AC0-17+AC0-090.png?VersionId+AD0-93wW0Ujts9f9sGCzJN8jV+AF8-EIG.zU3Xs1+ACY-itok+AD0-ZW4JboAG
Dongi Yang,https://dmxg5wxfqgb4u.cloudfront.net/styles/athlete+AF8-bio+AF8-full+AF8-body/s3/image/ufc+AC0-fighter+AC0-container/67848/profile+AC0-galery/fullbodyleft+AC0-picture/Dongi+AC0-Yang+AF8-32111+AF8-LeftFullBodyImage.png?VersionId+AD0-60DAeoPiAAKyQ9NrAPeAxnoRsidhLLTp+ACY-itok+AD0-VifSzasm
Masutatsu Yano,None
Hu Yaozong,https://dmxg5wxfqgb4u.cloudfront.net/styles/athlete+AF8-bio+AF8-full+AF8-body/s3/2021+AC0-07/69675+ACU-252Fprofile+AC0-galery+ACU-252Ffullbodyleft+AC0-picture+ACU-252FHU+AF8-YAOZONG+AF8-L+AF8-07+AC0-10.png?itok+AD0ALQ-MfT8MuM
Emmanuel Yarbrough,None
Cale Yarbrough,None
Ashley Yoder,https://dmxg5wxfqgb4u.cloudfront.net/styles/athlete+AF8-bio+AF8-full+AF8-body/s3/2021+AC0-08/YODER+AF8-ASHLEY+AF8-L+AF8-07+AC0-31.png?itok+AD0-UgJVuQu1
Sang Hoon Yoo,https://dmxg5wxfqgb4u.cloudfront.net/styles/athlete+AF8-bio+AF8-full+AF8-body/s3/2022+AC0-03/29efa258+AC0-ab56+AC0-40a1+AC0-a839+AC0-3cd7a85ee0df+ACU-252FYOO+AF8-SANGHOON+AF8-L.png?itok+AD0-8eUhx1YG
SuYoung You,https://dmxg5wxfqgb4u.cloudfront.net/styles/athlete+AF8-bio+AF8-full+AF8-body/s3/2024+AC0-09/YOU+AF8-SUYOUNG+AF8-L+AF8-05+AC0-18.png?itok+AD0-dDyD4lvm
Shane Young,https://dmxg5wxfqgb4u.cloudfront.net/styles/athlete+AF8-bio+AF8-full+AF8-body/s3/2023+AC0-02/YOUNG+AF8-SHANE+AF8-L+AF8-02+AC0-11.png?itok+AD0-W+AF8-m777Qj
Jason Young,None
