Name,Nickname,Weight_Class,Record,Knockouts,Submissions,First_Round_Finishes,Striking_Accuracy,Takedown_Accuracy,Sig_Str_Landed Total,Sig_Str_Attempted Total,Takedowns_Landed_Total,Takedowns_Attempted_Total,Sig_Strikes_Per Min,Takedown_Avg_Per Min,Sig_Str_Def,Knockdown_Avg,Sig_Strikes_Absorbed_Per_Min,Sub_Avg_Per_Min,Takedown_Def,Avg_Fight_Time,Sig_Strikes_While_Standing,Sig_Strikes_While_Clinched,Sig_Strikes_While_Grounded,Sig_Strikes_Head,Sig_Strikes_Body,Sig_Strikes_Leg,Win_by_KO/TKO,Win_by_Decision,Win_by_Submission,Place_of_Birth,Octagon_Debut
Danny Abbadi,"""The Assassin""",Lightweight Division,2-2-0 (W-L-D),0,0,0,38%,N/A,59,155,0,0,3.29,0.00,58%,0.00,4.41,0.00,78%,08:58,42(71%),14(24%),3(5%),51(86%),8(14%),0(0%),0(0%),0(0%),0(0%),"Orlando, United States","Jun. 24, 2006"
Nariman Abbassov,None,Lightweight Division,0-1-0 (W-L-D),0,0,0,20%,0%,45,225,,2,3.00,0.00,46%,0.00,5.67,0.00,67%,15:00,45(100%),0(0%),0(0%),26(58%),8(18%),11(24%),0(0%),0(0%),0(0%),Kazakhstan,"Feb. 11, 2025"
Tank Abbott,"""Tank""",Heavyweight Division,8-10-0 (W-L-D),0,0,0,39%,N/A,12,31,0,0,2.41,0.00,38%,0.00,10.03,0.00,67%,01:40,4(33%),7(58%),1(8%),12(100%),0(0%),0(0%),0(0%),0(0%),0(0%),"Huntington Beach, United States","Jul. 14, 1995"
Hamdy Abdelwahab,"""The Hammer""",Heavyweight Division,6-0-0 (W-L-D),5,0,4,52%,80%,102,197,3,5,3.40,2.00,51%,0.50,3.87,0.00,100%,15:00,70(69%),2(2%),30(29%),76(75%),8(8%),18(18%),5(100%),0(0%),0(0%),Egypt,"Jul. 30, 2022"
Mansur Abdul-Malik,None,Middleweight Division,7-0-0 (W-L-D),6,1,6,55%,N/A,77,141,0,0,6.61,0.00,54%,1.29,4.21,0.00,75%,05:50,28(36%),2(3%),47(61%),74(96%),2(3%),1(1%),6(86%),0(0%),1(14%),"Pittsburgh, United States","Nov. 9, 2024"
Shamil Abdurakhimov,"""Abrek""",Heavyweight Division,20-8-0 (W-L-D),9,4,10,44%,23%,251,567,5,30,2.41,1.01,55%,0.29,3.02,0.14,45%,09:27,169(67%),60(24%),22(9%),149(59%),47(19%),55(22%),9(45%),7(35%),4(20%),"Dagestan Republic, Russia","Apr. 4, 2015"
Daichi Abe,None,Welterweight Division,6-1-0 (W-L-D),0,0,0,34%,50%,171,508,1,2,3.80,0.33,57%,0.33,4.49,0.00,N/A,15:00,146(85%),11(6%),14(8%),102(60%),12(7%),57(33%),4(67%),2(33%),0(0%),Japan,"Sep. 22, 2017"
Papy Abedi,"""Makambo""",Middleweight Division,9-3-0 (W-L-D),0,0,0,55%,57%,97,176,,14,2.80,3.47,49%,0.00,3.15,1.30,50%,08:39,36(37%),34(35%),27(28%),42(43%),46(47%),9(9%),5(56%),2(22%),2(22%),None,"Nov. 5, 2011"
Klidson Abreu,"""White Bear""",Light Heavyweight Division,15-4-0 (W-L-D),4,10,0,41%,20%,96,236,,10,2.05,0.64,56%,0.00,2.90,0.00,80%,11:43,86(90%),10(10%),0(0%),38(40%),20(21%),38(40%),4(27%),1(7%),10(67%),"Manaus, Brazil","Feb. 23, 2019"
Ricardo Abreu,"""Demente""",Middleweight Division,5-1-0 (W-L-D),0,0,0,32%,43%,80,252,,7,3.79,2.13,68%,1.42,3.98,0.71,100%,10:33,58(73%),13(16%),9(11%),65(81%),10(13%),5(6%),3(60%),0(0%),2(40%),"Dourados, Brazil","May. 31, 2014"
John Adajar,None,Welterweight Division,0-1-0 (W-L-D),0,0,0,53%,N/A,18,34,0,0,3.90,0.00,44%,0.00,6.28,0.00,N/A,04:37,17(94%),1(6%),0(0%),11(61%),5(28%),2(11%),0(0%),0(0%),0(0%),None,"Jun. 10, 2022"
Juan Adams,"""The Kraken""",Heavyweight Division,5-3-0 (W-L-D),5,0,0,56%,67%,234,420,2,3,7.09,0.91,35%,0.00,4.06,0.00,57%,06:36,112(48%),52(22%),70(30%),192(82%),32(14%),10(4%),5(100%),0(0%),0(0%),"Houston, United States","Dec. 15, 2018"
Anthony Adams,None,Middleweight Division,8-2-0 (W-L-D),0,0,0,42%,0%,95,227,,7,3.17,0.00,44%,0.00,5.93,0.00,N/A,15:00,84(88%),11(12%),0(0%),37(39%),29(31%),29(31%),0(0%),0(0%),0(0%),"Philadelphia, United States","Feb. 11, 2025"
Scott Adams,None,Heavyweight Division,6-0-0 (W-L-D),0,0,0,N/A,N/A,0,0,0,0,N/A,N/A,N/A,N/A,N/A,N/A,N/A,N/A,N/A,N/A,N/A,N/A,N/A,N/A,0(0%),0(0%),0(0%),"San Luis Obispo, United States","Mar. 10, 2000"
Zarrukh Adashev,"""The Lion""",Flyweight Division,4-4-0 (W-L-D),2,0,0,40%,0%,115,285,,5,3.65,0.00,65%,0.00,3.04,0.48,100%,07:53,107(93%),6(5%),2(2%),76(66%),16(14%),23(20%),2(50%),2(50%),0(0%),"Samarkand, Uzbekistan","Jun. 13, 2020"
Israel Adesanya,"""The Last Stylebender""",Middleweight Division,24-5-0 (W-L-D),16,0,6,48%,11%,1271,2639,,9,4.02,0.05,56%,0.62,3.20,0.14,77%,17:35,1170(92%),64(5%),37(3%),623(49%),266(21%),382(30%),16(67%),8(33%),0(0%),"Lagos, Nigeria","Feb. 11, 2018"
Sam Adkins,None,Light Heavyweight Division,0-0-0 (W-L-D),0,0,0,N/A,N/A,0,0,0,0,N/A,N/A,N/A,N/A,N/A,N/A,N/A,N/A,N/A,N/A,N/A,N/A,N/A,N/A,0(0%),0(0%),0(0%),United States,"Feb. 16, 1996"
Nick Agallar,None,Lightweight Division,12-3-0 (W-L-D),0,0,0,12%,0%,5,43,,2,0.69,0.00,42%,0.00,4.56,0.00,N/A,07:14,4(80%),1(20%),0(0%),2(40%),0(0%),3(60%),0(0%),0(0%),0(0%),"Racine, United States","Nov. 21, 2003"
Mariya Agapova,"""Money Mashka""",Women's Flyweight Division,10-5-0 (W-L-D),3,5,6,55%,67%,241,441,2,3,4.43,0.55,52%,0.55,3.62,0.83,45%,07:47,163(68%),38(16%),40(17%),153(63%),67(28%),21(9%),3(30%),2(20%),5(50%),Kazakhstan,"Jun. 13, 2020"
Fabio Agu,None,Middleweight Division,0-0-0 (W-L-D),0,0,0,N/A,N/A,0,0,0,0,N/A,N/A,N/A,N/A,N/A,N/A,N/A,00:00,0(0%),0(0%),0(0%),0(0%),0(0%),0(0%),0(0%),0(0%),0(0%),None,"Feb. 11, 2025"
Marcello Aguiar,None,Welterweight Division,0-0-0 (W-L-D),0,0,0,N/A,N/A,0,0,0,0,N/A,N/A,N/A,N/A,N/A,N/A,N/A,N/A,N/A,N/A,N/A,N/A,N/A,N/A,0(0%),0(0%),0(0%),Brazil,"Jun. 9, 2000"
Kevin Aguilar,"""Angel of Death""",Featherweight Division,17-5-0 (W-L-D),9,2,0,40%,17%,370,924,,6,3.96,0.16,52%,0.32,4.81,0.00,79%,13:20,321(87%),29(8%),20(5%),224(61%),126(34%),20(5%),9(53%),6(35%),2(12%),"Gladewater, United States","Nov. 30, 2018"
Jessica Aguilar,"""Jag""",Women's Strawweight Division,20-8-0 (W-L-D),3,7,0,51%,25%,314,620,4,16,4.93,0.94,54%,0.00,7.19,0.24,50%,12:44,194(62%),96(31%),24(8%),168(54%),88(28%),58(18%),3(15%),10(50%),7(35%),"Houston, United States","Aug. 1, 2015"
Jesus Aguilar,None,Flyweight Division,11-2-0 (W-L-D),1,7,4,51%,33%,50,98,,12,1.46,1.75,58%,0.44,1.26,1.75,36%,06:50,26(52%),6(12%),18(36%),33(66%),7(14%),10(20%),1(9%),3(27%),7(64%),"Ensenada, Mexico","Feb. 4, 2023"
Christian Aguilera,"""The Beast""",Welterweight Division,14-8-0 (W-L-D),11,0,0,38%,0%,27,72,,1,2.54,0.00,49%,0.00,4.04,0.00,60%,03:33,27(100%),0(0%),0(0%),16(59%),3(11%),8(30%),11(73%),4(27%),0(0%),"Whittier, United States","Jun. 13, 2020"
Nick Aguirre,"""Slick""",Bantamweight Division,7-2-0 (W-L-D),3,4,6,34%,20%,19,56,,10,0.73,1.16,46%,0.00,2.89,0.58,33%,12:59,18(95%),1(5%),0(0%),18(95%),1(5%),0(0%),3(43%),0(0%),4(57%),"Cicero, United States","Jan. 14, 2023"
Ashiek Ajim,None,Bantamweight Division,0-1-0 (W-L-D),0,0,0,40%,N/A,4,10,0,0,5.00,0.00,25%,0.00,11.25,0.00,N/A,00:48,4(100%),0(0%),0(0%),2(50%),0(0%),2(50%),0(0%),0(0%),0(0%),None,"Feb. 11, 2025"
Omari Akhmedov,"""Wolverine""",Middleweight Division,21-6-1 (W-L-D),7,6,0,34%,46%,535,1556,19,68,2.97,2.58,56%,0.17,2.84,0.25,66%,12:01,389(73%),65(12%),81(15%),383(72%),89(17%),63(12%),7(33%),8(38%),6(29%),"Dagestan Republic, Russia","Nov. 9, 2013"
Yoshihiro Akiyama,"""Sexyama""",Welterweight Division,15-6-0 (W-L-D),0,0,0,42%,68%,466,1122,12,34,3.10,2.29,58%,0.40,3.62,1.00,93%,06:50,316(68%),28(6%),122(26%),374(80%),27(6%),65(14%),0(0%),0(0%),0(0%),Japan,"Jul. 11, 2009"
Rostem Akman,None,Welterweight Division,0-2-0 (W-L-D),5,1,0,26%,40%,54,210,2,5,1.80,1.00,58%,0.00,3.97,0.00,88%,15:00,42(78%),12(22%),0(0%),38(70%),12(22%),4(7%),5(83%),0(0%),1(17%),"Stockholm, Sweden","Jun. 1, 2019"
Mostapha Al Turk,None,Heavyweight Division,6-6-0 (W-L-D),0,0,0,19%,0%,31,161,,9,1.36,0.00,53%,0.00,3.61,0.00,N/A,07:34,28(90%),3(10%),0(0%),13(42%),3(10%),15(48%),0(0%),0(0%),0(0%),"Beirut, Lebanon","Dec. 27, 2008"
Razak Al-Hassan,"""Razor""",Light Heavyweight Division,7-2-0 (W-L-D),0,0,0,33%,20%,44,135,,5,2.31,0.79,60%,0.00,3.78,0.00,57%,09:32,38(86%),6(14%),0(0%),18(41%),9(20%),17(39%),0(0%),0(0%),0(0%),"Milwaukee, United States","Dec. 10, 2008"
Ali Al-Qaisi,"""The Royal Fighter""",Bantamweight Division,8-5-0 (W-L-D),1,4,0,42%,29%,73,172,,24,2.43,3.50,56%,0.00,1.97,1.00,60%,15:00,63(86%),9(12%),1(1%),40(55%),10(14%),23(32%),1(13%),3(38%),4(50%),"Amman, Jordan","Aug. 8, 2020"
Abdul-Kareem Al-Selwady,"""Pride of Palestine""",Lightweight Division,15-4-0 (W-L-D),8,2,6,35%,31%,107,309,3,13,4.14,2.32,59%,0.00,3.60,0.00,20%,12:55,102(95%),5(5%),0(0%),60(56%),17(16%),30(28%),8(53%),5(33%),2(13%),"Baton Rouge, United States","Mar. 2, 2024"
Herdem Alacabek,None,Light Heavyweight Division,0-0-0 (W-L-D),0,0,0,66%,50%,56,85,,4,3.84,2.06,23%,0.00,6.66,0.00,43%,14:34,24(43%),26(46%),6(11%),25(45%),23(41%),8(14%),0(0%),0(0%),0(0%),None,"Feb. 11, 2025"
Alatengheili,"""The Mongolian Knight""",Bantamweight Division,17-9-2 (W-L-D),5,3,4,33%,45%,279,849,3,31,2.64,1.99,58%,0.14,4.67,0.00,75%,13:13,265(95%),1(0%),13(5%),189(68%),52(19%),38(14%),5(29%),9(53%),3(18%),"Alxa, China","Aug. 31, 2019"
Amir Albazi,"""The Prince""",Flyweight Division,17-2-0 (W-L-D),5,9,9,35%,32%,235,676,3,25,2.72,1.39,62%,0.35,3.71,0.52,50%,14:25,202(86%),3(1%),30(13%),162(69%),40(17%),33(14%),5(29%),3(18%),9(53%),"Baghdad, Iraq","Jul. 18, 2020"
John Albert,"""Prince""",Bantamweight Division,7-5-0 (W-L-D),0,0,0,50%,0%,67,135,,3,3.05,0.00,35%,0.68,2.82,6.14,50%,04:24,34(51%),15(22%),18(27%),44(66%),16(24%),7(10%),0(0%),0(0%),0(0%),"Reno, United States","Dec. 4, 2011"
Junior Albini,"""Baby""",Heavyweight Division,14-6-0 (W-L-D),6,6,0,51%,38%,116,227,1,8,3.98,1.54,52%,0.51,6.08,0.00,100%,05:50,90(78%),22(19%),4(3%),70(60%),27(23%),19(16%),6(43%),2(14%),6(43%),"Paranaguá, Brazil","Jul. 22, 2017"
Wes Albritton,None,Lightweight Division,0-0-0 (W-L-D),0,0,0,N/A,N/A,0,0,0,0,N/A,N/A,N/A,N/A,N/A,N/A,N/A,N/A,N/A,N/A,N/A,N/A,N/A,N/A,0(0%),0(0%),0(0%),United States,"May. 30, 1997"
Alexandra Albu,"""Stitch""",Women's Strawweight Division,7-2-0 (W-L-D),4,2,0,47%,50%,191,405,5,12,4.83,2.27,39%,0.00,5.56,0.38,78%,09:54,112(59%),62(32%),17(9%),138(72%),45(24%),8(4%),4(57%),1(14%),2(29%),"Vulcanesti, Moldova","Apr. 11, 2015"
Ildemar Alcantara,"""Marajo""",Middleweight Division,21-8-0 (W-L-D),0,0,0,39%,68%,188,486,,19,1.93,2.00,50%,0.00,2.63,0.92,82%,13:57,129(69%),34(18%),25(13%),106(56%),62(33%),20(11%),10(48%),5(24%),6(29%),"Soure, Portugal","Jan. 20, 2013"
Iuri Alcantara,"""Marajo""",Bantamweight Division,35-10-0 (W-L-D),0,0,0,46%,63%,483,1057,17,27,2.72,1.44,49%,0.42,2.79,0.84,60%,09:21,303(63%),45(9%),135(28%),316(65%),130(27%),37(8%),0(0%),0(0%),0(0%),"Soure, Brazil","Aug. 27, 2011"
Alfonso Alcarez,None,Lightweight Division,0-0-0 (W-L-D),0,0,0,N/A,N/A,0,0,0,0,N/A,N/A,N/A,N/A,N/A,N/A,N/A,N/A,N/A,N/A,N/A,N/A,N/A,N/A,0(0%),0(0%),0(0%),United States,"Sep. 24, 1999"
Hector Aldana,"""El Charro""",Welterweight Division,4-2-0 (W-L-D),2,1,0,38%,100%,116,302,2,2,3.59,0.93,60%,0.00,5.08,0.00,N/A,10:46,109(94%),6(5%),1(1%),64(55%),13(11%),39(34%),2(50%),1(25%),1(25%),"San Luis Río Colorado, Mexico","Jun. 23, 2018"
Irene Aldana,None,Women's Bantamweight Division,15-8-0 (W-L-D),8,3,9,40%,50%,1065,2667,2,4,5.19,0.15,56%,0.22,6.64,0.22,78%,14:39,948(89%),55(5%),62(6%),743(70%),145(14%),177(17%),8(53%),4(27%),3(20%),"Culiacán, Mexico","Dec. 18, 2016"
Gilbert Aldana,"""El Peligroso""",Heavyweight Division,5-0-0 (W-L-D),0,0,0,55%,40%,34,62,,5,2.91,2.57,26%,0.00,6.26,0.00,33%,05:50,6(18%),19(56%),9(26%),24(71%),6(18%),4(12%),0(0%),0(0%),0(0%),"Chandler, United States","Feb. 4, 2006"
Jose Alday,None,Bantamweight Division,0-1-0 (W-L-D),0,0,0,44%,0%,47,106,,1,3.13,0.00,59%,0.00,3.13,0.00,57%,15:00,44(94%),3(6%),0(0%),21(45%),19(40%),7(15%),0(0%),0(0%),0(0%),"Nacozari de García, Mexico","Feb. 11, 2025"
José Aldo,None,Bantamweight Division,32-9-0 (W-L-D),17,1,12,47%,54%,1549,3325,12,26,3.62,0.49,61%,0.39,3.72,0.14,93%,14:15,1342(87%),60(4%),147(9%),1016(66%),309(20%),224(14%),17(53%),14(44%),1(3%),"Manaus, Brazil","Apr. 30, 2011"
JJ Aldrich,None,Women's Flyweight Division,13-7-0 (W-L-D),3,0,3,47%,24%,798,1713,1,38,3.88,0.66,61%,0.00,4.38,0.00,67%,13:42,623(78%),97(12%),78(10%),657(82%),103(13%),38(5%),3(25%),9(75%),0(0%),"Denver, United States","Dec. 10, 2016"
Irina Alekseeva,"""Russian Ronda""",Women's Bantamweight Division,5-2-0 (W-L-D),1,2,3,43%,20%,66,152,,5,3.84,0.87,49%,0.87,3.55,0.87,100%,08:36,61(92%),3(5%),2(3%),30(45%),9(14%),27(41%),1(20%),2(40%),2(40%),Kazakhstan,"Apr. 29, 2023"
Talita Alencar,"""Problem Child """,Women's Strawweight Division,5-1-1 (W-L-D),0,3,2,28%,14%,112,398,1,43,2.49,2.00,53%,0.00,4.80,0.00,50%,15:00,72(64%),16(14%),24(21%),68(61%),36(32%),8(7%),0(0%),2(40%),3(60%),"Carutapera, Brazil","Dec. 9, 2023"
Jim Alers,"""The Beast""",Featherweight Division,13-3-0 (W-L-D),0,0,0,40%,41%,135,335,,17,2.90,2.26,57%,0.32,4.38,0.32,80%,11:38,102(76%),21(16%),12(9%),85(63%),14(10%),36(27%),2(15%),2(15%),9(69%),"New York, United States","Apr. 11, 2014"
John Alessio,"""The Natural""",Lightweight Division,34-16-0 (W-L-D),0,0,0,39%,38%,273,697,2,42,2.10,1.85,55%,0.12,2.91,1.16,71%,09:59,135(49%),60(22%),78(29%),197(72%),29(11%),47(17%),0(0%),0(0%),0(0%),United States,"Jun. 9, 2000"
Lucas Alexander,"""The Lion""",Featherweight Division,8-5-0 (W-L-D),3,0,0,57%,0%,131,228,,2,4.69,0.00,57%,0.54,2.87,0.00,60%,06:59,119(91%),4(3%),8(6%),68(52%),29(22%),34(26%),3(38%),5(63%),0(0%),Brazil,"Oct. 15, 2022"
Houston Alexander,"""The Assassin""",Light Heavyweight Division,9-5-0 (W-L-D),0,0,0,56%,100%,92,165,,1,3.64,0.59,53%,1.78,6.38,0.00,33%,04:13,45(49%),24(26%),23(25%),49(53%),7(8%),36(39%),0(0%),0(0%),0(0%),"East St. Louis, United States","May. 27, 2007"
Marcio Alexandre,"""Lyoto""",Middleweight Division,13-3-0 (W-L-D),0,0,0,45%,20%,68,151,1,5,1.61,0.35,42%,0.00,2.89,0.71,67%,10:34,51(75%),9(13%),8(12%),36(53%),26(38%),6(9%),10(77%),1(8%),2(15%),"Florianopolis, Brazil","May. 31, 2014"
Olaf Alfonso,None,Welterweight Division,0-0-0 (W-L-D),0,0,0,26%,0%,15,57,,2,0.63,0.00,37%,0.00,5.76,0.63,22%,12:56,8(53%),7(47%),0(0%),10(67%),3(20%),2(13%),0(0%),0(0%),0(0%),"Enseneda, Mexico","Feb. 11, 2025"
Bill Algeo,"""Senor Perfecto""",Featherweight Division,18-9-0 (W-L-D),4,7,2,52%,50%,771,1494,4,18,5.88,1.03,47%,0.23,4.38,0.11,55%,11:55,628(81%),80(10%),63(8%),454(59%),179(23%),138(18%),4(24%),6(35%),7(41%),"Boothwyn, United States","Aug. 29, 2020"
Royce Alger,None,Middleweight Division,0-0-0 (W-L-D),0,0,0,N/A,N/A,0,0,0,0,N/A,N/A,N/A,N/A,N/A,N/A,N/A,N/A,N/A,N/A,N/A,N/A,N/A,N/A,0(0%),0(0%),0(0%),United States,"May. 30, 1997"
Abdul Razak Alhassan,None,Middleweight Division,12-7-0 (W-L-D),12,0,11,50%,33%,325,652,1,15,3.64,0.84,55%,1.85,4.01,0.17,52%,05:58,221(68%),52(16%),52(16%),255(78%),36(11%),34(10%),12(100%),0(0%),0(0%),Ghana,"Nov. 19, 2016"
Amir Aliakbari,None,Heavyweight Division,0-0-0 (W-L-D),0,0,0,N/A,N/A,0,0,0,0,N/A,N/A,N/A,N/A,N/A,N/A,N/A,N/A,N/A,N/A,N/A,N/A,N/A,N/A,0(0%),0(0%),0(0%),None,"Feb. 10, 2025"
Nurullo Aliev,"""Tajik Eagle""",Lightweight Division,10-0-0 (W-L-D),2,0,1,46%,55%,84,184,3,11,2.43,2.60,59%,0.00,1.07,0.00,N/A,11:32,28(33%),1(1%),55(65%),73(87%),9(11%),2(2%),2(20%),8(80%),0(0%),"Dushanbe, Tajikistan","Feb. 25, 2023"
Sultan Aliev,None,Welterweight Division,15-3-0 (W-L-D),10,0,0,46%,38%,60,131,3,13,1.41,1.76,57%,0.00,2.20,0.00,100%,10:41,37(62%),13(22%),10(17%),51(85%),7(12%),2(3%),10(71%),4(29%),0(0%),"Dagestan, Russia","Jan. 24, 2015"
Ikram Aliskerov,None,Middleweight Division,15-2-0 (W-L-D),6,5,7,60%,33%,58,96,,3,7.03,1.82,36%,3.64,7.27,1.82,N/A,02:04,56(97%),2(3%),0(0%),37(64%),19(33%),2(3%),6(40%),4(27%),5(33%),"Makhachkala, Russia","May. 6, 2023"
Leon Aliu,None,Middleweight Division,0-1-0 (W-L-D),0,0,0,50%,0%,10,20,,1,6.32,0.00,38%,0.00,10.11,0.00,N/A,01:35,7(70%),3(30%),0(0%),1(10%),4(40%),5(50%),0(0%),0(0%),0(0%),None,"Feb. 11, 2025"
John Allan,None,Light Heavyweight Division,13-7-0 (W-L-D),9,3,0,43%,71%,191,449,4,7,3.56,1.40,52%,0.00,5.74,0.84,50%,13:25,163(85%),13(7%),15(8%),117(61%),34(18%),40(21%),9(69%),1(8%),3(23%),"Curitiba, Brazil","Feb. 11, 2025"
Brendan Allen,"""All In""",Middleweight Division,24-6-0 (W-L-D),5,14,11,54%,39%,612,1137,2,46,3.79,1.67,46%,0.37,3.83,1.30,59%,10:05,466(76%),45(7%),101(17%),383(63%),141(23%),88(14%),5(21%),5(21%),14(58%),"Beaufort, United States","Oct. 18, 2019"
Arnold Allen,"""Almighty""",Featherweight Division,20-3-0 (W-L-D),7,4,1,42%,48%,611,1471,8,23,3.45,0.93,62%,0.25,2.88,0.34,75%,13:37,549(90%),27(4%),35(6%),444(73%),121(20%),46(8%),7(35%),9(45%),4(20%),"Ipswich, England","Jun. 20, 2015"
Benny Alloway,"""Blanco""",Welterweight Division,13-6-0 (W-L-D),0,0,0,49%,50%,31,63,,2,1.28,0.62,59%,0.62,1.90,0.00,27%,08:05,20(65%),5(16%),6(19%),18(58%),8(26%),5(16%),6(46%),3(23%),4(31%),"Ipswich, Australia","Dec. 16, 2012"
Asu Almabayev ,"""Zulfikar""",Flyweight Division,21-2-0 (W-L-D),3,9,0,56%,50%,112,200,2,36,2.11,5.08,60%,0.28,1.02,1.69,50%,13:18,53(47%),14(13%),45(40%),58(52%),25(22%),29(26%),3(14%),9(43%),9(43%),Kazakhstan,"Aug. 5, 2023"
Bekzat Almakhan,"""The Turan Warrior""",Bantamweight Division,11-2-0 (W-L-D),9,1,7,19%,N/A,3,16,0,0,0.20,0.00,31%,1.00,4.53,0.00,N/A,15:00,3(100%),0(0%),0(0%),1(33%),2(67%),0(0%),9(82%),1(9%),1(9%),Kazakhstan,"Mar. 2, 2024"
Lucas Almeida,None,Featherweight Division,15-3-0 (W-L-D),9,5,9,43%,N/A,253,584,0,0,4.94,0.00,46%,0.88,4.92,0.00,50%,10:15,220(87%),9(4%),24(9%),133(53%),48(19%),72(28%),9(64%),0(0%),5(36%),"Sorocaba, Brazil","Jun. 4, 2022"
Estefani Almeida,None,Women's Flyweight Division,0-0-0 (W-L-D),0,0,0,37%,0%,47,127,,3,3.13,0.00,42%,0.00,6.07,0.00,N/A,15:00,46(98%),1(2%),0(0%),22(47%),13(28%),12(26%),0(0%),0(0%),0(0%),"Manaus, Brazil","Feb. 11, 2025"
Jailton Almeida,"""Malhadinho""",Heavyweight Division,22-3-0 (W-L-D),8,13,16,66%,60%,179,273,2,50,2.62,6.58,42%,0.00,0.89,2.41,60%,06:50,18(10%),7(4%),154(86%),164(92%),10(6%),5(3%),8(36%),1(5%),13(59%),Brazil,"Nov. 13, 2021"
Thomas Almeida,"""Thominhas""",Bantamweight Division,22-5-0 (W-L-D),17,4,1,44%,14%,435,1000,,7,4.84,0.17,62%,0.50,4.93,0.00,76%,09:00,388(89%),45(10%),2(0%),261(60%),80(18%),94(22%),17(77%),1(5%),4(18%),"Sao Paulo, Brazil","Nov. 9, 2014"
Ericka Almeida,None,Women's Strawweight Division,7-2-0 (W-L-D),0,0,0,40%,33%,32,81,,3,1.07,0.50,44%,0.00,3.33,0.00,38%,15:00,16(50%),13(41%),3(9%),23(72%),7(22%),2(6%),1(14%),0(0%),6(86%),United States,"May. 30, 2015"
Ricardo Almeida,"""Big Dog""",Welterweight Division,13-4-0 (W-L-D),0,0,0,49%,38%,299,608,,97,2.02,3.74,61%,0.00,1.20,1.21,31%,11:25,142(47%),39(13%),118(39%),177(59%),74(25%),48(16%),0(0%),0(0%),0(0%),United States,"May. 4, 2001"
Cesar Almeida,"""Cesinha""",Middleweight Division,7-1-0 (W-L-D),5,0,4,59%,0%,235,401,,2,4.16,0.00,48%,0.27,2.32,0.27,60%,11:18,133(57%),39(17%),63(27%),116(49%),72(31%),47(20%),5(71%),2(29%),0(0%),Brazil,"Apr. 6, 2024"
Sarah Alpar,"""Too Sweet""",Women's Flyweight Division,9-6-0 (W-L-D),2,2,0,44%,27%,88,200,,15,2.36,1.61,38%,0.00,6.06,0.40,20%,12:25,79(90%),9(10%),0(0%),44(50%),21(24%),23(26%),2(22%),5(56%),2(22%),"Amarillo, United States","May. 2, 2020"
Victor Altamirano,"""El Magnifico""",Flyweight Division,12-5-0 (W-L-D),2,4,4,53%,38%,429,802,1,47,4.58,2.88,53%,0.16,3.82,0.00,63%,13:23,325(76%),47(11%),57(13%),198(46%),163(38%),68(16%),2(17%),6(50%),4(33%),"Mexico City, Mexico","Feb. 26, 2022"
Patricia Alujas,None,Women's Strawweight Division,0-1-0 (W-L-D),0,0,0,32%,N/A,53,168,0,0,5.83,0.00,45%,0.00,9.25,0.00,N/A,09:05,53(100%),0(0%),0(0%),41(77%),3(6%),9(17%),0(0%),0(0%),0(0%),"Asunción, Paraguay","Feb. 11, 2025"
Joel Álvarez,"""El Fenomeno""",Lightweight Division,22-3-0 (W-L-D),5,17,14,54%,0%,287,534,,2,4.51,0.00,51%,0.24,3.32,1.18,40%,07:04,223(78%),44(15%),20(7%),184(64%),63(22%),40(14%),5(23%),0(0%),17(77%),"Gijón, Spain","Feb. 23, 2019"
Jaime Alvarez,None,Flyweight Division,7-1-0 (W-L-D),0,0,0,40%,33%,41,102,,3,2.73,1.00,57%,0.00,4.53,0.00,50%,15:00,26(63%),0(0%),15(37%),24(59%),6(15%),11(27%),4(57%),2(29%),1(14%),"Hollywood, United States","Aug. 15, 2017"
Eddie Alvarez,"""The Underground King""",Lightweight Division,29-6-0 (W-L-D),18,7,0,41%,37%,556,1342,12,68,4.32,2.92,56%,0.47,4.39,0.47,93%,09:53,385(69%),102(18%),69(12%),370(67%),130(23%),56(10%),18(58%),6(19%),7(23%),United States,"Sep. 27, 2014"
Sean Alvarez,None,Heavyweight Division,4-3-0 (W-L-D),0,0,0,38%,0%,6,16,,9,0.89,0.00,48%,0.00,3.25,0.00,N/A,06:46,5(83%),1(17%),0(0%),1(17%),0(0%),5(83%),0(0%),0(0%),0(0%),"New York City, United States","Apr. 25, 2003"
Rafael Alves,"""The Turn""",Lightweight Division,20-12-0 (W-L-D),7,8,9,49%,25%,95,194,,4,1.85,0.29,58%,0.29,3.30,1.46,44%,10:15,87(92%),3(3%),5(5%),55(58%),22(23%),18(19%),7(35%),5(25%),8(40%),Brazil,"Feb. 20, 2021"
Warlley Alves,None,Middleweight Division,15-8-0 (W-L-D),4,7,5,48%,50%,485,1009,8,26,3.04,1.22,51%,0.28,3.95,0.85,63%,09:57,379(78%),71(15%),35(7%),268(55%),111(23%),106(22%),4(27%),4(27%),7(47%),"Governador Valadares, Brazil","May. 31, 2014"
Amilcar Alves,"""The Terminator""",Welterweight Division,11-3-0 (W-L-D),0,0,0,47%,0%,14,30,,1,0.50,0.00,30%,0.00,2.02,0.00,53%,14:06,7(50%),3(21%),4(29%),8(57%),4(29%),2(14%),0(0%),0(0%),0(0%),Brazil,"Aug. 29, 2010"
Thiago Alves,"""Pitbull""",Welterweight Division,28-15-0 (W-L-D),13,1,0,42%,61%,1106,2648,13,23,3.73,0.71,63%,0.66,3.42,0.30,63%,10:59,867(78%),126(11%),113(10%),569(51%),150(14%),387(35%),13(46%),14(50%),1(4%),"Fortaleza, Brazil","Oct. 3, 2005"
Sam Alvey,"""Smile'N""",Middleweight Division,33-18-1 (W-L-D),19,3,14,45%,14%,758,1703,1,7,3.28,0.06,53%,0.45,3.63,0.06,82%,09:38,576(76%),152(20%),30(4%),511(67%),116(15%),131(17%),19(58%),11(33%),3(9%),"Milwaukee, United States","Aug. 16, 2014"
Adlan Amagov,"""Borz""",Welterweight Division,13-2-1 (W-L-D),0,0,0,48%,56%,76,159,,16,3.29,5.84,79%,1.30,0.82,0.00,100%,06:21,37(49%),15(20%),24(32%),35(46%),15(20%),26(34%),8(62%),5(38%),0(0%),Russia,"Jan. 8, 2012"
Alen Amedovski,None,Middleweight Division,8-4-0 (W-L-D),8,0,6,30%,N/A,20,66,0,0,0.99,0.00,46%,0.00,3.85,0.00,N/A,05:04,17(85%),0(0%),3(15%),13(65%),2(10%),5(25%),8(100%),0(0%),0(0%),"Debar, North Macedonia","Apr. 20, 2019"
Hyder Amil,"""The Hurricane""",Featherweight Division,10-0-0 (W-L-D),6,1,0,57%,33%,147,257,1,3,6.31,0.64,62%,0.64,2.23,1.93,78%,07:46,112(76%),11(7%),24(16%),108(73%),28(19%),11(7%),6(60%),3(30%),1(10%),"Cebu City, Philippines","Feb. 10, 2024"
Makwan Amirkhani,"""Mr. Finland""",Featherweight Division,17-9-0 (W-L-D),1,12,12,44%,43%,171,387,12,79,1.33,3.96,46%,0.12,2.98,1.05,36%,09:12,110(64%),4(2%),57(33%),147(86%),17(10%),7(4%),1(6%),4(24%),12(71%),Iraq,"Jan. 24, 2015"
Jaqueline Amorim,None,Women's Strawweight Division,9-1-0 (W-L-D),2,7,8,53%,29%,103,196,2,14,3.05,1.78,63%,0.00,1.72,5.33,N/A,08:27,20(19%),0(0%),83(81%),90(87%),12(12%),1(1%),2(22%),0(0%),7(78%),"Manaus, Brazil","Apr. 8, 2023"
Eryk Anders,"""Ya Boi""",Middleweight Division,17-8-0 (W-L-D),10,1,7,48%,25%,777,1615,6,102,3.54,1.71,51%,0.48,4.05,0.07,80%,12:11,431(55%),186(24%),160(21%),543(70%),193(25%),41(5%),10(59%),6(35%),1(6%),"San Antonio, United States","Jul. 23, 2017"
Matt Andersen,None,,0-0-0 (W-L-D),0,0,0,N/A,N/A,0,0,0,0,N/A,N/A,N/A,N/A,N/A,N/A,N/A,N/A,N/A,N/A,N/A,N/A,N/A,N/A,0(0%),0(0%),0(0%),"Omaha, United States","May. 17, 1996"
Corey Anderson,"""Overtime""",Light Heavyweight Division,14-5-0 (W-L-D),5,0,0,46%,50%,721,1558,52,106,4.43,4.89,59%,0.09,2.22,0.00,83%,10:51,423(59%),116(16%),182(25%),561(78%),105(15%),55(8%),5(36%),9(64%),0(0%),"Rockford, United States","Jul. 6, 2014"
Megan Anderson,None,Women's Featherweight Division,11-5-0 (W-L-D),6,3,0,46%,25%,51,110,,4,1.76,0.52,37%,0.52,3.35,0.52,54%,04:49,31(61%),10(20%),10(20%),35(69%),15(29%),1(2%),6(55%),2(18%),3(27%),Australia,"Jun. 9, 2018"
Andy Anderson,None,,0-0-0 (W-L-D),0,0,0,N/A,N/A,0,0,0,0,N/A,N/A,N/A,N/A,N/A,N/A,N/A,N/A,N/A,N/A,N/A,N/A,N/A,N/A,0(0%),0(0%),0(0%),United States,"Apr. 7, 1995"
Lowell Anderson,None,Middleweight Division,0-0-0 (W-L-D),0,0,0,N/A,N/A,0,0,0,0,N/A,N/A,N/A,N/A,N/A,N/A,N/A,N/A,N/A,N/A,N/A,N/A,N/A,N/A,0(0%),0(0%),0(0%),"Fairfield, United States","Sep. 24, 1999"
Tatsuya Ando,None,Bantamweight Division,0-1-0 (W-L-D),0,0,0,N/A,N/A,0,0,0,0,N/A,N/A,N/A,N/A,N/A,N/A,N/A,00:00,0(0%),0(0%),0(0%),0(0%),0(0%),0(0%),0(0%),0(0%),0(0%),None,"Feb. 11, 2025"
Viscardi Andrade,None,Welterweight Division,19-7-0 (W-L-D),0,0,0,42%,50%,152,358,,12,3.26,1.93,63%,0.64,2.77,0.32,67%,11:39,104(68%),27(18%),21(14%),94(62%),37(24%),21(14%),5(26%),8(42%),6(32%),"State of Sao Paulo, Brazil","Aug. 4, 2013"
Jéssica Andrade ,"""Bate Estaca""",Women's Flyweight Division,26-13-0 (W-L-D),10,8,11,50%,55%,1730,3452,33,73,6.44,2.23,55%,0.39,5.51,0.34,72%,09:36,1227(71%),305(18%),198(11%),1089(63%),385(22%),256(15%),10(38%),8(31%),8(31%),"Umuarama, Brazil","Jul. 27, 2013"
Alex Andrade,None,Middleweight Division,0-0-0 (W-L-D),0,0,0,N/A,N/A,0,0,0,0,N/A,N/A,N/A,N/A,N/A,N/A,N/A,N/A,N/A,N/A,N/A,N/A,N/A,N/A,0(0%),0(0%),0(0%),United States,"Jun. 9, 2000"
Jermaine Andre,None,Middleweight Division,0-0-0 (W-L-D),0,0,0,N/A,N/A,0,0,0,0,N/A,N/A,N/A,N/A,N/A,N/A,N/A,N/A,N/A,N/A,N/A,N/A,N/A,N/A,0(0%),0(0%),0(0%),"Collinsville, United States","Mar. 10, 2000"
Juan Andres Luna,None,Flyweight Division,0-1-0 (W-L-D),0,0,0,32%,0%,49,155,,4,3.27,0.00,66%,0.00,3.00,0.00,N/A,15:00,49(100%),0(0%),0(0%),27(55%),15(31%),7(14%),0(0%),0(0%),0(0%),None,"Feb. 11, 2025"
Dylan Andrews,"""The Villain""",Middleweight Division,18-7-0 (W-L-D),0,0,0,50%,50%,82,163,,14,2.21,2.83,47%,1.21,2.72,0.40,57%,07:25,45(55%),19(23%),18(22%),48(59%),19(23%),15(18%),12(67%),3(17%),3(17%),Australia,"Apr. 14, 2013"
Reese Andy,"""Riptide""",Light Heavyweight Division,7-3-0 (W-L-D),0,0,0,51%,20%,64,126,,5,2.87,0.67,59%,0.00,3.50,0.00,40%,11:10,47(73%),16(25%),1(2%),28(44%),5(8%),31(48%),0(0%),0(0%),0(0%),"Minot, United States","Jul. 19, 2008"
Julius Anglickas,None,Light Heavyweight Division,0-0-0 (W-L-D),0,0,0,78%,50%,62,79,,8,4.62,4.47,51%,0.00,1.86,1.12,60%,13:25,15(24%),38(61%),9(15%),25(40%),21(34%),16(26%),0(0%),0(0%),0(0%),Lithuania,"Feb. 11, 2025"
Collin Anglin,None,Featherweight Division,8-3-0 (W-L-D),5,0,0,49%,67%,121,249,,6,4.59,2.28,51%,0.00,5.54,0.00,100%,08:47,97(80%),17(14%),7(6%),92(76%),19(16%),10(8%),5(63%),3(38%),0(0%),"Southfield, United States","Jul. 31, 2021"
Chad Anheliger,"""The Monster""",Bantamweight Division,13-8-0 (W-L-D),7,3,6,46%,31%,275,596,,13,3.11,0.68,54%,0.51,2.76,0.51,38%,14:44,197(72%),38(14%),40(15%),189(69%),41(15%),45(16%),7(54%),3(23%),3(23%),"Kelowna, Canada","Feb. 19, 2022"
Yoji Anjo,"""Mr. 200%""",Middleweight Division,0-0-0 (W-L-D),0,0,0,0%,0%,0,1,,1,0.00,0.00,25%,0.00,12.13,0.00,N/A,02:58,0(0%),0(0%),0(0%),0(0%),0(0%),0(0%),0(0%),0(0%),0(0%),"Suginami Tokyo, United States","Apr. 14, 2000"
Magomed Ankalaev,None,Light Heavyweight Division,20-1-1 (W-L-D),11,0,6,53%,31%,592,1119,,32,3.64,0.92,59%,0.65,2.37,0.00,87%,11:37,411(69%),54(9%),127(21%),347(59%),156(26%),89(15%),11(55%),9(45%),0(0%),Russia,"Mar. 17, 2018"
Nina Nunes,None,Women's Flyweight Division,11-7-0 (W-L-D),4,2,2,45%,33%,542,1200,2,6,4.39,0.24,56%,0.00,3.47,0.49,74%,13:43,464(86%),48(9%),30(6%),306(56%),94(17%),142(26%),4(40%),4(40%),2(20%),"Weston, United States","Nov. 9, 2014"
Gadzhimurad Antigulov,None,Light Heavyweight Division,20-8-0 (W-L-D),4,15,0,55%,37%,43,78,5,19,2.08,5.08,40%,0.00,4.21,1.45,N/A,03:27,16(37%),12(28%),15(35%),28(65%),10(23%),5(12%),4(20%),1(5%),15(75%),"Dagestan Republic, Russia","Nov. 20, 2016"
Adam Antolin,"""Captain Chaos""",Flyweight Division,13-3-0 (W-L-D),0,0,0,52%,0%,86,165,,7,5.73,0.00,69%,0.00,5.00,0.00,100%,05:45,74(86%),12(14%),0(0%),37(43%),30(35%),19(22%),2(15%),2(15%),9(69%),"San Jose, United States","Aug. 29, 2017"
Zu Anyanwu,"""8th Wonder""",Heavyweight Division,14-5-0 (W-L-D),0,0,0,43%,100%,57,133,,1,2.47,0.65,69%,0.65,2.47,0.00,N/A,11:32,48(84%),3(5%),6(11%),46(81%),11(19%),0(0%),8(57%),4(29%),2(14%),"Trenton, United States","Jul. 11, 2017"
Wang Anying,"""Smiley""",Welterweight Division,2-2-0 (W-L-D),0,0,0,26%,N/A,13,50,0,0,1.32,0.00,45%,0.00,1.63,0.00,33%,04:55,13(100%),0(0%),0(0%),10(77%),0(0%),3(23%),2(100%),0(0%),0(0%),United States,"Mar. 1, 2014"
Shinsho Anzai,"""Animal""",Welterweight Division,10-2-0 (W-L-D),0,0,0,58%,16%,106,182,4,25,3.23,1.83,46%,0.00,3.75,0.00,75%,08:12,59(56%),45(42%),2(2%),74(70%),23(22%),9(8%),7(70%),3(30%),0(0%),"Saitama Prefecture, Japan","Aug. 23, 2014"
Aoriqileng,"""The Mongolian Murderer""",Bantamweight Division,25-11-0 (W-L-D),8,1,8,50%,47%,406,816,4,15,4.65,1.20,49%,0.34,5.46,0.00,58%,10:55,340(84%),23(6%),43(11%),262(65%),97(24%),47(12%),8(32%),16(64%),1(4%),"Inner Mongolia, China","Apr. 24, 2021"
Josh Appelt,None,Heavyweight Division,15-7-0 (W-L-D),0,0,0,40%,0%,6,15,,1,1.35,0.00,33%,0.00,11.50,0.00,33%,04:26,4(67%),2(33%),0(0%),3(50%),2(33%),1(17%),0(0%),0(0%),0(0%),"Tacoma, United States","Feb. 11, 2025"
Romie Aram,None,Welterweight Division,6-0-0 (W-L-D),0,0,0,34%,50%,24,70,,4,1.60,2.00,50%,1.00,5.67,0.00,83%,15:00,10(42%),11(46%),3(13%),21(88%),1(4%),2(8%),0(0%),0(0%),0(0%),"Ontario, United States","Apr. 25, 2003"
Felipe Arantes,"""Sertanejo""",Bantamweight Division,18-9-1 (W-L-D),0,0,0,45%,47%,342,758,9,19,2.37,0.93,64%,0.10,2.66,0.73,41%,12:03,239(70%),24(7%),79(23%),219(64%),61(18%),62(18%),7(37%),6(32%),6(32%),"Sao Paulo, Brazil","Aug. 27, 2011"
Viviane Araújo,"""Vivi""",Women's Flyweight Division,13-6-0 (W-L-D),3,4,4,48%,43%,750,1575,5,53,4.04,1.86,57%,0.08,4.87,0.65,80%,15:29,711(95%),14(2%),25(3%),555(74%),109(15%),86(11%),3(23%),6(46%),4(31%),"Brasília, Brazil","May. 11, 2019"
Igor Araujo,None,Welterweight Division,25-8-0 (W-L-D),0,0,0,42%,16%,80,190,,19,1.52,0.86,50%,0.00,2.86,0.57,22%,13:08,49(61%),10(13%),21(26%),37(46%),23(29%),20(25%),1(4%),7(28%),17(68%),United States,"Oct. 9, 2013"
Julio Arce,None,Featherweight Division,19-6-0 (W-L-D),6,5,2,36%,29%,566,1565,,14,4.36,0.46,68%,0.35,3.05,0.35,96%,11:48,507(90%),44(8%),15(3%),415(73%),123(22%),28(5%),6(30%),9(45%),5(25%),"Miami, United States","Aug. 8, 2017"
Carrese Archer,"""One Punch""",None,None,0,0,0,N/A,N/A,0,0,0,0,N/A,N/A,N/A,N/A,N/A,N/A,N/A,N/A,N/A,N/A,N/A,N/A,N/A,N/A,0(0%),0(0%),0(0%),None,"Feb. 11, 2025"
Alice Ardelean,None,Women's Strawweight Division,9-7-0 (W-L-D),4,4,0,45%,40%,149,329,2,5,4.97,1.00,53%,0.00,4.97,0.00,100%,15:00,141(95%),4(3%),4(3%),101(68%),25(17%),23(15%),4(44%),1(11%),4(44%),"Satu Mare, Romania","Jul. 27, 2024"
Dan Argueta,"""The Determined""",Bantamweight Division,9-3-0 (W-L-D),2,4,5,43%,36%,179,412,1,59,2.48,4.36,51%,0.00,3.44,1.45,56%,12:03,118(66%),30(17%),31(17%),123(69%),35(20%),21(12%),2(22%),3(33%),4(44%),United States,"Jun. 4, 2022"
Rheza Arianto,None,Featherweight Division,0-0-0 (W-L-D),0,0,0,N/A,N/A,0,0,0,0,N/A,N/A,N/A,N/A,N/A,N/A,N/A,00:00,0(0%),0(0%),0(0%),0(0%),0(0%),0(0%),0(0%),0(0%),0(0%),"Malang, Indonesia","Feb. 11, 2025"
Hashem Arkhagha,None,Middleweight Division,0-1-0 (W-L-D),0,0,0,44%,N/A,8,18,0,0,1.84,0.00,43%,0.00,8.97,0.00,50%,04:21,5(63%),3(38%),0(0%),7(88%),1(13%),0(0%),0(0%),0(0%),0(0%),None,"Feb. 11, 2025"
Andrei Arlovski,"""The Pit Bull""",Heavyweight Division,34-24-0 (W-L-D),17,3,13,46%,35%,1721,3761,7,31,3.82,0.37,57%,0.40,3.22,0.20,77%,09:24,1455(85%),224(13%),42(2%),954(55%),355(21%),412(24%),17(50%),14(41%),3(9%),United States,"Nov. 17, 2000"
Garrett Armfield,None,Bantamweight Division,10-5-0 (W-L-D),6,3,8,54%,50%,291,542,,8,5.35,1.10,56%,0.55,3.64,0.55,65%,10:52,246(85%),16(5%),29(10%),223(77%),51(18%),17(6%),6(60%),1(10%),3(30%),"Eureka, United States","Jul. 9, 2022"
Austin Arnett,"""Golden Boy""",Featherweight Division,16-6-0 (W-L-D),7,5,0,41%,18%,311,757,1,11,4.52,0.44,62%,0.00,6.38,0.22,57%,13:46,266(86%),27(9%),18(6%),250(80%),57(18%),4(1%),7(44%),4(25%),5(31%),"Lewiston, United States","Aug. 1, 2017"
Eli Aronov,None,Middleweight Division,0-1-0 (W-L-D),0,0,0,69%,100%,11,16,,1,8.92,12.16,38%,0.00,6.49,0.00,N/A,01:14,10(91%),0(0%),1(9%),5(45%),0(0%),6(55%),0(0%),0(0%),0(0%),Israel,"Feb. 11, 2025"
Akbarh Arreola,"""El Caballero""",Lightweight Division,23-9-1 (W-L-D),0,0,0,45%,100%,97,214,,3,2.32,1.07,57%,0.72,4.01,0.36,33%,10:28,70(72%),4(4%),23(24%),51(53%),26(27%),20(21%),5(22%),1(4%),17(74%),Mexico,"Jul. 26, 2014"
Antonio Arroyo,None,Middleweight Division,9-5-0 (W-L-D),4,4,0,66%,42%,186,280,1,12,2.82,1.14,50%,0.23,2.02,0.23,42%,13:11,148(80%),1(1%),37(20%),90(48%),52(28%),44(24%),4(44%),1(11%),4(44%),"Belém, Brazil","Nov. 16, 2019"
Matt Arroyo,"""No Regard""",Welterweight Division,3-3-0 (W-L-D),0,0,0,47%,36%,46,97,,11,1.62,2.12,59%,0.00,2.01,5.29,100%,09:27,18(39%),9(20%),19(41%),32(70%),7(15%),7(15%),0(0%),0(0%),0(0%),"Cobleskill, United States","Dec. 9, 2007"
Cesar Arzamendia,"""Goku""",Lightweight Division,7-4-0 (W-L-D),0,0,0,45%,75%,33,73,,4,5.37,7.32,56%,0.00,5.20,2.44,N/A,03:05,24(73%),9(27%),0(0%),18(55%),12(36%),3(9%),1(20%),0(0%),4(80%),Paraguay,"Nov. 21, 2015"
Kai Asakura,None,Flyweight Division,21-5-0 (W-L-D),13,3,12,59%,N/A,17,29,0,0,2.40,0.00,38%,0.00,4.52,0.00,57%,07:05,17(100%),0(0%),0(0%),10(59%),5(29%),2(12%),13(62%),5(24%),3(14%),Japan,"Dec. 7, 2024"
Teddy Ash,None,Middleweight Division,0-0-0 (W-L-D),0,0,0,62%,N/A,109,177,0,0,7.27,0.00,28%,0.00,6.80,0.00,100%,15:00,63(58%),46(42%),0(0%),80(73%),22(20%),7(6%),0(0%),0(0%),0(0%),"Fort McMurray, Canada","Feb. 11, 2025"
Arman Ashimov,None,Flyweight Division,0-0-0 (W-L-D),0,0,0,N/A,N/A,0,0,0,0,N/A,N/A,N/A,N/A,N/A,N/A,N/A,00:00,0(0%),0(0%),0(0%),0(0%),0(0%),0(0%),0(0%),0(0%),0(0%),Kazakhstan,"Feb. 11, 2025"
Yanal Ashmouz,"""Red Fox""",Lightweight Division,8-1-0 (W-L-D),4,2,0,50%,50%,92,184,1,20,2.94,4.80,56%,0.00,4.54,0.00,60%,10:25,55(60%),19(21%),18(20%),55(60%),17(18%),20(22%),4(50%),2(25%),2(25%),Israel,"Mar. 18, 2023"
Askar Askar,"""AK-47""",Featherweight Division,11-1-0 (W-L-D),0,0,0,N/A,N/A,0,0,0,0,N/A,N/A,N/A,N/A,N/A,N/A,N/A,00:00,0(0%),0(0%),0(0%),0(0%),0(0%),0(0%),5(45%),5(45%),1(9%),None,"Feb. 6, 2021"
Askar Askarov,"""Bullet""",Flyweight Division,14-1-1 (W-L-D),4,7,2,54%,25%,229,424,4,53,3.05,2.60,58%,0.00,2.80,0.40,67%,15:00,174(76%),24(10%),31(14%),176(77%),24(10%),29(13%),4(29%),3(21%),7(50%),"Republic of Dagestan, Russia","Sep. 21, 2019"
Cyril Asker,"""Silverback""",Heavyweight Division,9-4-0 (W-L-D),0,0,0,39%,63%,57,146,5,8,3.35,4.41,36%,0.00,5.82,0.88,100%,03:24,20(35%),4(7%),33(58%),51(89%),6(11%),0(0%),4(44%),2(22%),3(33%),"Avignon, France","Apr. 10, 2016"
Khusein Askhabov,"""Nohcho""",Featherweight Division,23-1-0 (W-L-D),6,10,12,26%,0%,30,114,,6,2.00,0.00,57%,0.00,4.13,0.00,67%,15:00,25(83%),5(17%),0(0%),15(50%),7(23%),8(27%),6(26%),7(30%),10(43%),"Grozny , Russia","Jul. 16, 2022"
Scott Askham,None,Middleweight Division,14-4-0 (W-L-D),0,0,0,46%,18%,205,444,,11,3.03,0.44,52%,0.89,3.52,0.67,65%,11:16,148(72%),47(23%),10(5%),98(48%),60(29%),47(23%),9(64%),3(21%),2(14%),"Pontefract, United Kingdom","Oct. 4, 2014"
Ben Askren,"""Funky""",Welterweight Division,19-2-0 (W-L-D),6,6,0,49%,56%,63,128,1,9,3.64,4.33,36%,0.00,5.66,0.87,N/A,05:46,46(73%),11(17%),6(10%),54(86%),4(6%),5(8%),6(32%),7(37%),6(32%),"Cedar Rapids, United States","Mar. 2, 2019"
Ibo Aslan,"""The Last Ottoman""",Light Heavyweight Division,14-1-0 (W-L-D),14,0,12,50%,N/A,123,245,0,0,8.34,0.00,64%,2.03,4.34,0.00,100%,04:55,109(89%),8(7%),6(5%),100(81%),7(6%),16(13%),14(100%),0(0%),0(0%),Türkiye,"Mar. 30, 2024"
Tom Aspinall,None,Heavyweight Division,15-3-0 (W-L-D),12,3,14,67%,100%,148,220,2,4,8.07,3.27,65%,4.09,2.89,1.63,100%,02:02,81(55%),17(11%),50(34%),105(71%),18(12%),25(17%),12(80%),0(0%),3(20%),"Salford, England","Mar. 21, 2020"
Bruno Assis,None,Middleweight Division,0-0-0 (W-L-D),0,0,0,43%,50%,19,44,,4,1.27,2.00,37%,0.00,3.20,1.00,67%,15:00,15(79%),2(11%),2(11%),13(68%),5(26%),1(5%),0(0%),0(0%),0(0%),"Belo Horizonte, Brazil","Feb. 11, 2025"
Junior Assuncao,None,Featherweight Division,14-5-0 (W-L-D),0,0,0,63%,24%,143,228,,29,3.31,2.43,44%,0.35,2.06,0.70,67%,08:38,61(43%),30(21%),52(36%),96(67%),29(20%),18(13%),0(0%),0(0%),0(0%),"Recife, Brazil","Oct. 14, 2006"
Raphael Assunção,None,Bantamweight Division,28-10-0 (W-L-D),4,10,0,43%,39%,969,2280,13,84,3.22,1.65,67%,0.15,2.50,0.25,78%,12:32,774(80%),111(11%),84(9%),515(53%),161(17%),293(30%),4(15%),13(48%),10(37%),Brazil,"Mar. 19, 2011"
Rich Attonito,"""The Raging Bull""",Welterweight Division,10-5-0 (W-L-D),0,0,0,48%,38%,138,288,,8,2.28,0.74,59%,0.50,2.13,0.00,75%,12:07,61(44%),12(9%),65(47%),91(66%),25(18%),22(16%),0(0%),0(0%),0(0%),"Elizabeth, United States","Jun. 19, 2010"
Olivier Aubin-Mercier,"""The Canadian Gangster""",Lightweight Division,12-5-0 (W-L-D),1,9,0,51%,34%,363,705,23,68,2.48,2.36,56%,0.21,2.97,0.51,71%,12:11,262(72%),57(16%),44(12%),248(68%),78(21%),37(10%),1(8%),2(17%),9(75%),"Montreal, Canada","Apr. 16, 2014"
Pat Audinwood,"""Awesomely Awesome""",Lightweight Division,9-2-1 (W-L-D),0,0,0,13%,50%,22,170,,2,1.17,0.80,41%,0.00,4.31,0.00,N/A,09:24,22(100%),0(0%),0(0%),10(45%),10(45%),2(9%),0(0%),0(0%),0(0%),"Cortland, United States","Sep. 25, 2010"
Jose Augusto,None,Light Heavyweight Division,0-0-0 (W-L-D),0,0,0,N/A,N/A,0,0,0,0,N/A,N/A,N/A,N/A,N/A,N/A,N/A,00:00,0(0%),0(0%),0(0%),0(0%),0(0%),0(0%),0(0%),0(0%),0(0%),None,"Feb. 11, 2025"
Leonardo Augusto Leleco,None,Middleweight Division,11-3-0 (W-L-D),0,0,0,56%,N/A,70,125,0,0,2.35,0.00,45%,0.00,2.99,1.01,53%,14:53,39(56%),12(17%),19(27%),47(67%),18(26%),5(7%),3(27%),2(18%),6(55%),"Salvador, Brazil","Feb. 22, 2016"
Marcus Aurelio,"""Maximus""",Lightweight Division,18-8-0 (W-L-D),0,0,0,33%,14%,153,459,,35,2.36,1.16,60%,0.23,5.59,0.70,28%,10:48,117(76%),15(10%),21(14%),131(86%),14(9%),8(5%),0(0%),0(0%),0(0%),"Fortaleza, Brazil","Aug. 25, 2007"
Chris Avila,None,Featherweight Division,5-4-0 (W-L-D),0,0,0,30%,0%,71,233,,1,2.37,0.00,49%,0.00,4.17,0.00,46%,15:00,60(85%),9(13%),2(3%),51(72%),10(14%),10(14%),3(60%),1(20%),1(20%),"Stockton, United States","Aug. 21, 2016"
Julia Avila,"""Raging Panda""",Women's Bantamweight Division,9-3-0 (W-L-D),4,2,4,44%,33%,145,331,,6,2.59,0.54,51%,0.27,2.86,0.27,50%,11:11,106(73%),30(21%),9(6%),100(69%),27(19%),18(12%),4(44%),3(33%),2(22%),"Los Angeles, United States","Jul. 6, 2019"
Jessin Ayari,None,Lightweight Division,16-6-0 (W-L-D),3,8,0,38%,0%,163,432,,8,3.53,0.00,59%,0.00,3.59,0.32,50%,11:33,140(86%),19(12%),4(2%),119(73%),20(12%),24(15%),3(19%),5(31%),8(50%),"Nuremberg, Germany","Sep. 3, 2016"
Ottman Azaitar,"""Bulldozer""",Lightweight Division,13-3-0 (W-L-D),10,2,10,45%,N/A,83,186,0,0,4.43,0.00,52%,0.80,4.11,0.00,100%,03:45,58(70%),17(20%),8(10%),54(65%),24(29%),5(6%),10(77%),1(8%),2(15%),"Rabat, Morocco","Sep. 7, 2019"
Abu Azaitar,"""Captain Morocco""",Middleweight Division,14-4-1 (W-L-D),7,1,7,43%,38%,197,453,1,8,4.38,1.00,51%,0.00,4.32,0.00,43%,14:59,143(73%),34(17%),20(10%),99(50%),72(37%),26(13%),7(50%),6(43%),1(7%),"Rabat, Morocco","Jul. 22, 2018"
Hunter Azure,None,Bantamweight Division,9-2-0 (W-L-D),3,1,0,53%,35%,269,507,,26,3.92,1.97,59%,0.22,2.08,1.31,68%,13:44,203(75%),26(10%),40(15%),149(55%),53(20%),67(25%),3(33%),5(56%),1(11%),"Poplar, United States","Sep. 14, 2019"
Niklas Backstrom,None,Featherweight Division,8-2-0 (W-L-D),0,0,0,42%,80%,23,55,,5,1.12,2.92,40%,0.00,3.65,2.19,73%,06:51,15(65%),6(26%),2(9%),12(52%),6(26%),5(22%),0(0%),2(18%),9(82%),Sweden,"May. 31, 2014"
Seth Baczynski,"""Polish Pistola""",Welterweight Division,18-11-0 (W-L-D),0,0,0,32%,17%,310,982,,36,3.08,0.89,51%,0.30,3.14,0.75,48%,09:09,209(67%),65(21%),36(12%),206(66%),70(23%),34(11%),0(0%),0(0%),0(0%),United States,"Jun. 19, 2010"
Abdul Azeem Badakhshi,None,Featherweight Division,0-0-0 (W-L-D),0,0,0,N/A,N/A,0,0,0,0,N/A,N/A,N/A,N/A,N/A,N/A,N/A,00:00,0(0%),0(0%),0(0%),0(0%),0(0%),0(0%),0(0%),0(0%),0(0%),"Badakhshan, Afghanistan","Feb. 11, 2025"
Ryan Bader,"""Darth""",Light Heavyweight Division,22-5-0 (W-L-D),0,0,0,43%,44%,577,1332,,104,2.82,3.37,72%,0.51,1.39,0.44,81%,10:14,278(48%),59(10%),240(42%),423(73%),71(12%),83(14%),0(0%),0(0%),0(0%),United States,"Dec. 13, 2008"
Izabela Badurek,None,Women's Strawweight Division,5-3-0 (W-L-D),0,0,0,71%,13%,32,45,,8,3.74,1.75,32%,0.00,4.90,0.00,100%,08:34,6(19%),26(81%),0(0%),4(13%),9(28%),19(59%),0(0%),0(0%),5(100%),United States,"Apr. 11, 2015"
Miguel Baeza,"""Caramel Thunder""",Welterweight Division,10-4-0 (W-L-D),7,0,4,49%,22%,339,685,1,9,4.09,0.36,47%,0.90,5.92,1.99,55%,10:22,292(86%),19(6%),28(8%),155(46%),84(25%),100(29%),7(70%),2(20%),1(10%),"Fort Lauderdale, United States","Oct. 12, 2019"
Ali Bagautinov,"""Puncher""",Flyweight Division,14-5-0 (W-L-D),0,0,0,42%,37%,323,761,,52,2.85,2.51,52%,0.26,3.09,0.26,65%,16:13,166(51%),64(20%),93(29%),182(56%),104(32%),37(11%),5(36%),5(36%),4(29%),Russia,"Sep. 4, 2013"
Mehdi Baghdad,"""The Sultan""",Lightweight Division,11-4-0 (W-L-D),0,0,0,31%,0%,61,198,,1,3.13,0.00,46%,0.77,4.56,0.00,33%,09:45,54(89%),3(5%),4(7%),33(54%),8(13%),20(33%),8(73%),0(0%),3(27%),"La Seyne-sur-Mer, France","Jan. 18, 2016"
Melsik Baghdasaryan,"""The Gun""",Featherweight Division,8-2-0 (W-L-D),5,0,4,61%,0%,311,508,,2,5.28,0.00,58%,0.25,3.06,0.00,73%,11:46,239(77%),66(21%),6(2%),144(46%),123(40%),44(14%),5(63%),3(38%),0(0%),Armenia,"Jul. 31, 2021"
Siyar Bahadurzada,"""The Great""",Welterweight Division,24-8-1 (W-L-D),14,6,0,41%,62%,264,648,5,13,2.91,1.32,49%,0.83,3.23,0.33,63%,11:20,130(49%),59(22%),75(28%),191(72%),54(20%),19(7%),14(58%),4(17%),6(25%),"Kabul, Afghanistan","Apr. 14, 2012"
Ignacio Bahamondes,"""La Jaula""",Lightweight Division,16-5-0 (W-L-D),11,1,9,47%,0%,622,1321,,5,7.17,0.00,57%,0.87,4.41,0.35,86%,10:50,561(90%),37(6%),24(4%),353(57%),136(22%),133(21%),11(69%),4(25%),1(6%),"Santiago Metropolitan Region, Chile","Apr. 10, 2021"
Shamar Bailey,None,Lightweight Division,12-5-0 (W-L-D),0,0,0,20%,33%,78,383,,15,1.56,1.50,70%,0.00,3.91,0.00,38%,12:58,59(76%),12(15%),7(9%),50(64%),14(18%),14(18%),0(0%),0(0%),0(0%),United States,"Jun. 5, 2011"
Scott Baker,None,,0-0-0 (W-L-D),0,0,0,N/A,N/A,0,0,0,0,N/A,N/A,N/A,N/A,N/A,N/A,N/A,N/A,N/A,N/A,N/A,N/A,N/A,N/A,0(0%),0(0%),0(0%),United States,"Mar. 11, 1994"
Oluwale Bamgbose,"""Holy War Angel""",Middleweight Division,6-4-0 (W-L-D),0,0,0,48%,33%,78,162,,6,2.45,0.94,55%,0.94,2.70,0.00,38%,06:22,50(64%),15(19%),13(17%),37(47%),22(28%),19(24%),6(100%),0(0%),0(0%),United States,"Aug. 8, 2015"
Marcin Bandel,"""Bomba""",Lightweight Division,13-4-0 (W-L-D),0,0,0,50%,0%,6,12,,5,0.79,0.00,23%,0.00,5.26,0.00,N/A,03:48,6(100%),0(0%),0(0%),4(67%),1(17%),1(17%),1(8%),0(0%),12(92%),"Pabianice, Poland","Oct. 4, 2014"
Humberto Bandenay,None,Featherweight Division,14-7-0 (W-L-D),5,6,0,42%,46%,69,165,,13,2.22,2.90,41%,0.48,4.79,0.48,63%,07:46,55(80%),12(17%),2(3%),39(57%),20(29%),10(14%),5(36%),3(21%),6(43%),Peru,"Aug. 6, 2017"
Tae Hyun Bang,"""The Korean Cowboy""",Lightweight Division,18-10-0 (W-L-D),0,0,0,38%,33%,166,433,2,6,2.72,0.49,66%,0.74,2.07,0.49,58%,12:11,138(83%),10(6%),18(11%),141(85%),17(10%),8(5%),9(50%),9(50%),0(0%),South Korea,"Jan. 4, 2014"
Shauna Bannon,"""Mama B """,Women's Strawweight Division,6-1-0 (W-L-D),2,0,1,42%,0%,131,313,,4,4.37,0.00,42%,0.00,3.77,0.00,43%,15:00,124(95%),7(5%),0(0%),66(50%),41(31%),24(18%),2(40%),3(60%),0(0%),"Dublin, Ireland","Jul. 22, 2023"
Antonio Banuelos,None,Bantamweight Division,19-7-0 (W-L-D),0,0,0,33%,62%,449,1349,,29,2.69,1.62,59%,0.45,3.15,0.36,87%,11:56,249(55%),45(10%),155(35%),302(67%),95(21%),52(12%),0(0%),0(0%),0(0%),United States,"Feb. 5, 2011"
Renan Barao,"""The Baron""",Bantamweight Division,36-9-0 (W-L-D),8,15,0,37%,42%,952,2592,19,60,3.78,1.49,58%,0.24,3.90,0.54,91%,13:14,780(82%),123(13%),49(5%),554(58%),222(23%),176(18%),8(22%),13(36%),15(42%),"Natal, Brazil","May. 29, 2011"
Maycee Barber,"""The Future""",Women's Flyweight Division,14-2-0 (W-L-D),6,2,0,53%,44%,687,1293,1,32,4.70,1.44,55%,0.00,2.90,0.10,54%,12:10,314(46%),254(37%),119(17%),463(67%),129(19%),95(14%),6(46%),5(38%),2(15%),"Greeley, United States","Nov. 10, 2018"
Bryan Barberena,"""Bam Bam""",Middleweight Division,18-12-0 (W-L-D),11,2,4,48%,22%,1191,2479,2,9,5.35,0.13,44%,0.40,4.59,0.27,50%,11:43,897(75%),202(17%),92(8%),833(70%),158(13%),200(17%),11(61%),5(28%),2(11%),"Montclair, United States","Dec. 13, 2014"
Dione Barbosa,"""The Witch""",Women's Flyweight Division,7-3-0 (W-L-D),0,3,3,49%,29%,64,131,2,14,1.85,1.73,66%,0.00,2.49,2.17,43%,11:32,56(88%),4(6%),4(6%),42(66%),16(25%),6(9%),0(0%),4(57%),3(43%),"Recife, Brazil","May. 4, 2024"
Edson Barboza,"""Junior""",Featherweight Division,24-12-0 (W-L-D),14,0,8,44%,50%,1505,3411,7,22,4.11,0.45,56%,0.66,4.65,0.08,73%,12:12,1380(92%),65(4%),60(4%),664(44%),464(31%),377(25%),14(61%),8(35%),1(4%),"Nova Friburgo, Brazil","Nov. 21, 2010"
Raoni Barcelos,None,Bantamweight Division,19-5-0 (W-L-D),8,3,5,53%,37%,778,1465,3,67,5.11,2.46,60%,0.49,4.64,0.69,82%,12:41,555(71%),51(7%),172(22%),581(75%),97(12%),100(13%),8(42%),8(42%),3(16%),"State of Rio de Janeiro, Brazil","Jul. 14, 2018"
Carlos Baretto,None,Heavyweight Division,0-0-0 (W-L-D),0,0,0,N/A,N/A,0,0,0,0,N/A,N/A,N/A,N/A,N/A,N/A,N/A,N/A,N/A,N/A,N/A,N/A,N/A,N/A,0(0%),0(0%),0(0%),"Rio de Janeiro, Brazil","Oct. 17, 1997"
Daniel Barez,None,Flyweight Division,17-6-0 (W-L-D),7,6,9,52%,31%,137,262,,16,4.10,2.24,57%,0.90,5.05,0.90,92%,11:09,124(91%),5(4%),8(6%),67(49%),42(31%),28(20%),7(41%),4(24%),6(35%),Spain,"Jul. 22, 2023"
Danny Barlow,"""LeftHand2God""",Welterweight Division,9-0-0 (W-L-D),5,1,5,51%,0%,158,312,,2,5.72,0.00,52%,0.54,3.48,0.00,100%,09:12,145(92%),7(4%),6(4%),111(70%),26(16%),21(13%),5(63%),2(25%),1(13%),"Memphis, United States","Feb. 17, 2024"
Luke Barnatt,"""The Bigslow""",Middleweight Division,8-3-0 (W-L-D),0,0,0,36%,43%,317,870,,7,4.43,0.63,59%,0.42,3.87,0.42,64%,11:56,256(81%),48(15%),13(4%),220(69%),66(21%),31(10%),3(38%),2(25%),3(38%),United States,"Apr. 14, 2013"
James Barnes,"""Mooka""",Bantamweight Division,0-1-0 (W-L-D),0,0,0,35%,17%,8,23,,6,0.57,1.08,39%,0.00,3.02,0.00,40%,07:49,5(63%),3(38%),0(0%),4(50%),2(25%),2(25%),0(0%),0(0%),0(0%),"Los Angeles, United States","Feb. 11, 2025"
Shonte Barnes,"""Shyne""",Middleweight Division,0-1-0 (W-L-D),0,0,0,38%,0%,18,47,,1,2.32,0.00,68%,0.00,1.55,0.00,60%,07:46,16(89%),2(11%),0(0%),4(22%),8(44%),6(33%),0(0%),0(0%),0(0%),"Wilson, United States","Feb. 11, 2025"
Chris Barnett,"""Beastboy""",Heavyweight Division,23-9-0 (W-L-D),18,0,8,47%,0%,160,339,,2,4.21,0.00,39%,0.39,6.53,0.00,33%,07:36,112(70%),11(7%),37(23%),96(60%),17(11%),47(29%),18(78%),5(22%),0(0%),Spain,"Feb. 11, 2025"
Josh Barnett,"""The Warmaster""",Heavyweight Division,35-8-0 (W-L-D),0,0,0,51%,55%,802,1575,5,38,3.20,1.26,57%,0.18,2.11,1.38,56%,09:37,288(36%),305(38%),209(26%),454(57%),284(35%),64(8%),0(0%),0(0%),0(0%),"Seattle, United States","Nov. 17, 2000"
David Baron,None,Lightweight Division,14-3-0 (W-L-D),0,0,0,44%,0%,7,16,,1,0.53,0.00,56%,0.00,3.23,1.13,14%,13:19,5(71%),2(29%),0(0%),5(71%),2(29%),0(0%),0(0%),0(0%),0(0%),"Bois-Colombes, France","Oct. 18, 2008"
Phil Baroni,"""New York Bad Ass""",Middleweight Division,13-13-0 (W-L-D),0,0,0,45%,47%,512,1130,,38,2.77,1.46,41%,0.65,3.93,0.49,60%,09:14,192(38%),149(29%),171(33%),339(66%),161(31%),12(2%),0(0%),0(0%),0(0%),"Long Island, United States","Feb. 23, 2001"
Dan Barrera,None,Welterweight Division,1-1-0 (W-L-D),0,0,0,71%,8%,12,17,,12,0.80,1.00,28%,0.00,1.20,0.00,N/A,15:00,0(0%),6(50%),6(50%),6(50%),0(0%),6(50%),0(0%),0(0%),0(0%),"Radcliff, United States","Dec. 9, 2007"
Peter Barrett,"""Slippery""",Featherweight Division,11-5-0 (W-L-D),7,2,0,61%,22%,180,294,,18,4.18,1.39,42%,0.00,4.32,0.00,67%,14:21,103(57%),69(38%),8(4%),72(40%),53(29%),55(31%),7(64%),2(18%),2(18%),"Weymouth, United States","Aug. 27, 2019"
Marc-Andre Barriault,"""Powerbar""",Middleweight Division,16-9-0 (W-L-D),10,1,6,48%,25%,865,1813,1,8,5.98,0.21,52%,0.31,5.58,0.10,67%,10:20,566(65%),233(27%),66(8%),626(72%),164(19%),75(9%),10(63%),5(31%),1(6%),"Gatineau, Canada","Feb. 11, 2025"
Alexandre Barros,"""Baixinho""",Welterweight Division,13-6-0 (W-L-D),0,0,0,40%,50%,8,20,,2,0.98,1.84,37%,0.00,4.05,0.00,100%,08:09,4(50%),3(38%),1(13%),1(13%),1(13%),6(75%),0(0%),0(0%),0(0%),United States,"Jan. 17, 2009"
Francimar Barroso,"""Bodao""",Light Heavyweight Division,19-7-0 (W-L-D),0,0,0,53%,24%,318,603,,70,2.77,2.22,59%,0.00,3.07,0.00,83%,12:45,226(71%),77(24%),15(5%),148(47%),62(19%),108(34%),10(53%),5(26%),4(21%),United States,"Aug. 4, 2013"
Dean Barry,"""The Sniper""",Welterweight Division,4-2-0 (W-L-D),0,0,0,40%,N/A,36,90,0,0,9.31,0.00,51%,3.88,4.66,0.00,100%,03:52,26(72%),8(22%),2(6%),25(69%),10(28%),1(3%),0(0%),0(0%),0(0%),None,"Feb. 11, 2025"
Pat Barry,"""HD""",Heavyweight Division,8-7-0 (W-L-D),0,0,0,52%,0%,188,361,,2,2.72,0.00,60%,1.74,3.54,0.22,76%,05:46,166(88%),7(4%),15(8%),96(51%),12(6%),80(43%),0(0%),0(0%),0(0%),"New Orleans, United States","Dec. 27, 2008"
Enrique Barzola,"""El Fuerte""",Bantamweight Division,17-5-2 (W-L-D),5,4,0,42%,46%,587,1412,37,92,3.91,4.20,69%,0.00,2.97,0.30,67%,15:00,424(72%),37(6%),126(21%),348(59%),132(22%),107(18%),5(29%),8(47%),4(24%),"Lima, Peru","Nov. 21, 2015"
Javid Basharat,"""The Snow Leopard""",Bantamweight Division,14-1-0 (W-L-D),5,6,8,54%,41%,431,801,,22,5.42,1.70,62%,0.00,2.97,0.19,86%,13:15,319(74%),31(7%),81(19%),253(59%),120(28%),58(13%),5(38%),2(15%),6(46%),"Paktia, Afghanistan","Mar. 12, 2022"
Farid Basharat,"""Ferocious""",Featherweight Division,13-0-0 (W-L-D),1,6,3,55%,45%,280,505,3,38,4.36,3.97,60%,0.00,2.57,0.47,80%,12:51,187(67%),9(3%),84(30%),174(62%),51(18%),55(20%),1(8%),6(46%),6(46%),"Paktia, Afghanistan","Mar. 4, 2023"
Austin Bashi,None,Featherweight Division,13-1-0 (W-L-D),3,5,3,49%,39%,45,92,3,33,1.94,8.39,47%,0.00,2.71,1.29,63%,11:38,33(73%),11(24%),1(2%),26(58%),13(29%),6(13%),3(23%),5(38%),5(38%),United States,"Jan. 11, 2025"
Stephen Bass,"""Bigfish""",Featherweight Division,10-1-0 (W-L-D),0,0,0,52%,0%,73,140,,6,4.87,0.00,55%,0.00,5.87,0.00,N/A,15:00,59(81%),13(18%),1(1%),39(53%),24(33%),10(14%),0(0%),0(0%),0(0%),United States,"Dec. 4, 2011"
Shayna Baszler,"""The Queen of Spades""",Women's Bantamweight Division,15-10-0 (W-L-D),0,0,0,31%,18%,111,362,,11,2.49,0.67,51%,0.00,6.36,1.34,44%,08:56,84(76%),23(21%),4(4%),67(60%),21(19%),23(21%),1(7%),1(7%),13(87%),United States,"Aug. 30, 2014"
Bahatebole Batebolati,None,Lightweight Division,2-0-0 (W-L-D),0,0,0,47%,100%,32,68,,1,4.34,2.04,64%,0.00,4.62,0.00,100%,11:11,32(100%),0(0%),0(0%),19(59%),11(34%),2(6%),0(0%),0(0%),0(0%),"Xinjiang, China","Feb. 11, 2025"
Cameron Bates,"""Camo Wrld""",None,None,0,0,0,N/A,N/A,0,0,0,0,N/A,N/A,N/A,N/A,N/A,N/A,N/A,N/A,N/A,N/A,N/A,N/A,N/A,N/A,0(0%),0(0%),0(0%),None,"Feb. 11, 2025"
Michel Batista,"""El Panda""",Heavyweight Division,0-1-0 (W-L-D),0,0,0,N/A,N/A,0,0,0,0,0.00,6.72,40%,0.00,4.03,0.00,N/A,02:14,0(0%),0(0%),0(0%),0(0%),0(0%),0(0%),0(0%),0(0%),0(0%),Cuba,"Feb. 11, 2025"
Bryan Battle,"""The Butcher""",Welterweight Division,13-2-0 (W-L-D),4,6,3,53%,17%,397,750,2,23,5.12,0.77,44%,0.39,4.11,0.39,54%,08:37,306(77%),88(22%),3(1%),198(50%),164(41%),35(9%),4(31%),3(23%),6(46%),United States,"Aug. 28, 2021"
Alan Baudot,"""The Black Samourai""",Heavyweight Division,8-3-0 (W-L-D),7,0,5,59%,N/A,167,285,0,0,5.36,0.00,47%,0.48,4.82,0.00,63%,07:47,112(67%),35(21%),20(12%),123(74%),29(17%),15(9%),7(88%),1(13%),0(0%),"Lyon, France","Oct. 10, 2020"
Mario Bautista,None,Bantamweight Division,15-2-0 (W-L-D),3,6,5,47%,33%,542,1149,1,39,5.33,1.92,54%,0.15,3.91,0.89,67%,09:14,418(77%),91(17%),33(6%),343(63%),131(24%),68(13%),3(20%),6(40%),6(40%),"Winnemucca, United States","Jan. 19, 2019"
Chris Beal,"""The Real Deal""",Flyweight Division,10-3-0 (W-L-D),0,0,0,36%,58%,226,629,,12,3.45,1.60,62%,0.23,3.18,0.23,78%,13:06,146(65%),30(13%),50(22%),192(85%),28(12%),6(3%),3(30%),7(70%),0(0%),United States,"Apr. 26, 2014"
Donavan Beard,None,Middleweight Division,0-1-0 (W-L-D),0,0,0,0%,N/A,0,1,0,0,0.00,0.00,29%,0.00,5.77,0.00,N/A,00:52,0(0%),0(0%),0(0%),0(0%),0(0%),0(0%),0(0%),0(0%),0(0%),"Hot Springs, United States","Feb. 11, 2025"
Ariel Beck,None,Women's Flyweight Division,4-5-0 (W-L-D),0,0,0,34%,N/A,35,102,0,0,4.44,0.00,64%,0.00,4.31,0.00,N/A,07:53,34(97%),1(3%),0(0%),8(23%),16(46%),11(31%),2(50%),2(50%),0(0%),"Deer Lodge, United States","Dec. 1, 2017"
Johnny Bedford,"""Brutal""",Bantamweight Division,19-13-1 (W-L-D),0,0,0,51%,63%,186,368,,8,4.53,1.83,63%,1.10,1.75,0.00,63%,06:51,79(42%),31(17%),76(41%),120(65%),56(30%),10(5%),0(0%),0(0%),0(0%),"Oregon, United States","Dec. 4, 2011"
Rolando Bedoya,"""The Machine """,Lightweight Division,14-4-0 (W-L-D),4,3,2,49%,0%,328,666,,7,7.29,0.00,53%,0.00,6.38,0.00,33%,15:00,304(93%),24(7%),0(0%),168(51%),52(16%),108(33%),4(29%),7(50%),3(21%),"Callao Region, Peru","May. 6, 2023"
Allan Begosso,"""Mini""",Bantamweight Division,0-1-0 (W-L-D),0,0,0,40%,N/A,27,67,0,0,1.80,0.00,34%,0.00,7.73,2.00,25%,15:00,12(44%),2(7%),13(48%),19(70%),5(19%),3(11%),0(0%),0(0%),0(0%),None,"Feb. 11, 2025"
Azamat Bekoev,"""Iron""",Middleweight Division,19-3-0 (W-L-D),7,8,9,81%,50%,21,26,1,2,6.85,4.89,46%,0.00,4.24,0.00,N/A,03:04,3(14%),0(0%),18(86%),16(76%),3(14%),2(10%),7(37%),4(21%),8(42%),Russia,"Jan. 18, 2025"
Mirsad Bektic,None,Featherweight Division,13-4-0 (W-L-D),7,2,0,42%,53%,247,591,17,51,2.43,3.98,58%,0.29,1.80,0.44,92%,10:10,104(42%),26(11%),117(47%),205(83%),29(12%),13(5%),7(54%),4(31%),2(15%),"Srebrenica, Bosnia &amp; Herzegovina","Apr. 19, 2014"
Diana Belbita,"""The Warrior Princess""",Women's Strawweight Division,15-9-0 (W-L-D),6,4,5,43%,63%,541,1270,1,8,6.54,0.91,52%,0.18,6.55,0.00,66%,11:49,444(82%),82(15%),15(3%),309(57%),141(26%),91(17%),6(43%),4(29%),4(29%),"Drobeta-Turnu Severin, Romania","Oct. 18, 2019"
Alan Belcher,"""The Talent""",Middleweight Division,17-7-0 (W-L-D),0,0,0,42%,27%,372,889,,15,2.70,0.44,60%,0.33,3.10,0.87,55%,09:11,252(68%),58(16%),62(17%),211(57%),61(16%),100(27%),0(0%),0(0%),0(0%),United States,"Aug. 26, 2006"
Vitor Belfort,"""The Phenom""",Middleweight Division,26-14-0 (W-L-D),0,0,0,46%,60%,351,756,3,25,1.59,1.02,51%,0.75,2.83,0.61,54%,07:21,156(44%),63(18%),132(38%),250(71%),64(18%),37(11%),0(0%),0(0%),0(0%),"Rio de Janeiro, Brazil","Feb. 7, 1997"
Yousri Belgaroui,None,Middleweight Division,1-1-0 (W-L-D),0,0,0,61%,N/A,122,201,0,0,4.43,0.00,58%,0.54,2.65,0.00,82%,13:47,99(81%),23(19%),0(0%),67(55%),36(30%),19(16%),0(0%),0(0%),0(0%),None,"Feb. 11, 2025"
Cody Belisle,"""Bodacious""",None,None,0,0,0,N/A,N/A,0,0,0,0,N/A,N/A,N/A,N/A,N/A,N/A,N/A,N/A,N/A,N/A,N/A,N/A,N/A,N/A,0(0%),0(0%),0(0%),None,"Feb. 11, 2025"
Rodolfo Bellato,"""Trator""",Light Heavyweight Division,12-2-1 (W-L-D),7,4,8,62%,30%,268,430,1,10,6.28,1.06,46%,0.35,6.31,0.35,100%,10:40,155(58%),61(23%),52(19%),172(64%),55(21%),41(15%),7(58%),1(8%),4(33%),Brazil,"Dec. 2, 2023"
Danilo Belluardo,"""Caterpillar""",Lightweight Division,12-5-0 (W-L-D),6,3,0,62%,100%,13,21,2,2,1.52,3.50,41%,0.00,4.79,0.00,50%,04:17,8(62%),0(0%),5(38%),9(69%),0(0%),4(31%),6(50%),3(25%),3(25%),"Marsala, Italy","Jun. 1, 2019"
Marco Beltran,"""Psycho""",Flyweight Division,8-7-0 (W-L-D),0,0,0,38%,50%,134,357,3,6,2.07,0.70,63%,0.23,1.93,0.23,46%,10:47,79(59%),29(22%),26(19%),76(57%),29(22%),29(22%),2(25%),2(25%),4(50%),Mexico,"Feb. 11, 2025"
Joey Beltran,"""The Mexicutioner""",Light Heavyweight Division,14-9-0 (W-L-D),0,0,0,37%,19%,583,1572,,27,4.58,0.59,54%,0.00,6.41,0.00,76%,12:44,353(61%),187(32%),43(7%),399(68%),105(18%),79(14%),0(0%),0(0%),0(0%),"San Diego, United States","Feb. 6, 2010"
Joseph Benavidez,None,Flyweight Division,28-8-0 (W-L-D),8,9,0,35%,31%,1161,3338,16,101,3.52,1.41,61%,0.36,2.67,0.59,62%,11:23,923(80%),137(12%),101(9%),618(53%),306(26%),237(20%),8(29%),11(39%),9(32%),"San Antonio, United States","Mar. 20, 2011"
Dave Beneteau,None,Heavyweight Division,0-0-0 (W-L-D),0,0,0,N/A,N/A,0,0,0,0,N/A,N/A,N/A,N/A,N/A,N/A,N/A,N/A,N/A,N/A,N/A,N/A,N/A,N/A,0(0%),0(0%),0(0%),"Windsor, Canada","Apr. 7, 1995"
Gabriel Benitez,"""Moggly""",Lightweight Division,23-13-0 (W-L-D),9,10,12,42%,50%,731,1754,1,4,5.26,0.22,64%,0.43,4.49,0.86,56%,09:16,658(90%),19(3%),54(7%),416(57%),165(23%),150(21%),9(39%),4(17%),10(43%),"Tijuana, Mexico","Nov. 15, 2014"
DeAnna Bennett,"""Vitamin D""",Women's Flyweight Division,8-3-1 (W-L-D),0,0,0,58%,0%,47,81,,11,3.13,0.00,58%,0.00,3.27,1.00,N/A,15:00,27(57%),19(40%),1(2%),25(53%),16(34%),6(13%),2(25%),4(50%),2(25%),"Fremont, United States","Dec. 1, 2017"
Lance Benoist,None,Welterweight Division,7-2-0 (W-L-D),0,0,0,51%,33%,221,432,,18,3.68,1.50,57%,0.25,2.70,0.00,62%,15:00,136(62%),30(14%),55(25%),132(60%),63(29%),26(12%),1(14%),2(29%),4(57%),United States,"Sep. 17, 2011"
Ryan Benoit,"""Baby Face""",Flyweight Division,10-8-0 (W-L-D),8,1,0,39%,22%,306,782,1,9,2.88,0.28,58%,0.71,3.65,0.42,72%,11:49,249(81%),35(11%),22(7%),233(76%),50(16%),23(8%),8(80%),1(10%),1(10%),"San Diego, United States","Dec. 1, 2013"
Steve Berger,"""Red Nose""",Welterweight Division,15-6-3 (W-L-D),0,0,0,23%,33%,13,57,,3,0.62,0.72,36%,0.00,5.60,2.15,17%,06:58,2(15%),11(85%),0(0%),4(31%),8(62%),1(8%),0(0%),0(0%),0(0%),United States,"May. 4, 2001"
Kenneth Bergh,None,Light Heavyweight Division,6-0-0 (W-L-D),0,0,0,75%,0%,18,24,,1,4.56,0.00,29%,0.00,1.27,0.00,N/A,03:57,1(6%),17(94%),0(0%),0(0%),0(0%),18(100%),0(0%),0(0%),0(0%),None,"Feb. 11, 2025"
Keith Berish,"""Sha Bang Bang""",Middleweight Division,5-1-0 (W-L-D),0,0,0,36%,40%,61,168,2,5,3.58,1.76,63%,0.00,4.81,0.00,N/A,08:32,57(93%),3(5%),1(2%),39(64%),6(10%),16(26%),2(40%),1(20%),2(40%),"Poughkeepsie, United States","Jul. 6, 2014"
Dennis Bermudez,"""The Menace""",Lightweight Division,18-9-0 (W-L-D),4,4,0,46%,40%,870,1881,46,127,4.42,3.89,59%,0.38,3.07,1.07,83%,11:35,461(53%),159(18%),250(29%),583(67%),127(15%),160(18%),4(24%),9(53%),4(24%),"Saugerties, United States","Dec. 4, 2011"
Manny Bermudez,"""The Bermudez Triangle""",Bantamweight Division,14-2-0 (W-L-D),1,11,0,61%,55%,86,140,1,11,2.92,3.06,47%,0.51,2.68,3.06,N/A,05:53,33(38%),3(3%),50(58%),72(84%),14(16%),0(0%),1(7%),2(14%),11(79%),"Boston, United States","Feb. 24, 2018"
Talita Bernardo,None,Women's Bantamweight Division,6-4-0 (W-L-D),0,4,0,42%,22%,174,413,4,27,3.12,1.62,56%,0.00,4.04,0.54,29%,13:56,148(85%),7(4%),19(11%),106(61%),24(14%),44(25%),0(0%),2(33%),4(67%),"State of Rio de Janeiro, Brazil","Sep. 2, 2017"
Dave Berry,None,,0-0-0 (W-L-D),0,0,0,N/A,N/A,0,0,0,0,N/A,N/A,N/A,N/A,N/A,N/A,N/A,N/A,N/A,N/A,N/A,N/A,N/A,N/A,0(0%),0(0%),0(0%),United States,"Sep. 20, 1996"
Dieusel Berto,None,,0-0-0 (W-L-D),0,0,0,N/A,N/A,0,0,0,0,N/A,N/A,N/A,N/A,N/A,N/A,N/A,N/A,N/A,N/A,N/A,N/A,N/A,N/A,0(0%),0(0%),0(0%),United States,"Jul. 12, 1996"
Allen Berube,"""Monstah""",Lightweight Division,2-1-0 (W-L-D),0,0,0,80%,100%,4,5,,2,0.92,6.87,33%,0.00,0.92,3.44,N/A,04:22,0(0%),0(0%),4(100%),4(100%),0(0%),0(0%),0(0%),0(0%),0(0%),United States,"Jun. 23, 2007"
Anton Berzin,"""The Body Snatcher""",Light Heavyweight Division,5-2-0 (W-L-D),0,0,0,47%,29%,66,141,,7,4.40,2.00,67%,0.00,6.80,1.00,N/A,15:00,63(95%),1(2%),2(3%),25(38%),28(42%),13(20%),1(20%),0(0%),4(80%),"Kremenchuk, Ukraine","Aug. 22, 2017"
Scott Bessac,None,,0-0-0 (W-L-D),0,0,0,N/A,N/A,0,0,0,0,N/A,N/A,N/A,N/A,N/A,N/A,N/A,N/A,N/A,N/A,N/A,N/A,N/A,N/A,0(0%),0(0%),0(0%),United States,"Sep. 8, 1995"
Matt Bessette,"""The Mangler""",Featherweight Division,22-9-0 (W-L-D),0,0,0,41%,29%,204,493,,7,4.36,0.64,59%,0.32,4.45,0.32,61%,09:21,144(71%),23(11%),37(18%),142(70%),43(21%),19(9%),7(32%),7(32%),8(36%),"Hartford, United States","Jul. 11, 2017"
Khadzhimurat Bestaev,None,Middleweight Division,0-1-0 (W-L-D),0,0,0,30%,N/A,8,27,0,0,6.15,0.00,43%,0.00,10.00,0.00,N/A,01:18,8(100%),0(0%),0(0%),5(63%),1(13%),2(25%),0(0%),0(0%),0(0%),Russia,"Feb. 11, 2025"
KB Bhullar,"""The Bengal""",Middleweight Division,8-2-0 (W-L-D),4,2,0,49%,N/A,72,146,0,0,4.31,0.00,45%,0.00,5.39,0.00,N/A,08:21,71(99%),1(1%),0(0%),5(7%),12(17%),55(76%),4(50%),2(25%),2(25%),"Edmonton, Canada","Oct. 10, 2020"
Magomed Bibulatov,"""Chaborz""",Flyweight Division,14-2-0 (W-L-D),2,5,0,51%,40%,114,223,2,15,3.60,2.85,52%,0.00,1.83,0.00,75%,10:33,61(54%),18(16%),35(31%),59(52%),47(41%),8(7%),2(14%),7(50%),5(36%),"Chechnya, Russia","Apr. 8, 2017"
David Bielkheden,None,Lightweight Division,13-7-0 (W-L-D),0,0,0,57%,64%,44,77,,11,1.11,2.65,55%,0.00,1.64,0.00,14%,09:55,4(9%),20(45%),20(45%),34(77%),7(16%),3(7%),0(0%),0(0%),0(0%),"Stockholm, Sweden","Mar. 1, 2008"
Blake Bilder,"""El Animal""",Featherweight Division,8-2-1 (W-L-D),1,4,3,48%,8%,184,381,1,13,3.81,0.31,54%,0.00,4.15,0.62,71%,12:04,169(92%),13(7%),2(1%),98(53%),17(9%),69(38%),1(14%),2(29%),4(57%),United States,"Feb. 11, 2023"
Jonas Bilharinho,None,Featherweight Division,1-0-0 (W-L-D),0,0,0,60%,N/A,52,86,0,0,3.71,0.00,58%,1.07,3.36,0.00,100%,14:00,44(85%),8(15%),0(0%),36(69%),14(27%),2(4%),0(0%),0(0%),0(0%),None,"Feb. 11, 2025"
Xie Bin,None,Featherweight Division,2-2-0 (W-L-D),0,0,0,48%,36%,170,353,,14,4.87,2.15,59%,1.29,3.18,0.00,40%,08:43,159(94%),2(1%),9(5%),118(69%),29(17%),23(14%),0(0%),0(0%),0(0%),"Hunan, China","Jun. 10, 2022"
Anthony Birchak,"""El Toro""",Bantamweight Division,16-8-0 (W-L-D),5,8,0,37%,14%,123,336,,7,3.93,0.48,57%,0.96,3.67,0.48,62%,05:13,82(67%),27(22%),14(11%),66(54%),32(26%),25(20%),5(31%),3(19%),8(50%),"Tucson, United States","Dec. 13, 2014"
Chris Birchler,None,Light Heavyweight Division,7-4-0 (W-L-D),0,0,0,47%,N/A,41,88,0,0,9.35,0.00,35%,0.00,14.83,0.00,N/A,04:23,41(100%),0(0%),0(0%),37(90%),4(10%),0(0%),0(0%),0(0%),0(0%),"Livingston, United States","Feb. 11, 2025"
Michael Bisping,"""The Count""",Middleweight Division,31-9-0 (W-L-D),0,0,0,38%,43%,1610,4223,26,60,4.33,1.05,65%,0.40,2.71,0.32,63%,11:37,1287(80%),152(9%),171(11%),1166(72%),202(13%),242(15%),0(0%),0(0%),0(0%),"England, United Kingdom","Jun. 24, 2006"
Amaury Bitetti,None,Middleweight Division,0-0-0 (W-L-D),0,0,0,N/A,N/A,0,0,0,0,N/A,N/A,N/A,N/A,N/A,N/A,N/A,00:00,0(0%),0(0%),0(0%),0(0%),0(0%),0(0%),0(0%),0(0%),0(0%),Brazil,"May. 17, 1996"
Caio Bittencourt,None,Middleweight Division,0-1-0 (W-L-D),0,0,0,17%,N/A,1,6,0,0,0.29,0.00,33%,0.00,0.57,0.00,N/A,03:29,1(100%),0(0%),0(0%),0(0%),0(0%),1(100%),0(0%),0(0%),0(0%),None,"Feb. 10, 2025"
Simon Biyong,None,Light Heavyweight Division,0-0-0 (W-L-D),0,0,0,N/A,N/A,0,0,0,0,N/A,N/A,N/A,N/A,N/A,N/A,N/A,00:00,0(0%),0(0%),0(0%),0(0%),0(0%),0(0%),0(0%),0(0%),0(0%),None,"Feb. 11, 2025"
Jan Błachowicz,None,Light Heavyweight Division,29-10-1 (W-L-D),9,9,7,50%,50%,894,1783,12,38,3.41,1.09,53%,0.34,2.91,0.34,69%,13:06,679(76%),105(12%),110(12%),565(63%),192(21%),137(15%),9(31%),11(38%),9(31%),"Cieszyn, Poland","Oct. 4, 2014"
Jason Black,None,Lightweight Division,22-4-1 (W-L-D),0,0,0,42%,0%,10,24,,1,0.44,0.00,45%,0.00,3.55,5.92,29%,11:25,2(20%),3(30%),5(50%),7(70%),3(30%),0(0%),0(0%),0(0%),0(0%),"Ottumwa, United States","Jun. 12, 2007"
Brad Blackburn,"""Bad""",Welterweight Division,15-11-1 (W-L-D),0,0,0,36%,50%,294,827,,8,4.55,0.93,65%,1.16,3.59,0.70,77%,12:55,255(87%),16(5%),23(8%),181(62%),44(15%),69(23%),0(0%),0(0%),0(0%),"Los Angeles, United States","Jul. 19, 2008"
Sherrard Blackledge,None,Lightweight Division,1-1-0 (W-L-D),0,0,0,50%,33%,111,223,,24,3.70,4.00,55%,0.00,3.13,0.00,43%,15:00,65(59%),39(35%),7(6%),68(61%),36(32%),7(6%),0(0%),0(0%),0(0%),"Baltimore, United States","Feb. 11, 2025"
Tom Blackledge,"""The Juggernaut""",Light Heavyweight Division,10-7-0 (W-L-D),0,0,0,62%,N/A,8,13,0,0,2.91,0.00,46%,0.00,2.55,0.00,75%,02:45,4(50%),0(0%),4(50%),6(75%),1(13%),1(13%),0(0%),0(0%),0(0%),"Wigan, United Kingdom","Feb. 26, 2011"
Da'Mon Blackshear,"""The Monster""",Bantamweight Division,15-7-1 (W-L-D),2,10,0,47%,38%,268,570,1,24,4.30,2.17,49%,0.00,4.06,1.44,68%,08:54,178(66%),58(22%),32(12%),145(54%),56(21%),67(25%),2(13%),3(20%),10(67%),United States,"Aug. 13, 2022"
Erin Blanchfield,"""Cold Blooded""",Women's Flyweight Division,13-2-0 (W-L-D),2,4,3,44%,32%,591,1332,10,44,5.24,1.86,59%,0.00,4.21,0.80,80%,14:07,445(75%),42(7%),104(18%),416(70%),96(16%),79(13%),2(15%),7(54%),4(31%),United States,"Sep. 18, 2021"
Maximo Blanco,"""Maxi""",Featherweight Division,12-8-1 (W-L-D),0,0,0,44%,37%,366,828,,30,4.11,1.85,66%,0.34,3.19,0.34,64%,08:54,297(81%),58(16%),11(3%),274(75%),52(14%),40(11%),8(67%),4(33%),0(0%),Venezuela,"Apr. 21, 2012"
Curtis Blaydes,"""Razor""",Heavyweight Division,18-5-0 (W-L-D),13,0,3,50%,53%,579,1155,33,116,3.54,5.69,59%,0.18,1.91,0.00,32%,08:36,265(46%),73(13%),241(42%),400(69%),69(12%),110(19%),13(72%),5(28%),0(0%),"Naperville, United States","Apr. 10, 2016"
Tereza Bleda,None,Women's Flyweight Division,7-1-0 (W-L-D),2,2,3,53%,28%,125,235,1,18,3.02,1.81,47%,0.36,1.86,0.72,83%,13:49,49(39%),12(10%),64(51%),86(69%),25(20%),14(11%),2(29%),3(43%),2(29%),"Cheb, Czechia","Nov. 19, 2022"
Byron Bloodworth,None,Bantamweight Division,6-3-0 (W-L-D),0,0,0,28%,0%,25,88,,3,1.82,0.00,50%,0.00,5.18,0.00,N/A,06:51,19(76%),6(24%),0(0%),12(48%),6(24%),7(28%),0(0%),0(0%),0(0%),United States,"Oct. 2, 2011"
Dashawn Boatwright,"""Buck, the 400-pound Silverback""",Light Heavyweight Division,3-2-0 (W-L-D),0,0,0,0%,N/A,0,1,0,0,0.00,0.00,13%,0.00,52.50,0.00,N/A,00:08,0(0%),0(0%),0(0%),0(0%),0(0%),0(0%),0(0%),0(0%),0(0%),"Long Island, United States","Feb. 11, 2025"
Daniel Bobish,None,Heavyweight Division,0-0-0 (W-L-D),0,0,0,N/A,N/A,0,0,0,0,N/A,N/A,N/A,N/A,N/A,N/A,N/A,N/A,N/A,N/A,N/A,N/A,N/A,N/A,0(0%),0(0%),0(0%),"Cleveland, United States","Jul. 27, 1997"
Mark Bocek,None,Lightweight Division,12-5-0 (W-L-D),0,0,0,44%,37%,347,795,,98,2.34,3.65,61%,0.00,2.32,1.32,31%,11:23,105(30%),107(31%),135(39%),212(61%),74(21%),61(18%),0(0%),0(0%),0(0%),"Toronto, Canada","Jul. 7, 2007"
Kyle Bochniak,"""Crash""",Featherweight Division,8-5-0 (W-L-D),2,2,0,31%,15%,276,879,5,52,2.63,1.14,58%,0.14,5.11,0.00,63%,15:00,243(88%),28(10%),5(2%),172(62%),45(16%),59(21%),2(25%),4(50%),2(25%),"Beverly, United States","Jan. 18, 2016"
James Bochnovic,None,Middleweight Division,8-3-0 (W-L-D),0,0,0,27%,0%,8,30,,2,0.65,0.00,21%,0.00,3.64,0.00,N/A,06:11,5(63%),1(13%),2(25%),2(25%),4(50%),2(25%),1(13%),0(0%),7(88%),"Glen Ellyn, United States","Jul. 9, 2017"
Tim Boetsch,"""The Barbarian""",Middleweight Division,21-13-0 (W-L-D),13,3,0,51%,34%,635,1253,21,61,2.93,1.45,57%,0.48,2.90,0.76,59%,09:02,397(63%),161(25%),77(12%),364(57%),161(25%),110(17%),13(62%),5(24%),3(14%),"Camden, United States","Feb. 2, 2008"
Galore Bofando,None,Welterweight Division,5-3-0 (W-L-D),0,0,0,45%,100%,23,51,,1,3.63,2.37,55%,2.37,3.63,0.00,50%,03:10,11(48%),0(0%),12(52%),19(83%),2(9%),2(9%),4(80%),1(20%),0(0%),None,"Jul. 16, 2017"
Roman Bogatov,None,Lightweight Division,10-1-0 (W-L-D),1,5,0,43%,9%,50,117,,11,3.33,1.00,45%,0.00,4.40,0.00,50%,15:00,37(74%),6(12%),7(14%),24(48%),20(40%),6(12%),1(10%),4(40%),5(50%),"Kostanay, Kazakhstan","Jul. 11, 2020"
Jerry Bohlander,None,Middleweight Division,0-0-0 (W-L-D),0,0,0,N/A,N/A,0,0,0,0,N/A,N/A,N/A,N/A,N/A,N/A,N/A,N/A,N/A,N/A,N/A,N/A,N/A,N/A,0(0%),0(0%),0(0%),"Napa, United States","Feb. 16, 1996"
Mandy Böhm ,"""Monster""",Women's Flyweight Division,8-2-0 (W-L-D),2,2,3,45%,18%,105,232,,11,2.51,0.72,60%,0.00,3.24,0.72,75%,13:58,76(72%),27(26%),2(2%),53(50%),29(28%),23(22%),2(29%),3(43%),2(29%),"Gelsenkirchen, Germany","Sep. 4, 2021"
Gaston Bolanos,"""DreamKiller""",Bantamweight Division,8-4-0 (W-L-D),6,0,5,51%,100%,144,283,,2,3.74,0.78,52%,0.00,2.57,0.00,43%,12:50,100(69%),9(6%),35(24%),68(47%),33(23%),43(30%),6(75%),2(25%),0(0%),"Lima, Peru","Apr. 15, 2023"
Denys Bondar,"""Psycho""",Flyweight Division,14-5-0 (W-L-D),4,9,11,51%,58%,121,238,1,12,4.59,3.99,57%,0.00,5.16,0.00,63%,08:47,104(86%),10(8%),7(6%),61(50%),37(31%),23(19%),4(29%),1(7%),9(64%),"Kharkiv, Ukraine","Jan. 1, 2021"
Gabriel Bonfim,"""Marretinha""",Welterweight Division,16-1-0 (W-L-D),3,12,8,43%,75%,178,417,,8,5.78,2.92,62%,0.00,4.38,1.95,73%,06:10,155(87%),19(11%),4(2%),124(70%),38(21%),16(9%),3(19%),1(6%),12(75%),"Brasilia, Brazil","Jan. 21, 2023"
Ismael Bonfim,"""Marreta""",Lightweight Division,20-4-0 (W-L-D),9,4,6,55%,33%,244,447,1,9,5.80,1.07,70%,0.71,3.16,0.00,77%,10:31,216(89%),22(9%),6(2%),168(69%),50(20%),26(11%),9(45%),7(35%),4(20%),"Brasilia, Brazil","Jan. 21, 2023"
Jesse Bongfeldt,"""Water""",Middleweight Division,15-5-1 (W-L-D),0,0,0,62%,33%,58,93,,6,2.91,1.51,50%,0.00,1.01,0.00,33%,09:57,15(26%),9(16%),34(59%),39(67%),11(19%),8(14%),0(0%),0(0%),0(0%),Canada,"Dec. 12, 2010"
Stephan Bonnar,"""American Psycho""",Light Heavyweight Division,17-8-0 (W-L-D),0,0,0,38%,40%,532,1386,,42,2.76,1.32,52%,0.16,3.01,1.01,60%,11:20,264(50%),155(29%),113(21%),385(72%),97(18%),50(9%),0(0%),0(0%),0(0%),"Hammond, United States","Apr. 9, 2005"
Michael Bonnette,"""No Mercy""",None,None,0,0,0,N/A,N/A,0,0,0,0,N/A,N/A,N/A,N/A,N/A,N/A,N/A,N/A,N/A,N/A,N/A,N/A,N/A,N/A,0(0%),0(0%),0(0%),None,"Feb. 11, 2025"
Rogerio Bontorin,None,Flyweight Division,17-4-0 (W-L-D),3,11,9,53%,60%,204,387,1,25,2.63,2.90,50%,0.00,3.27,0.97,52%,11:04,160(78%),20(10%),24(12%),139(68%),32(16%),33(16%),3(19%),2(13%),11(69%),"State of São Paulo, Brazil","Feb. 2, 2019"
Branden Bordeaux,"""The Butcher""",None,None,0,0,0,N/A,N/A,0,0,0,0,N/A,N/A,N/A,N/A,N/A,N/A,N/A,N/A,N/A,N/A,N/A,N/A,N/A,N/A,0(0%),0(0%),0(0%),None,"Jun. 28, 2024"
Ray Borg,"""The Tazmexican Devil""",Bantamweight Division,13-5-0 (W-L-D),0,6,0,52%,50%,263,504,22,90,1.52,3.89,48%,0.00,1.93,1.04,47%,14:27,90(34%),61(23%),112(43%),188(71%),67(25%),8(3%),1(8%),6(46%),6(46%),"Tucson, United States","Apr. 19, 2014"
Kevin Borjas,"""El Gallo Negro""",Flyweight Division,9-3-0 (W-L-D),8,0,5,40%,0%,180,447,,5,4.92,0.00,49%,0.00,6.70,0.00,61%,12:12,175(97%),3(2%),2(1%),142(79%),24(13%),14(8%),8(89%),1(11%),0(0%),"Lima, Peru","Nov. 11, 2023"
Calen Born,None,Welterweight Division,7-1-0 (W-L-D),2,4,0,N/A,N/A,0,0,0,0,N/A,N/A,N/A,N/A,N/A,N/A,N/A,00:00,0(0%),0(0%),0(0%),0(0%),0(0%),0(0%),2(29%),1(14%),4(57%),"KCMO, United States","Aug. 22, 2020"
Caio Borralho,"""The Natural""",Middleweight Division,17-1-0 (W-L-D),5,4,0,60%,60%,417,694,1,20,3.61,1.56,63%,0.52,2.34,0.52,77%,12:51,310(74%),37(9%),70(17%),270(65%),91(22%),56(13%),5(29%),8(47%),4(24%),"State of Maranhão, Brazil","Apr. 16, 2022"
Zach Borrego,None,Middleweight Division,0-1-0 (W-L-D),0,0,0,N/A,N/A,0,0,0,0,0.00,0.00,33%,0.00,1.94,0.00,N/A,01:02,0(0%),0(0%),0(0%),0(0%),0(0%),0(0%),0(0%),0(0%),0(0%),"San Antonio, United States","Feb. 11, 2025"
Viacheslav Borshchev,"""Slava Claus""",Lightweight Division,8-5-1 (W-L-D),6,0,3,54%,0%,524,969,,1,5.25,0.00,57%,0.75,4.77,0.15,43%,11:06,478(91%),26(5%),20(4%),271(52%),129(25%),124(24%),6(75%),2(25%),0(0%),"Volgograd, Russia","Jan. 15, 2022"
Tanner Boser,"""The Bulldozer""",Light Heavyweight Division,21-10-1 (W-L-D),11,2,4,53%,N/A,516,979,0,0,4.70,0.00,58%,0.27,2.75,0.00,63%,10:59,451(87%),39(8%),26(5%),248(48%),103(20%),165(32%),11(55%),7(35%),2(10%),"Bonnyville, Canada","Jul. 27, 2019"
Steve Bosse,"""The Boss""",Light Heavyweight Division,12-2-0 (W-L-D),0,0,0,53%,33%,98,185,1,3,5.99,0.92,51%,0.92,5.38,0.00,100%,05:27,61(62%),15(15%),22(22%),79(81%),13(13%),6(6%),9(75%),2(17%),1(8%),Canada,"Jun. 27, 2015"
Marcus Bossett,None,,0-0-0 (W-L-D),0,0,0,N/A,N/A,0,0,0,0,N/A,N/A,N/A,N/A,N/A,N/A,N/A,N/A,N/A,N/A,N/A,N/A,N/A,N/A,0(0%),0(0%),0(0%),United States,"Dec. 16, 1994"
Poliana Botelho,None,Women's Flyweight Division,8-5-0 (W-L-D),6,0,4,59%,57%,204,348,1,7,2.90,0.85,54%,0.21,2.80,0.00,77%,10:02,112(55%),70(34%),22(11%),104(51%),63(31%),37(18%),6(75%),2(25%),0(0%),"State of Minas Gerais, Brazil","Oct. 7, 2017"
Tai Bowden,None,,0-0-0 (W-L-D),0,0,0,N/A,N/A,0,0,0,0,N/A,N/A,N/A,N/A,N/A,N/A,N/A,N/A,N/A,N/A,N/A,N/A,N/A,N/A,0(0%),0(0%),0(0%),United States,"May. 17, 1996"
Kyron Bowen,None,Middleweight Division,0-1-0 (W-L-D),0,0,0,57%,N/A,4,7,0,0,2.73,0.00,40%,0.00,2.05,0.00,N/A,01:28,4(100%),0(0%),0(0%),0(0%),2(50%),2(50%),0(0%),0(0%),0(0%),"Springfield, United States","Feb. 11, 2025"
Melton Bowen,None,,0-0-0 (W-L-D),0,0,0,N/A,N/A,0,0,0,0,N/A,N/A,N/A,N/A,N/A,N/A,N/A,N/A,N/A,N/A,N/A,N/A,N/A,N/A,0(0%),0(0%),0(0%),"Irmo, United States","Dec. 16, 1994"
Brian Bowles,None,Bantamweight Division,10-3-0 (W-L-D),0,0,0,27%,70%,178,669,,10,2.36,1.39,64%,1.00,2.98,1.39,55%,07:32,120(67%),32(18%),26(15%),132(74%),42(24%),4(2%),0(0%),0(0%),0(0%),"Charleston, United States","Mar. 4, 2011"
Roger Bowling,"""Relentless""",Lightweight Division,11-5-0 (W-L-D),0,0,0,47%,44%,265,561,,32,3.90,3.09,51%,0.22,3.86,0.88,27%,08:55,192(72%),41(15%),32(12%),154(58%),67(25%),44(17%),8(73%),2(18%),1(9%),United States,"Mar. 4, 2012"
Anvar Boynazarov,None,Featherweight Division,0-1-0 (W-L-D),0,0,0,0%,N/A,0,2,0,0,0.00,0.00,29%,0.00,7.83,0.00,N/A,01:32,0(0%),0(0%),0(0%),0(0%),0(0%),0(0%),0(0%),0(0%),0(0%),Uzbekistan,"Feb. 10, 2025"
Paul Bradley,"""The Gentleman""",Welterweight Division,18-4-0 (W-L-D),0,0,0,32%,17%,91,284,,18,2.26,1.12,56%,0.00,4.13,0.00,100%,09:19,74(81%),16(18%),1(1%),67(74%),12(13%),12(13%),0(0%),0(0%),0(0%),None,"Feb. 11, 2025"
Kyle Bradley,None,Lightweight Division,14-7-0 (W-L-D),0,0,0,40%,50%,46,115,,2,1.99,0.65,59%,0.00,3.45,0.00,40%,05:48,36(78%),7(15%),3(7%),18(39%),19(41%),9(20%),0(0%),0(0%),0(0%),"Denham Springs, United States","Feb. 2, 2008"
Sean Brady,None,Welterweight Division,17-1-0 (W-L-D),3,5,3,55%,52%,457,830,2,50,4.09,3.49,60%,0.13,3.18,0.94,86%,13:58,397(87%),17(4%),43(9%),307(67%),32(7%),118(26%),3(18%),9(53%),5(29%),"Philadelphia, United States","Oct. 18, 2019"
Ebenezer Braga,None,Middleweight Division,0-0-0 (W-L-D),0,0,0,N/A,N/A,0,0,0,0,N/A,N/A,N/A,N/A,N/A,N/A,N/A,N/A,N/A,N/A,N/A,N/A,N/A,N/A,0(0%),0(0%),0(0%),"Rio de Janeiro, Brazil","Oct. 16, 1998"
Ramiz Brahimaj,None,Welterweight Division,11-5-0 (W-L-D),0,10,10,45%,36%,112,250,4,14,2.26,1.51,44%,0.30,4.04,1.51,44%,08:16,93(83%),16(14%),3(3%),89(79%),17(15%),6(5%),1(9%),0(0%),10(91%),"The Bronx, United States","Nov. 7, 2020"
Joe Brammer,"""The South Side Strangler""",Lightweight Division,7-2-1 (W-L-D),0,0,0,32%,50%,40,126,,2,2.15,0.81,57%,0.00,2.80,0.00,50%,09:18,32(80%),8(20%),0(0%),20(50%),14(35%),6(15%),0(0%),0(0%),0(0%),"Des Moines, United States","Dec. 5, 2009"
David Branch,None,Middleweight Division,22-6-0 (W-L-D),6,7,0,40%,33%,137,344,11,43,1.66,2.55,57%,0.18,1.91,0.00,44%,09:09,68(50%),48(35%),21(15%),65(47%),41(30%),31(23%),6(27%),9(41%),7(32%),"Bronx, United States","Jul. 3, 2010"
Diego Brandao,"""DB""",Featherweight Division,24-11-0 (W-L-D),0,0,0,48%,68%,233,486,,25,2.94,3.21,62%,0.57,3.38,0.57,81%,07:56,162(70%),26(11%),45(19%),159(68%),48(21%),26(11%),11(46%),8(33%),5(21%),Brazil,"Dec. 4, 2011"
Bruna Brasil,None,Women's Flyweight Division,10-5-1 (W-L-D),3,2,0,59%,67%,214,362,,12,2.77,1.55,48%,0.19,4.14,0.00,54%,12:53,156(73%),48(22%),10(5%),91(43%),91(43%),32(15%),3(30%),5(50%),2(20%),"Paranavaí, Brazil","Apr. 15, 2023"
Martin Bravo,"""El Toro""",Featherweight Division,12-3-0 (W-L-D),5,5,0,40%,36%,221,559,3,14,7.66,2.60,51%,0.52,5.72,0.00,86%,07:13,204(92%),10(5%),7(3%),161(73%),45(20%),15(7%),5(42%),2(17%),5(42%),"Rosarito, Mexico","Nov. 6, 2016"
Mike Breeden,"""Money""",Lightweight Division,11-6-0 (W-L-D),9,0,5,45%,30%,263,583,,10,5.75,0.98,43%,0.33,7.28,0.00,68%,09:09,241(92%),19(7%),3(1%),178(68%),67(25%),18(7%),9(82%),2(18%),0(0%),"Springfield, United States","Oct. 2, 2021"
Tom Breese,None,Middleweight Division,12-3-0 (W-L-D),5,6,0,51%,0%,188,369,,7,3.34,0.00,61%,1.07,2.81,1.07,71%,07:02,139(74%),25(13%),24(13%),126(67%),49(26%),13(7%),5(42%),1(8%),6(50%),"Birmingham, United Kingdom","May. 30, 2015"
Elves Brener,None,Lightweight Division,16-5-0 (W-L-D),3,11,9,48%,24%,243,510,,21,3.99,1.23,48%,0.49,5.30,0.00,76%,12:11,215(88%),11(5%),17(7%),119(49%),54(22%),70(29%),3(19%),2(13%),11(69%),"Maués, Brazil","Feb. 11, 2023"
Chris Brennan,"""The Westside Strangler""",Welterweight Division,11-5-1 (W-L-D),0,0,0,35%,0%,8,23,,2,0.53,0.00,50%,0.00,2.27,1.00,25%,15:00,3(38%),4(50%),1(13%),2(25%),4(50%),2(25%),0(0%),0(0%),0(0%),"Compton, United States","Mar. 13, 1998"
Charlie Brenneman,"""The Spaniard""",Lightweight Division,19-8-0 (W-L-D),0,0,0,57%,42%,129,228,,57,1.52,4.23,47%,0.00,1.55,0.00,73%,07:44,31(24%),18(14%),80(62%),51(40%),52(40%),26(20%),0(0%),0(0%),0(0%),"Hollidaysburg, United States","Mar. 31, 2010"
Marcos Brigagao,None,Light Heavyweight Division,0-0-0 (W-L-D),0,0,0,43%,0%,46,106,,1,3.07,0.00,26%,0.00,3.27,0.00,36%,15:00,36(78%),10(22%),0(0%),25(54%),16(35%),5(11%),0(0%),0(0%),0(0%),None,"Feb. 11, 2025"
Jason Brilz,"""Hitman""",Light Heavyweight Division,18-5-1 (W-L-D),0,0,0,40%,25%,185,459,,44,2.66,2.37,65%,0.00,1.78,1.29,25%,09:56,75(41%),55(30%),55(30%),134(72%),23(12%),28(15%),0(0%),0(0%),0(0%),"Bismarck, United States","Sep. 17, 2008"
Marcus Brimage,"""The Bama Beast""",Bantamweight Division,7-5-0 (W-L-D),0,0,0,36%,100%,319,896,,3,3.97,0.56,57%,0.37,3.64,0.00,80%,10:03,299(94%),18(6%),2(1%),175(55%),83(26%),61(19%),3(43%),4(57%),0(0%),United States,"Dec. 4, 2011"
Aaron Brink,None,Heavyweight Division,8-3-0 (W-L-D),0,0,0,0%,0%,0,5,,1,0.00,0.00,57%,0.00,19.64,0.00,N/A,00:55,0(0%),0(0%),0(0%),0(0%),0(0%),0(0%),0(0%),0(0%),0(0%),United States,"Nov. 17, 2000"
Henry Briones,"""Bure""",Bantamweight Division,19-8-1 (W-L-D),0,0,0,43%,0%,178,417,,1,3.47,0.00,53%,0.29,4.68,0.58,52%,10:16,150(84%),20(11%),8(4%),99(56%),63(35%),16(9%),10(53%),3(16%),6(32%),"Tijuana, Mexico","Nov. 15, 2014"
Joanderson Brito,"""Tubarao""",Featherweight Division,17-4-1 (W-L-D),8,7,10,50%,68%,191,379,2,19,3.02,3.08,45%,0.24,2.70,0.95,73%,07:55,114(60%),24(13%),53(28%),103(54%),31(16%),57(30%),8(47%),2(12%),7(41%),"Santa Helena, Brazil","Jan. 15, 2022"
Kaik Brito,None,Welterweight Division,0-1-0 (W-L-D),0,0,0,38%,N/A,42,110,0,0,2.80,0.00,55%,0.00,3.87,2.00,56%,15:00,31(74%),8(19%),3(7%),29(69%),5(12%),8(19%),0(0%),0(0%),0(0%),None,"Feb. 11, 2025"
Antwain Britt,"""The Juggernaut""",Middleweight Division,0-0-0 (W-L-D),0,0,0,N/A,N/A,0,0,0,0,N/A,N/A,N/A,N/A,N/A,N/A,N/A,N/A,N/A,N/A,N/A,N/A,N/A,N/A,0(0%),0(0%),0(0%),United States,"Feb. 11, 2025"
Will Brooks,"""Ill Will""",Lightweight Division,18-4-0 (W-L-D),0,0,0,59%,52%,493,835,7,31,4.26,2.08,56%,0.00,2.54,0.26,83%,14:27,230(47%),164(33%),99(20%),297(60%),137(28%),59(12%),5(28%),9(50%),4(22%),"Chicago, United States","Jul. 9, 2016"
Jarred Brooks,"""The Monkey God""",Flyweight Division,14-2-0 (W-L-D),0,0,0,46%,57%,112,243,16,28,2.12,4.54,63%,0.00,1.66,0.57,69%,13:14,45(40%),20(18%),47(42%),73(65%),32(29%),7(6%),2(17%),5(42%),5(42%),"Warsaw, United States","Jul. 30, 2017"
Rob Broughton,"""The Bear""",Heavyweight Division,15-7-1 (W-L-D),0,0,0,60%,0%,118,196,,1,2.83,0.00,52%,0.00,2.54,3.24,27%,13:54,78(66%),11(9%),29(25%),73(62%),22(19%),23(19%),0(0%),0(0%),0(0%),"St. Helens, United Kingdom","Oct. 16, 2010"
TJ Brown,"""Downtown""",Featherweight Division,17-11-0 (W-L-D),4,10,9,45%,58%,385,865,15,45,3.37,3.41,49%,0.00,2.89,1.31,37%,12:42,284(74%),48(12%),53(14%),281(73%),72(19%),32(8%),4(24%),3(18%),10(59%),"Pine Bluff, United States","Aug. 27, 2019"
Humberto Brown,"""El Gato Negro""",Featherweight Division,4-5-0 (W-L-D),0,0,0,50%,25%,18,36,,4,1.71,1.43,62%,0.00,2.19,0.00,N/A,10:30,8(44%),3(17%),7(39%),13(72%),1(6%),4(22%),1(25%),1(25%),2(50%),Panama,"Nov. 15, 2014"
Damien Brown,"""Beatdown""",Lightweight Division,17-12-0 (W-L-D),0,0,0,39%,27%,242,627,3,11,3.66,0.68,50%,0.45,4.86,0.68,54%,11:01,208(86%),13(5%),21(9%),159(66%),38(16%),45(19%),3(18%),6(35%),8(47%),None,"Mar. 20, 2016"
Randy Brown,"""Rudeboy""",Welterweight Division,19-6-0 (W-L-D),7,5,4,47%,39%,883,1862,5,28,4.35,0.81,54%,0.37,3.24,0.59,73%,10:41,666(75%),142(16%),75(8%),550(62%),180(20%),153(17%),7(37%),7(37%),5(26%),"Spanish Town, Jamaica","Jan. 31, 2016"
Todd Brown,"""Bulldog""",Light Heavyweight Division,15-3-0 (W-L-D),0,0,0,45%,0%,43,95,,3,2.15,0.00,49%,0.00,3.85,0.00,50%,10:00,25(58%),18(42%),0(0%),14(33%),11(26%),18(42%),0(0%),0(0%),0(0%),"Mishawaka, United States","Aug. 7, 2010"
Matt Brown,"""The Immortal""",Welterweight Division,26-19-0 (W-L-D),17,7,0,55%,47%,1039,1874,23,66,3.76,1.68,55%,0.60,2.92,1.30,64%,09:13,586(56%),276(27%),177(17%),631(61%),310(30%),98(9%),17(65%),2(8%),7(27%),"Xenia, United States","Jun. 21, 2008"
Mike Brown,None,Featherweight Division,26-9-0 (W-L-D),0,0,0,45%,40%,359,800,,65,2.98,3.23,61%,0.25,2.45,0.62,67%,08:37,113(31%),127(35%),119(33%),223(62%),57(16%),79(22%),0(0%),0(0%),0(0%),"Portland, United States","Apr. 2, 2004"
Travis Browne,"""Hapa""",Heavyweight Division,18-7-1 (W-L-D),0,0,0,41%,69%,400,964,11,16,2.93,1.21,43%,0.66,4.31,0.22,75%,08:02,248(62%),56(14%),96(24%),238(60%),99(25%),63(16%),0(0%),0(0%),0(0%),"Honolulu, United States","Jun. 19, 2010"
Junie Browning,"""The Lunatic""",Lightweight Division,3-2-0 (W-L-D),0,0,0,48%,67%,32,66,,3,3.76,3.53,67%,0.00,1.76,3.53,N/A,04:15,26(81%),3(9%),3(9%),21(66%),6(19%),5(16%),0(0%),0(0%),0(0%),"Lexington, United States","Dec. 13, 2008"
Jules Bruchez,"""Cotton Mouth from the South""",Light Heavyweight Division,0-1-0 (W-L-D),0,0,0,50%,N/A,1,2,0,0,0.69,0.00,47%,0.00,5.52,0.00,N/A,01:27,0(0%),1(100%),0(0%),0(0%),0(0%),1(100%),0(0%),0(0%),0(0%),"Lafayette, United States","Dec. 13, 2008"
Stephanie Luciano,"""Rondinha""",Women's Strawweight Division,6-1-1 (W-L-D),2,0,0,49%,100%,159,327,,1,5.30,0.50,68%,0.50,2.53,0.00,85%,15:00,131(82%),17(11%),11(7%),116(73%),29(18%),14(9%),2(40%),3(60%),0(0%),"Belo Horizonte, Brazil","Mar. 23, 2024"
Cody Brundage,None,Middleweight Division,10-6-0 (W-L-D),5,3,6,54%,50%,105,194,1,20,1.62,2.31,41%,0.46,2.63,0.92,69%,05:54,50(48%),8(8%),47(45%),81(77%),15(14%),9(9%),5(50%),2(20%),3(30%),"Chapin, United States","Sep. 25, 2021"
Steve Bruno,"""Hollywood""",Welterweight Division,13-5-0 (W-L-D),0,0,0,52%,25%,37,71,,20,0.96,1.94,36%,0.00,3.38,0.39,46%,12:55,25(68%),9(24%),3(8%),18(49%),4(11%),15(41%),0(0%),0(0%),0(0%),"Brooklyn, United States","Aug. 9, 2008"
Derek Brunson,"""The 1""",Middleweight Division,23-9-0 (W-L-D),12,4,7,47%,33%,688,1452,13,123,3.51,3.14,51%,0.54,3.05,0.61,86%,08:37,429(62%),103(15%),156(23%),474(69%),106(15%),108(16%),12(52%),7(30%),4(17%),"Wilmington, United States","Aug. 19, 2012"
Dennis Bryant,"""The Beard""",Light Heavyweight Division,5-2-0 (W-L-D),0,0,0,59%,N/A,19,32,0,0,10.56,0.00,14%,0.00,10.56,0.00,N/A,01:48,19(100%),0(0%),0(0%),5(26%),4(21%),10(53%),0(0%),0(0%),0(0%),"Yuba City, United States","Feb. 11, 2025"
Josh Bryant,"""The Beast""",Middleweight Division,10-2-0 (W-L-D),0,0,0,20%,0%,9,45,,2,1.10,0.00,43%,0.00,6.10,0.00,N/A,08:12,9(100%),0(0%),0(0%),7(78%),1(11%),1(11%),0(0%),0(0%),0(0%),"Broken Arrow, United States","Jun. 19, 2010"
Robert Bryczek,None,Middleweight Division,17-6-0 (W-L-D),11,1,10,24%,N/A,32,133,0,0,2.13,0.00,60%,0.00,4.47,0.00,100%,15:00,30(94%),2(6%),0(0%),19(59%),10(31%),3(9%),11(65%),5(29%),1(6%),Poland,"Feb. 10, 2024"
Lukasz Brzeski,"""The Bull""",Heavyweight Division,9-6-1 (W-L-D),6,1,3,50%,33%,352,704,,6,5.02,0.43,55%,0.00,3.68,0.43,37%,10:01,300(85%),33(9%),19(5%),189(54%),89(25%),74(21%),6(67%),2(22%),1(11%),"Zakopane, Poland","Aug. 13, 2022"
Justin Buchholz,None,Lightweight Division,9-5-0 (W-L-D),0,0,0,27%,0%,89,335,,1,2.35,0.00,51%,0.40,4.14,0.79,33%,07:35,56(63%),23(26%),10(11%),63(71%),14(16%),12(13%),0(0%),0(0%),0(0%),"Fairbanks, United States","Jan. 23, 2008"
Joaquin Buckley,"""New Mansa""",Welterweight Division,21-6-0 (W-L-D),15,0,4,37%,45%,674,1809,7,42,4.22,1.78,59%,0.84,3.13,0.09,74%,10:39,498(74%),39(6%),137(20%),418(62%),188(28%),68(10%),15(71%),6(29%),0(0%),United States,"Aug. 8, 2020"
Martin Buday,"""Badys""",Heavyweight Division,14-2-0 (W-L-D),7,2,6,54%,25%,347,645,,4,4.84,0.21,52%,0.42,5.54,0.21,100%,10:14,224(65%),112(32%),11(3%),218(63%),87(25%),42(12%),7(50%),5(36%),2(14%),"Nitra, Slovakia","Apr. 16, 2022"
Dylan Budka,"""The Mindless Hulk """,Middleweight Division,7-4-0 (W-L-D),1,2,2,44%,38%,40,91,3,13,1.07,2.02,41%,0.00,1.69,0.40,77%,12:24,19(48%),17(43%),4(10%),27(68%),12(30%),1(3%),1(14%),4(57%),2(29%),"Baltimore, United States","Apr. 6, 2024"
Paul Buentello,"""The Headhunter""",Heavyweight Division,25-12-0 (W-L-D),0,0,0,46%,50%,132,285,,2,3.18,0.36,52%,1.08,7.32,0.72,39%,06:55,60(45%),57(43%),15(11%),89(67%),32(24%),11(8%),0(0%),0(0%),0(0%),"Amarillo, United States","Feb. 5, 2005"
Modestas Bukauskas,"""The Baltic Gladiator""",Light Heavyweight Division,16-6-0 (W-L-D),9,2,6,42%,67%,253,598,,3,3.21,0.38,50%,0.00,4.11,0.19,71%,09:51,217(86%),29(11%),7(3%),175(69%),52(21%),26(10%),9(64%),3(21%),2(14%),"Klaipeda, Lithuania","Jul. 15, 2020"
Felipe Bunes,"""Felipinho""",Flyweight Division,14-7-0 (W-L-D),2,9,9,53%,25%,52,98,2,8,4.49,2.59,41%,0.00,7.86,2.59,N/A,05:48,51(98%),1(2%),0(0%),31(60%),11(21%),10(19%),2(14%),3(21%),9(64%),"Natal, Brazil","Jun. 17, 2023"
Wuliji Buren,"""Beast Master""",Bantamweight Division,10-8-0 (W-L-D),2,4,0,43%,43%,66,155,6,21,1.61,3.28,56%,0.00,3.02,0.37,78%,10:17,46(70%),9(14%),11(17%),35(53%),18(27%),13(20%),2(20%),4(40%),4(40%),"Inner Mongolia, China","Nov. 25, 2017"
Shane Burgos,"""Hurricane""",Featherweight Division,15-3-0 (W-L-D),5,5,6,52%,44%,1040,1984,2,9,7.40,0.43,56%,0.64,6.78,0.43,92%,12:46,854(82%),106(10%),80(8%),664(64%),199(19%),177(17%),5(28%),8(44%),5(28%),"New York, United States","Dec. 10, 2016"
Joshua Burkman,"""The People's Warrior""",Welterweight Division,29-17-0 (W-L-D),0,0,0,44%,37%,543,1245,34,92,2.69,2.53,52%,0.15,3.13,0.30,73%,10:37,364(67%),125(23%),54(10%),259(48%),91(17%),193(36%),0(0%),0(0%),0(0%),United States,"Nov. 5, 2005"
Justin Burlinson,None,Welterweight Division,0-1-0 (W-L-D),0,0,0,40%,N/A,2,5,0,0,1.24,0.00,62%,0.00,3.09,9.28,100%,01:37,1(50%),1(50%),0(0%),2(100%),0(0%),0(0%),0(0%),0(0%),0(0%),"Sunderland, United Kingdom","Feb. 11, 2025"
Nate Burnard,"""The Buffalo Soldier""",None,None,0,0,0,N/A,N/A,0,0,0,0,N/A,N/A,N/A,N/A,N/A,N/A,N/A,N/A,N/A,N/A,N/A,N/A,N/A,N/A,0(0%),0(0%),0(0%),"Meridian, United States","Feb. 11, 2025"
Mads Burnell,None,Featherweight Division,9-3-0 (W-L-D),0,0,0,42%,47%,50,120,9,19,1.28,3.45,51%,0.00,2.71,0.38,22%,13:02,29(58%),4(8%),17(34%),37(74%),8(16%),5(10%),0(0%),4(44%),5(56%),Denmark,"Sep. 2, 2017"
Mikey Burnett,"""The Eastside Assassin""",Lightweight Division,0-0-0 (W-L-D),0,0,0,N/A,N/A,0,0,0,0,N/A,N/A,N/A,N/A,N/A,N/A,N/A,N/A,N/A,N/A,N/A,N/A,N/A,N/A,0(0%),0(0%),0(0%),"Tulsa, United States","Mar. 13, 1998"
Herbert Burns,"""The Blaze""",Featherweight Division,11-6-0 (W-L-D),1,8,8,37%,35%,76,208,1,23,1.86,2.94,42%,0.37,5.17,1.84,67%,05:50,49(64%),16(21%),11(14%),39(51%),27(36%),10(13%),1(9%),2(18%),8(73%),"Niterói, Brazil","Aug. 6, 2019"
Gilbert Burns,"""Durinho""",Welterweight Division,22-8-0 (W-L-D),6,9,11,49%,38%,929,1915,13,109,3.17,2.10,53%,0.20,3.57,0.46,54%,12:44,693(75%),98(11%),138(15%),551(59%),206(22%),172(19%),6(27%),7(32%),9(41%),"Niterói, Brazil","Jul. 26, 2014"
Kevin Burns,"""The Fire""",Welterweight Division,8-4-0 (W-L-D),0,0,0,39%,50%,145,373,,2,2.74,0.28,53%,0.57,4.30,0.85,48%,10:34,108(74%),24(17%),13(9%),73(50%),28(19%),44(30%),0(0%),0(0%),0(0%),"Carroll, United States","Jun. 7, 2008"
Nah-Shon Burrell,"""The Rock n Rolla""",Welterweight Division,9-3-0 (W-L-D),0,0,0,48%,0%,234,491,,1,4.83,0.00,56%,0.00,3.45,0.31,52%,11:49,154(66%),51(22%),29(12%),167(71%),51(22%),16(7%),0(0%),0(0%),0(0%),"Philadelphia, United States","Jan. 8, 2012"
Martin Buschkamp,"""Barracuda""",Featherweight Division,9-0-0 (W-L-D),0,0,0,N/A,N/A,0,0,0,0,N/A,N/A,N/A,N/A,N/A,N/A,N/A,00:00,0(0%),0(0%),0(0%),0(0%),0(0%),0(0%),0(0%),2(22%),7(78%),"Itapira, Brazil","Feb. 11, 2025"
Dakota Bush,"""Hairy""",Lightweight Division,8-4-0 (W-L-D),2,4,0,39%,33%,52,134,,9,2.77,2.40,42%,0.00,4.42,0.00,N/A,09:24,49(94%),2(4%),1(2%),25(48%),8(15%),19(37%),2(25%),2(25%),4(50%),"St. Louis, United States","Apr. 17, 2021"
Bubba Bush,"""The Fighting Texas Aggie""",Middleweight Division,8-3-0 (W-L-D),0,0,0,56%,50%,10,18,,6,0.63,2.82,26%,0.00,7.01,0.00,60%,08:00,5(50%),1(10%),4(40%),4(40%),1(10%),5(50%),4(50%),1(13%),3(38%),United States,"Jul. 5, 2014"
Murilo Bustamante,None,Middleweight Division,11-1-1 (W-L-D),0,0,0,33%,33%,195,593,,72,1.33,2.46,60%,0.21,1.90,1.23,55%,12:25,111(57%),26(13%),58(30%),176(90%),16(8%),3(2%),0(0%),0(0%),0(0%),Brazil,"Apr. 14, 2000"
Todd Butler,None,Lightweight Division,0-0-0 (W-L-D),0,0,0,N/A,N/A,0,0,0,0,N/A,N/A,N/A,N/A,N/A,N/A,N/A,N/A,N/A,N/A,N/A,N/A,N/A,N/A,0(0%),0(0%),0(0%),"Curwensville, United States","Jul. 27, 1997"
Jesse Butler,None,Bantamweight Division,12-6-0 (W-L-D),1,8,4,35%,N/A,31,89,0,0,2.02,0.00,40%,0.00,4.62,0.00,N/A,07:42,31(100%),0(0%),0(0%),17(55%),9(29%),5(16%),1(8%),3(25%),8(67%),"Monroe, United States","Jun. 3, 2023"
JP Buys,"""Young Savage""",Bantamweight Division,9-6-0 (W-L-D),3,5,6,40%,25%,73,184,1,16,1.88,1.55,40%,0.00,3.02,2.32,25%,06:28,38(52%),12(16%),23(32%),49(67%),11(15%),13(18%),3(33%),1(11%),5(56%),"Brakpan, South Africa","Aug. 22, 2017"
Dennis Buzukja,"""The Great""",Featherweight Division,12-5-0 (W-L-D),5,1,4,43%,27%,300,690,,11,4.21,0.63,49%,0.42,4.82,0.21,75%,11:52,249(83%),34(11%),17(6%),165(55%),78(26%),57(19%),5(42%),6(50%),1(8%),"Staten Island, United States","Aug. 5, 2023"
Charles Byrd,"""Kid Dynamite""",Middleweight Division,10-7-0 (W-L-D),3,5,0,56%,50%,103,185,1,10,3.43,2.50,56%,0.00,2.63,1.50,40%,05:00,48(47%),15(15%),40(39%),85(83%),7(7%),11(11%),3(30%),2(20%),5(50%),"Pine Bluff, United States","Jul. 11, 2017"
Steve Byrnes,"""The Sergeant""",Middleweight Division,6-1-0 (W-L-D),0,0,0,51%,60%,18,35,,5,1.20,3.00,27%,0.00,2.67,4.00,N/A,15:00,1(6%),3(17%),14(78%),16(89%),2(11%),0(0%),0(0%),0(0%),0(0%),"Cleveland, United States","Dec. 13, 2006"
Yan Cabral,None,Lightweight Division,12-3-0 (W-L-D),0,0,0,48%,36%,147,309,,39,2.02,2.89,62%,0.21,1.98,1.24,38%,12:07,70(48%),24(16%),53(36%),113(77%),16(11%),18(12%),0(0%),0(0%),10(100%),Brazil,"Oct. 9, 2013"
Alex Caceres,"""Bruce Leeroy""",Featherweight Division,21-15-0 (W-L-D),4,7,0,50%,68%,1519,3040,9,19,4.21,0.54,63%,0.21,3.09,0.67,65%,12:02,1306(86%),128(8%),85(6%),950(63%),381(25%),188(12%),4(19%),10(48%),7(33%),United States,"Mar. 27, 2011"
Vince Cachero,"""The Anomaly""",Bantamweight Division,7-4-0 (W-L-D),2,2,0,46%,0%,91,198,,4,3.29,0.00,43%,0.00,6.51,0.54,19%,13:49,72(79%),16(18%),3(3%),66(73%),13(14%),12(13%),2(29%),3(43%),2(29%),"Santa Barbara, United States","Aug. 1, 2020"
Priscila Cachoeira,"""Zombie Girl""",Women's Bantamweight Division,12-6-0 (W-L-D),7,0,4,44%,33%,367,832,,3,3.76,0.15,43%,0.31,7.03,0.00,65%,09:45,302(82%),42(11%),23(6%),270(74%),73(20%),24(7%),7(58%),5(42%),0(0%),"Rio de Janeiro, Brazil","Feb. 4, 2018"
Ricky Calatayud,None,Flyweight Division,0-0-0 (W-L-D),0,0,0,N/A,N/A,0,0,0,0,N/A,N/A,N/A,N/A,N/A,N/A,N/A,00:00,0(0%),0(0%),0(0%),0(0%),0(0%),0(0%),0(0%),0(0%),0(0%),"Escondido, United States","Feb. 11, 2025"
Nicolle Caliari,None,Women's Flyweight Division,8-3-0 (W-L-D),5,3,4,42%,29%,76,183,3,17,3.85,3.80,56%,0.00,5.57,1.52,N/A,09:53,69(91%),5(7%),2(3%),42(55%),24(32%),10(13%),5(63%),0(0%),3(38%),"Curitiba, Brazil","Jan. 11, 2025"
Taylor Callens,None,Lightweight Division,0-0-0 (W-L-D),0,0,0,N/A,N/A,0,0,0,0,N/A,N/A,N/A,N/A,N/A,N/A,N/A,00:00,0(0%),0(0%),0(0%),0(0%),0(0%),0(0%),0(0%),0(0%),0(0%),None,"Feb. 11, 2025"
Cynthia Calvillo,None,Women's Strawweight Division,9-6-1 (W-L-D),2,3,2,38%,44%,736,1916,5,45,4.41,1.80,64%,0.00,4.12,0.81,78%,12:50,639(87%),19(3%),78(11%),394(54%),224(30%),118(16%),2(22%),4(44%),3(33%),"San Jose, United States","Mar. 5, 2017"
Frank Camacho,"""The Crank""",Lightweight Division,22-10-0 (W-L-D),17,2,0,46%,31%,443,955,5,16,6.56,1.11,52%,0.00,7.44,0.00,73%,08:26,397(90%),44(10%),2(0%),344(78%),90(20%),9(2%),17(77%),3(14%),2(9%),"Tamuning, United States","Jun. 17, 2017"
Fabricio Camoes,"""Morango""",Lightweight Division,14-9-1 (W-L-D),0,0,0,33%,32%,66,200,,25,1.29,2.34,61%,0.00,1.85,1.46,20%,07:49,43(65%),16(24%),7(11%),41(62%),11(17%),14(21%),0(0%),0(0%),0(0%),Brazil,"Nov. 21, 2009"
Brian Camozzi,"""Mantis""",Welterweight Division,7-5-0 (W-L-D),0,0,0,26%,0%,65,246,,3,3.15,0.00,55%,0.00,6.39,0.73,N/A,06:53,64(98%),0(0%),1(2%),35(54%),11(17%),19(29%),3(43%),0(0%),4(57%),"Alameda, United States","Dec. 10, 2016"
Chris Camozzi,None,Middleweight Division,24-13-0 (W-L-D),0,0,0,45%,19%,800,1780,4,21,3.57,0.27,56%,0.07,2.96,0.47,58%,11:48,655(82%),126(16%),19(2%),470(59%),130(16%),200(25%),0(0%),0(0%),0(0%),"Alameda, United States","Jun. 19, 2010"
Ricky Camp,None,Bantamweight Division,0-0-0 (W-L-D),0,0,0,N/A,N/A,0,0,0,0,N/A,N/A,N/A,N/A,N/A,N/A,N/A,00:00,0(0%),0(0%),0(0%),0(0%),0(0%),0(0%),0(0%),0(0%),0(0%),Guam,"Feb. 11, 2025"
Charlie Campbell,"""The Cannibal """,Lightweight Division,9-2-0 (W-L-D),6,0,3,54%,40%,113,209,,10,5.55,2.95,55%,0.74,3.73,0.00,71%,06:47,89(79%),22(19%),2(2%),55(49%),33(29%),25(22%),6(67%),3(33%),0(0%),"New York, United States","Sep. 16, 2023"
Shane Campbell,"""Shaolin""",Lightweight Division,12-6-0 (W-L-D),0,0,0,60%,29%,176,294,,14,3.99,1.36,55%,0.00,3.19,0.00,82%,08:50,132(75%),17(10%),27(15%),67(38%),47(27%),62(35%),5(42%),5(42%),2(17%),"Saint Catharines, Canada","Apr. 25, 2015"
John Campetella,None,,0-0-0 (W-L-D),0,0,0,N/A,N/A,0,0,0,0,N/A,N/A,N/A,N/A,N/A,N/A,N/A,N/A,N/A,N/A,N/A,N/A,N/A,N/A,0(0%),0(0%),0(0%),"New York City, United States","Jul. 12, 1996"
Wagner Campos,"""Galeto""",Featherweight Division,11-4-0 (W-L-D),0,0,0,41%,100%,17,41,,2,1.54,2.71,52%,0.00,2.53,0.00,N/A,11:04,17(100%),0(0%),0(0%),5(29%),4(24%),8(47%),0(0%),0(0%),0(0%),Brazil,"Jun. 24, 2012"
Will Campuzano,None,Flyweight Division,13-6-0 (W-L-D),0,0,0,32%,45%,207,655,,11,2.43,0.88,57%,0.00,3.82,0.18,48%,12:11,161(78%),15(7%),31(15%),136(66%),50(24%),21(10%),0(0%),0(0%),0(0%),"Alcapulco, Mexico","Dec. 5, 2010"
Aleksa Camur,None,Light Heavyweight Division,6-3-0 (W-L-D),5,0,3,57%,22%,311,545,1,9,4.73,0.46,54%,0.23,4.26,0.00,50%,13:10,220(71%),63(20%),28(9%),183(59%),94(30%),34(11%),5(83%),1(17%),0(0%),"Sarajevo, Bosnia &amp; Herzegovina","Jul. 30, 2019"
Chico Camus,"""The King""",Flyweight Division,14-7-0 (W-L-D),0,0,0,41%,40%,302,733,,15,2.58,0.77,65%,0.00,2.46,0.39,72%,14:36,221(73%),27(9%),54(18%),253(84%),31(10%),18(6%),5(33%),8(53%),2(13%),United States,"Aug. 12, 2012"
Asbel Cancio,None,,0-0-0 (W-L-D),0,0,0,N/A,N/A,0,0,0,0,N/A,N/A,N/A,N/A,N/A,N/A,N/A,N/A,N/A,N/A,N/A,N/A,N/A,N/A,0(0%),0(0%),0(0%),United States,"Apr. 7, 1995"
Carlos Candelario,"""The Cannon""",Flyweight Division,8-3-0 (W-L-D),2,3,4,47%,36%,209,446,2,22,3.97,2.28,44%,0.00,5.17,0.28,54%,13:10,141(67%),16(8%),52(25%),131(63%),43(21%),35(17%),2(25%),3(38%),3(38%),"New Britain, United States","May. 14, 2022"
Ronaldo Candido,"""Pacman""",Flyweight Division,5-2-0 (W-L-D),0,0,0,42%,53%,25,59,,15,1.67,8.00,52%,0.00,3.87,5.00,N/A,15:00,16(64%),1(4%),8(32%),19(76%),3(12%),3(12%),0(0%),0(0%),6(100%),None,"Aug. 1, 2017"
Luiz Cane,"""Bana""",Middleweight Division,0-0-0 (W-L-D),0,0,0,42%,29%,258,621,2,7,4.79,0.56,61%,1.67,5.00,0.28,100%,05:59,203(79%),15(6%),40(16%),203(79%),32(12%),23(9%),0(0%),0(0%),0(0%),"Sao Paulo, Brazil","Dec. 29, 2007"
Guido Cannetti,"""Ninja""",Bantamweight Division,10-8-0 (W-L-D),4,4,0,55%,55%,250,452,7,20,3.44,2.27,51%,0.00,2.84,0.41,65%,07:16,167(67%),54(22%),29(12%),103(41%),74(30%),73(29%),4(40%),2(20%),4(40%),Argentina,"Nov. 15, 2014"
Jared Cannonier,"""Tha Killa Gorilla""",Middleweight Division,17-8-0 (W-L-D),10,2,7,50%,47%,1112,2218,1,15,4.49,0.42,57%,0.30,4.39,0.00,63%,13:46,921(83%),115(10%),76(7%),703(63%),222(20%),187(17%),10(59%),5(29%),2(12%),"Dallas, United States","Jan. 3, 2015"
Steve Cantwell,"""Robot""",Middleweight Division,7-6-0 (W-L-D),0,0,0,35%,31%,333,960,,13,3.63,0.65,55%,0.33,5.76,0.65,81%,09:11,252(76%),59(18%),22(7%),181(54%),106(32%),46(14%),0(0%),0(0%),0(0%),"Long Beach, United States","Dec. 10, 2008"
Paul Capaldo,None,Bantamweight Division,0-0-0 (W-L-D),0,0,0,N/A,N/A,0,0,0,0,N/A,N/A,N/A,N/A,N/A,N/A,N/A,00:00,0(0%),0(0%),0(0%),0(0%),0(0%),0(0%),0(0%),0(0%),0(0%),"Middletown, United States","Feb. 11, 2025"
Phil Caracappa,None,Bantamweight Division,0-0-0 (W-L-D),0,0,0,50%,8%,44,88,,12,2.93,1.00,29%,0.00,4.07,1.00,100%,15:00,12(27%),31(70%),1(2%),12(27%),18(41%),14(32%),0(0%),0(0%),0(0%),"Staten Island, United States","Feb. 11, 2025"
Frank Caracci,None,Lightweight Division,0-0-0 (W-L-D),0,0,0,N/A,N/A,0,0,0,0,N/A,N/A,N/A,N/A,N/A,N/A,N/A,N/A,N/A,N/A,N/A,N/A,N/A,N/A,0(0%),0(0%),0(0%),United States,"Jan. 8, 1999"
Gina Carano,"""Conviction""",Women's Bantamweight Division,0-0-0 (W-L-D),0,0,0,N/A,N/A,0,0,0,0,N/A,N/A,N/A,N/A,N/A,N/A,N/A,N/A,N/A,N/A,N/A,N/A,N/A,N/A,0(0%),0(0%),0(0%),"Las Vegas, United States","Feb. 11, 2025"
Bryan Caraway,"""Kid Lightning""",Bantamweight Division,21-10-0 (W-L-D),2,16,0,34%,26%,354,1034,19,94,2.53,2.57,54%,0.00,3.61,0.75,81%,11:04,304(86%),38(11%),12(3%),289(82%),36(10%),29(8%),2(10%),3(14%),16(76%),"Yakima, United States","Jul. 21, 2012"
Chris Cariaso,"""Kamikaze""",Flyweight Division,17-8-0 (W-L-D),0,0,0,44%,39%,721,1640,,41,3.35,1.11,61%,0.00,2.23,0.84,58%,12:28,456(63%),176(24%),89(12%),401(56%),220(31%),100(14%),0(0%),0(0%),0(0%),United States,"Jan. 23, 2011"
Rafael Carino,None,,0-0-0 (W-L-D),0,0,0,N/A,N/A,0,0,0,0,N/A,N/A,N/A,N/A,N/A,N/A,N/A,N/A,N/A,N/A,N/A,N/A,N/A,N/A,0(0%),0(0%),0(0%),"Rio de Janeiro, Brazil","May. 17, 1996"
Antonio Carlos Junior,"""Cara de Sapato""",Middleweight Division,11-5-0 (W-L-D),0,9,0,42%,80%,23,55,,5,1.12,2.92,40%,0.00,3.65,2.19,73%,06:51,15(65%),6(26%),2(9%),12(52%),6(26%),5(22%),0(0%),2(18%),9(82%),"Joao Pessoa, Brazil","Dec. 20, 2014"
Spike Carlyle,"""The Alpha Ginger""",Featherweight Division,9-3-0 (W-L-D),5,3,0,54%,37%,80,148,,19,2.55,3.34,30%,0.00,3.85,0.48,57%,10:28,33(41%),9(11%),38(48%),67(84%),5(6%),8(10%),5(56%),1(11%),3(33%),"San Diego, United States","Feb. 11, 2025"
Francis Carmont,"""Limitless""",Middleweight Division,22-10-0 (W-L-D),0,0,0,42%,37%,280,661,,41,2.22,1.79,59%,0.12,1.64,0.60,73%,11:20,159(57%),52(19%),69(25%),171(61%),62(22%),47(17%),6(27%),6(27%),10(45%),France,"Oct. 29, 2011"
Liz Carmouche,"""Girlrilla""",Women's Flyweight Division,13-7-0 (W-L-D),6,2,0,54%,52%,536,990,22,64,2.78,2.57,62%,0.00,2.51,0.31,66%,13:46,271(51%),94(18%),171(32%),263(49%),84(16%),189(35%),6(46%),5(38%),2(15%),"Lafayette, United States","Feb. 23, 2013"
Roan Carneiro,"""Jucao""",Welterweight Division,21-11-0 (W-L-D),0,0,0,47%,42%,136,290,,45,1.46,3.05,63%,0.00,1.82,1.45,83%,09:20,64(47%),25(18%),47(35%),99(73%),18(13%),19(14%),0(0%),0(0%),0(0%),"Rio De Janeiro, Brazil","Apr. 5, 2007"
Ariane Carnelossi,"""Sorriso""",Women's Strawweight Division,15-3-0 (W-L-D),9,2,4,40%,56%,157,395,,9,2.87,1.37,45%,0.00,4.74,0.27,14%,10:55,112(71%),30(19%),15(10%),112(71%),20(13%),25(16%),9(64%),3(21%),2(14%),"Álvares Machado, Brazil","Sep. 21, 2019"
Luana Carolina,"""Dread""",Women's Flyweight Division,11-4-0 (W-L-D),3,1,2,51%,38%,641,1263,,8,4.81,0.34,51%,0.11,3.54,0.56,74%,13:19,442(69%),149(23%),50(8%),339(53%),201(31%),101(16%),3(27%),7(64%),1(9%),Brazil,"May. 11, 2019"
Tim Caron,"""The Bear""",Middleweight Division,9-2-0 (W-L-D),0,0,0,50%,0%,8,16,,2,0.59,0.00,13%,0.00,6.90,0.00,N/A,13:37,5(63%),3(38%),0(0%),3(38%),4(50%),1(13%),0(0%),0(0%),0(0%),"Manchester, United States","Feb. 11, 2025"
Clayton Carpenter,None,Flyweight Division,8-1-0 (W-L-D),2,4,4,55%,46%,158,287,,13,3.91,2.23,55%,0.00,2.75,1.48,43%,10:06,104(66%),10(6%),44(28%),97(61%),20(13%),41(26%),2(25%),2(25%),4(50%),United States,"Feb. 18, 2023"
Cain Carrizosa,"""The Insane""",Lightweight Division,6-2-0 (W-L-D),0,0,0,42%,0%,44,104,,5,2.72,0.00,51%,0.93,5.80,0.00,14%,08:06,42(95%),2(5%),0(0%),35(80%),8(18%),1(2%),2(33%),2(33%),2(33%),United States,"Aug. 30, 2014"
Shonie Carter,"""Mr. International""",Welterweight Division,66-14-7 (W-L-D),0,0,0,36%,67%,65,180,,3,1.62,0.75,47%,0.75,2.32,0.00,75%,08:27,45(69%),15(23%),5(8%),18(28%),16(25%),31(48%),0(0%),0(0%),0(0%),United States,"Mar. 10, 2000"
Jack Cartwright,None,Bantamweight Division,0-1-0 (W-L-D),0,0,0,39%,67%,12,31,,9,0.80,6.00,30%,0.00,3.33,2.00,N/A,15:00,8(67%),1(8%),3(25%),8(67%),3(25%),1(8%),0(0%),0(0%),0(0%),"Bolton, United Kingdom","Feb. 11, 2025"
Antonio Carvalho,"""Pato""",Featherweight Division,15-6-0 (W-L-D),0,0,0,29%,0%,104,353,,3,3.03,0.00,65%,0.44,3.62,0.00,100%,08:34,92(88%),7(7%),5(5%),45(43%),9(9%),50(48%),0(0%),0(0%),0(0%),Canada,"Jan. 14, 2012"
Shane Carwin,None,Heavyweight Division,12-2-0 (W-L-D),0,0,0,47%,33%,139,294,,9,4.38,1.42,54%,1.89,3.53,0.00,43%,04:32,29(21%),41(29%),69(50%),115(83%),4(3%),20(14%),0(0%),0(0%),0(0%),"Greeley, United States","May. 24, 2008"
Johnny Case,"""Hollywood""",Lightweight Division,22-6-0 (W-L-D),0,0,0,39%,45%,313,806,9,20,3.95,1.70,61%,0.38,2.66,0.19,73%,13:12,233(74%),19(6%),61(19%),187(60%),69(22%),57(18%),15(68%),4(18%),3(14%),"Jefferson, United States","Sep. 20, 2014"
Kevin Casey,"""King""",Middleweight Division,9-5-1 (W-L-D),0,0,0,54%,22%,172,321,,18,2.27,0.79,46%,0.20,3.76,0.40,27%,08:36,91(53%),20(12%),61(35%),104(60%),39(23%),29(17%),4(40%),3(30%),3(30%),United States,"Apr. 14, 2013"
Cortney Casey,"""Cast Iron""",Women's Flyweight Division,10-10-0 (W-L-D),3,4,7,39%,31%,816,2085,3,16,4.29,0.39,55%,0.00,4.00,0.47,40%,12:41,640(78%),95(12%),81(10%),558(68%),87(11%),171(21%),3(21%),7(50%),4(29%),"Tucson, United States","Jul. 18, 2015"
Duane Cason,None,Heavyweight Division,0-0-0 (W-L-D),0,0,0,N/A,N/A,0,0,0,0,N/A,N/A,N/A,N/A,N/A,N/A,N/A,N/A,N/A,N/A,N/A,N/A,N/A,N/A,0(0%),0(0%),0(0%),"Fayetteville, United States","Oct. 17, 1997"
John Castaneda,"""Sexi Mexi""",Bantamweight Division,21-7-0 (W-L-D),8,6,7,50%,35%,471,934,,34,4.67,1.79,54%,0.60,5.22,0.15,71%,12:36,412(87%),31(7%),28(6%),275(58%),73(15%),123(26%),8(38%),7(33%),6(29%),"Dallas, United States","Aug. 1, 2017"
Gil Castillo,None,Welterweight Division,17-2-0 (W-L-D),0,0,0,45%,45%,27,60,,22,0.60,3.33,44%,0.00,2.22,0.00,50%,15:00,13(48%),2(7%),12(44%),22(81%),3(11%),2(7%),0(0%),0(0%),0(0%),"Pittsburgh, United States","Sep. 28, 2001"
Danny Castillo,"""Last Call""",Lightweight Division,17-10-0 (W-L-D),0,0,0,42%,39%,614,1458,,122,2.57,2.95,63%,0.19,1.96,0.19,64%,10:53,317(52%),110(18%),187(30%),391(64%),99(16%),124(20%),0(0%),0(0%),0(0%),United States,"Mar. 4, 2011"
Nick Catone,"""The Jersey Devil""",Middleweight Division,10-4-0 (W-L-D),0,0,0,45%,44%,196,439,,52,2.11,3.71,63%,0.00,2.32,0.48,83%,11:37,82(42%),47(24%),67(34%),125(64%),35(18%),36(18%),0(0%),0(0%),0(0%),"Englewood, United States","Feb. 7, 2009"
Luke Caudillo,"""Lil' Hulk""",Lightweight Division,15-8-0 (W-L-D),0,0,0,24%,0%,34,141,,2,1.75,0.00,55%,0.77,8.98,0.00,86%,09:45,29(85%),5(15%),0(0%),22(65%),8(24%),4(12%),0(0%),0(0%),0(0%),"North Platte, United States","Jun. 12, 2007"
Rafael Cavalcante,"""Feijao""",Light Heavyweight Division,12-7-0 (W-L-D),0,0,0,53%,40%,269,504,,10,2.71,0.60,50%,1.36,3.62,0.15,64%,07:13,120(45%),101(38%),48(18%),187(70%),46(17%),36(13%),12(100%),0(0%),0(0%),Brazil,"May. 20, 2012"
Jacqueline Cavalcanti,None,Women's Bantamweight Division,8-1-0 (W-L-D),3,0,2,50%,0%,271,546,,1,6.02,0.00,72%,0.00,3.22,0.00,91%,15:00,255(94%),16(6%),0(0%),120(44%),43(16%),108(40%),3(30%),7(70%),0(0%),Brazil,"Sep. 2, 2023"
Magnus Cedenblad,"""Jycken""",Middleweight Division,14-5-0 (W-L-D),0,0,0,51%,64%,112,219,9,14,2.38,2.87,40%,0.32,3.02,0.96,67%,07:51,67(60%),23(21%),22(20%),70(63%),25(22%),17(15%),7(50%),3(21%),4(29%),"Stockholm, Sweden","Apr. 14, 2012"
Yosdenis Cedeno,"""The Pink Panther""",Lightweight Division,10-5-0 (W-L-D),0,0,0,30%,0%,82,274,,2,1.64,0.00,67%,0.30,1.60,0.30,31%,12:30,63(77%),8(10%),11(13%),33(40%),13(16%),36(44%),7(70%),3(30%),0(0%),Cuba,"Feb. 11, 2025"
Henry Cejudo,"""Triple C""",Bantamweight Division,16-4-0 (W-L-D),8,0,5,47%,32%,711,1520,19,77,3.77,1.99,60%,0.40,3.29,0.16,76%,13:28,460(65%),150(21%),101(14%),384(54%),218(31%),109(15%),8(50%),8(50%),0(0%),"Los Angeles, United States","Dec. 13, 2014"
Adam Cella,None,Middleweight Division,4-1-0 (W-L-D),0,0,0,42%,75%,44,104,,8,1.91,3.92,51%,0.00,2.61,1.31,50%,07:40,17(39%),8(18%),19(43%),31(70%),8(18%),5(11%),0(0%),0(0%),0(0%),"St. Louis, United States","Apr. 6, 2013"
Vinicius Cenci,None,Lightweight Division,0-1-0 (W-L-D),0,0,0,48%,50%,27,56,,2,2.90,1.61,62%,0.00,2.69,0.00,N/A,09:18,22(81%),5(19%),0(0%),13(48%),12(44%),2(7%),0(0%),0(0%),0(0%),None,"Feb. 11, 2025"
Katlyn Cerminara,"""Blonde Fighter""",Women's Flyweight Division,18-6-0 (W-L-D),2,1,2,35%,16%,1104,3159,,32,4.58,0.31,62%,0.06,4.48,0.31,50%,14:10,960(87%),86(8%),58(5%),677(61%),269(24%),158(14%),2(11%),15(83%),1(6%),"Quakertown, United States","Jul. 14, 2016"
Rafael Cerqueira,"""The Lion""",Light Heavyweight Division,11-1-0 (W-L-D),8,2,8,100%,N/A,1,1,0,0,1.18,0.00,22%,0.00,32.94,0.00,N/A,00:51,1(100%),0(0%),0(0%),0(0%),0(0%),1(100%),8(73%),1(9%),2(18%),"Salvador, Brazil","Oct. 26, 2024"
Alberta Cerra,None,None,None,0,0,0,N/A,N/A,0,0,0,0,N/A,N/A,N/A,N/A,N/A,N/A,N/A,N/A,N/A,N/A,N/A,N/A,N/A,N/A,0(0%),0(0%),0(0%),United States,"Feb. 11, 2025"
Donald Cerrone,"""Cowboy""",Welterweight Division,36-17-0 (W-L-D),10,17,15,47%,33%,2046,4392,20,109,4.41,1.16,53%,0.81,4.48,1.16,74%,09:40,1703(83%),190(9%),153(7%),1052(51%),512(25%),482(24%),10(28%),9(25%),17(47%),"Denver, United States","Feb. 5, 2011"
Luan Chagas,"""Tarzan""",Welterweight Division,15-2-1 (W-L-D),0,0,0,47%,13%,193,410,1,8,4.16,0.32,62%,1.29,3.19,0.32,86%,11:36,169(88%),9(5%),15(8%),129(67%),23(12%),41(21%),6(40%),0(0%),9(60%),"Naviraí, Brazil","May. 15, 2016"
Edgar Chairez,"""Puro Chicali""",Flyweight Division,11-6-0 (W-L-D),4,7,8,45%,0%,176,387,,2,3.45,0.00,42%,0.29,5.21,1.47,33%,10:13,171(97%),2(1%),3(2%),94(53%),28(16%),54(31%),4(36%),0(0%),7(64%),"Baja California, Mexico","Jul. 8, 2023"
Ansar Chalangov,None,Welterweight Division,7-2-0 (W-L-D),0,0,0,67%,0%,4,6,,2,0.68,0.00,55%,0.00,1.69,7.63,N/A,02:57,2(50%),1(25%),1(25%),3(75%),0(0%),1(25%),0(0%),0(0%),0(0%),Russia,"Nov. 19, 2005"
Alex Chambers,"""Astro Girl""",Women's Strawweight Division,5-4-0 (W-L-D),0,0,0,54%,41%,135,250,7,17,2.97,2.31,51%,0.00,5.10,0.99,53%,09:06,88(65%),32(24%),15(11%),78(58%),29(21%),28(21%),4(67%),1(17%),1(17%),"Sydney, Australia","Dec. 12, 2014"
Chelsea Chandler,None,Women's Bantamweight Division,6-3-0 (W-L-D),2,1,2,45%,60%,174,385,,5,3.53,0.91,42%,0.00,4.06,0.00,33%,12:19,102(59%),38(22%),34(20%),122(70%),48(28%),4(2%),2(33%),3(50%),1(17%),"Stockton, United States","Oct. 1, 2022"
Michael Chandler,"""Iron""",Lightweight Division,23-9-0 (W-L-D),11,7,13,50%,37%,423,843,1,27,4.49,1.59,43%,0.48,4.30,0.64,63%,09:18,278(66%),21(5%),124(29%),299(71%),80(19%),44(10%),11(48%),5(22%),7(30%),"High Ridge, United States","Jan. 23, 2021"
Donnie Chappell,None,Lightweight Division,0-0-0 (W-L-D),0,0,0,N/A,N/A,0,0,0,0,N/A,N/A,N/A,N/A,N/A,N/A,N/A,N/A,N/A,N/A,N/A,N/A,N/A,N/A,0(0%),0(0%),0(0%),United States,"Jul. 27, 1997"
Joe Charles,None,Heavyweight Division,0-0-0 (W-L-D),0,0,0,N/A,N/A,0,0,0,0,N/A,N/A,N/A,N/A,N/A,N/A,N/A,N/A,N/A,N/A,N/A,N/A,N/A,N/A,0(0%),0(0%),0(0%),"Culver City, United States","Dec. 16, 1994"
Morgan Charriere,"""The Last Pirate""",Featherweight Division,20-10-1 (W-L-D),12,3,8,52%,57%,94,181,,7,3.87,2.47,58%,1.23,3.74,0.62,83%,08:06,80(85%),7(7%),7(7%),61(65%),24(26%),9(10%),12(60%),5(25%),3(15%),"Poissy, France","Sep. 2, 2023"
Danny Chavez,"""The Colombian Warrior""",Featherweight Division,11-5-1 (W-L-D),3,0,3,39%,60%,132,342,6,10,2.86,1.95,51%,0.00,3.83,0.00,88%,11:33,109(83%),11(8%),12(9%),73(55%),20(15%),39(30%),3(27%),8(73%),0(0%),"Queens, United States","Aug. 15, 2020"
Ernest Chavez,"""The Mad Titan""",Lightweight Division,8-2-0 (W-L-D),0,0,0,41%,33%,94,231,,6,2.79,0.89,59%,0.00,3.89,0.00,50%,11:14,81(86%),12(13%),1(1%),51(54%),17(18%),26(28%),4(50%),4(50%),0(0%),"Brawley, United States","Feb. 22, 2014"
Gabriel Checco,"""Zangief""",Middleweight Division,10-2-0 (W-L-D),0,0,0,N/A,N/A,0,0,0,0,N/A,N/A,N/A,N/A,N/A,N/A,N/A,00:00,0(0%),0(0%),0(0%),0(0%),0(0%),0(0%),0(0%),0(0%),0(0%),Brazil,"Feb. 11, 2025"
Albert Cheng,None,Welterweight Division,2-4-0 (W-L-D),0,0,0,42%,0%,5,12,,1,1.00,0.00,71%,0.00,2.60,0.00,N/A,05:00,5(100%),0(0%),0(0%),4(80%),1(20%),0(0%),0(0%),1(50%),1(50%),"Toronto, Canada","Mar. 1, 2014"
Fabio Cherant,"""Water Buffalo""",Light Heavyweight Division,7-4-0 (W-L-D),0,5,0,40%,N/A,35,87,0,0,1.35,0.00,38%,0.00,4.89,0.00,N/A,06:29,35(100%),0(0%),0(0%),15(43%),18(51%),2(6%),0(0%),2(29%),5(71%),"Brooklyn, United States","Mar. 27, 2021"
Mark Cherico,"""The Pride of Bloomfield""",Featherweight Division,11-2-0 (W-L-D),0,0,0,34%,50%,11,32,,2,3.69,5.03,56%,0.00,7.37,0.00,N/A,02:59,7(64%),4(36%),0(0%),8(73%),2(18%),1(9%),3(27%),3(27%),5(45%),"Pittsburgh, United States","Aug. 22, 2017"
Macy Chiasson,None,Women's Bantamweight Division,11-3-0 (W-L-D),3,3,3,46%,39%,406,880,,44,3.77,2.37,44%,0.28,2.79,0.42,70%,09:47,192(47%),120(30%),94(23%),231(57%),138(34%),37(9%),3(30%),4(40%),3(30%),United States,"Nov. 30, 2018"
Michael Chiesa,"""Maverick""",Welterweight Division,20-7-0 (W-L-D),0,13,6,40%,49%,337,845,17,84,1.81,3.30,55%,0.08,1.66,1.05,62%,09:20,197(58%),45(13%),95(28%),252(75%),63(19%),22(7%),0(0%),7(35%),13(65%),"Aurora, United States","Jun. 2, 2012"
Giga Chikadze,"""Ninja""",Featherweight Division,15-4-0 (W-L-D),9,1,9,42%,33%,572,1348,1,6,3.92,0.21,61%,0.62,3.50,0.21,70%,13:15,513(90%),11(2%),48(8%),342(60%),144(25%),86(15%),9(60%),5(33%),1(7%),"Tbilisi, Georgia","Sep. 28, 2019"
Khamzat Chimaev,"""Borz""",Middleweight Division,14-0-0 (W-L-D),6,6,9,59%,47%,261,443,4,30,5.36,4.31,42%,0.62,3.25,2.77,100%,06:05,113(43%),11(4%),137(52%),221(85%),20(8%),20(8%),6(43%),2(14%),6(43%),None,"Jul. 15, 2020"
Sako Chivitchian,"""The Psycho""",Lightweight Division,5-1-0 (W-L-D),0,0,0,27%,0%,36,132,,1,2.40,0.00,47%,0.00,4.80,0.00,100%,15:00,25(69%),11(31%),0(0%),26(72%),6(17%),4(11%),0(0%),0(0%),0(0%),Armenia,"Dec. 5, 2010"
Seungwoo Choi,"""Sting""",Featherweight Division,11-7-0 (W-L-D),6,0,4,39%,55%,368,943,2,11,3.51,0.86,47%,0.72,3.12,0.00,70%,10:29,254(69%),67(18%),47(13%),226(61%),83(23%),59(16%),6(60%),4(40%),0(0%),"Gangneung, South Korea","Apr. 20, 2019"
SeungGuk Choi,None,Flyweight Division,7-3-0 (W-L-D),2,0,2,43%,28%,197,462,,18,2.69,1.02,66%,0.21,2.69,0.00,74%,14:38,170(86%),7(4%),20(10%),108(55%),25(13%),64(32%),2(33%),4(67%),0(0%),South Korea,"Jun. 9, 2022"
Dooho Choi,"""The Korean Superboy""",Featherweight Division,16-4-1 (W-L-D),13,1,8,56%,54%,344,610,1,13,4.67,1.43,56%,0.81,4.02,0.61,48%,08:11,257(75%),36(10%),51(15%),233(68%),64(19%),47(14%),13(81%),2(13%),1(6%),South Korea,"Nov. 22, 2014"
DongHun Choi,None,Flyweight Division,3-0-0 (W-L-D),3,0,0,66%,14%,148,223,,7,4.54,0.46,59%,0.92,3.13,0.00,82%,10:52,142(96%),5(3%),1(1%),63(43%),25(17%),60(41%),3(38%),5(63%),0(0%),South Korea,"Nov. 23, 2024"
John Cholish,None,Lightweight Division,8-3-0 (W-L-D),0,0,0,50%,31%,109,220,,16,2.65,1.82,73%,0.00,2.29,0.36,79%,10:17,78(72%),9(8%),22(20%),70(64%),16(15%),23(21%),0(0%),0(0%),0(0%),"Hackettstown, United States","Dec. 10, 2011"
Ryo Chonan,"""Piranha""",Welterweight Division,15-10-0 (W-L-D),0,0,0,38%,50%,152,401,,4,2.53,0.50,61%,0.00,6.48,0.00,39%,15:00,99(65%),20(13%),33(22%),84(55%),41(27%),27(18%),0(0%),0(0%),0(0%),"Yamagata City, Japan","Nov. 17, 2007"
Will Chope,"""The Kill""",Featherweight Division,19-6-0 (W-L-D),0,0,0,27%,0%,33,121,,5,4.43,0.00,47%,0.00,9.93,0.00,N/A,07:27,28(85%),5(15%),0(0%),23(70%),2(6%),8(24%),5(26%),3(16%),11(58%),"Sacramento, United States","Jan. 4, 2014"
Joachim Christensen,None,Light Heavyweight Division,14-6-0 (W-L-D),0,0,0,41%,0%,93,225,,2,3.78,0.00,46%,1.22,3.29,0.00,N/A,06:10,49(53%),26(28%),18(19%),68(73%),19(20%),6(6%),5(36%),4(29%),5(36%),"Copenhagen, Denmark","Oct. 2, 2016"
Kevin Christian,None,Light Heavyweight Division,1-0-0 (W-L-D),0,0,0,35%,N/A,7,20,0,0,0.75,0.00,55%,0.00,1.83,3.23,50%,09:17,6(86%),0(0%),1(14%),4(57%),1(14%),2(29%),0(0%),0(0%),0(0%),None,"Feb. 11, 2025"
Dan Christison,"""The Sandman""",Heavyweight Division,8-5-0 (W-L-D),0,0,0,52%,N/A,121,233,0,0,4.23,0.00,55%,0.00,3.88,1.05,38%,14:19,78(64%),36(30%),7(6%),65(54%),18(15%),38(31%),0(0%),0(0%),0(0%),"Los Angeles, United States","Apr. 6, 2006"
Anthony Christodoulou,None,Lightweight Division,12-6-0 (W-L-D),0,0,0,27%,0%,40,150,,1,2.19,0.00,45%,0.00,5.90,0.00,40%,09:09,33(83%),7(18%),0(0%),29(73%),6(15%),5(13%),4(33%),4(33%),4(33%),United States,"Jan. 24, 2015"
Yui Chul Nam,"""The Korean Bulldozer""",Featherweight Division,18-6-1 (W-L-D),0,0,0,51%,16%,159,310,,25,3.53,1.33,48%,1.00,2.00,0.33,57%,15:00,43(27%),81(51%),35(22%),107(67%),37(23%),15(9%),8(44%),9(50%),1(6%),South Korea,"Mar. 1, 2014"
Cameron Church,None,Lightweight Division,0-1-0 (W-L-D),0,0,0,40%,N/A,60,149,0,0,4.00,0.00,50%,0.00,4.93,1.00,60%,15:00,57(95%),3(5%),0(0%),33(55%),15(25%),12(20%),0(0%),0(0%),0(0%),"Tracy, United States","Feb. 11, 2025"
Mike Ciesnolevicz,"""Mike C""",Light Heavyweight Division,18-4-1 (W-L-D),0,0,0,50%,0%,3,6,,2,0.51,0.00,58%,0.00,4.62,5.13,20%,02:56,3(100%),0(0%),0(0%),3(100%),0(0%),0(0%),0(0%),0(0%),0(0%),"Harrisburg, United States","Feb. 21, 2009"
Hannah Cifers,"""Shockwave""",Women's Strawweight Division,10-7-0 (W-L-D),5,0,0,45%,100%,291,654,,1,4.99,0.26,53%,0.51,5.39,0.26,65%,08:20,215(74%),65(22%),11(4%),128(44%),90(31%),73(25%),5(50%),5(50%),0(0%),"Oxford, United States","Nov. 10, 2018"
Misha Cirkunov,None,Light Heavyweight Division,15-9-0 (W-L-D),5,8,11,52%,40%,237,457,9,43,3.86,4.15,58%,0.00,3.06,1.71,77%,04:44,135(57%),52(22%),50(21%),153(65%),57(24%),27(11%),5(33%),2(13%),8(53%),"Riga, Latvia","Aug. 23, 2015"
Jessica-Rose Clark,None,Women's Bantamweight Division,11-9-0 (W-L-D),3,2,0,52%,43%,403,781,4,28,3.73,1.66,58%,0.00,3.51,0.28,63%,12:01,286(71%),52(13%),65(16%),266(66%),63(16%),74(18%),3(27%),6(55%),2(18%),Australia,"Nov. 18, 2017"
Heather Jo Clark,"""Hurricane""",Women's Strawweight Division,7-6-0 (W-L-D),0,0,0,49%,4%,166,338,1,24,3.69,0.33,51%,0.00,5.62,0.33,80%,15:00,116(70%),44(27%),6(4%),96(58%),48(29%),22(13%),2(29%),2(29%),3(43%),"Los Angeles, United States","Dec. 12, 2014"
Devin Clark,"""Brown Bear""",Light Heavyweight Division,14-9-0 (W-L-D),4,1,2,54%,33%,588,1085,13,85,3.03,2.17,44%,0.23,3.24,0.08,59%,11:24,306(52%),182(31%),100(17%),328(56%),160(27%),100(17%),4(31%),8(62%),1(8%),"Sioux Falls, United States","Jul. 14, 2016"
Logan Clark,"""The Pink Pounder""",Middleweight Division,9-0-0 (W-L-D),0,0,0,55%,100%,108,197,,1,2.20,0.31,54%,0.00,1.49,2.14,31%,12:15,14(13%),41(38%),53(49%),80(74%),25(23%),3(3%),0(0%),0(0%),0(0%),"Rochester, United States","Dec. 13, 2006"
Laverne Clark,None,Welterweight Division,0-0-0 (W-L-D),0,0,0,N/A,N/A,0,0,0,0,N/A,N/A,N/A,N/A,N/A,N/A,N/A,N/A,N/A,N/A,N/A,N/A,N/A,N/A,0(0%),0(0%),0(0%),"Davenport, United States","Mar. 13, 1998"
Mitch Clarke,"""Danger Zone""",Lightweight Division,11-5-0 (W-L-D),0,0,0,34%,15%,166,488,3,20,2.35,0.64,48%,0.00,3.27,0.43,50%,10:05,124(75%),38(23%),4(2%),82(49%),31(19%),53(32%),1(9%),3(27%),7(64%),"Saskatoon, Canada","Dec. 10, 2011"
Rich Clementi,"""No Love""",Lightweight Division,40-14-1 (W-L-D),0,0,0,37%,42%,171,459,,33,1.56,1.92,61%,0.00,2.56,1.10,26%,10:57,117(68%),31(18%),23(13%),95(56%),27(16%),49(29%),0(0%),0(0%),0(0%),"Edison, United States","Feb. 28, 2003"
Chris Clements,"""The Menace""",Welterweight Division,12-5-0 (W-L-D),0,0,0,50%,0%,165,331,,2,3.20,0.00,45%,0.58,2.37,0.29,32%,10:19,108(65%),39(24%),18(11%),77(47%),46(28%),42(25%),11(92%),1(8%),0(0%),Canada,"Apr. 21, 2012"
Mark Climaco,None,Flyweight Division,1-1-0 (W-L-D),0,0,0,60%,37%,124,207,,19,4.13,3.50,58%,0.50,2.90,0.00,47%,15:00,100(81%),21(17%),3(2%),48(39%),27(22%),49(40%),0(0%),0(0%),0(0%),"Hayward, United States","Feb. 11, 2025"
Josh Clopton,"""The Gentleman""",Featherweight Division,6-2-1 (W-L-D),0,0,0,64%,67%,48,75,,6,1.60,2.00,50%,0.00,2.87,0.00,75%,15:00,20(42%),20(42%),8(17%),22(46%),14(29%),12(25%),0(0%),0(0%),0(0%),United States,"Dec. 4, 2011"
Brian Cobb,"""The Bandit""",Lightweight Division,15-5-0 (W-L-D),0,0,0,0%,50%,0,13,,4,0.00,5.81,56%,0.00,3.68,0.00,N/A,05:10,0(0%),0(0%),0(0%),0(0%),0(0%),0(0%),0(0%),0(0%),0(0%),"Bakersfield, United States","Feb. 21, 2009"
John Cofer,None,Lightweight Division,7-4-0 (W-L-D),0,0,0,42%,50%,67,160,,4,2.73,1.22,62%,0.00,3.43,0.00,64%,12:15,51(76%),12(18%),4(6%),39(58%),20(30%),8(12%),0(0%),0(0%),0(0%),"Savannah, United States","Jun. 2, 2012"
Felipe Colares,"""Cabocao""",Featherweight Division,10-4-0 (W-L-D),2,5,0,45%,24%,191,422,3,45,2.17,1.88,37%,0.00,4.65,0.51,43%,14:40,147(77%),20(10%),24(13%),116(61%),61(32%),14(7%),2(20%),3(30%),5(50%),"Macapá, Brazil","Feb. 2, 2019"
Coltin Cole,"""The Truth""",None,None,0,0,0,N/A,N/A,0,0,0,0,N/A,N/A,N/A,N/A,N/A,N/A,N/A,N/A,N/A,N/A,N/A,N/A,N/A,N/A,0(0%),0(0%),0(0%),None,"Feb. 11, 2025"
Chandler Cole,None,Heavyweight Division,0-1-0 (W-L-D),0,0,0,60%,0%,15,25,,1,2.45,0.00,27%,0.00,3.59,0.00,N/A,06:08,15(100%),0(0%),0(0%),4(27%),5(33%),6(40%),0(0%),0(0%),0(0%),None,"Feb. 11, 2025"
Mark Coleman,"""The Hammer""",Light Heavyweight Division,16-10-0 (W-L-D),0,0,0,53%,40%,145,274,,50,1.88,3.89,40%,0.00,2.62,0.78,50%,07:00,36(25%),10(7%),99(68%),106(73%),34(23%),5(3%),0(0%),0(0%),0(0%),"Fremont, United States","Jul. 12, 1996"
Clay Collard,"""Cassius""",Featherweight Division,14-7-0 (W-L-D),10,3,0,32%,39%,248,770,11,28,4.22,2.81,51%,0.51,5.00,0.51,71%,14:42,184(74%),39(16%),25(10%),147(59%),51(21%),50(20%),10(56%),5(28%),3(17%),"Payson, United States","Aug. 23, 2014"
Jamie Colleen,None,Women's Strawweight Division,4-2-0 (W-L-D),0,0,0,62%,33%,90,146,,3,3.11,0.52,33%,0.00,5.66,1.55,50%,14:29,48(53%),33(37%),9(10%),41(46%),44(49%),5(6%),3(75%),0(0%),1(25%),"Huntington, United States","Aug. 15, 2017"
Jake Collier,"""The Prototype""",Heavyweight Division,13-10-0 (W-L-D),5,4,7,44%,33%,862,1947,3,21,5.80,0.71,51%,0.30,5.08,0.61,68%,10:36,738(86%),94(11%),30(3%),574(67%),169(20%),119(14%),5(38%),4(31%),4(31%),"St. Louis, United States","Dec. 20, 2014"
Christian Colombo,"""Godzilla""",Heavyweight Division,8-3-1 (W-L-D),0,0,0,45%,0%,81,181,,1,2.76,0.00,42%,0.00,4.02,0.00,33%,09:47,40(49%),39(48%),2(2%),51(63%),21(26%),9(11%),6(75%),2(25%),0(0%),"Copenhagen, Denmark","Sep. 3, 2016"
Wes Combs,"""The Soldier""",Light Heavyweight Division,12-2-0 (W-L-D),0,0,0,48%,N/A,14,29,0,0,2.14,0.00,46%,0.00,4.73,0.00,N/A,03:17,12(86%),2(14%),0(0%),3(21%),1(7%),10(71%),0(0%),0(0%),0(0%),"Rancho Cucamonga, United States","Jun. 24, 2006"
Carlos Condit,"""The Natural Born Killer""",Welterweight Division,32-14-0 (W-L-D),15,13,0,39%,46%,1113,2849,7,26,3.66,0.59,55%,0.39,2.67,0.99,39%,12:10,839(75%),107(10%),167(15%),623(56%),234(21%),256(23%),15(47%),4(13%),13(41%),"Albuquerque, United States","Apr. 1, 2009"
Chris Condo,None,Heavyweight Division,0-0-0 (W-L-D),0,0,0,N/A,N/A,0,0,0,0,N/A,N/A,N/A,N/A,N/A,N/A,N/A,N/A,N/A,N/A,N/A,N/A,N/A,N/A,0(0%),0(0%),0(0%),United States,"May. 7, 1999"
Wang Cong,"""The Joker""",Women's Flyweight Division,7-1-0 (W-L-D),2,2,2,52%,75%,178,341,,4,6.38,1.61,62%,0.54,1.86,1.07,100%,06:59,158(89%),0(0%),20(11%),73(41%),46(26%),59(33%),2(29%),3(43%),2(29%),"Liaoning, China","Aug. 24, 2024"
Tristan Connelly,"""Boondock""",Featherweight Division,14-8-0 (W-L-D),4,9,8,51%,14%,149,292,,7,3.31,0.33,51%,0.00,2.96,0.33,60%,15:00,79(53%),39(26%),31(21%),109(73%),22(15%),18(12%),4(29%),1(7%),9(64%),"Victoria, Canada","Feb. 11, 2025"
Marcos Conrado Junior,None,Heavyweight Division,0-0-0 (W-L-D),0,0,0,34%,14%,13,38,,7,1.60,1.84,36%,0.00,9.69,0.00,N/A,08:09,13(100%),0(0%),0(0%),10(77%),2(15%),1(8%),0(0%),0(0%),0(0%),None,"Feb. 11, 2025"
Bob Cook,None,Lightweight Division,0-0-0 (W-L-D),0,0,0,N/A,N/A,0,0,0,0,N/A,N/A,N/A,N/A,N/A,N/A,N/A,N/A,N/A,N/A,N/A,N/A,N/A,N/A,0(0%),0(0%),0(0%),"Fresno, United States","Mar. 10, 2000"
Amanda Cooper,"""ABC""",Women's Strawweight Division,4-5-0 (W-L-D),0,0,0,44%,38%,174,394,3,13,3.55,1.53,52%,0.00,3.20,1.83,29%,08:11,112(64%),7(4%),55(32%),134(77%),23(13%),17(10%),1(25%),1(25%),2(50%),"Lansing, United States","Jul. 9, 2016"
Chris Cope,"""C-Murder""",Welterweight Division,5-4-0 (W-L-D),0,0,0,26%,0%,87,330,,1,3.96,0.00,50%,0.00,4.82,0.00,80%,07:20,74(85%),13(15%),0(0%),37(43%),24(28%),26(30%),0(0%),0(0%),0(0%),"Carmel Valley, United States","Jun. 5, 2011"
Kit Cope,"""Havoc""",Welterweight Division,0-0-0 (W-L-D),0,0,0,53%,N/A,10,19,0,0,1.18,0.00,36%,0.00,2.12,3.53,50%,04:15,3(30%),5(50%),2(20%),7(70%),2(20%),1(10%),0(0%),0(0%),0(0%),"Mesa, United States","Nov. 5, 2005"
Josh Copeland,"""Cuddly Bear""",Heavyweight Division,9-2-0 (W-L-D),0,0,0,32%,N/A,29,92,0,0,1.03,0.00,55%,0.00,3.01,0.00,57%,14:06,19(66%),10(34%),0(0%),20(69%),8(28%),1(3%),3(33%),2(22%),4(44%),United States,"Nov. 22, 2014"
Michael Cora,None,Welterweight Division,4-2-0 (W-L-D),0,0,0,29%,N/A,12,42,0,0,0.80,0.00,67%,0.00,0.13,0.00,25%,15:00,2(17%),1(8%),9(75%),12(100%),0(0%),0(0%),4(100%),0(0%),0(0%),"New York, United States","Jul. 18, 2017"
Akira Corassani,None,Featherweight Division,14-7-1 (W-L-D),0,0,0,45%,29%,139,307,,7,3.25,0.70,50%,0.00,4.91,0.00,87%,07:07,121(87%),18(13%),0(0%),80(58%),28(20%),31(22%),1(8%),9(69%),3(23%),United States,"Sep. 29, 2012"
Cory Corbin,"""Hamma""",None,None,0,0,0,N/A,N/A,0,0,0,0,N/A,N/A,N/A,N/A,N/A,N/A,N/A,N/A,N/A,N/A,N/A,N/A,N/A,N/A,0(0%),0(0%),0(0%),None,"Feb. 11, 2025"
Daniel Cormier,"""DC""",Heavyweight Division,22-3-0 (W-L-D),10,5,0,53%,45%,1216,2310,17,78,4.25,1.83,55%,0.26,2.92,0.42,80%,12:27,722(59%),258(21%),236(19%),903(74%),168(14%),145(12%),10(45%),7(32%),5(23%),"Lafayette, United States","May. 20, 2012"
Nora Cornolle,None,Women's Bantamweight Division,8-2-0 (W-L-D),6,1,4,54%,11%,130,242,,9,3.41,0.39,62%,0.39,2.18,0.00,50%,12:42,77(59%),51(39%),2(2%),44(34%),47(36%),39(30%),6(75%),1(13%),1(13%),"Epinay sur Seine, France","Sep. 2, 2023"
Jonathan Correa,"""Puerto Rican Rambo""",None,None,0,0,0,N/A,N/A,0,0,0,0,N/A,N/A,N/A,N/A,N/A,N/A,N/A,N/A,N/A,N/A,N/A,N/A,N/A,N/A,0(0%),0(0%),0(0%),None,"Feb. 11, 2025"
Bethe Correia,"""Pitbull""",Women's Bantamweight Division,11-6-1 (W-L-D),2,0,0,44%,18%,664,1515,3,22,4.37,0.39,56%,0.00,4.93,0.00,86%,12:40,573(86%),87(13%),4(1%),381(57%),163(25%),120(18%),2(18%),9(82%),0(0%),"Campina Grande, Brazil","Dec. 7, 2013"
Wesley Correira,"""Cabbage""",Heavyweight Division,14-8-0 (W-L-D),0,0,0,41%,0%,65,160,,1,2.96,0.00,41%,0.68,10.33,0.00,91%,05:30,33(51%),31(48%),1(2%),57(88%),5(8%),3(5%),0(0%),0(0%),0(0%),"Hilo, United States","Sep. 27, 2002"
Waldo Cortes Acosta,"""Salsa Boy""",Heavyweight Division,12-1-0 (W-L-D),5,1,3,48%,60%,461,957,,5,5.64,0.55,53%,0.37,3.60,0.18,60%,11:40,390(85%),24(5%),47(10%),338(73%),76(16%),47(10%),5(45%),5(45%),1(9%),Dominican Republic,"Oct. 29, 2022"
Reyes Cortez,None,Bantamweight Division,0-2-0 (W-L-D),0,0,0,45%,11%,123,273,,27,4.10,1.50,53%,0.00,7.43,0.00,100%,15:00,105(85%),18(15%),0(0%),75(61%),27(22%),21(17%),0(0%),0(0%),0(0%),"Phoenix, United States","Feb. 11, 2025"
Tracy Cortez,None,Women's Flyweight Division,11-2-0 (W-L-D),1,1,0,48%,46%,428,896,,35,3.72,2.09,57%,0.00,3.02,0.26,62%,16:26,264(62%),49(11%),115(27%),250(58%),111(26%),67(16%),1(9%),9(82%),1(9%),"Phoenix, United States","Nov. 16, 2019"
Orion Cosce,"""Galaxy""",Welterweight Division,8-2-0 (W-L-D),6,1,4,53%,40%,130,244,2,15,2.77,1.92,44%,0.00,4.02,0.00,62%,11:45,56(43%),30(23%),44(34%),92(71%),24(18%),14(11%),6(86%),0(0%),1(14%),"Eureka, United States","Jul. 31, 2021"
Louis Cosce,None,Welterweight Division,7-2-0 (W-L-D),5,2,7,45%,20%,125,275,1,10,4.31,1.04,48%,1.04,5.35,0.52,50%,09:40,75(60%),17(14%),33(26%),94(75%),17(14%),14(11%),5(71%),0(0%),2(29%),"Arcata, United States","Nov. 21, 2020"
Alessandro Costa,"""Nono""",Flyweight Division,14-4-0 (W-L-D),4,6,8,48%,13%,227,476,,8,4.14,0.27,58%,0.82,3.50,0.00,91%,10:58,173(76%),23(10%),31(14%),126(56%),46(20%),55(24%),4(33%),2(17%),6(50%),"Manaus , Brazil","Dec. 17, 2022"
Melquizael Costa,"""Melk Cauthy""",Lightweight Division,21-7-0 (W-L-D),7,6,8,46%,35%,145,315,,20,3.46,2.50,58%,0.00,2.29,1.07,53%,10:29,124(86%),17(12%),4(3%),50(34%),65(45%),30(21%),7(37%),6(32%),6(32%),"Porto de Moz, Brazil","Jan. 21, 2023"
Randy Costa,"""The Zohan""",Bantamweight Division,6-4-0 (W-L-D),6,0,0,46%,0%,174,376,,1,6.53,0.00,58%,1.69,7.58,0.00,50%,04:26,155(89%),14(8%),5(3%),143(82%),27(16%),4(2%),6(100%),0(0%),0(0%),"Stoughton, United States","Apr. 13, 2019"
Paulo Costa,"""The Eraser""",Middleweight Division,14-4-0 (W-L-D),11,1,9,58%,75%,780,1337,,4,6.22,0.36,49%,0.48,6.56,0.00,80%,12:32,695(89%),40(5%),45(6%),361(46%),322(41%),97(12%),11(85%),1(8%),1(8%),"State of Minas Gerais, Brazil","Mar. 12, 2017"
Davi Costa,None,None,None,0,0,0,N/A,N/A,0,0,0,0,N/A,N/A,N/A,N/A,N/A,N/A,N/A,N/A,N/A,N/A,N/A,N/A,N/A,N/A,0(0%),0(0%),0(0%),None,"Feb. 11, 2025"
Oscar Cota,"""Elevation""",Heavyweight Division,10-2-0 (W-L-D),0,0,0,42%,N/A,5,12,0,0,0.33,0.00,41%,0.00,2.47,1.00,60%,15:00,2(40%),0(0%),3(60%),4(80%),0(0%),1(20%),0(0%),0(0%),0(0%),"Mexicali, Mexico","Feb. 11, 2025"
Patrick Cote,"""The Predator""",Welterweight Division,24-11-0 (W-L-D),0,0,0,48%,21%,683,1413,,53,2.81,0.68,49%,0.56,3.21,0.25,44%,10:08,413(60%),139(20%),131(19%),411(60%),109(16%),163(24%),0(0%),0(0%),0(0%),"Rimouski, Canada","Oct. 22, 2004"
J.C. Cottrell,"""Superstar""",Lightweight Division,17-5-0 (W-L-D),0,0,0,25%,100%,15,59,,1,0.79,0.79,45%,0.00,2.75,0.00,50%,09:27,15(100%),0(0%),0(0%),10(67%),1(7%),4(27%),2(12%),4(24%),11(65%),"Oklahoma City, United States","Jul. 24, 2016"
JR Coughran,None,Featherweight Division,4-1-0 (W-L-D),0,0,0,57%,N/A,85,149,0,0,12.29,0.00,46%,0.00,6.80,0.00,75%,06:55,85(100%),0(0%),0(0%),49(58%),22(26%),14(16%),0(0%),0(0%),0(0%),"Oklahoma City, United States","Feb. 11, 2025"
Rashad Coulter,"""Daywalker""",Light Heavyweight Division,9-4-0 (W-L-D),8,0,0,56%,0%,187,333,,3,4.82,0.00,51%,0.77,6.68,0.00,63%,07:46,128(68%),57(30%),2(1%),147(79%),32(17%),8(4%),8(100%),0(0%),0(0%),United States,"May. 14, 2017"
Ryan Couture,None,Lightweight Division,6-3-0 (W-L-D),0,0,0,32%,8%,74,232,,13,3.12,0.63,55%,0.00,14.02,0.00,47%,11:53,53(72%),21(28%),0(0%),27(36%),24(32%),23(31%),1(17%),3(50%),2(33%),"Seattle, United States","Mar. 4, 2012"
Randy Couture,"""The Natural""",Light Heavyweight Division,19-11-0 (W-L-D),0,0,0,58%,47%,708,1221,,98,2.85,2.78,59%,0.06,1.53,0.48,58%,12:25,206(29%),213(30%),289(41%),532(75%),83(12%),93(13%),0(0%),0(0%),0(0%),United States,"May. 30, 1997"
Colby Covington,"""Chaos""",Welterweight Division,17-5-0 (W-L-D),4,4,3,38%,43%,1099,2856,48,164,3.81,3.64,55%,0.05,3.09,0.16,69%,16:57,876(80%),107(10%),116(11%),763(69%),174(16%),162(15%),4(24%),9(53%),4(24%),United States,"Aug. 23, 2014"
Hailey Cowan,"""All Hail """,Women's Bantamweight Division,7-3-0 (W-L-D),2,2,1,42%,33%,89,211,2,9,2.97,1.50,34%,0.00,3.17,0.00,80%,15:00,51(57%),26(29%),12(13%),52(58%),33(37%),4(4%),2(29%),3(43%),2(29%),"Hewitt, United States","Feb. 25, 2023"
Jeff Cox,"""The Grinder""",Lightweight Division,14-5-0 (W-L-D),0,0,0,25%,50%,2,8,,2,0.56,4.23,33%,0.00,1.69,0.00,80%,01:47,0(0%),2(100%),0(0%),0(0%),0(0%),2(100%),0(0%),0(0%),0(0%),"Cleveland, United States","Jun. 12, 2007"
Nathan Coy,"""Soulforce""",Welterweight Division,15-7-0 (W-L-D),0,0,0,52%,47%,165,317,5,19,3.88,3.17,62%,0.00,2.40,0.00,50%,07:23,100(61%),37(22%),28(17%),70(42%),47(28%),48(29%),3(20%),8(53%),4(27%),United States,"Dec. 10, 2015"
Andrew Craig,"""Highlight""",Middleweight Division,9-4-0 (W-L-D),0,0,0,40%,38%,205,512,,8,2.39,0.53,51%,0.35,3.01,0.00,72%,12:14,150(73%),26(13%),29(14%),142(69%),28(14%),35(17%),3(33%),5(56%),1(11%),United States,"Mar. 3, 2012"
Paul Craig,"""BearJew""",Middleweight Division,17-9-1 (W-L-D),4,13,11,45%,21%,398,887,3,77,2.52,1.52,43%,0.09,3.03,1.42,38%,08:20,264(66%),54(14%),80(20%),204(51%),121(30%),73(18%),4(24%),0(0%),13(76%),"Airdrie, Scotland","Dec. 18, 2016"
Dan Cramer,None,Welterweight Division,1-1-0 (W-L-D),0,0,0,30%,0%,29,96,,2,0.97,0.00,32%,0.00,2.10,0.50,67%,15:00,3(10%),3(10%),23(79%),26(90%),2(7%),1(3%),0(0%),0(0%),0(0%),"Stamford, United States","Jan. 31, 2009"
Alberto Crane,None,Lightweight Division,8-2-0 (W-L-D),0,0,0,25%,0%,8,32,,11,0.43,0.00,57%,0.80,2.61,4.00,50%,09:23,8(100%),0(0%),0(0%),3(38%),3(38%),2(25%),0(0%),0(0%),0(0%),United States,"Aug. 25, 2007"
Tim Credeur,"""Crazy""",Middleweight Division,13-6-0 (W-L-D),0,0,0,31%,100%,131,424,,1,3.59,0.41,58%,0.82,3.13,3.29,50%,07:17,117(89%),8(6%),6(5%),104(79%),19(15%),8(6%),0(0%),0(0%),0(0%),"Lafayette, United States","Jul. 19, 2008"
Paul Creighton,None,Lightweight Division,5-1-0 (W-L-D),0,0,0,75%,38%,6,8,,8,0.72,5.37,30%,0.00,4.65,0.00,N/A,08:23,1(17%),4(67%),1(17%),2(33%),4(67%),0(0%),0(0%),0(0%),0(0%),"New York City, United States","May. 10, 2002"
Mirko Cro Cop,None,Heavyweight Division,31-11-2 (W-L-D),0,0,0,51%,40%,677,1332,,10,2.11,0.19,64%,0.98,1.89,0.33,78%,07:50,393(58%),116(17%),168(25%),460(68%),120(18%),97(14%),0(0%),0(0%),0(0%),"Vinkovci, Croatia","Feb. 3, 2007"
Edilberto Crocota,None,Welterweight Division,10-1-1 (W-L-D),0,0,0,32%,0%,51,158,,5,4.12,0.00,61%,0.00,6.79,0.00,N/A,06:11,50(98%),1(2%),0(0%),21(41%),15(29%),15(29%),0(0%),0(0%),0(0%),"Campo Formosa, Brazil","Apr. 21, 2007"
Kevin Croom,"""Crash""",Bantamweight Division,21-15-0 (W-L-D),6,10,0,34%,6%,83,243,1,17,2.65,0.48,42%,0.48,3.10,0.48,30%,07:50,78(94%),4(5%),1(1%),48(58%),14(17%),21(25%),6(29%),5(24%),10(48%),"Columbia, United States","Sep. 12, 2020"
Kiefer Crosbie,"""BDK""",Welterweight Division,10-5-0 (W-L-D),5,2,5,52%,40%,288,558,1,5,6.61,0.69,51%,0.00,6.49,0.34,100%,10:54,258(90%),30(10%),0(0%),159(55%),46(16%),83(29%),5(50%),3(30%),2(20%),"Dublin, Ireland","Sep. 10, 2023"
Kenneth Cross,None,Lightweight Division,11-3-0 (W-L-D),0,0,0,58%,13%,33,57,,8,2.20,1.00,55%,0.00,1.40,0.00,67%,15:00,13(39%),4(12%),16(48%),19(58%),9(27%),5(15%),0(0%),0(0%),0(0%),"Grand Rapids, United States","Feb. 11, 2025"
Allen Crowder,"""Pretty Boy""",Heavyweight Division,10-4-0 (W-L-D),5,3,0,51%,33%,72,141,,9,2.95,1.85,57%,0.00,2.95,1.23,100%,06:06,39(54%),6(8%),27(38%),48(67%),8(11%),16(22%),5(56%),1(11%),3(33%),"Burlington, United States","Aug. 29, 2017"
Daron Cruickshank,"""Detroit Superstar""",Lightweight Division,16-8-0 (W-L-D),0,0,0,38%,42%,381,1001,,43,2.88,2.04,57%,0.57,2.98,0.23,60%,10:11,276(72%),62(16%),43(11%),216(57%),105(28%),60(16%),9(56%),6(38%),1(6%),United States,"Jun. 2, 2012"
Richard Crunkilton Jr.,"""Cleat""",Lightweight Division,18-3-0 (W-L-D),0,0,0,42%,61%,120,287,,31,1.97,4.68,59%,0.00,1.66,1.48,66%,12:10,73(61%),8(7%),39(33%),80(67%),25(21%),15(13%),0(0%),0(0%),0(0%),"Fort Lauderdale, United States","Apr. 25, 2003"
Jimmy Crute,None,Light Heavyweight Division,12-4-2 (W-L-D),5,4,8,53%,53%,323,608,1,36,4.37,3.86,42%,0.81,3.63,1.62,58%,06:43,222(69%),42(13%),59(18%),232(72%),50(15%),41(13%),5(42%),3(25%),4(33%),"Singleton, Australia","Dec. 2, 2018"
Aalon Cruz,None,Lightweight Division,8-4-0 (W-L-D),2,2,0,39%,0%,134,343,,7,7.58,0.00,59%,0.85,8.88,0.00,N/A,05:54,132(99%),1(1%),1(1%),83(62%),36(27%),15(11%),2(25%),4(50%),2(25%),"Parrish, United States","Jul. 30, 2019"
Dominick Cruz,"""The Dominator""",Bantamweight Division,24-4-0 (W-L-D),7,1,0,33%,43%,1185,3539,23,133,3.91,2.82,71%,0.05,2.61,0.05,84%,16:51,1014(86%),88(7%),83(7%),795(67%),219(18%),171(14%),7(29%),16(67%),1(4%),United States,"Jul. 2, 2011"
Marcio Cruz,"""Pe De Pano""",Heavyweight Division,2-2-0 (W-L-D),0,0,0,46%,7%,83,180,,14,2.92,0.53,69%,0.00,1.51,1.58,38%,07:07,46(55%),7(8%),30(36%),38(46%),15(18%),30(36%),0(0%),0(0%),0(0%),"Rio de Janeiro, Brazil","Oct. 7, 2005"
Timmy Cuamba ,"""Twilight """,Lightweight Division,8-3-0 (W-L-D),4,0,2,40%,27%,135,336,1,11,3.00,1.00,60%,0.00,4.38,0.00,71%,15:00,116(86%),6(4%),13(10%),82(61%),34(25%),19(14%),4(50%),4(50%),0(0%),"Las Vegas, United States","Feb. 10, 2024"
Jay Cucciniello,"""MellowFellow""",Featherweight Division,9-1-0 (W-L-D),0,0,0,22%,0%,14,64,,1,0.93,0.00,36%,0.00,4.73,0.00,71%,15:00,13(93%),1(7%),0(0%),8(57%),5(36%),1(7%),4(44%),0(0%),5(56%),"Dublin, Ireland","Jul. 6, 2018"
Emilio Cuellar,None,Flyweight Division,0-0-0 (W-L-D),0,0,0,N/A,N/A,0,0,0,0,N/A,N/A,N/A,N/A,N/A,N/A,N/A,00:00,0(0%),0(0%),0(0%),0(0%),0(0%),0(0%),0(0%),0(0%),0(0%),None,"Feb. 11, 2025"
Josh Culibao,"""Kuya""",Featherweight Division,11-4-1 (W-L-D),5,1,3,45%,0%,358,800,,17,3.41,0.00,60%,0.57,3.04,0.29,66%,13:08,318(89%),20(6%),20(6%),218(61%),71(20%),69(19%),5(45%),5(45%),1(9%),"Camperdown, Australia","Feb. 23, 2020"
Zak Cummings,None,Light Heavyweight Division,25-7-0 (W-L-D),5,12,0,36%,28%,500,1394,7,25,2.96,0.62,55%,0.71,2.91,0.62,67%,11:17,403(81%),59(12%),38(8%),302(60%),93(19%),105(21%),5(22%),6(26%),12(52%),"Irving, United States","Aug. 29, 2013"
Patrick Cummins,"""Durkin""",Light Heavyweight Division,10-7-0 (W-L-D),4,2,0,51%,41%,498,981,34,85,4.26,4.49,56%,0.00,3.35,0.13,29%,08:32,224(45%),85(17%),189(38%),409(82%),51(10%),38(8%),4(40%),4(40%),2(20%),"Doylestown, United States","Feb. 22, 2014"
Luke Cummo,"""The Silent Assassin""",Welterweight Division,9-6-0 (W-L-D),0,0,0,43%,56%,147,340,,9,1.74,0.89,60%,0.71,1.50,1.42,43%,12:04,82(56%),39(27%),26(18%),78(53%),50(34%),19(13%),0(0%),0(0%),0(0%),"New Hyde Park, United States","Nov. 5, 2005"
Hugo Cunha,None,Heavyweight Division,0-1-0 (W-L-D),0,0,0,30%,0%,3,10,,6,0.60,0.00,35%,0.00,3.01,0.00,N/A,04:59,2(67%),1(33%),0(0%),2(67%),1(33%),0(0%),0(0%),0(0%),0(0%),None,"Feb. 11, 2025"
Alton Cunningham,"""The Bo-Man""",Light Heavyweight Division,7-2-0 (W-L-D),0,0,0,76%,10%,60,79,,20,3.33,1.67,21%,0.00,4.94,0.00,100%,09:01,13(22%),36(60%),11(18%),42(70%),17(28%),1(2%),0(0%),0(0%),0(0%),"Memphis, United States","Feb. 11, 2025"
AJ Cunningham,"""The  Savage""",Featherweight Division,11-4-0 (W-L-D),4,4,0,29%,0%,105,360,,3,7.66,0.00,49%,0.00,11.90,0.00,33%,06:51,102(97%),3(3%),0(0%),54(51%),34(32%),17(16%),4(36%),3(27%),4(36%),"Phoenix, United States","Mar. 2, 2024"
Santo Curatolo,None,Flyweight Division,0-1-0 (W-L-D),0,0,0,40%,33%,21,53,,6,1.40,2.00,34%,0.00,6.07,0.00,100%,15:00,17(81%),3(14%),1(5%),10(48%),7(33%),4(19%),0(0%),0(0%),0(0%),United States,"Feb. 11, 2025"
Larry Cureton,None,,0-0-0 (W-L-D),0,0,0,N/A,N/A,0,0,0,0,N/A,N/A,N/A,N/A,N/A,N/A,N/A,N/A,N/A,N/A,N/A,N/A,N/A,N/A,0(0%),0(0%),0(0%),"Jersey City, United States","Apr. 7, 1995"
Kailin Curran,None,Women's Strawweight Division,4-6-0 (W-L-D),0,0,0,44%,58%,320,730,,19,3.89,2.00,53%,0.00,4.75,0.55,62%,11:46,204(64%),78(24%),38(12%),201(63%),82(26%),37(12%),0(0%),3(75%),1(25%),"Honolulu, United States","Nov. 22, 2014"
Jeff Curran,"""Big Frog""",Bantamweight Division,35-15-1 (W-L-D),0,0,0,32%,13%,199,625,,24,1.54,0.35,61%,0.00,2.48,1.16,36%,12:22,115(58%),49(25%),35(18%),99(50%),70(35%),30(15%),0(0%),0(0%),0(0%),"Woodstock, United States","Jan. 31, 2004"
Chris Curtis,"""Action-Man""",Middleweight Division,31-12-0 (W-L-D),17,1,7,52%,N/A,856,1654,0,0,6.16,0.00,54%,0.43,6.43,0.00,83%,12:38,786(92%),53(6%),17(2%),601(70%),210(25%),45(5%),17(55%),13(42%),1(3%),"Cincinnati, United States","Nov. 6, 2021"
Ion Cutelaba,"""The Hulk""",Light Heavyweight Division,18-10-1 (W-L-D),13,2,14,43%,52%,589,1362,6,71,4.29,4.04,47%,0.22,3.34,0.00,75%,08:05,335(57%),123(21%),131(22%),438(74%),99(17%),52(9%),13(72%),3(17%),2(11%),Moldova,"Jun. 19, 2016"
Gleidson Cutis,"""Poney""",Lightweight Division,0-0-0 (W-L-D),0,0,0,52%,N/A,13,25,0,0,2.99,0.00,60%,0.00,8.28,0.00,N/A,04:21,12(92%),1(8%),0(0%),5(38%),6(46%),2(15%),0(0%),0(0%),0(0%),"Rio de Janeiro, Brazil","Feb. 11, 2025"
Cris Cyborg,None,Women's Featherweight Division,21-2-0 (W-L-D),17,0,2,53%,56%,825,1558,3,9,7.28,0.66,65%,1.32,2.25,0.40,94%,08:05,479(58%),178(22%),168(20%),547(66%),183(22%),95(12%),17(85%),3(15%),0(0%),Brazil,"May. 15, 2016"
Diego Henrique da Silva,"""Gaucho""",Middleweight Division,0-0-0 (W-L-D),0,0,0,58%,N/A,38,66,0,0,2.53,0.00,30%,0.00,3.27,0.00,64%,15:00,27(71%),8(21%),3(8%),21(55%),13(34%),4(11%),0(0%),0(0%),0(0%),"Sao Paulo, Brazil","Feb. 11, 2025"
Alex da Silva,"""Leko""",Lightweight Division,21-4-0 (W-L-D),13,7,0,46%,44%,114,246,4,16,2.14,1.97,57%,0.28,2.52,0.28,77%,13:18,87(76%),9(8%),18(16%),72(63%),25(22%),17(15%),13(62%),1(5%),7(33%),Brazil,"Apr. 20, 2019"
Ariane da Silva ,"""The Queen""",Women's Flyweight Division,17-10-0 (W-L-D),6,4,7,42%,56%,587,1404,1,9,4.04,0.52,53%,0.31,3.87,0.31,68%,11:11,459(78%),83(14%),45(8%),290(49%),231(39%),66(11%),6(35%),7(41%),4(24%),"Curitiba, Brazil","Jan. 19, 2019"
Henrique da Silva,"""Frankenstein""",Light Heavyweight Division,12-4-0 (W-L-D),0,0,0,60%,14%,237,393,1,7,3.89,0.25,40%,0.00,5.28,0.25,22%,08:43,113(48%),83(35%),41(17%),123(52%),91(38%),23(10%),11(92%),0(0%),1(8%),"Limoeiro, Brazil","Feb. 11, 2025"
Henrique Da Silva Lopes,None,Heavyweight Division,0-0-0 (W-L-D),0,0,0,N/A,N/A,0,0,0,0,N/A,N/A,N/A,N/A,N/A,N/A,N/A,00:00,0(0%),0(0%),0(0%),0(0%),0(0%),0(0%),0(0%),0(0%),0(0%),None,"Feb. 11, 2025"
Dayana da Silva Santos,None,Women's Bantamweight Division,0-0-0 (W-L-D),0,0,0,51%,N/A,95,186,0,0,6.33,0.00,58%,0.00,5.93,0.00,43%,15:00,84(88%),5(5%),6(6%),60(63%),21(22%),14(15%),0(0%),0(0%),0(0%),None,"Feb. 11, 2025"
Marcus Da Silviera,"""Conan""",Heavyweight Division,0-0-0 (W-L-D),0,0,0,N/A,N/A,0,0,0,0,N/A,N/A,N/A,N/A,N/A,N/A,N/A,00:00,0(0%),0(0%),0(0%),0(0%),0(0%),0(0%),0(0%),0(0%),0(0%),"Rio de Janeiro, Brazil","Feb. 11, 2025"
Nicolas Dalby,"""Danish Dynamite""",Welterweight Division,23-5-1 (W-L-D),6,4,3,44%,28%,720,1637,8,43,4.06,1.01,52%,0.08,3.52,0.08,59%,13:39,441(61%),223(31%),56(8%),433(60%),179(25%),108(15%),6(29%),11(52%),4(19%),"Fr. Vaerk Hundested, Denmark","May. 30, 2015"
Paul Daley,"""Semtex""",Welterweight Division,29-12-2 (W-L-D),0,0,0,47%,40%,311,659,,15,3.14,0.91,60%,1.52,2.37,0.00,65%,06:44,169(54%),64(21%),78(25%),217(70%),66(21%),28(9%),0(0%),0(0%),0(0%),"London, United Kingdom","Sep. 19, 2009"
Aisling Daly,"""Ais the Bash""",Women's Strawweight Division,16-5-0 (W-L-D),0,0,0,52%,42%,102,196,,12,2.92,2.15,56%,0.00,1.40,0.86,33%,11:38,16(16%),28(27%),58(57%),71(70%),25(25%),6(6%),5(31%),3(19%),8(50%),"Dublin, Ireland","Dec. 12, 2014"
Leonardo Damiani,None,Welterweight Division,0-1-0 (W-L-D),0,0,0,24%,N/A,4,17,0,0,1.67,0.00,38%,0.00,4.17,0.00,50%,02:24,4(100%),0(0%),0(0%),2(50%),1(25%),1(25%),0(0%),0(0%),0(0%),None,"Feb. 11, 2025"
Rodrigo Damm,None,Lightweight Division,12-9-0 (W-L-D),0,0,0,N/A,N/A,0,0,0,0,N/A,N/A,N/A,N/A,N/A,N/A,N/A,00:00,0(0%),0(0%),0(0%),0(0%),0(0%),0(0%),2(18%),3(27%),6(55%),"Vila Velha, Brazil","Feb. 11, 2025"
Batgerel Danaa,"""Storm""",Bantamweight Division,12-5-0 (W-L-D),8,2,7,37%,50%,311,851,,4,5.38,0.52,47%,1.04,4.21,0.00,63%,08:15,259(83%),18(6%),34(11%),238(77%),34(11%),39(13%),8(67%),2(17%),2(17%),"Erdenetsagaan, Mongolia","Aug. 31, 2019"
Cindy Dandois,"""Battle Cat""",Women's Bantamweight Division,8-3-0 (W-L-D),0,0,0,32%,56%,47,146,5,9,3.13,5.00,59%,0.00,3.40,0.00,N/A,15:00,28(60%),8(17%),11(23%),34(72%),6(13%),7(15%),2(25%),2(25%),4(50%),"Borgerhout, Belgium","Apr. 23, 2017"
Peter Danesoe,None,Flyweight Division,1-1-0 (W-L-D),0,0,0,54%,N/A,27,50,0,0,4.98,0.00,38%,2.77,7.02,0.00,63%,02:43,21(78%),6(22%),0(0%),12(44%),8(30%),7(26%),0(0%),0(0%),0(0%),Denmark,"Feb. 11, 2025"
Jarjis Danho,"""Man Mountain""",Heavyweight Division,7-1-1 (W-L-D),7,0,0,51%,17%,100,198,1,6,3.38,0.51,49%,0.51,5.25,0.00,100%,09:51,60(60%),33(33%),7(7%),71(71%),21(21%),8(8%),7(100%),0(0%),0(0%),"Malkiya, Syria","Feb. 27, 2016"
Jose Daniel Medina,"""Chicho""",Middleweight Division,11-4-0 (W-L-D),8,2,6,34%,33%,56,165,1,3,1.87,0.50,48%,0.00,4.93,0.00,31%,15:00,46(82%),5(9%),5(9%),40(71%),9(16%),7(13%),8(73%),1(9%),2(18%),"Santa Cruz, Bolivia","Aug. 24, 2024"
Alexandre Dantas,"""Cafe""",Heavyweight Division,3-2-0 (W-L-D),0,0,0,25%,0%,1,4,,7,0.21,0.00,61%,0.00,1.87,3.11,N/A,04:49,0(0%),1(100%),0(0%),0(0%),0(0%),1(100%),0(0%),0(0%),0(0%),United States,"Sep. 22, 2000"
Mac Danzig,None,Lightweight Division,22-12-1 (W-L-D),0,0,0,49%,38%,508,1038,,32,3.39,1.20,57%,0.30,3.44,0.60,46%,10:59,352(69%),99(19%),57(11%),345(68%),100(20%),63(12%),0(0%),0(0%),0(0%),United States,"Dec. 9, 2007"
Beneil Dariush,None,Lightweight Division,22-6-1 (W-L-D),5,8,8,49%,34%,774,1580,9,76,3.78,1.90,58%,0.51,2.65,0.88,81%,08:54,509(66%),123(16%),142(18%),473(61%),180(23%),121(16%),5(23%),9(41%),8(36%),Iran,"Jan. 15, 2014"
Sean Daughtery,None,,0-0-0 (W-L-D),0,0,0,N/A,N/A,0,0,0,0,N/A,N/A,N/A,N/A,N/A,N/A,N/A,N/A,N/A,N/A,N/A,N/A,N/A,N/A,0(0%),0(0%),0(0%),"Akron, United States","Mar. 11, 1994"
Chris Daukaus,None,Light Heavyweight Division,12-7-0 (W-L-D),11,0,8,50%,0%,154,308,,1,6.05,0.00,55%,3.54,4.64,0.00,100%,03:11,110(71%),13(8%),31(20%),133(86%),12(8%),9(6%),11(92%),1(8%),0(0%),"Philadelphia, United States","Aug. 15, 2020"
Kyle Daukaus,None,Middleweight Division,11-4-0 (W-L-D),0,9,4,53%,26%,250,473,9,43,3.22,2.12,42%,0.00,2.94,1.93,83%,09:43,159(64%),35(14%),56(22%),180(72%),41(16%),29(12%),0(0%),2(18%),9(82%),"Philadelphia, United States","Jun. 27, 2020"
Alexis Davis,None,Women's Bantamweight Division,21-11-0 (W-L-D),2,8,0,49%,45%,954,1936,6,29,4.63,0.95,55%,0.00,4.45,0.65,35%,13:00,664(70%),171(18%),119(12%),477(50%),172(18%),305(32%),2(10%),11(52%),8(38%),"Niagara Falls, Canada","Mar. 4, 2012"
Brandon Davis,"""Killer B""",Bantamweight Division,14-10-0 (W-L-D),4,4,4,36%,43%,571,1589,1,14,4.68,0.74,59%,0.00,4.62,0.12,58%,12:12,500(88%),40(7%),31(5%),340(60%),84(15%),147(26%),4(29%),6(43%),4(29%),"Atlanta, United States","Aug. 1, 2017"
Mike Davis,"""Beast Boy""",Lightweight Division,11-3-0 (W-L-D),7,2,4,N/A,N/A,0,0,0,0,N/A,N/A,N/A,N/A,N/A,N/A,N/A,00:00,0(0%),0(0%),0(0%),0(0%),0(0%),0(0%),7(64%),2(18%),2(18%),"Hudson, United States","Apr. 27, 2019"
Phil Davis,"""Mr. Wonderful""",Light Heavyweight Division,13-3-0 (W-L-D),0,0,0,35%,36%,485,1406,,87,2.87,2.76,72%,0.00,1.39,0.53,72%,12:59,241(50%),62(13%),182(38%),272(56%),149(31%),64(13%),0(0%),0(0%),0(0%),"Harrisburg, United States","Feb. 6, 2010"
Marcus Davis,"""The Irish Hand Grenade""",Lightweight Division,22-9-0 (W-L-D),0,0,0,40%,48%,356,896,,29,2.72,1.60,66%,0.69,2.79,1.37,48%,08:44,242(68%),67(19%),47(13%),232(65%),65(18%),59(17%),0(0%),0(0%),0(0%),"Houlton, United States","Nov. 5, 2005"
Rick Davis,"""The Flying Squirrel""",Lightweight Division,3-1-1 (W-L-D),0,0,0,50%,N/A,5,10,0,0,3.09,0.00,64%,0.00,6.19,0.00,N/A,01:37,5(100%),0(0%),0(0%),2(40%),2(40%),1(20%),0(0%),0(0%),0(0%),"Los Angeles, United States","May. 27, 2006"
Hakeem Dawodu,"""Mean""",Featherweight Division,13-4-1 (W-L-D),7,0,2,51%,0%,734,1443,,2,5.45,0.00,57%,0.11,3.37,0.00,65%,13:29,615(84%),114(16%),5(1%),338(46%),215(29%),181(25%),7(58%),5(42%),0(0%),"Calgary, Canada","Mar. 17, 2018"
Grant Dawson,"""KGD""",Lightweight Division,23-2-1 (W-L-D),5,13,7,53%,41%,509,966,,101,3.20,3.87,45%,0.09,2.11,1.13,57%,11:21,236(46%),46(9%),227(45%),359(71%),88(17%),62(12%),5(22%),5(22%),13(57%),"Cambria, United States","Aug. 15, 2017"
Martin Day,"""The Spartan""",Featherweight Division,8-6-0 (W-L-D),3,2,0,46%,60%,247,542,1,5,3.97,0.72,54%,0.48,3.79,0.48,65%,12:27,220(89%),6(2%),21(9%),148(60%),75(30%),24(10%),3(38%),3(38%),2(25%),Japan,"Aug. 15, 2017"
Jason Day,"""Dooms""",Middleweight Division,17-7-0 (W-L-D),0,0,0,53%,N/A,42,80,0,0,4.57,0.00,48%,0.00,5.00,0.00,N/A,03:04,22(52%),20(48%),0(0%),31(74%),4(10%),7(17%),0(0%),0(0%),0(0%),"Lethbridge, Canada","Apr. 19, 2008"
Angel De Anda,"""The Dream""",Light Heavyweight Division,18-6-0 (W-L-D),0,0,0,46%,N/A,18,39,0,0,5.68,0.00,47%,4.74,6.32,0.00,N/A,03:10,6(33%),7(39%),5(28%),14(78%),3(17%),1(6%),14(78%),4(22%),0(0%),"Modesto, United States","Jul. 18, 2017"
Yorgan De Castro,"""The Mad Titan""",Heavyweight Division,6-3-0 (W-L-D),5,0,0,44%,0%,97,223,,1,2.46,0.00,54%,0.76,3.85,0.00,78%,07:53,88(91%),6(6%),3(3%),46(47%),16(16%),35(36%),5(83%),1(17%),0(0%),"Mindelo, Cabo Verde","Oct. 5, 2019"
Rafael de Freitas,"""Barata (Cockroach)""",Flyweight Division,0-0-0 (W-L-D),0,0,0,30%,50%,8,27,,6,2.00,11.25,52%,0.00,8.00,0.00,N/A,04:00,6(75%),0(0%),2(25%),3(38%),1(13%),4(50%),0(0%),0(0%),0(0%),"Brasilia, Brazil","Feb. 11, 2025"
Geraldo de Freitas Jr.,"""Spartan""",Bantamweight Division,12-6-0 (W-L-D),4,5,0,52%,45%,165,316,6,20,3.67,3.00,50%,0.00,2.62,0.00,59%,15:00,140(85%),19(12%),6(4%),118(72%),36(22%),11(7%),4(33%),3(25%),5(42%),"Conselheiro Lafaiete, Brazil","Feb. 2, 2019"
Phil De Fries,None,Heavyweight Division,9-3-0 (W-L-D),0,0,0,47%,43%,63,133,,14,2.30,3.29,38%,0.55,3.00,0.55,100%,05:28,27(43%),21(33%),15(24%),56(89%),6(10%),1(2%),0(0%),0(0%),0(0%),United Kingdom,"Nov. 5, 2011"
Chris De La Rocha,None,Heavyweight Division,5-3-0 (W-L-D),3,2,0,46%,31%,121,265,3,13,4.08,2.02,44%,0.00,6.37,1.01,33%,07:25,84(69%),17(14%),20(17%),92(76%),22(18%),7(6%),3(60%),0(0%),2(40%),"San Jose, United States","Jul. 18, 2015"
Montana De La Rosa,None,Women's Flyweight Division,13-9-1 (W-L-D),1,8,2,37%,33%,424,1140,,54,2.90,1.85,45%,0.10,3.39,0.82,68%,12:11,300(71%),53(13%),71(17%),302(71%),78(18%),44(10%),1(8%),4(31%),8(62%),"Helena, United States","Dec. 1, 2017"
Mark De La Rosa,"""Bumblebee""",Bantamweight Division,11-5-0 (W-L-D),1,6,0,35%,14%,261,736,2,22,3.13,0.54,49%,0.00,5.00,0.18,40%,11:55,220(84%),26(10%),15(6%),159(61%),52(20%),50(19%),1(9%),4(36%),6(55%),"Fort Worth, United States","Dec. 30, 2017"
Mike De La Torre,"""El Cucuy""",Featherweight Division,14-7-0 (W-L-D),0,0,0,39%,17%,133,339,,6,3.21,0.36,52%,0.36,4.75,0.00,83%,05:55,81(61%),37(28%),15(11%),105(79%),25(19%),3(2%),7(50%),2(14%),5(36%),"San Diego, United States","Apr. 16, 2014"
Marcos Rogerio de Lima,"""Pezao""",Heavyweight Division,22-10-1 (W-L-D),15,3,15,58%,46%,436,757,,24,3.70,1.40,52%,0.89,2.90,0.51,59%,06:12,310(71%),37(8%),89(20%),245(56%),67(15%),124(28%),15(71%),3(14%),3(14%),Brazil,"May. 31, 2014"
Rodrigo de Lima,None,Lightweight Division,8-3-1 (W-L-D),0,0,0,34%,36%,29,86,,11,1.29,2.66,33%,0.00,5.50,1.33,N/A,11:16,21(72%),1(3%),7(24%),13(45%),7(24%),9(31%),0(0%),2(25%),6(75%),Brazil,"Jun. 28, 2014"
Leonardo De Oliveira,None,Middleweight Division,0-0-0 (W-L-D),0,0,0,40%,50%,2,5,,6,1.07,24.11,50%,0.00,0.54,0.00,N/A,01:52,1(50%),1(50%),0(0%),1(50%),0(0%),1(50%),0(0%),0(0%),0(0%),Brazil,"Feb. 11, 2025"
Jorge de Oliveira,"""Blade""",Welterweight Division,7-2-0 (W-L-D),0,0,0,32%,N/A,23,72,0,0,1.26,0.00,49%,0.00,4.84,0.00,22%,09:06,16(70%),7(30%),0(0%),10(43%),8(35%),5(22%),5(71%),0(0%),2(29%),Brazil,"Nov. 9, 2014"
Isabela De Padua,"""Belinha""",Women's Flyweight Division,0-1-0 (W-L-D),0,0,0,36%,67%,15,42,2,3,1.00,2.00,51%,0.00,2.07,1.00,N/A,15:00,6(40%),0(0%),9(60%),15(100%),0(0%),0(0%),0(0%),0(0%),0(0%),"Mogi Guaçu, Brazil","Feb. 11, 2025"
Gloria de Paula,"""Glorinha""",Women's Strawweight Division,6-5-0 (W-L-D),3,0,0,54%,38%,298,557,1,8,4.89,0.74,66%,0.00,3.77,0.49,65%,12:12,229(77%),56(19%),13(4%),202(68%),64(21%),32(11%),3(50%),3(50%),0(0%),"Campinas, Brazil","Mar. 13, 2021"
Germaine de Randamie,"""The Iron Lady""",Women's Bantamweight Division,10-5-0 (W-L-D),4,1,3,47%,0%,405,865,,2,2.57,0.00,65%,0.29,2.00,0.38,65%,12:08,246(61%),136(34%),23(6%),220(54%),124(31%),61(15%),4(40%),5(50%),1(10%),"Utrecht, Netherlands","Aug. 19, 2012"
Reinier de Ridder,"""RdR""",Middleweight Division,19-2-0 (W-L-D),4,13,11,57%,47%,50,87,5,15,3.28,6.89,39%,0.98,2.69,1.97,100%,07:38,34(68%),3(6%),13(26%),30(60%),11(22%),9(18%),4(21%),2(11%),13(68%),"Tilburg, Netherlands","Nov. 9, 2024"
Carls John De Tomas,"""CJ""",Flyweight Division,8-2-0 (W-L-D),0,0,0,37%,33%,38,102,,6,1.74,1.37,45%,0.00,3.93,0.00,67%,10:57,28(74%),8(21%),2(5%),26(68%),1(3%),11(29%),1(13%),4(50%),3(38%),None,"Jun. 17, 2017"
Carl Deaton,"""The Anishinaabe Kid""",Lightweight Division,17-7-0 (W-L-D),3,9,9,32%,0%,38,120,,2,1.53,0.00,61%,0.00,1.85,0.00,50%,12:28,37(97%),1(3%),0(0%),30(79%),8(21%),0(0%),3(18%),5(29%),9(53%),"Pontiac, United States","Feb. 25, 2023"
Tom DeBlass,None,Middleweight Division,7-2-0 (W-L-D),0,0,0,36%,50%,45,126,,4,1.50,1.00,38%,0.00,4.43,0.50,29%,15:00,36(80%),9(20%),0(0%),27(60%),9(20%),9(20%),0(0%),0(0%),0(0%),United States,"Apr. 14, 2012"
Wallen Del Rosario,None,Flyweight Division,0-1-0 (W-L-D),0,0,0,33%,17%,21,64,,6,1.40,1.00,41%,0.00,4.73,0.00,100%,15:00,21(100%),0(0%),0(0%),7(33%),7(33%),7(33%),0(0%),0(0%),0(0%),None,"Jun. 9, 2022"
Shane Del Rosario,None,Heavyweight Division,11-2-0 (W-L-D),0,0,0,60%,40%,98,162,,5,3.93,1.20,55%,0.00,2.97,2.41,17%,04:59,57(58%),31(32%),10(10%),36(37%),37(38%),25(26%),0(0%),0(0%),0(0%),United States,"May. 26, 2012"
Yadier del Valle,None,Featherweight Division,1-0-0 (W-L-D),0,0,0,66%,33%,125,188,,6,8.33,2.00,51%,0.00,3.93,1.00,67%,15:00,57(46%),49(39%),19(15%),79(63%),25(20%),21(17%),0(0%),0(0%),0(0%),Cuba,"Feb. 11, 2025"
Rolando Delgado,"""The Crazy Cuban""",Lightweight Division,8-5-1 (W-L-D),0,0,0,40%,22%,40,100,,9,1.56,1.17,62%,0.58,1.83,3.51,N/A,08:33,25(63%),7(18%),8(20%),19(48%),18(45%),3(8%),0(0%),0(0%),0(0%),"San Diego, United States","Dec. 13, 2008"
Jose Delgado,None,Featherweight Division,1-0-0 (W-L-D),0,0,0,44%,75%,40,90,,4,6.23,7.01,48%,2.34,4.21,0.00,100%,06:25,28(70%),7(18%),5(13%),26(65%),12(30%),2(5%),0(0%),0(0%),0(0%),"Yuma, United States","Feb. 15, 2025"
Ante Delija,"""Walking Trouble""",Heavyweight Division,17-3-0 (W-L-D),7,6,0,N/A,N/A,0,0,0,0,N/A,N/A,N/A,N/A,N/A,N/A,N/A,00:00,0(0%),0(0%),0(0%),0(0%),0(0%),0(0%),7(41%),4(24%),6(35%),"Dubrovnik, Croatia","Oct. 17, 2020"
Jack Della Maddalena,None,Welterweight Division,17-2-0 (W-L-D),12,2,8,N/A,N/A,0,0,0,0,N/A,N/A,N/A,N/A,N/A,N/A,N/A,00:00,0(0%),0(0%),0(0%),0(0%),0(0%),0(0%),12(71%),3(18%),2(12%),Australia,"Jan. 22, 2022"
Roland Delorme,None,Bantamweight Division,9-4-0 (W-L-D),0,0,0,44%,34%,150,339,,32,2.28,2.51,40%,0.46,4.32,1.60,43%,09:24,98(65%),20(13%),32(21%),87(58%),44(29%),19(13%),2(22%),1(11%),6(67%),Canada,"Dec. 4, 2011"
Jason DeLucia,None,Middleweight Division,2-2-0 (W-L-D),0,0,0,N/A,N/A,0,0,0,0,N/A,N/A,N/A,N/A,N/A,N/A,N/A,N/A,N/A,N/A,N/A,N/A,N/A,N/A,0(0%),0(0%),0(0%),"Bellingham, United States","Nov. 12, 1993"
Vanessa Demopoulos,"""Lil Monster""",Women's Strawweight Division,11-6-0 (W-L-D),1,4,4,41%,12%,429,1036,,26,3.87,0.41,42%,0.14,5.53,0.54,27%,12:19,322(75%),57(13%),50(12%),279(65%),98(23%),52(12%),1(4%),23(82%),4(14%),"Cleveland, United States","Aug. 28, 2021"
Chris Dempsey,None,Middleweight Division,11-4-0 (W-L-D),0,0,0,32%,24%,51,157,,17,2.25,2.64,66%,0.00,2.82,0.00,17%,05:41,33(65%),12(24%),6(12%),40(78%),8(16%),3(6%),2(18%),6(55%),3(27%),"Sewickley, United States","Jul. 19, 2014"
Nick Denis,"""The Ninja of Love""",Bantamweight Division,11-3-0 (W-L-D),0,0,0,53%,100%,35,66,,1,6.54,2.80,37%,2.80,5.42,0.00,80%,02:41,15(43%),17(49%),3(9%),26(74%),6(17%),3(9%),0(0%),0(0%),0(0%),Canada,"Jan. 21, 2012"
Jason Dent,"""Dynamite""",Lightweight Division,19-11-0 (W-L-D),0,0,0,39%,N/A,89,227,0,0,2.01,0.00,63%,0.00,3.70,1.35,26%,11:06,70(79%),12(13%),7(8%),53(60%),17(19%),19(21%),0(0%),0(0%),0(0%),"Cincinnati, United States","Sep. 23, 2006"
Mackenzie Dern,None,Women's Strawweight Division,15-5-0 (W-L-D),0,8,6,40%,18%,668,1658,1,68,3.31,0.89,52%,0.15,3.90,1.19,25%,13:27,484(72%),71(11%),113(17%),509(76%),89(13%),70(10%),0(0%),7(47%),8(53%),United States,"Mar. 3, 2018"
Tony DeSouza,None,Welterweight Division,10-4-0 (W-L-D),0,0,0,52%,43%,45,86,,14,1.12,2.25,42%,0.00,1.57,1.50,40%,06:12,2(4%),9(20%),34(76%),39(87%),5(11%),1(2%),0(0%),0(0%),0(0%),Peru,"May. 4, 2001"
Robelis Despaigne,"""The Big Boy""",Heavyweight Division,5-2-0 (W-L-D),5,0,5,60%,N/A,64,107,0,0,2.11,0.00,47%,0.50,2.54,0.00,50%,10:06,52(81%),10(16%),2(3%),41(64%),4(6%),19(30%),5(100%),0(0%),0(0%),Cuba,"Mar. 9, 2024"
Edwin Dewees,"""Babyface""",Middleweight Division,34-10-0 (W-L-D),0,0,0,39%,100%,15,38,,2,1.56,3.11,39%,0.00,8.82,4.67,N/A,03:13,7(47%),8(53%),0(0%),6(40%),6(40%),3(20%),0(0%),0(0%),0(0%),"Florence, United States","Sep. 26, 2003"
Alessio Di Chirico,"""Manzo""",Middleweight Division,13-7-0 (W-L-D),6,4,6,40%,39%,375,944,9,28,3.32,1.46,62%,0.40,3.44,0.00,83%,10:17,314(84%),45(12%),16(4%),254(68%),67(18%),54(14%),6(46%),3(23%),4(31%),"Rome, Italy","Apr. 10, 2016"
Micol Di Segni,None,Women's Strawweight Division,0-0-0 (W-L-D),0,0,0,40%,N/A,112,280,0,0,7.47,0.00,33%,0.00,5.87,0.00,38%,15:00,102(91%),10(9%),0(0%),69(62%),32(29%),11(10%),0(0%),0(0%),0(0%),"Lazio, Italy","Feb. 11, 2025"
Cyrille Diabate,"""The Snake""",Light Heavyweight Division,20-10-3 (W-L-D),0,0,0,72%,83%,260,362,,6,4.06,1.17,61%,0.70,1.78,0.23,53%,07:06,182(70%),24(9%),54(21%),160(62%),67(26%),33(13%),0(0%),0(0%),0(0%),France,"May. 29, 2010"
Marc Diakiese,"""Bonecrusher""",Lightweight Division,17-7-0 (W-L-D),6,1,6,40%,44%,463,1146,9,91,2.54,3.29,53%,0.16,2.64,0.00,67%,12:08,385(83%),46(10%),32(7%),212(46%),134(29%),117(25%),6(38%),9(56%),1(6%),Congo - Kinshasa,"Oct. 9, 2016"
Blood Diamond,None,Welterweight Division,3-3-0 (W-L-D),1,1,0,55%,0%,108,195,,4,3.12,0.00,49%,0.00,2.17,0.00,74%,11:33,53(49%),55(51%),0(0%),47(44%),46(43%),15(14%),1(33%),1(33%),1(33%),Zimbabwe,"Feb. 12, 2022"
Tyler Diamond,None,Featherweight Division,9-2-0 (W-L-D),0,0,0,48%,75%,51,107,3,4,3.40,3.00,45%,0.00,2.53,0.00,70%,15:00,20(39%),1(2%),30(59%),34(67%),12(24%),5(10%),5(56%),3(33%),1(11%),"Sacramento, United States","Jul. 6, 2018"
Eldo Xavier Dias,None,,0-0-0 (W-L-D),0,0,0,N/A,N/A,0,0,0,0,N/A,N/A,N/A,N/A,N/A,N/A,N/A,N/A,N/A,N/A,N/A,N/A,N/A,N/A,0(0%),0(0%),0(0%),Brazil,"Feb. 11, 2025"
Hacran Dias,None,Lightweight Division,23-6-1 (W-L-D),0,0,0,42%,39%,249,595,20,51,2.08,2.50,55%,0.00,3.31,0.50,77%,15:00,200(80%),22(9%),27(11%),171(69%),30(12%),48(19%),4(17%),11(48%),8(35%),"Rio de Janeiro, Brazil","Jun. 24, 2012"
Victor Dias,"""Crazy Horse""",Flyweight Division,0-1-0 (W-L-D),0,0,0,45%,42%,43,96,,12,2.87,5.00,55%,0.00,5.80,0.00,N/A,15:00,33(77%),0(0%),10(23%),22(51%),12(28%),9(21%),5(56%),2(22%),2(22%),Brazil,"Feb. 11, 2025"
Ozzy Diaz,None,Middleweight Division,9-3-0 (W-L-D),7,2,6,43%,0%,20,46,,1,2.21,0.00,47%,0.00,4.74,0.00,N/A,04:32,20(100%),0(0%),0(0%),12(60%),7(35%),1(5%),7(78%),0(0%),2(22%),"Los Angeles, United States","Nov. 23, 2024"
Adrian Diaz,None,Featherweight Division,11-5-1 (W-L-D),0,0,0,43%,50%,3,7,,2,0.48,2.40,51%,0.00,3.84,0.00,N/A,06:15,3(100%),0(0%),0(0%),2(67%),1(33%),0(0%),4(36%),2(18%),5(45%),"Stockton, United States","Aug. 15, 2017"
Nate Diaz,None,Welterweight Division,22-13-0 (W-L-D),5,13,8,45%,31%,1694,3746,17,85,4.57,1.05,53%,0.16,3.77,1.29,42%,11:35,1165(69%),365(22%),164(10%),1272(75%),271(16%),151(9%),5(23%),4(18%),13(59%),"Stockton, United States","Jun. 23, 2007"
Nick Diaz,None,Middleweight Division,26-11-0 (W-L-D),13,8,0,42%,33%,1876,4415,14,85,5.71,1.28,60%,0.41,3.84,1.00,60%,11:19,1424(76%),353(19%),99(5%),1380(74%),357(19%),139(7%),13(50%),5(19%),8(31%),"Stockton, United States","Sep. 26, 2003"
TJ Dillashaw,None,Bantamweight Division,18-5-0 (W-L-D),8,3,0,41%,31%,1123,2732,21,75,5.09,1.56,62%,0.61,3.47,0.82,78%,12:16,820(73%),113(10%),190(17%),748(67%),163(15%),212(19%),8(44%),7(39%),3(17%),"Sonora, United States","Dec. 4, 2011"
Jhonata Diniz,None,Heavyweight Division,8-1-0 (W-L-D),7,0,6,53%,N/A,119,224,0,0,3.36,0.00,50%,1.27,2.96,0.00,69%,08:52,106(89%),7(6%),6(5%),81(68%),10(8%),28(24%),7(88%),1(13%),0(0%),"Curitiba, Brazil","Apr. 27, 2024"
Rico DiSciullo,None,Bantamweight Division,9-3-0 (W-L-D),0,0,0,33%,0%,21,63,,1,1.71,0.00,56%,0.00,4.41,0.00,N/A,12:15,20(95%),1(5%),0(0%),6(29%),4(19%),11(52%),0(0%),0(0%),0(0%),"Cambridge, United States","Feb. 11, 2025"
Matt Dixon,None,Welterweight Division,9-1-0 (W-L-D),0,0,0,44%,30%,29,66,,10,1.97,3.06,38%,0.00,4.56,0.00,N/A,14:42,25(86%),4(14%),0(0%),21(72%),5(17%),3(10%),0(0%),0(0%),0(0%),"Evansville, United States","Feb. 11, 2025"
Russell Doane,None,Bantamweight Division,15-8-0 (W-L-D),0,0,0,41%,46%,137,335,11,24,1.75,2.11,54%,0.38,1.68,0.77,53%,09:46,67(49%),25(18%),45(33%),103(75%),24(18%),10(7%),7(47%),3(20%),5(33%),United States,"Jan. 4, 2014"
Drew Dober,None,Lightweight Division,27-14-0 (W-L-D),15,5,10,40%,17%,886,2198,7,52,4.39,0.67,52%,0.67,4.25,0.07,56%,08:05,689(78%),105(12%),92(10%),571(64%),200(23%),115(13%),15(56%),7(26%),5(19%),"Omaha, United States","Dec. 1, 2013"
AJ Dobson,None,Middleweight Division,7-3-0 (W-L-D),3,2,5,46%,75%,231,500,,8,4.29,1.67,46%,0.28,5.31,0.28,65%,10:47,180(78%),27(12%),24(10%),142(61%),31(13%),58(25%),3(43%),2(29%),2(29%),"Brooklyn, United States","Feb. 12, 2022"
Shana Dobson,"""Danger""",Women's Flyweight Division,4-5-0 (W-L-D),2,0,0,38%,50%,180,475,1,6,3.34,0.84,50%,0.28,5.20,0.00,14%,08:59,129(72%),30(17%),21(12%),103(57%),54(30%),23(13%),2(50%),2(50%),0(0%),"Miami, United States","Dec. 1, 2017"
David Dodd,None,Middleweight Division,0-0-0 (W-L-D),0,0,0,N/A,N/A,0,0,0,0,N/A,N/A,N/A,N/A,N/A,N/A,N/A,N/A,N/A,N/A,N/A,N/A,N/A,N/A,0(0%),0(0%),0(0%),United States,"Jul. 16, 1999"
John Dodson,"""The Magician""",Bantamweight Division,22-12-0 (W-L-D),11,2,0,41%,29%,742,1822,9,38,3.20,0.71,62%,0.71,3.58,0.00,82%,13:37,631(85%),84(11%),27(4%),414(56%),223(30%),105(14%),11(50%),9(41%),2(9%),"Albuquerque, United States","Dec. 4, 2011"
Joe Doerksen,"""El Dirte""",Middleweight Division,45-14-0 (W-L-D),0,0,0,41%,32%,122,296,,37,1.27,1.87,51%,0.16,3.23,2.18,33%,09:38,91(75%),17(14%),14(11%),77(63%),27(22%),18(15%),0(0%),0(0%),0(0%),"New Bothwell, Canada","Aug. 21, 2004"
Roman Dolidze,None,Middleweight Division,14-3-0 (W-L-D),8,3,8,43%,42%,391,910,9,26,3.16,1.33,50%,0.49,3.38,1.09,33%,11:15,288(74%),28(7%),75(19%),248(63%),60(15%),83(21%),8(57%),3(21%),3(21%),"Batumi, Georgia","Jul. 18, 2020"
Cameron Dollar,"""Money Man""",Lightweight Division,5-3-0 (W-L-D),0,0,0,38%,0%,24,63,,1,5.04,0.00,61%,0.00,2.94,0.00,N/A,04:46,24(100%),0(0%),0(0%),18(75%),6(25%),0(0%),0(0%),0(0%),0(0%),"Colorado Springs, United States","Jun. 20, 2009"
CB Dollaway,"""The Doberman""",Middleweight Division,18-10-0 (W-L-D),0,0,0,47%,55%,436,918,37,71,2.65,3.55,54%,0.27,2.58,1.18,63%,08:15,248(57%),59(14%),129(30%),288(66%),92(21%),56(13%),0(0%),0(0%),0(0%),"Battle Creek, United States","Jun. 21, 2008"
Montserrat Rendon,"""Monster""",Women's Bantamweight Division,6-1-0 (W-L-D),0,0,0,29%,55%,94,329,3,11,3.13,3.00,55%,0.00,3.90,0.00,100%,15:00,80(85%),1(1%),13(14%),64(68%),15(16%),15(16%),0(0%),6(100%),0(0%),"Mexico City, Mexico","Sep. 23, 2023"
Cody Donovan,"""Donnybrook""",Light Heavyweight Division,8-5-0 (W-L-D),0,0,0,59%,29%,101,171,,7,5.61,1.67,46%,1.67,5.44,1.67,N/A,04:30,59(58%),36(36%),6(6%),64(63%),34(34%),3(3%),4(50%),1(13%),3(38%),United States,"Dec. 16, 2012"
Houston Dorr,None,Heavyweight Division,0-0-0 (W-L-D),0,0,0,N/A,N/A,0,0,0,0,N/A,N/A,N/A,N/A,N/A,N/A,N/A,N/A,N/A,N/A,N/A,N/A,N/A,N/A,0(0%),0(0%),0(0%),"Diamond Head, United States","Oct. 17, 1997"
Rafael Dos Anjos,None,Welterweight Division,32-17-0 (W-L-D),5,11,0,47%,36%,1822,3871,45,191,3.48,1.95,60%,0.20,3.23,0.57,55%,14:32,1224(67%),321(18%),277(15%),1063(58%),434(24%),325(18%),5(16%),16(50%),11(34%),Brazil,"Nov. 15, 2008"
Rayanne dos Santos,None,Women's Strawweight Division,14-8-0 (W-L-D),2,8,8,43%,13%,196,454,,8,4.36,0.33,61%,0.00,5.20,0.00,89%,15:00,175(89%),20(10%),1(1%),132(67%),46(23%),18(9%),2(14%),4(29%),8(57%),"Belém, Brazil","Dec. 9, 2023"
Anderson dos Santos,"""Berinja""",Bantamweight Division,21-9-0 (W-L-D),5,12,0,26%,14%,124,486,2,21,2.70,0.98,50%,0.00,5.37,0.65,67%,11:28,107(86%),10(8%),7(6%),87(70%),15(12%),22(18%),5(24%),4(19%),12(57%),"State of São Paulo, Brazil","Nov. 17, 2018"
Felipe dos Santos,"""Lipe Detona""",Flyweight Division,8-2-0 (W-L-D),2,3,3,37%,0%,174,467,,13,3.87,0.00,42%,0.00,3.78,0.33,14%,15:00,158(91%),14(8%),2(1%),91(52%),50(29%),33(19%),2(29%),2(29%),3(43%),"Maceió, Brazil","Sep. 10, 2023"
Acacio dos Santos,None,Light Heavyweight Division,0-1-0 (W-L-D),0,0,0,41%,N/A,19,46,0,0,1.27,0.00,43%,0.00,1.40,0.00,31%,15:00,18(95%),1(5%),0(0%),18(95%),0(0%),1(5%),0(0%),0(0%),0(0%),"State of Minas Gerais, Brazil","Feb. 11, 2025"
Maiara Amajanas Dos Santos,None,Women's Strawweight Division,0-0-0 (W-L-D),0,0,0,N/A,N/A,0,0,0,0,N/A,N/A,N/A,N/A,N/A,N/A,N/A,N/A,N/A,N/A,N/A,N/A,N/A,N/A,0(0%),0(0%),0(0%),None,"Feb. 11, 2025"
Geronimo dos Santos,"""Mondragon""",Heavyweight Division,31-14-0 (W-L-D),0,0,0,N/A,N/A,0,0,0,0,N/A,N/A,N/A,N/A,N/A,N/A,N/A,N/A,N/A,N/A,N/A,N/A,N/A,N/A,0(0%),0(0%),0(0%),Brazil,"Feb. 11, 2025"
Antonio dos Santos,"""Junior Alpha""",Middleweight Division,6-3-0 (W-L-D),0,0,0,51%,0%,48,94,,1,5.40,0.00,44%,1.69,3.94,0.00,100%,04:27,38(79%),8(17%),2(4%),32(67%),5(10%),11(23%),4(67%),1(17%),1(17%),"Salvador, Brazil","Dec. 20, 2014"
Elizeu Zaleski dos Santos,"""Capoeira""",Welterweight Division,25-8-1 (W-L-D),15,3,11,42%,21%,831,1980,2,43,4.33,0.70,57%,0.16,3.41,0.47,69%,11:59,601(72%),164(20%),66(8%),489(59%),192(23%),150(18%),15(60%),7(28%),3(12%),"Francisco Beltrao, Brazil","May. 30, 2015"
Oleksandr Doskalchuk,None,Flyweight Division,10-2-0 (W-L-D),4,4,0,N/A,N/A,0,0,0,0,N/A,N/A,N/A,N/A,N/A,N/A,N/A,00:00,0(0%),0(0%),0(0%),0(0%),0(0%),0(0%),4(40%),2(20%),4(40%),"Chernivtsi, Ukraine","Jul. 18, 2020"
Cedric Doumbe,None,Welterweight Division,0-0-0 (W-L-D),0,0,0,N/A,N/A,0,0,0,0,N/A,N/A,N/A,N/A,N/A,N/A,N/A,00:00,0(0%),0(0%),0(0%),0(0%),0(0%),0(0%),0(0%),0(0%),0(0%),None,"Feb. 11, 2025"
John Dowdy,None,,0-0-0 (W-L-D),0,0,0,N/A,N/A,0,0,0,0,N/A,N/A,N/A,N/A,N/A,N/A,N/A,N/A,N/A,N/A,N/A,N/A,N/A,N/A,0(0%),0(0%),0(0%),"Morganton, United States","Apr. 7, 1995"
Dan Downes,"""Danny Boy""",Lightweight Division,8-3-0 (W-L-D),0,0,0,34%,N/A,93,273,0,0,1.66,0.00,37%,0.00,3.53,0.53,37%,14:02,38(41%),31(33%),24(26%),48(52%),32(34%),13(14%),0(0%),0(0%),0(0%),United States,"Jun. 5, 2011"
Derek Downey,"""The Gentleman""",Middleweight Division,10-4-0 (W-L-D),0,0,0,100%,17%,2,2,,6,0.32,2.40,13%,0.00,3.36,0.00,N/A,06:15,0(0%),2(100%),0(0%),0(0%),2(100%),0(0%),0(0%),0(0%),0(0%),"Orem, United States","Feb. 7, 2009"
Kyle Driscoll,None,Featherweight Division,12-3-0 (W-L-D),0,0,0,33%,18%,41,125,,11,2.73,2.00,59%,0.00,2.60,0.00,N/A,15:00,39(95%),2(5%),0(0%),22(54%),10(24%),9(22%),0(0%),0(0%),0(0%),"Tulsa, United States","Feb. 11, 2025"
Tomasz Drwal,"""Gorilla""",Middleweight Division,17-4-0 (W-L-D),0,0,0,38%,60%,125,328,,15,3.29,3.55,57%,0.39,2.26,0.39,82%,06:20,68(54%),33(26%),24(19%),97(78%),10(8%),18(14%),0(0%),0(0%),0(0%),"Nowy Sacz, Poland","Sep. 8, 2007"
Robert Drysdale,None,Light Heavyweight Division,7-0-0 (W-L-D),0,0,0,0%,100%,0,5,,1,0.00,7.32,N/A,0.00,0.00,21.95,N/A,02:03,0(0%),0(0%),0(0%),0(0%),0(0%),0(0%),0(0%),0(0%),7(100%),United States,"Jul. 6, 2014"
Dricus Du Plessis,"""Stillknocks""",Middleweight Division,23-2-0 (W-L-D),9,11,0,49%,50%,757,1549,2,42,6.12,2.55,54%,0.48,4.90,0.73,50%,13:45,625(83%),61(8%),71(9%),447(59%),135(18%),175(23%),9(39%),3(13%),11(48%),"Welkom, South Africa","Oct. 10, 2020"
Hugo Duarte,None,Heavyweight Division,0-0-0 (W-L-D),0,0,0,N/A,N/A,0,0,0,0,N/A,N/A,N/A,N/A,N/A,N/A,N/A,N/A,N/A,N/A,N/A,N/A,N/A,N/A,0(0%),0(0%),0(0%),"Rio de Janeiro, Brazil","May. 15, 1998"
Yuneisy Duben,None,Women's Flyweight Division,1-0-0 (W-L-D),0,0,0,64%,N/A,25,39,0,0,20.55,0.00,42%,12.33,11.51,0.00,N/A,01:13,21(84%),4(16%),0(0%),22(88%),1(4%),2(8%),0(0%),0(0%),0(0%),"Valencia, Venezuela","Feb. 11, 2025"
Emily Ducote,"""Gordinha""",Women's Strawweight Division,13-9-0 (W-L-D),3,4,3,52%,14%,559,1072,,7,7.45,0.20,58%,0.00,7.84,0.00,94%,15:00,540(97%),16(3%),3(1%),316(57%),114(20%),129(23%),3(23%),6(46%),4(31%),"San Jose, United States","Jul. 16, 2022"
Viktoriia Dudakova,None,Women's Strawweight Division,8-2-0 (W-L-D),2,4,3,48%,36%,158,330,1,28,2.87,2.73,50%,0.27,3.40,0.00,33%,11:00,122(77%),26(16%),10(6%),106(67%),49(31%),3(2%),2(25%),2(25%),4(50%),"Volgograd, Russia","Jul. 15, 2023"
Milana Dudieva,None,Women's Bantamweight Division,11-5-0 (W-L-D),0,0,0,32%,45%,28,88,,11,0.87,2.34,58%,0.00,3.43,0.00,N/A,10:41,18(64%),9(32%),1(4%),14(50%),8(29%),6(21%),3(27%),2(18%),6(55%),"USSR, Russia","Aug. 23, 2014"
Todd Duffee,None,Heavyweight Division,9-3-0 (W-L-D),9,0,0,37%,25%,124,333,,4,5.93,0.72,57%,2.87,2.87,0.00,90%,02:59,94(76%),23(19%),7(6%),104(84%),18(15%),2(2%),9(100%),0(0%),0(0%),"Evansville, United States","Aug. 29, 2009"
Joe Duffy,"""Irish""",Lightweight Division,16-5-0 (W-L-D),4,10,0,34%,67%,168,489,2,6,2.68,0.96,55%,0.48,3.78,0.72,64%,07:50,143(85%),13(8%),12(7%),110(65%),35(21%),23(14%),4(25%),2(13%),10(63%),"Donegal, Ireland","Mar. 14, 2015"
Alexis Dufresne,"""Sneaky Zebra""",Women's Bantamweight Division,5-2-0 (W-L-D),0,0,0,28%,50%,40,144,,6,1.33,1.50,61%,0.00,3.33,0.00,50%,15:00,31(78%),2(5%),7(18%),12(30%),8(20%),20(50%),3(60%),0(0%),2(40%),United States,"Jul. 6, 2014"
Jessamyn Duke,"""The Gun""",Women's Bantamweight Division,3-3-0 (W-L-D),0,0,0,53%,36%,229,431,,11,4.83,1.27,57%,0.00,4.43,1.90,50%,11:51,171(75%),50(22%),8(3%),149(65%),63(28%),17(7%),1(33%),1(33%),1(33%),"Whitesburg, United States","Dec. 1, 2013"
Islam Dulatov,None,Welterweight Division,1-0-0 (W-L-D),0,0,0,57%,100%,39,69,,1,14.27,5.49,52%,5.49,5.49,0.00,N/A,02:44,30(77%),6(15%),3(8%),32(82%),7(18%),0(0%),0(0%),0(0%),0(0%),Russia,"Feb. 22, 2025"
Isaac Dulgarian,"""The Midwest Choppa""",Featherweight Division,7-1-0 (W-L-D),4,3,6,64%,53%,98,153,1,19,3.37,5.15,41%,0.00,1.82,2.06,N/A,09:42,19(19%),1(1%),78(80%),90(92%),2(2%),6(6%),4(57%),0(0%),3(43%),"Fort Scott, United States","Aug. 12, 2023"
Kelly Dullanty,"""Psycho Kelly""",Lightweight Division,4-1-0 (W-L-D),0,0,0,0%,N/A,0,1,0,0,0.00,0.00,75%,0.00,0.67,0.00,67%,02:58,0(0%),0(0%),0(0%),0(0%),0(0%),0(0%),0(0%),0(0%),0(0%),"San Jose, United States","Mar. 22, 2002"
Sedriques Dumas,"""The Reaper""",Middleweight Division,10-2-0 (W-L-D),4,2,4,49%,36%,123,252,,14,2.15,1.31,59%,0.00,2.03,0.26,40%,09:31,96(78%),3(2%),24(20%),62(50%),18(15%),43(35%),4(40%),4(40%),2(20%),"Pensacola, United States","Mar. 11, 2023"
Norma Dumont,"""The Immortal""",Women's Bantamweight Division,12-2-0 (W-L-D),0,2,2,50%,57%,574,1147,5,30,3.86,1.72,66%,0.20,2.16,0.00,72%,14:51,458(80%),78(14%),38(7%),369(64%),117(20%),88(15%),0(0%),10(83%),2(17%),"Belo Horizonte, Brazil","Feb. 29, 2020"
Christian Leroy Duncan,"""CLD""",Middleweight Division,10-2-0 (W-L-D),8,1,4,63%,14%,227,363,,7,4.71,0.31,49%,0.31,3.57,0.00,64%,09:39,166(73%),35(15%),26(11%),122(54%),33(15%),72(32%),8(80%),1(10%),1(10%),United Kingdom,"Mar. 18, 2023"
Chris Duncan,"""The Problem""",Lightweight Division,12-2-0 (W-L-D),7,2,6,47%,37%,200,430,5,27,4.70,3.53,49%,0.35,4.00,0.35,33%,07:05,179(90%),8(4%),13(7%),105(53%),50(25%),45(23%),7(58%),3(25%),2(17%),"Glasgow, Scotland","Mar. 18, 2023"
Evan Dunham,None,Lightweight Division,18-8-1 (W-L-D),0,0,0,39%,33%,1228,3128,27,84,5.33,1.82,62%,0.13,3.54,0.98,80%,10:58,1024(83%),142(12%),62(5%),1039(85%),137(11%),52(4%),0(0%),0(0%),0(0%),"Eugene, United States","Feb. 21, 2009"
Tom Duquesnoy,"""Fire Kid""",Bantamweight Division,15-2-0 (W-L-D),0,0,0,45%,25%,136,300,1,4,3.83,0.42,63%,0.85,5.30,0.00,47%,11:49,115(85%),20(15%),1(1%),66(49%),30(22%),40(29%),8(53%),3(20%),4(27%),"Paris, France","Apr. 16, 2017"
Albert Duraev,None,Middleweight Division,16-5-0 (W-L-D),3,9,7,40%,29%,159,393,1,24,2.99,1.97,60%,0.00,3.01,0.56,67%,10:39,115(72%),1(1%),43(27%),98(62%),18(11%),43(27%),3(20%),3(20%),9(60%),Russia,"Oct. 30, 2021"
Reuben Duran,None,Bantamweight Division,8-5-1 (W-L-D),0,0,0,49%,23%,147,300,,13,3.19,0.98,51%,0.00,2.61,0.65,25%,11:31,84(57%),44(30%),19(13%),76(52%),46(31%),25(17%),0(0%),0(0%),0(0%),United States,"Mar. 4, 2011"
Cody Durden,"""Custom Made""",Flyweight Division,17-7-1 (W-L-D),6,6,9,46%,48%,416,907,9,67,3.52,4.06,49%,0.13,4.29,0.76,73%,09:51,350(84%),16(4%),50(12%),305(73%),57(14%),54(13%),6(35%),5(29%),6(35%),United States,"Aug. 1, 2020"
Luiz Dutra,"""Besouro""",Welterweight Division,11-4-1 (W-L-D),0,0,0,51%,0%,31,61,,2,3.92,0.00,42%,0.00,4.80,0.00,100%,03:58,19(61%),12(39%),0(0%),12(39%),13(42%),6(19%),3(27%),5(45%),3(27%),Brazil,"Jan. 4, 2014"
Riley Dutro,"""The Perfect Storm""",Flyweight Division,14-4-0 (W-L-D),0,0,0,55%,0%,71,130,,3,4.74,0.00,33%,0.00,5.95,0.00,83%,14:58,55(77%),16(23%),0(0%),34(48%),26(37%),11(15%),0(0%),0(0%),0(0%),United States,"Feb. 11, 2025"
Merab Dvalishvili,"""The Machine""",Bantamweight Division,19-4-0 (W-L-D),3,1,0,42%,35%,1022,2418,17,260,4.36,5.89,57%,0.06,2.51,0.26,83%,16:45,617(60%),149(15%),256(25%),656(64%),181(18%),185(18%),3(16%),15(79%),1(5%),"Tbilisi, Georgia","Dec. 9, 2017"
David Dvorak,"""Undertaker""",Flyweight Division,20-6-0 (W-L-D),8,8,10,43%,30%,269,625,,10,3.48,0.58,60%,0.00,3.29,0.19,70%,12:53,231(86%),30(11%),8(3%),137(51%),58(22%),74(28%),8(40%),4(20%),8(40%),"Horice, Czechia","Mar. 14, 2020"
Matt Dwyer,None,Welterweight Division,8-4-0 (W-L-D),0,0,0,34%,10%,88,257,,10,2.57,0.44,55%,0.88,3.24,0.00,60%,08:34,65(74%),18(20%),5(6%),49(56%),13(15%),26(30%),8(100%),0(0%),0(0%),"New Westminster, Canada","Oct. 4, 2014"
Rolando Dy,"""Dy Incredible""",Featherweight Division,9-6-1 (W-L-D),0,0,0,38%,20%,151,401,1,5,3.04,0.30,52%,0.30,4.47,0.00,68%,12:25,117(77%),27(18%),7(5%),91(60%),43(28%),17(11%),2(22%),5(56%),2(22%),None,"Jun. 17, 2017"
Ben Earwood,None,Welterweight Division,0-0-0 (W-L-D),0,0,0,56%,100%,5,9,,2,0.50,3.00,33%,0.00,0.20,0.00,N/A,10:00,1(20%),0(0%),4(80%),5(100%),0(0%),0(0%),0(0%),0(0%),0(0%),"Bettendorf, United States","Nov. 17, 2000"
Cody East,"""The Freight Train""",Heavyweight Division,12-3-0 (W-L-D),0,0,0,43%,100%,47,109,,3,4.15,3.97,40%,0.00,7.32,0.00,17%,05:40,37(79%),8(17%),2(4%),33(70%),3(6%),11(23%),9(75%),1(8%),2(17%),United States,"Apr. 24, 2016"
Marvin Eastman,"""The Beastman""",Middleweight Division,15-8-1 (W-L-D),0,0,0,35%,29%,69,199,,7,2.18,0.95,42%,0.00,4.05,0.00,82%,06:19,20(29%),49(71%),0(0%),31(45%),20(29%),18(26%),0(0%),0(0%),0(0%),"Merced, United States","Jun. 6, 2003"
Mike Easton,"""The Hulk""",Bantamweight Division,13-5-0 (W-L-D),0,0,0,37%,23%,351,947,,22,3.51,0.75,62%,0.15,4.28,0.00,67%,14:16,259(74%),79(23%),13(4%),144(41%),97(28%),110(31%),4(31%),7(54%),2(15%),"Washington, United States","Oct. 2, 2011"
Brian Ebersole,"""Bad Boy""",Welterweight Division,51-17-1 (W-L-D),0,0,0,50%,23%,266,533,,56,2.32,1.70,56%,0.13,2.14,0.13,62%,12:43,155(58%),43(16%),68(26%),155(58%),48(18%),63(24%),0(0%),0(0%),0(0%),United States,"Feb. 26, 2011"
Roybert Echeverria,"""The Unbroken""",Flyweight Division,0-1-0 (W-L-D),0,0,0,53%,0%,34,64,,1,2.95,0.00,57%,0.00,2.52,2.60,71%,11:31,19(56%),3(9%),12(35%),9(26%),9(26%),16(47%),0(0%),0(0%),0(0%),"Maturin, Venezuela","Feb. 11, 2025"
Mark Eddiva,None,Featherweight Division,6-3-0 (W-L-D),0,0,0,46%,22%,139,304,,18,3.37,1.45,54%,0.00,2.98,0.00,64%,10:19,85(61%),34(24%),20(14%),50(36%),28(20%),61(44%),3(50%),1(17%),2(33%),"Baguio City, Philippines","Mar. 1, 2014"
Frankie Edgar,"""The Answer""",Bantamweight Division,23-11-1 (W-L-D),6,4,6,40%,31%,1801,4451,67,232,3.77,2.29,66%,0.09,2.82,0.31,66%,15:54,1263(70%),129(7%),409(23%),1195(66%),344(19%),262(15%),6(26%),13(57%),4(17%),"Toms River, United States","Feb. 3, 2007"
Abdul-Kerim Edilov,None,Light Heavyweight Division,16-4-0 (W-L-D),0,0,0,62%,100%,77,125,2,2,10.22,3.98,92%,0.00,0.13,1.99,N/A,07:32,9(12%),6(8%),62(81%),59(77%),16(21%),2(3%),8(50%),1(6%),7(44%),"Chechnya, Russia","Sep. 2, 2017"
Johnny Eduardo,None,Bantamweight Division,28-13-0 (W-L-D),10,11,0,40%,20%,204,514,,5,2.95,0.22,63%,0.43,3.22,0.43,59%,08:39,184(90%),9(4%),11(5%),102(50%),23(11%),79(39%),10(36%),7(25%),11(39%),"Rio De Janeiro, Brazil","Aug. 27, 2011"
Te Edwards,"""Tango""",Lightweight Division,6-3-0 (W-L-D),0,0,0,42%,100%,31,74,,1,1.50,0.72,45%,1.45,4.15,0.00,44%,06:54,23(74%),4(13%),4(13%),23(74%),4(13%),4(13%),0(0%),0(0%),0(0%),"Virginia Beach, United States","Oct. 27, 2018"
Joselyne Edwards,"""La Pantera""",Women's Bantamweight Division,14-6-0 (W-L-D),6,3,6,53%,39%,603,1141,1,28,4.48,1.23,49%,0.00,3.19,0.56,61%,14:57,514(85%),50(8%),39(6%),220(36%),198(33%),185(31%),6(43%),5(36%),3(21%),Panama,"Jan. 16, 2021"
Adli Edwards,None,Featherweight Division,0-0-0 (W-L-D),0,0,0,N/A,N/A,0,0,0,0,N/A,N/A,N/A,N/A,N/A,N/A,N/A,00:00,0(0%),0(0%),0(0%),0(0%),0(0%),0(0%),0(0%),0(0%),0(0%),"Columbus, United States","Feb. 11, 2025"
Leon Edwards,"""Rocky""",Welterweight Division,22-4-0 (W-L-D),7,3,5,54%,37%,838,1554,12,71,2.68,1.25,54%,0.24,2.37,0.38,66%,17:22,640(76%),106(13%),92(11%),476(57%),195(23%),167(20%),7(32%),12(55%),3(14%),"Kingston, Jamaica","Nov. 9, 2014"
Justin Edwards,"""Fast Eddy""",Lightweight Division,9-5-0 (W-L-D),0,0,0,42%,27%,207,491,,41,2.68,2.14,51%,0.19,3.32,0.97,27%,11:01,113(55%),75(36%),19(9%),131(63%),56(27%),20(10%),0(0%),0(0%),0(0%),United States,"Jun. 5, 2011"
Yves Edwards,None,Lightweight Division,42-22-1 (W-L-D),0,0,0,43%,54%,799,1859,,26,2.91,0.76,67%,0.49,2.34,0.66,69%,09:49,511(64%),163(20%),125(16%),428(54%),188(24%),183(23%),0(0%),0(0%),0(0%),Bahamas,"Sep. 28, 2001"
Tom Egan,"""The Tank""",Welterweight Division,4-1-0 (W-L-D),0,0,0,0%,N/A,0,1,0,0,0.00,0.00,50%,0.00,3.91,0.00,29%,04:36,0(0%),0(0%),0(0%),0(0%),0(0%),0(0%),0(0%),0(0%),0(0%),"Kildare, Ireland","Jan. 17, 2009"
Stephanie Egger,None,Women's Bantamweight Division,8-5-0 (W-L-D),3,4,5,47%,43%,120,258,5,21,2.20,2.48,52%,0.00,2.48,0.55,50%,07:47,67(56%),23(19%),30(25%),80(67%),19(16%),21(18%),3(38%),1(13%),4(50%),"St. Gallen, Switzerland","Oct. 10, 2020"
Justin Eilers,None,Heavyweight Division,9-5-1 (W-L-D),0,0,0,31%,0%,20,65,,2,1.93,0.00,47%,1.44,9.92,0.00,N/A,02:36,7(35%),12(60%),1(5%),11(55%),0(0%),9(45%),0(0%),0(0%),0(0%),"Boise, United States","Aug. 21, 2004"
John-Olav Einemo,"""The Viking""",Heavyweight Division,6-3-0 (W-L-D),0,0,0,53%,56%,93,177,,9,2.15,1.73,52%,0.00,3.05,0.00,44%,14:26,61(66%),30(32%),2(2%),54(58%),19(20%),20(22%),0(0%),0(0%),0(0%),"Oslo, Norway","Jun. 12, 2011"
Per Eklund,None,Lightweight Division,15-4-1 (W-L-D),0,0,0,61%,11%,60,98,,36,2.07,2.07,67%,0.00,2.38,3.62,50%,09:40,25(42%),25(42%),10(17%),24(40%),28(47%),8(13%),0(0%),0(0%),0(0%),"Koppom, Sweden","Jan. 19, 2008"
Evan Elder,"""The Phenom """,Welterweight Division,9-2-0 (W-L-D),4,2,4,49%,20%,238,483,,10,5.02,0.63,58%,0.63,4.79,0.63,33%,11:51,211(89%),14(6%),13(5%),115(48%),89(37%),34(14%),4(44%),3(33%),2(22%),"St. Louis, United States","Apr. 23, 2022"
Billy Elekana,"""Son of Susie""",Light Heavyweight Division,7-2-0 (W-L-D),3,1,3,71%,100%,20,28,1,1,2.34,1.75,34%,0.00,5.50,0.00,N/A,08:33,13(65%),0(0%),7(35%),18(90%),2(10%),0(0%),3(43%),3(43%),1(14%),"Victorville, United States","Jan. 18, 2025"
Joao Elias,None,Flyweight Division,0-1-0 (W-L-D),0,0,0,50%,N/A,3,6,0,0,0.40,0.00,20%,0.00,6.47,0.00,50%,07:25,3(100%),0(0%),0(0%),0(0%),2(67%),1(33%),0(0%),0(0%),0(0%),None,"Feb. 11, 2025"
Darren Elkins,"""The Damage""",Featherweight Division,29-11-0 (W-L-D),9,5,0,38%,35%,1177,3065,39,190,3.40,2.86,52%,0.09,3.22,1.08,56%,11:56,673(57%),242(21%),262(22%),893(76%),234(20%),50(4%),9(31%),15(52%),5(17%),"Portage, United States","Mar. 21, 2010"
Joe Ellenberger,"""Excalibur""",Lightweight Division,15-2-0 (W-L-D),0,0,0,47%,40%,46,97,6,15,1.62,3.17,48%,0.00,3.45,1.06,N/A,14:12,18(39%),14(30%),14(30%),30(65%),12(26%),4(9%),8(53%),3(20%),4(27%),"Omaha, United States","Jun. 28, 2014"
Jake Ellenberger,"""The Juggernaut""",Welterweight Division,31-15-0 (W-L-D),0,0,0,39%,48%,417,1060,23,48,2.47,2.04,61%,0.98,2.83,0.36,86%,08:03,259(62%),83(20%),75(18%),307(74%),72(17%),38(9%),0(0%),0(0%),0(0%),"Omaha, United States","Sep. 16, 2009"
Tim Elliott,None,Bantamweight Division,21-13-1 (W-L-D),3,7,6,45%,47%,831,1850,36,129,3.39,3.73,57%,0.12,2.66,1.04,59%,12:15,514(62%),152(18%),165(20%),486(58%),172(21%),173(21%),3(14%),11(52%),7(33%),United States,"May. 5, 2012"
Oban Elliott,"""The Welsh Gangster""",Welterweight Division,12-2-0 (W-L-D),3,3,4,49%,50%,237,482,3,16,4.26,2.16,63%,0.27,2.25,0.00,73%,13:55,165(70%),10(4%),62(26%),162(68%),37(16%),38(16%),3(25%),6(50%),3(25%),"Stroud, England","Feb. 17, 2024"
Lisa Ellis,None,Women's Strawweight Division,15-9-0 (W-L-D),0,0,0,49%,64%,42,86,,11,1.68,4.19,57%,0.00,2.32,0.60,50%,08:21,27(64%),7(17%),8(19%),30(71%),8(19%),4(10%),0(0%),4(27%),11(73%),United States,"Dec. 12, 2014"
Brian Ellis,None,None,None,0,0,0,N/A,N/A,0,0,0,0,N/A,N/A,N/A,N/A,N/A,N/A,N/A,N/A,N/A,N/A,N/A,N/A,N/A,N/A,0(0%),0(0%),0(0%),None,"Feb. 11, 2025"
Anna Elmose,"""Panda""",Women's Strawweight Division,3-2-0 (W-L-D),0,0,0,50%,0%,69,139,,5,3.68,0.00,57%,0.80,4.64,0.00,33%,09:23,48(70%),7(10%),14(20%),41(59%),15(22%),13(19%),3(100%),0(0%),0(0%),"Aarhus, Denmark","May. 8, 2016"
Cameron Else,"""Camchida""",Bantamweight Division,10-6-0 (W-L-D),6,4,0,40%,N/A,17,42,0,0,1.99,0.00,51%,0.00,8.09,0.00,N/A,04:16,15(88%),0(0%),2(12%),9(53%),6(35%),2(12%),6(60%),0(0%),4(40%),"Margate, United Kingdom","Oct. 3, 2020"
Sovannahry Em,None,Women's Bantamweight Division,0-0-0 (W-L-D),0,0,0,N/A,N/A,0,0,0,0,N/A,N/A,N/A,N/A,N/A,N/A,N/A,00:00,0(0%),0(0%),0(0%),0(0%),0(0%),0(0%),0(0%),0(0%),0(0%),"Long Beach, United States","Feb. 11, 2025"
Ramazan Emeev,"""Gorets""",Welterweight Division,20-6-0 (W-L-D),3,7,7,45%,30%,272,602,4,57,2.53,2.37,65%,0.14,2.14,0.70,67%,13:27,177(65%),68(25%),27(10%),200(74%),54(20%),18(7%),3(15%),10(50%),7(35%),"Makhachkala, Russia","Oct. 21, 2017"
Rob Emerson,None,Lightweight Division,11-9-0 (W-L-D),0,0,0,31%,53%,185,602,,19,2.50,2.02,65%,0.40,2.83,0.40,66%,10:35,138(75%),27(15%),20(11%),104(56%),21(11%),60(32%),0(0%),0(0%),0(0%),"Newport Beach, United States","Jun. 23, 2007"
Freddy Emiliano Linares,None,Featherweight Division,0-1-0 (W-L-D),0,0,0,29%,0%,17,59,,2,1.17,0.00,27%,0.00,3.59,0.00,33%,14:30,9(53%),7(41%),1(6%),9(53%),6(35%),2(12%),0(0%),0(0%),0(0%),"Guayas, Ecuador","Feb. 11, 2025"
Jamall Emmers,"""Pretty Boy""",Featherweight Division,20-8-0 (W-L-D),8,3,5,48%,41%,390,808,7,22,5.30,1.83,57%,0.41,4.05,0.20,91%,09:12,318(82%),47(12%),25(6%),218(56%),117(30%),55(14%),8(40%),9(45%),3(15%),"Miami, United States","Mar. 7, 2020"
Josh Emmett,"""CC0 (C-C-OH)""",Featherweight Division,19-4-0 (W-L-D),7,2,7,36%,38%,731,2012,9,29,4.04,0.91,61%,0.99,4.61,0.08,47%,12:56,611(84%),42(6%),78(11%),465(64%),157(21%),109(15%),7(37%),10(53%),2(11%),"Phoenix, United States","May. 8, 2016"
Kolton Englund,None,Lightweight Division,0-1-0 (W-L-D),0,0,0,25%,0%,5,20,,1,2.31,0.00,40%,0.00,11.54,0.00,N/A,02:10,5(100%),0(0%),0(0%),3(60%),1(20%),1(20%),0(0%),0(0%),0(0%),"Kingwood, United States","Feb. 11, 2025"
Oliver Enkamp,"""The Future""",Welterweight Division,7-1-0 (W-L-D),0,0,0,36%,17%,41,113,1,6,2.38,0.87,38%,0.00,3.55,0.00,N/A,08:36,27(66%),14(34%),0(0%),16(39%),15(37%),10(24%),1(14%),2(29%),4(57%),"Stockholm, Sweden","May. 28, 2017"
Alex Enlund,None,Featherweight Division,14-2-0 (W-L-D),0,0,0,N/A,N/A,0,0,0,0,N/A,N/A,N/A,N/A,N/A,N/A,N/A,00:00,0(0%),0(0%),0(0%),0(0%),0(0%),0(0%),2(14%),1(7%),11(79%),"South Shields, United Kingdom","Feb. 11, 2025"
Ian Entwistle,"""Enty""",Bantamweight Division,9-3-0 (W-L-D),0,0,0,8%,0%,1,13,,3,0.11,0.00,32%,0.00,7.36,12.07,N/A,02:54,0(0%),1(100%),0(0%),0(0%),1(100%),0(0%),1(11%),1(11%),7(78%),"Burnley, United Kingdom","Jun. 28, 2014"
Andy Enz,"""Lionheart""",Middleweight Division,8-3-0 (W-L-D),0,0,0,23%,0%,112,482,,1,3.51,0.00,58%,0.00,5.32,0.00,58%,10:39,110(98%),2(2%),0(0%),74(66%),22(20%),16(14%),2(25%),2(25%),4(50%),United States,"Feb. 2, 2014"
Steve Erceg,"""Astroboy""",Flyweight Division,12-3-0 (W-L-D),1,6,5,49%,26%,282,578,3,19,4.37,1.16,53%,0.23,4.22,0.47,61%,12:54,235(83%),40(14%),7(2%),188(67%),66(23%),28(10%),1(9%),4(36%),6(55%),"Perth, Australia","May. 20, 2023"
Konstantin Erokhin,"""The Russian Bear""",Heavyweight Division,9-3-0 (W-L-D),0,0,0,37%,N/A,32,87,0,0,1.07,0.00,47%,0.00,1.83,0.00,70%,15:00,25(78%),7(22%),0(0%),23(72%),7(22%),2(6%),8(89%),1(11%),0(0%),"USSR, Russia","Jan. 24, 2015"
Julian Erosa,"""Juicy J""",Featherweight Division,30-12-0 (W-L-D),11,14,8,48%,48%,769,1589,3,29,6.18,1.69,48%,0.24,6.31,0.84,59%,07:46,617(80%),118(15%),34(4%),492(64%),200(26%),77(10%),11(37%),5(17%),14(47%),"Yakima, United States","Dec. 11, 2015"
Jarno Errens,None,Featherweight Division,14-6-1 (W-L-D),3,5,4,44%,0%,161,362,,7,3.29,0.00,62%,0.61,3.29,0.31,33%,12:13,154(96%),7(4%),0(0%),77(48%),46(29%),38(24%),3(21%),6(43%),5(36%),"Heerlen, Netherlands","Sep. 3, 2022"
Ivan Erslan,None,Light Heavyweight Division,14-4-0 (W-L-D),10,1,11,57%,50%,39,69,1,2,2.60,1.00,63%,0.00,3.00,0.00,75%,15:00,33(85%),5(13%),1(3%),29(74%),7(18%),3(8%),10(71%),3(21%),1(7%),"Zadar, Croatia","Sep. 28, 2024"
Cole Escovedo,"""Apache Kid""",Bantamweight Division,17-9-0 (W-L-D),0,0,0,43%,33%,123,283,,6,1.77,0.43,49%,0.22,4.32,0.00,13%,08:55,96(78%),18(15%),9(7%),42(34%),46(37%),35(28%),0(0%),0(0%),0(0%),United States,"May. 29, 2011"
Efrain Escudero,"""Hecho en México""",Lightweight Division,25-11-0 (W-L-D),0,0,0,45%,41%,435,970,,32,2.92,1.31,63%,0.50,2.30,0.81,67%,12:25,273(63%),93(21%),69(16%),263(60%),68(16%),104(24%),0(0%),0(0%),0(0%),"San Luis Rio, Mexico","Dec. 13, 2008"
Carla Esparza,"""Cookie Monster""",Women's Strawweight Division,20-8-0 (W-L-D),4,4,0,39%,36%,492,1247,25,135,2.19,3.28,54%,0.00,2.87,0.27,47%,14:01,280(57%),63(13%),149(30%),363(74%),71(14%),58(12%),4(20%),12(60%),4(20%),"Los Angeles, United States","Dec. 12, 2014"
Juan Espino,"""El Guapo""",Heavyweight Division,11-2-0 (W-L-D),1,8,0,71%,79%,44,62,2,14,2.38,8.93,40%,0.00,1.95,2.43,50%,06:10,9(20%),9(20%),26(59%),36(82%),6(14%),2(5%),1(9%),2(18%),8(73%),Spain,"Sep. 26, 2020"
Jordan Espinosa,None,Flyweight Division,15-9-0 (W-L-D),2,7,0,53%,29%,339,640,,14,4.22,0.75,57%,0.75,2.94,0.19,71%,10:02,237(70%),64(19%),38(11%),206(61%),64(19%),69(20%),2(13%),6(40%),7(47%),"Meriden, United States","Aug. 22, 2017"
Jodie Esquibel,None,Women's Strawweight Division,6-6-0 (W-L-D),1,0,0,31%,21%,246,784,,14,4.10,0.75,53%,0.00,7.37,0.00,83%,15:00,216(88%),24(10%),6(2%),160(65%),73(30%),13(5%),1(17%),5(83%),0(0%),"Albuquerque, United States","Oct. 21, 2017"
Rafael Estevam,"""Macapa""",Flyweight Division,12-0-0 (W-L-D),4,3,0,64%,19%,66,103,3,26,2.94,3.35,35%,0.00,3.35,0.67,N/A,11:13,12(18%),3(5%),51(77%),57(86%),6(9%),3(5%),4(33%),5(42%),3(25%),"Macapá, Brazil","Apr. 22, 2023"
Achilles Estremadura,None,Lightweight Division,0-1-0 (W-L-D),0,0,0,43%,N/A,48,111,0,0,3.20,0.00,70%,0.00,3.27,0.00,N/A,15:00,48(100%),0(0%),0(0%),44(92%),3(6%),1(2%),0(0%),0(0%),0(0%),"Vancouver, Canada","Feb. 11, 2025"
Shaun Etchell,None,Flyweight Division,0-1-0 (W-L-D),0,0,0,N/A,N/A,0,0,0,0,0.00,4.37,N/A,0.00,0.00,0.00,100%,03:26,0(0%),0(0%),0(0%),0(0%),0(0%),0(0%),0(0%),0(0%),0(0%),None,"Jun. 9, 2022"
Terry Etim,None,Lightweight Division,15-5-0 (W-L-D),0,0,0,36%,30%,229,639,,10,2.16,0.43,67%,0.28,2.53,1.42,39%,09:37,199(87%),27(12%),3(1%),110(48%),25(11%),94(41%),0(0%),0(0%),0(0%),"Liverpool, United Kingdom","Apr. 21, 2007"
Fred Ettish,None,,0-0-0 (W-L-D),0,0,0,N/A,N/A,0,0,0,0,N/A,N/A,N/A,N/A,N/A,N/A,N/A,N/A,N/A,N/A,N/A,N/A,N/A,N/A,0(0%),0(0%),0(0%),"Bemiji, United States","Mar. 11, 1994"
Sijara Eubanks,"""SarJ""",Women's Flyweight Division,8-7-0 (W-L-D),3,0,3,43%,45%,578,1337,2,38,4.30,1.90,57%,0.11,3.43,0.33,67%,13:27,419(72%),39(7%),120(21%),437(76%),100(17%),41(7%),3(38%),5(63%),0(0%),"Springfield, United States","Jun. 1, 2018"
Doug Evans,None,Lightweight Division,6-2-0 (W-L-D),0,0,0,36%,83%,42,117,,6,1.79,3.19,56%,0.00,2.55,0.64,70%,11:45,22(52%),18(43%),2(5%),26(62%),11(26%),5(12%),0(0%),0(0%),0(0%),"Anchorage, United States","Jun. 23, 2007"
Rashad Evans,"""Suga""",Light Heavyweight Division,24-8-1 (W-L-D),0,0,0,38%,45%,677,1793,53,141,2.14,2.98,63%,0.19,2.42,0.00,74%,12:12,372(55%),140(21%),165(24%),529(78%),93(14%),55(8%),0(0%),0(0%),0(0%),"Niagara Falls, United States","Nov. 5, 2005"
Ashlee Evans-Smith,"""Rebel Girl""",Women's Bantamweight Division,6-6-0 (W-L-D),3,0,0,34%,23%,446,1309,5,31,4.03,0.95,54%,0.00,4.59,0.00,50%,12:17,309(69%),98(22%),39(9%),229(51%),135(30%),82(18%),3(50%),3(50%),0(0%),"Ukiah, United States","Dec. 6, 2014"
Dan Evensen,"""The Viking""",Heavyweight Division,10-4-0 (W-L-D),0,0,0,11%,0%,2,19,,1,0.27,0.00,38%,0.00,3.86,3.99,N/A,03:46,0(0%),2(100%),0(0%),0(0%),2(100%),0(0%),0(0%),0(0%),0(0%),"Arendal, Norway","Aug. 9, 2008"
Tonya Evinger,"""Triple Threat""",Women's Featherweight Division,19-8-0 (W-L-D),8,7,0,43%,30%,56,131,1,10,1.16,0.93,39%,0.00,4.02,0.93,33%,09:39,38(68%),15(27%),3(5%),20(36%),22(39%),14(25%),8(42%),4(21%),7(37%),"Moses Lake, United States","Jul. 30, 2017"
Movsar Evloev,None,Featherweight Division,19-0-0 (W-L-D),3,4,2,48%,48%,539,1123,5,87,3.99,4.67,61%,0.00,2.66,0.22,61%,15:00,390(72%),49(9%),100(19%),432(80%),61(11%),46(9%),3(16%),12(63%),4(21%),"Ingushetia, Russia","Apr. 20, 2019"
Andre Ewell,"""Mr. Highlight""",Featherweight Division,17-9-0 (W-L-D),7,4,0,40%,75%,540,1349,1,4,4.28,0.36,51%,0.12,4.87,0.12,73%,14:02,528(98%),11(2%),1(0%),317(59%),165(31%),58(11%),7(41%),6(35%),4(24%),"Anaheim, United States","Sep. 23, 2018"
Jessica Eye,"""Evil""",Women's Flyweight Division,15-11-0 (W-L-D),3,1,2,37%,41%,895,2388,5,22,3.86,0.58,56%,0.00,4.19,0.45,57%,14:30,742(83%),129(14%),24(3%),537(60%),198(22%),160(18%),3(20%),11(73%),1(7%),"Barberton, United States","Oct. 20, 2013"
Edward Faaloloto,"""Falo""",Lightweight Division,5-3-0 (W-L-D),0,0,0,33%,25%,34,104,,4,2.28,1.01,45%,0.00,6.25,0.00,33%,04:58,23(68%),11(32%),0(0%),6(18%),8(24%),20(59%),0(0%),0(0%),0(0%),United States,"Jun. 27, 2011"
Urijah Faber,"""The California Kid""",Bantamweight Division,35-11-0 (W-L-D),10,17,0,41%,30%,982,2412,26,125,2.65,1.54,64%,0.36,2.59,0.85,58%,12:20,590(60%),139(14%),253(26%),716(73%),198(20%),68(7%),10(29%),8(23%),17(49%),"Isla Vista, United States","Mar. 20, 2011"
Melinda Fábián,None,Women's Flyweight Division,4-3-2 (W-L-D),0,0,0,42%,0%,121,290,,1,4.03,0.00,63%,0.50,4.00,0.00,100%,15:00,98(81%),23(19%),0(0%),73(60%),23(19%),25(21%),0(0%),0(0%),4(100%),"Tatabánya, Hungary","Dec. 1, 2017"
Wagnney Fabiano,None,Featherweight Division,14-2-0 (W-L-D),0,0,0,38%,64%,83,217,,25,1.19,3.44,70%,0.00,0.66,0.43,100%,11:38,47(57%),14(17%),22(27%),43(52%),23(28%),17(20%),0(0%),0(0%),0(0%),Brazil,"Feb. 11, 2025"
Bartosz Fabinski,"""The Butcher""",Middleweight Division,15-5-0 (W-L-D),8,0,0,68%,71%,113,166,22,34,2.23,7.10,51%,0.00,1.46,0.00,80%,08:27,30(27%),50(44%),33(29%),68(60%),34(30%),11(10%),8(53%),7(47%),0(0%),"Warszawa, Poland","Apr. 11, 2015"
Ron Faircloth,None,Light Heavyweight Division,0-0-0 (W-L-D),0,0,0,40%,N/A,2,5,0,0,0.39,0.00,43%,0.00,8.90,0.00,N/A,05:10,2(100%),0(0%),0(0%),0(0%),1(50%),1(50%),0(0%),0(0%),0(0%),"Stoughton, United States","Oct. 7, 2005"
Zarah Fairn,"""Infinite""",Women's Bantamweight Division,6-5-0 (W-L-D),4,0,4,31%,0%,171,543,,2,4.55,0.00,46%,0.00,7.40,0.00,60%,09:24,160(94%),11(6%),0(0%),128(75%),26(15%),17(10%),4(67%),2(33%),0(0%),"Paris, France","Oct. 5, 2019"
Jason Fairn,None,,0-0-0 (W-L-D),0,0,0,N/A,N/A,0,0,0,0,N/A,N/A,N/A,N/A,N/A,N/A,N/A,N/A,N/A,N/A,N/A,N/A,N/A,N/A,0(0%),0(0%),0(0%),Canada,"Dec. 16, 1994"
Rinat Fakhretdinov,"""Gladiator""",Welterweight Division,23-1-1 (W-L-D),11,6,13,53%,34%,363,688,5,58,4.78,3.95,54%,0.59,3.58,0.20,92%,12:39,239(66%),59(16%),65(18%),256(71%),50(14%),57(16%),11(48%),6(26%),6(26%),"Mordovia Republic, Russia","Jun. 4, 2022"
Pedro Falcao,"""Pedrinho""",Bantamweight Division,16-4-0 (W-L-D),6,5,7,48%,22%,84,175,1,18,2.90,2.07,48%,0.00,2.63,0.00,83%,14:28,55(65%),10(12%),19(23%),53(63%),19(23%),12(14%),6(38%),5(31%),5(31%),"Porto Velho, Brazil","Apr. 6, 2024"
Maiquel Falcao,"""Big Rig""",Middleweight Division,26-3-0 (W-L-D),0,0,0,56%,100%,25,45,,1,1.67,1.00,87%,1.00,0.53,3.00,71%,15:00,9(36%),5(20%),11(44%),18(72%),6(24%),1(4%),0(0%),0(0%),0(0%),Brazil,"Nov. 21, 2010"
Brodie Farber,None,Welterweight Division,13-5-0 (W-L-D),0,0,0,46%,50%,28,61,1,2,1.69,0.90,53%,0.00,2.17,0.90,20%,08:19,20(71%),7(25%),1(4%),18(64%),6(21%),4(14%),0(0%),0(0%),0(0%),"Grass Valley, United States","Jul. 19, 2008"
Kalindra Faria,None,Women's Flyweight Division,18-8-1 (W-L-D),0,0,0,56%,67%,51,91,2,3,2.23,1.31,45%,0.00,1.44,0.66,20%,07:37,20(39%),8(16%),23(45%),38(75%),9(18%),4(8%),7(39%),6(33%),5(28%),"Taubate, Brazil","Oct. 7, 2017"
Jair Farias,None,None,None,0,0,0,N/A,N/A,0,0,0,0,N/A,N/A,N/A,N/A,N/A,N/A,N/A,N/A,N/A,N/A,N/A,N/A,N/A,N/A,0(0%),0(0%),0(0%),None,"Feb. 11, 2025"
Rico Farrington,None,Welterweight Division,0-0-0 (W-L-D),0,0,0,42%,N/A,95,227,0,0,6.33,0.00,52%,0.00,7.20,0.00,20%,15:00,95(100%),0(0%),0(0%),79(83%),12(13%),4(4%),0(0%),0(0%),0(0%),Bahamas,"Feb. 11, 2025"
Kelly Faszholz,None,Women's Bantamweight Division,3-2-0 (W-L-D),0,0,0,48%,0%,120,249,,3,4.01,0.00,53%,0.00,3.61,0.00,44%,14:58,97(81%),20(17%),3(3%),76(63%),35(29%),9(8%),0(0%),0(0%),3(100%),"Englewood, United States","Feb. 22, 2016"
Paul Felder,"""The Irish Dragon""",Lightweight Division,17-6-0 (W-L-D),10,1,0,45%,29%,763,1710,3,14,3.70,0.29,49%,0.22,3.44,0.22,65%,13:45,557(73%),110(14%),96(13%),449(59%),149(20%),165(22%),10(59%),6(35%),1(6%),"Philadelphia, United States","Oct. 4, 2014"
Carlos Felipe,"""Boi""",Heavyweight Division,11-2-0 (W-L-D),6,0,0,46%,0%,366,804,,1,4.88,0.00,51%,0.00,5.60,0.00,73%,15:00,319(87%),40(11%),7(2%),232(63%),110(30%),24(7%),6(55%),5(45%),0(0%),"Feira de Santana, Brazil","May. 9, 2020"
Josh Ferguson,"""Taz""",Flyweight Division,7-5-0 (W-L-D),0,0,0,44%,11%,54,123,,9,2.13,0.59,32%,0.00,4.18,0.00,55%,12:41,42(78%),7(13%),5(9%),37(69%),14(26%),3(6%),0(0%),0(0%),0(0%),United States,"Dec. 4, 2011"
Tony Ferguson,"""El Cucuy""",Welterweight Division,26-11-0 (W-L-D),13,8,9,46%,35%,1332,2905,6,20,4.91,0.39,55%,0.17,4.37,0.88,66%,11:19,1210(91%),31(2%),91(7%),800(60%),259(19%),273(20%),13(50%),5(19%),8(31%),"Oxnard, United States","Jun. 5, 2011"
Gabriella Fernandes,"""Gabi""",Women's Flyweight Division,10-3-0 (W-L-D),3,3,1,47%,18%,186,396,,11,3.46,0.56,50%,0.28,5.50,0.28,61%,13:27,160(86%),26(14%),0(0%),123(66%),36(19%),27(15%),3(30%),4(40%),3(30%),"São Gonçalo, Brazil","Feb. 25, 2023"
CJ Fernandes,None,Welterweight Division,0-0-0 (W-L-D),0,0,0,N/A,N/A,0,0,0,0,N/A,N/A,N/A,N/A,N/A,N/A,N/A,N/A,N/A,N/A,N/A,N/A,N/A,N/A,0(0%),0(0%),0(0%),"Granite City, United States","Sep. 22, 2000"
Kauê Fernandes,None,Lightweight Division,9-2-0 (W-L-D),6,5,7,50%,N/A,4,8,0,0,0.41,0.00,29%,0.00,5.70,0.00,N/A,04:50,3(75%),0(0%),1(25%),2(50%),1(25%),1(25%),6(46%),2(15%),5(38%),"State of Rio de Janeiro, Brazil","Nov. 4, 2023"
Lucas Fernando,None,Middleweight Division,0-1-0 (W-L-D),0,0,0,52%,30%,28,54,,10,1.87,3.00,39%,0.00,4.73,1.00,N/A,15:00,26(93%),2(7%),0(0%),16(57%),6(21%),6(21%),0(0%),0(0%),0(0%),"State of Rio de Janeiro, Brazil","Feb. 11, 2025"
Erisson Ferreira,None,Flyweight Division,1-1-0 (W-L-D),0,0,0,32%,100%,47,145,,2,1.75,1.11,56%,0.00,2.75,1.67,67%,13:28,31(66%),8(17%),8(17%),30(64%),11(23%),6(13%),0(0%),0(0%),0(0%),None,"Feb. 11, 2025"
Brunno Ferreira,"""The Hulk""",Middleweight Division,12-2-0 (W-L-D),9,3,10,50%,17%,113,226,,6,3.76,0.50,52%,1.99,3.12,0.50,54%,05:01,94(83%),8(7%),11(10%),80(71%),20(18%),13(12%),9(75%),0(0%),3(25%),"Curitiba, Brazil","Jan. 21, 2023"
Diego Ferreira,None,Lightweight Division,19-6-0 (W-L-D),5,7,4,41%,30%,753,1853,1,30,4.82,0.86,56%,0.29,3.46,0.58,58%,09:46,579(77%),50(7%),124(16%),540(72%),158(21%),55(7%),5(26%),7(37%),7(37%),"Terra Nova, Brazil","Jun. 28, 2014"
Cezar Ferreira,"""Mutante""",Middleweight Division,14-8-0 (W-L-D),4,4,0,43%,54%,297,693,23,52,1.90,2.69,54%,0.19,2.44,0.48,85%,10:25,233(78%),18(6%),46(15%),157(53%),75(25%),65(22%),4(29%),6(43%),4(29%),"Ibitinga, Brazil","Jun. 24, 2012"
Alexandre Ferreira,"""Cacareco""",Light Heavyweight Division,18-7-0 (W-L-D),0,0,0,60%,0%,6,10,,3,2.57,0.00,42%,0.00,8.14,0.00,N/A,02:20,3(50%),3(50%),0(0%),1(17%),3(50%),2(33%),0(0%),0(0%),0(0%),United States,"Nov. 13, 2010"
Scott Ferrozzo,None,Heavyweight Division,0-0-0 (W-L-D),0,0,0,N/A,N/A,0,0,0,0,N/A,N/A,N/A,N/A,N/A,N/A,N/A,N/A,N/A,N/A,N/A,N/A,N/A,N/A,0(0%),0(0%),0(0%),"Shakopee, United States","Feb. 16, 1996"
Timo Feucht,None,Light Heavyweight Division,0-0-0 (W-L-D),0,0,0,N/A,N/A,0,0,0,0,N/A,N/A,N/A,N/A,N/A,N/A,N/A,N/A,N/A,N/A,N/A,N/A,N/A,N/A,0(0%),0(0%),0(0%),None,"Feb. 11, 2025"
Andre Fialho,None,Welterweight Division,16-8-0 (W-L-D),13,1,12,42%,100%,202,486,,1,3.30,0.25,46%,0.49,6.26,0.00,67%,08:44,165(82%),32(16%),5(2%),140(69%),39(19%),23(11%),13(81%),2(13%),1(6%),"Cascais, Portugal","Jan. 15, 2022"
Drew Fickett,"""The Master""",Welterweight Division,31-5-0 (W-L-D),0,0,0,42%,38%,155,373,6,16,2.45,1.42,57%,0.24,2.50,1.90,31%,09:01,57(37%),50(32%),48(31%),74(48%),54(35%),27(17%),0(0%),0(0%),0(0%),United States,"Feb. 5, 2005"
Scott Fielder,None,,0-0-0 (W-L-D),0,0,0,N/A,N/A,0,0,0,0,N/A,N/A,N/A,N/A,N/A,N/A,N/A,N/A,N/A,N/A,N/A,N/A,N/A,N/A,0(0%),0(0%),0(0%),"Pacific, United States","Jul. 12, 1996"
Test Fighter2,None,None,None,0,0,0,N/A,N/A,0,0,0,0,N/A,N/A,N/A,N/A,N/A,N/A,N/A,N/A,N/A,N/A,N/A,N/A,N/A,N/A,0(0%),0(0%),0(0%),None,"Feb. 11, 2025"
Michal Figlak,"""Mad Dog""",Lightweight Division,8-2-0 (W-L-D),4,0,1,39%,13%,120,306,1,8,4.00,0.50,53%,0.00,4.93,0.00,57%,15:00,113(94%),4(3%),3(3%),73(61%),25(21%),22(18%),4(50%),4(50%),0(0%),"Poznań, Poland","Sep. 3, 2022"
Francisco Figueiredo,"""Sniper""",Flyweight Division,13-5-1 (W-L-D),3,8,6,62%,75%,73,118,6,8,2.04,2.51,62%,0.00,2.59,0.42,76%,08:58,54(74%),8(11%),11(15%),29(40%),19(26%),25(34%),3(23%),2(15%),8(62%),"Soure, Brazil","Jan. 20, 2021"
Deiveson Figueiredo,"""Deus da Guerra""",Bantamweight Division,24-4-1 (W-L-D),9,9,11,54%,35%,672,1236,7,72,2.91,1.62,50%,0.78,3.55,1.43,60%,12:50,502(75%),49(7%),121(18%),417(62%),184(27%),71(11%),9(38%),6(25%),9(38%),"Soure, Brazil","Jun. 3, 2017"
Edwin Figueroa,"""El Feroz""",Bantamweight Division,9-4-0 (W-L-D),0,0,0,39%,100%,193,489,,1,2.57,0.20,52%,0.40,3.06,0.60,37%,12:32,119(62%),8(4%),66(34%),136(70%),39(20%),18(9%),0(0%),0(0%),0(0%),United States,"Mar. 27, 2011"
Jafel Filho,"""Pastor""",Flyweight Division,16-3-0 (W-L-D),5,10,8,41%,33%,80,194,,12,2.36,1.77,47%,0.44,2.00,2.65,56%,08:29,52(65%),1(1%),27(34%),48(60%),17(21%),15(19%),5(31%),1(6%),10(63%),"Sento Sé, Brazil","Mar. 18, 2023"
Andre Fili,"""Touchy""",Featherweight Division,24-11-0 (W-L-D),10,3,8,38%,44%,948,2502,23,80,3.88,2.15,51%,0.37,4.11,0.25,70%,10:37,812(86%),58(6%),78(8%),686(72%),140(15%),122(13%),10(43%),10(43%),3(13%),"Federal Way, United States","Oct. 20, 2013"
Torrez Finney,None,Middleweight Division,3-0-0 (W-L-D),0,0,0,70%,69%,70,100,,26,2.60,10.04,51%,0.00,1.86,1.67,N/A,08:58,18(26%),4(6%),48(69%),70(100%),0(0%),0(0%),0(0%),0(0%),0(0%),"Macon, United States","Feb. 11, 2025"
Luigi Fioravanti,None,Welterweight Division,13-5-0 (W-L-D),0,0,0,43%,63%,214,499,,38,2.23,3.76,70%,0.31,2.21,0.94,68%,10:39,107(50%),65(30%),42(20%),112(52%),30(14%),72(34%),0(0%),0(0%),0(0%),"Orlando, United States","Apr. 6, 2006"
Nick Fiore,None,Lightweight Division,6-2-0 (W-L-D),2,4,6,46%,45%,85,183,1,11,2.83,2.50,43%,0.00,7.93,0.00,71%,15:00,62(73%),16(19%),7(8%),74(87%),8(9%),3(4%),2(33%),0(0%),4(67%),"Lowell, United States","Jan. 14, 2023"
Manon Fiorot,"""The Beast""",Women's Flyweight Division,12-1-0 (W-L-D),6,0,6,53%,39%,603,1141,1,28,4.48,1.23,49%,0.00,3.19,0.56,61%,14:57,514(85%),50(8%),39(6%),220(36%),198(33%),185(31%),6(43%),5(36%),3(21%),"Nice, France","Jan. 20, 2021"
Spencer Fisher,"""The King""",Lightweight Division,25-9-0 (W-L-D),0,0,0,44%,30%,637,1464,,30,3.17,0.67,64%,0.22,3.03,0.75,60%,11:49,404(63%),172(27%),61(10%),305(48%),203(32%),129(20%),0(0%),0(0%),0(0%),United States,"Oct. 3, 2005"
Chris Fishgold,None,Featherweight Division,18-4-1 (W-L-D),2,13,0,32%,46%,70,217,1,13,2.01,2.59,47%,0.00,2.70,1.29,44%,08:42,59(84%),9(13%),2(3%),44(63%),10(14%),16(23%),2(11%),3(17%),13(72%),"Liverpool, United Kingdom","Oct. 28, 2018"
Jon Fitch,None,Welterweight Division,27-5-1 (W-L-D),0,0,0,51%,55%,630,1225,,106,2.64,3.64,54%,0.13,1.75,0.88,56%,13:17,186(30%),136(22%),308(49%),414(66%),129(20%),87(14%),0(0%),0(0%),0(0%),"Fort Wayne, United States","Oct. 3, 2005"
Isi Fitikefu,None,Light Heavyweight Division,0-0-0 (W-L-D),0,0,0,N/A,N/A,0,0,0,0,N/A,N/A,N/A,N/A,N/A,N/A,N/A,N/A,N/A,N/A,N/A,N/A,N/A,N/A,0(0%),0(0%),0(0%),New Zealand,"Feb. 11, 2025"
Rafael Fiziev,"""Ataman""",Lightweight Division,12-3-0 (W-L-D),8,1,6,52%,40%,515,997,,5,4.90,0.29,49%,0.29,4.97,0.00,89%,11:41,461(90%),50(10%),4(1%),232(45%),191(37%),92(18%),8(67%),3(25%),1(8%),Kyrgyzstan,"Apr. 20, 2019"
AJ Fletcher,"""The Ghost""",Welterweight Division,10-3-0 (W-L-D),4,4,6,50%,36%,163,329,4,14,3.36,1.54,47%,0.31,4.61,0.93,33%,09:43,138(85%),12(7%),13(8%),113(69%),18(11%),32(20%),4(44%),1(11%),4(44%),"Baton Rouge, United States","Mar. 12, 2022"
Colin Fletcher,"""The Freakshow""",Lightweight Division,9-3-0 (W-L-D),0,0,0,35%,0%,93,268,,2,3.10,0.00,62%,0.00,2.97,0.00,27%,15:00,86(92%),5(5%),2(2%),32(34%),20(22%),41(44%),0(0%),0(0%),0(0%),United Kingdom,"Dec. 16, 2012"
Nathan Fletcher,None,Bantamweight Division,9-1-0 (W-L-D),1,7,4,70%,67%,14,20,4,6,2.25,9.63,40%,0.00,0.96,2.41,N/A,06:14,6(43%),0(0%),8(57%),13(93%),0(0%),1(7%),1(11%),1(11%),7(78%),"Southport, England","Aug. 24, 2024"
Jimmy Flick,"""The Brick""",Flyweight Division,17-8-0 (W-L-D),0,15,8,50%,22%,94,188,,23,1.94,1.55,43%,0.00,5.43,4.34,N/A,08:04,78(83%),9(10%),7(7%),33(35%),36(38%),25(27%),0(0%),2(12%),15(88%),"Tulsa, United States","Dec. 5, 2020"
Ty Flores,None,Light Heavyweight Division,0-1-0 (W-L-D),0,0,0,38%,9%,30,80,,11,2.00,1.00,25%,0.00,7.80,0.00,N/A,15:00,19(63%),11(37%),0(0%),11(37%),11(37%),8(27%),0(0%),0(0%),0(0%),"St. Louis, United States","Feb. 11, 2025"
Alejandro Flores,None,Featherweight Division,0-1-0 (W-L-D),0,0,0,41%,0%,29,71,,1,3.66,0.00,54%,0.00,2.02,0.00,N/A,07:55,28(97%),1(3%),0(0%),6(21%),10(34%),13(45%),0(0%),0(0%),0(0%),None,"Feb. 11, 2025"
Luke Flores,None,Lightweight Division,7-2-0 (W-L-D),0,0,0,44%,0%,20,45,,1,1.56,0.00,61%,0.00,1.88,1.17,40%,05:03,18(90%),2(10%),0(0%),6(30%),6(30%),8(40%),3(43%),1(14%),3(43%),"Mission, United States","Aug. 29, 2017"
Kenny Florian,"""KenFlo""",Featherweight Division,16-6-0 (W-L-D),0,0,0,40%,33%,456,1139,,84,2.41,2.22,64%,0.08,1.85,1.27,60%,10:32,219(48%),82(18%),155(34%),295(65%),99(22%),62(14%),0(0%),0(0%),0(0%),"Westwood , United States","Apr. 9, 2005"
Darrius Flowers,"""Beastmode""",Welterweight Division,12-8-1 (W-L-D),9,0,7,50%,29%,94,189,1,7,3.07,0.98,44%,0.00,5.49,0.00,64%,07:39,81(86%),9(10%),4(4%),43(46%),21(22%),30(32%),9(75%),3(25%),0(0%),"Chicago, United States","Jul. 29, 2023"
Caros Fodor,"""The Future""",Lightweight Division,7-3-0 (W-L-D),0,0,0,51%,23%,47,92,,13,3.13,3.00,54%,0.00,5.40,0.00,50%,15:00,32(68%),15(32%),0(0%),24(51%),12(26%),11(23%),0(0%),0(0%),0(0%),"Redmond, United States","Mar. 4, 2012"
Rob Font,None,Bantamweight Division,21-8-0 (W-L-D),9,4,9,46%,34%,1267,2773,5,38,5.44,0.84,57%,0.45,3.58,0.32,44%,12:57,1122(89%),83(7%),62(5%),949(75%),226(18%),92(7%),9(43%),8(38%),4(19%),"Leominster, United States","Jul. 5, 2014"
Jesse Forbes,None,Middleweight Division,13-6-0 (W-L-D),0,0,0,24%,75%,53,217,,4,2.11,1.79,54%,0.60,4.06,1.19,67%,06:17,27(51%),24(45%),2(4%),31(58%),18(34%),4(8%),0(0%),0(0%),0(0%),"Portland, United States","Jun. 24, 2006"
Jussier Formiga,None,Flyweight Division,23-8-0 (W-L-D),0,10,0,40%,35%,257,649,15,62,1.42,1.82,64%,0.17,2.34,0.58,87%,11:18,184(72%),30(12%),43(17%),189(74%),40(16%),28(11%),0(0%),13(57%),10(43%),"State of Rio Grande do Norte, Brazil","Oct. 6, 2012"
Brianna Fortino,"""The Bull""",Women's Strawweight Division,9-3-0 (W-L-D),2,3,0,42%,45%,106,255,3,11,3.53,2.50,57%,0.00,3.23,0.00,67%,15:00,69(65%),33(31%),4(4%),57(54%),36(34%),13(12%),2(25%),3(38%),3(38%),"Gilroy, United States","Jul. 13, 2019"
Marcel Fortuna,"""Maozinha""",Light Heavyweight Division,9-3-0 (W-L-D),0,0,0,47%,8%,127,273,1,12,3.83,0.45,65%,0.45,4.52,0.45,75%,11:03,116(91%),11(9%),0(0%),88(69%),26(20%),13(10%),1(11%),3(33%),5(56%),"State of Santa Catarina, Brazil","Feb. 5, 2017"
Brian Foster,None,Welterweight Division,17-5-0 (W-L-D),0,0,0,40%,60%,81,203,,10,3.30,3.67,65%,0.61,1.63,1.83,38%,04:55,33(41%),5(6%),43(53%),61(75%),14(17%),6(7%),0(0%),0(0%),0(0%),"Sallisaw, United States","Sep. 19, 2009"
Xavier Foupa-Pokam,"""The Professor X""",Middleweight Division,20-11-0 (W-L-D),0,0,0,43%,N/A,23,53,0,0,1.47,0.00,49%,0.00,2.50,0.00,17%,07:49,18(78%),4(17%),1(4%),8(35%),12(52%),3(13%),0(0%),0(0%),0(0%),"Paris, France","Apr. 18, 2009"
Glaico Franca,"""Nego""",Lightweight Division,14-5-0 (W-L-D),0,0,0,43%,42%,105,247,,19,2.35,2.68,47%,0.00,3.46,0.34,77%,14:55,66(63%),32(30%),7(7%),68(65%),16(15%),21(20%),6(43%),1(7%),7(50%),"Curitibanos, Brazil","Aug. 1, 2015"
Hermes Franca,"""The Unreal""",Lightweight Division,20-8-0 (W-L-D),0,0,0,40%,36%,280,708,,44,1.78,1.53,55%,0.38,2.85,2.38,38%,13:07,195(70%),46(16%),39(14%),189(68%),28(10%),63(23%),0(0%),0(0%),0(0%),"Fortaleza, Brazil","Apr. 25, 2003"
Kai Kara-France,"""Don't Blink""",Flyweight Division,25-11-0 (W-L-D),12,3,13,40%,33%,674,1702,,18,4.56,0.61,65%,0.81,3.22,0.00,88%,12:19,577(86%),15(2%),82(12%),429(64%),96(14%),149(22%),12(48%),10(40%),3(12%),"Auckland, New Zealand","Dec. 2, 2018"
Rich Franklin,"""Ace""",Middleweight Division,29-7-0 (W-L-D),0,0,0,44%,67%,937,2126,,30,4.10,1.31,63%,0.72,2.07,0.66,63%,08:10,619(66%),181(19%),137(15%),612(65%),220(23%),105(11%),0(0%),0(0%),0(0%),United States,"Apr. 25, 2003"
Stephanie Frausto,None,Women's Strawweight Division,0-1-0 (W-L-D),0,0,0,21%,N/A,4,19,0,0,1.43,0.00,60%,0.00,3.57,0.00,N/A,02:48,4(100%),0(0%),0(0%),0(0%),1(25%),3(75%),0(0%),0(0%),0(0%),"Clovis, United States","Feb. 11, 2025"
Justin Frazier,"""The Grizzlybear""",Heavyweight Division,0-1-0 (W-L-D),0,0,0,67%,N/A,4,6,0,0,1.11,0.00,4%,0.00,6.11,0.00,N/A,03:36,0(0%),4(100%),0(0%),0(0%),4(100%),0(0%),0(0%),0(0%),0(0%),United States,"Feb. 11, 2025"
Zane Frazier,"""Nasty""",Heavyweight Division,0-2-0 (W-L-D),0,0,0,N/A,N/A,0,0,0,0,N/A,N/A,N/A,N/A,N/A,N/A,N/A,00:00,0(0%),0(0%),0(0%),0(0%),0(0%),0(0%),0(0%),0(0%),0(0%),"North Hollywood, United States","Nov. 12, 1993"
Ian Freeman,"""The Machine""",Heavyweight Division,14-6-1 (W-L-D),0,0,0,49%,40%,53,109,,5,2.54,1.44,45%,0.00,3.11,0.72,80%,06:58,9(17%),19(36%),25(47%),44(83%),5(9%),4(8%),0(0%),0(0%),0(0%),"Sunderland, United Kingdom","Mar. 10, 2000"
Willamy Freire,"""Chiquerim""",Lightweight Division,17-4-0 (W-L-D),0,0,0,37%,100%,46,124,,1,1.53,0.50,62%,0.00,0.93,0.00,74%,15:00,27(59%),5(11%),14(30%),24(52%),8(17%),14(30%),0(0%),0(0%),0(0%),"Fortaleza, Brazil","Jan. 23, 2011"
Donavon Frelow,None,Bantamweight Division,6-3-0 (W-L-D),0,0,0,28%,100%,36,129,,1,2.40,1.00,52%,0.00,3.20,0.00,26%,15:00,29(81%),6(17%),1(3%),25(69%),9(25%),2(6%),0(0%),2(33%),4(67%),"Los Angeles, United States","Aug. 8, 2017"
Josh Fremd,None,Middleweight Division,11-6-0 (W-L-D),4,4,3,44%,25%,173,389,1,12,2.52,0.66,47%,0.00,2.23,1.09,30%,11:26,135(78%),28(16%),10(6%),84(49%),54(31%),35(20%),4(36%),3(27%),4(36%),"Evans City, United States","Apr. 9, 2022"
Matt Frevola,"""The SteamRolla""",Lightweight Division,11-5-1 (W-L-D),4,3,6,41%,39%,317,774,,38,3.37,2.39,57%,1.12,3.69,0.96,36%,07:50,207(65%),38(12%),72(23%),214(68%),63(20%),40(13%),4(36%),4(36%),3(27%),"Huntington, United States","Aug. 29, 2017"
Jinh Yu Frey,None,Women's Strawweight Division,11-10-0 (W-L-D),1,2,3,43%,37%,307,710,3,19,2.97,1.02,52%,0.00,4.23,0.29,90%,12:54,257(84%),36(12%),14(5%),179(58%),49(16%),79(26%),1(9%),8(73%),2(18%),"Crossett, United States","Jun. 27, 2020"
Artem Frolov,None,Middleweight Division,0-0-0 (W-L-D),0,0,0,N/A,N/A,0,0,0,0,N/A,N/A,N/A,N/A,N/A,N/A,N/A,N/A,N/A,N/A,N/A,N/A,N/A,N/A,0(0%),0(0%),0(0%),None,"Feb. 11, 2025"
Sarah Frota,"""A Treta""",Women's Flyweight Division,9-2-0 (W-L-D),2,5,0,53%,0%,125,237,,1,4.52,0.00,56%,0.54,2.57,0.00,54%,09:13,110(88%),4(3%),11(9%),110(88%),8(6%),7(6%),2(22%),2(22%),5(56%),Brazil,"Feb. 2, 2019"
Daniel Frunza,None,Welterweight Division,1-0-0 (W-L-D),0,0,0,44%,N/A,42,95,0,0,4.94,0.00,52%,0.00,5.53,0.00,60%,08:30,29(69%),2(5%),11(26%),32(76%),6(14%),4(10%),0(0%),0(0%),0(0%),None,"Feb. 11, 2025"
Don Frye,"""The Predator""",Heavyweight Division,11-1-0 (W-L-D),0,0,0,65%,57%,190,294,,7,2.87,0.91,37%,0.45,3.57,0.68,45%,09:27,23(12%),146(77%),21(11%),103(54%),80(42%),7(4%),0(0%),0(0%),0(0%),"Sierra Vista, United States","Feb. 16, 1996"
Anthony Fryklund,"""The Freak""",Middleweight Division,11-4-0 (W-L-D),0,0,0,59%,0%,64,108,,1,6.30,0.00,44%,1.48,19.97,1.48,67%,05:05,7(11%),8(13%),49(77%),53(83%),7(11%),4(6%),0(0%),0(0%),0(0%),"Boston, United States","Jul. 27, 1997"
Adam Fugitt,None,Welterweight Division,10-4-0 (W-L-D),4,3,3,46%,29%,174,379,1,17,4.72,2.04,52%,0.00,4.48,0.00,50%,09:13,158(91%),10(6%),6(3%),79(45%),70(40%),25(14%),4(57%),0(0%),3(43%),"Eugene, United States","Jul. 30, 2022"
Katsuhisa Fuji,None,,0-0-0 (W-L-D),0,0,0,N/A,N/A,0,0,0,0,N/A,N/A,N/A,N/A,N/A,N/A,N/A,N/A,N/A,N/A,N/A,N/A,N/A,N/A,0(0%),0(0%),0(0%),Japan,"Nov. 19, 1999"
Riki Fukuda,None,Middleweight Division,19-7-0 (W-L-D),0,0,0,46%,45%,350,757,,29,4.67,2.60,64%,0.00,4.45,0.00,70%,15:00,272(78%),63(18%),15(4%),196(56%),54(15%),100(29%),0(0%),0(0%),0(0%),Japan,"Feb. 26, 2011"
Masio Fullen,None,Featherweight Division,10-6-0 (W-L-D),0,0,0,32%,33%,78,243,,3,2.46,0.47,54%,0.00,3.50,0.00,69%,10:34,59(76%),17(22%),2(3%),49(63%),19(24%),10(13%),3(30%),2(20%),5(50%),"Guadalajara, Mexico","Feb. 28, 2015"
Sam Fulton,None,Heavyweight Division,0-0-0 (W-L-D),0,0,0,N/A,N/A,0,0,0,0,N/A,N/A,N/A,N/A,N/A,N/A,N/A,N/A,N/A,N/A,N/A,N/A,N/A,N/A,0(0%),0(0%),0(0%),United States,"Sep. 20, 1996"
Travis Fulton,None,Heavyweight Division,0-0-0 (W-L-D),0,0,0,N/A,N/A,0,0,0,0,N/A,N/A,N/A,N/A,N/A,N/A,N/A,N/A,N/A,N/A,N/A,N/A,N/A,N/A,0(0%),0(0%),0(0%),"Cedar Falls, United States","May. 7, 1999"
Ricardo Funch,"""Golden Boy""",Welterweight Division,8-4-0 (W-L-D),0,0,0,65%,19%,95,146,,16,2.61,1.24,40%,0.00,3.57,0.00,60%,09:06,35(37%),42(44%),18(19%),34(36%),14(15%),47(49%),0(0%),0(0%),0(0%),"Lencois, Brazil","Dec. 12, 2009"
Gustavo Gabriel,None,Flyweight Division,0-0-0 (W-L-D),0,0,0,65%,0%,39,60,,2,4.06,0.00,46%,0.00,4.26,0.00,50%,09:37,29(74%),5(13%),5(13%),29(74%),8(21%),2(5%),0(0%),0(0%),0(0%),"Sao Miguel dos Campos, Brazil","Feb. 11, 2025"
Claudia Gadelha,"""Claudinha""",Women's Strawweight Division,18-5-0 (W-L-D),2,7,0,42%,43%,590,1420,31,84,3.31,3.03,57%,0.08,4.57,0.67,59%,14:50,465(79%),62(11%),63(11%),490(83%),75(13%),25(4%),2(12%),8(47%),7(41%),"Mossoro, Brazil","Jul. 16, 2014"
Magomed Gadzhiyasulov,None,Light Heavyweight Division,9-1-0 (W-L-D),5,1,6,50%,73%,130,262,5,15,2.89,3.67,62%,0.00,1.64,0.00,62%,15:00,103(79%),14(11%),13(10%),56(43%),36(28%),38(29%),5(56%),3(33%),1(11%),"Makhachkala, Dagestan, Russia","Jun. 22, 2024"
Justin Gaethje,"""The Highlight""",Lightweight Division,26-5-0 (W-L-D),20,0,9,59%,25%,964,1628,,4,6.78,0.11,52%,0.63,7.46,0.00,75%,10:56,849(88%),101(10%),14(1%),586(61%),107(11%),271(28%),20(80%),4(16%),1(4%),"Tucson, United States","Jul. 8, 2017"
Sheila Gaff,"""The German Tank""",Women's Bantamweight Division,10-6-1 (W-L-D),0,0,0,50%,N/A,10,20,0,0,1.60,0.00,28%,0.00,2.89,0.00,20%,03:07,2(20%),8(80%),0(0%),2(20%),8(80%),0(0%),0(0%),0(0%),0(0%),Germany,"Apr. 27, 2013"
Muin Gafurov,"""Tajiik""",Bantamweight Division,20-6-0 (W-L-D),10,7,14,46%,26%,177,386,,23,2.89,1.47,53%,0.25,2.21,0.00,70%,12:15,122(69%),28(16%),27(15%),115(65%),34(19%),28(16%),10(50%),3(15%),7(35%),"Dushanbe, Tajikistan","Jun. 3, 2023"
Mitch Gagnon,None,Bantamweight Division,12-5-0 (W-L-D),1,10,0,46%,25%,215,463,6,24,2.76,1.16,62%,0.58,2.21,1.93,66%,09:44,126(59%),50(23%),39(18%),138(64%),52(24%),25(12%),1(8%),1(8%),10(83%),"Sturgeon Falls, Canada","Jul. 21, 2012"
Dave Galera,"""Scarecrow""",Bantamweight Division,5-1-0 (W-L-D),0,0,0,69%,N/A,25,36,0,0,1.67,0.00,33%,0.00,0.53,2.00,14%,15:00,8(32%),5(20%),12(48%),15(60%),6(24%),4(16%),2(40%),0(0%),3(60%),"Santa Clara, United States","Jan. 4, 2014"
Mickey Gall,None,Welterweight Division,7-7-0 (W-L-D),0,6,5,50%,32%,366,738,4,25,3.50,1.15,50%,0.29,4.72,1.58,38%,08:03,281(77%),41(11%),44(12%),288(79%),58(16%),20(5%),0(0%),1(14%),6(86%),"Livingston, United States","Feb. 7, 2016"
Daniel Gallemore,None,Heavyweight Division,0-0-0 (W-L-D),0,0,0,41%,N/A,31,75,0,0,3.10,0.00,52%,0.00,6.00,0.00,N/A,10:00,23(74%),8(26%),0(0%),9(29%),9(29%),13(42%),0(0%),0(0%),0(0%),None,"Feb. 11, 2025"
Tom Gallicchio,"""Da Tank""",Welterweight Division,19-11-0 (W-L-D),0,0,0,27%,11%,53,200,1,9,3.53,1.00,44%,0.00,7.07,0.00,N/A,15:00,51(96%),2(4%),0(0%),24(45%),17(32%),12(23%),0(0%),6(32%),13(68%),United States,"Jul. 8, 2017"
Joey Gambino,"""The Raging Warrior""",Featherweight Division,9-2-0 (W-L-D),0,0,0,35%,0%,44,124,,6,2.47,0.00,52%,0.00,2.53,0.84,43%,08:54,37(84%),3(7%),4(9%),24(55%),10(23%),10(23%),0(0%),0(0%),0(0%),United States,"Jun. 23, 2012"
Manny Gamburyan,"""The Anvil""",Bantamweight Division,18-11-0 (W-L-D),0,0,0,42%,34%,392,934,,117,2.13,3.26,56%,0.16,2.83,0.73,69%,09:41,204(52%),80(20%),108(28%),247(63%),57(15%),88(22%),0(0%),0(0%),0(0%),Armenia,"Jun. 23, 2007"
Mateusz Gamrot,"""Gamer""",Lightweight Division,24-3-0 (W-L-D),8,5,3,51%,35%,397,780,12,122,3.23,5.25,59%,0.12,3.22,0.12,91%,12:18,315(79%),29(7%),53(13%),298(75%),56(14%),43(11%),8(33%),11(46%),5(21%),"Bielsko, Poland","Oct. 17, 2020"
Shamil Gamzatov,None,Light Heavyweight Division,14-1-0 (W-L-D),5,5,0,48%,0%,99,205,,3,5.35,0.00,52%,0.00,3.46,0.00,50%,09:16,98(99%),1(1%),0(0%),26(26%),36(36%),37(37%),5(36%),4(29%),5(36%),"Dagestan, Russia","Nov. 9, 2019"
Ariel Gandulla,None,Middleweight Division,4-0-1 (W-L-D),0,0,0,23%,67%,31,133,,3,1.95,1.88,73%,0.00,2.07,0.00,N/A,07:58,16(52%),11(35%),4(13%),28(90%),3(10%),0(0%),0(0%),0(0%),0(0%),United States,"Feb. 11, 2025"
Ciryl Gane,"""Bon Gamin""",Heavyweight Division,13-2-0 (W-L-D),6,3,3,61%,25%,899,1467,,32,5.26,0.70,62%,0.26,2.23,0.61,44%,14:15,807(90%),65(7%),27(3%),391(43%),248(28%),260(29%),6(46%),4(31%),3(23%),"La Roche-sur-Yon, Vendée, France","Aug. 10, 2019"
Sean Gannon,"""The Cannon""",Heavyweight Division,1-1-0 (W-L-D),0,0,0,0%,N/A,0,3,0,0,0.00,0.00,29%,0.00,6.38,0.00,50%,04:14,0(0%),0(0%),0(0%),0(0%),0(0%),0(0%),0(0%),0(0%),0(0%),"Boston, United States","Oct. 7, 2005"
Junye Gao,None,Bantamweight Division,0-0-0 (W-L-D),0,0,0,N/A,N/A,0,0,0,0,N/A,N/A,N/A,N/A,N/A,N/A,N/A,00:00,0(0%),0(0%),0(0%),0(0%),0(0%),0(0%),0(0%),0(0%),0(0%),None,"Feb. 11, 2025"
Luiz Garagorri,None,Featherweight Division,13-2-0 (W-L-D),4,6,0,51%,100%,107,209,1,1,3.42,0.48,58%,0.00,2.36,0.00,62%,10:26,87(81%),11(10%),9(8%),77(72%),22(21%),8(7%),4(31%),3(23%),6(46%),"State of Rio Grande do Sul, Brazil","Aug. 10, 2018"
Cody Garbrandt,"""No Love""",Bantamweight Division,14-6-0 (W-L-D),11,0,8,41%,34%,434,1066,5,29,2.98,1.03,60%,1.13,3.76,0.00,80%,09:42,385(89%),23(5%),26(6%),317(73%),52(12%),65(15%),11(79%),3(21%),0(0%),"Uhrichsville, United States","Jan. 3, 2015"
Fernie Garcia,None,Bantamweight Division,10-5-0 (W-L-D),3,1,3,34%,50%,111,323,,2,2.04,0.28,49%,0.28,3.79,0.55,50%,10:52,101(91%),1(1%),9(8%),78(70%),16(14%),17(15%),3(30%),6(60%),1(10%),United States,"May. 7, 2022"
Rafa Garcia,"""Gifted""",Lightweight Division,16-4-0 (W-L-D),1,9,6,43%,44%,423,988,12,54,3.97,3.38,61%,0.00,4.36,0.28,75%,13:19,356(84%),45(11%),22(5%),328(78%),60(14%),35(8%),1(6%),6(38%),9(56%),"Brawley, United States","Mar. 13, 2021"
Elias Garcia,None,Flyweight Division,6-2-0 (W-L-D),2,3,0,28%,14%,35,127,,7,1.59,0.68,50%,0.68,5.05,1.36,33%,11:00,32(91%),3(9%),0(0%),19(54%),4(11%),12(34%),2(33%),1(17%),3(50%),United States,"Feb. 11, 2025"
Alex Garcia,"""The Dominican Nightmare""",Welterweight Division,15-5-0 (W-L-D),6,6,2,31%,53%,212,676,28,55,1.81,3.72,59%,0.38,3.03,0.13,67%,11:42,160(75%),30(14%),22(10%),176(83%),25(12%),11(5%),6(40%),3(20%),6(40%),"Santiago, Dominican Republic","Mar. 15, 2014"
Steve Garcia,"""Mean Machine""",Featherweight Division,17-5-0 (W-L-D),14,0,8,57%,40%,259,457,4,10,5.04,1.17,46%,2.63,2.34,0.58,89%,05:08,124(48%),39(15%),96(37%),200(77%),39(15%),20(8%),14(82%),3(18%),0(0%),"Albuquerque, United States","Feb. 29, 2020"
Edgar Garcia,None,Welterweight Division,14-5-0 (W-L-D),0,0,0,30%,57%,86,289,,7,3.16,2.21,60%,0.55,4.23,0.55,50%,05:26,50(58%),7(8%),29(34%),71(83%),9(10%),6(7%),0(0%),0(0%),0(0%),"San Luis Rio Colorado, Mexico","Jun. 20, 2009"
Harrison Garcia,"""Hitman""",None,None,0,0,0,N/A,N/A,0,0,0,0,N/A,N/A,N/A,N/A,N/A,N/A,N/A,N/A,N/A,N/A,N/A,N/A,N/A,N/A,0(0%),0(0%),0(0%),None,"Feb. 11, 2025"
Leonard Garcia,"""Bad Boy""",Featherweight Division,19-11-1 (W-L-D),0,0,0,25%,27%,552,2234,4,15,2.77,0.30,53%,0.30,4.79,0.53,42%,11:42,466(84%),51(9%),35(6%),353(64%),92(17%),107(19%),0(0%),0(0%),0(0%),United States,"Apr. 7, 2007"
Pablo Garza,"""The Scarecrow """,Featherweight Division,13-4-0 (W-L-D),0,0,0,44%,25%,161,365,,12,3.37,0.94,50%,0.31,2.70,1.26,15%,06:50,77(48%),20(12%),64(40%),87(54%),45(28%),29(18%),0(0%),0(0%),0(0%),United States,"Dec. 5, 2010"
Azamat Gashimov,None,Flyweight Division,10-3-0 (W-L-D),0,0,0,22%,25%,11,51,,4,1.24,1.69,53%,0.00,4.75,0.00,N/A,04:26,7(64%),0(0%),4(36%),8(73%),1(9%),2(18%),0(0%),0(0%),0(0%),Russia,"Nov. 17, 2012"
Brian Gassaway,"""Mandingo""",Welterweight Division,24-17-3 (W-L-D),0,0,0,27%,N/A,4,15,0,0,0.34,0.00,45%,0.00,3.65,0.00,43%,05:53,2(50%),2(50%),0(0%),1(25%),2(50%),1(25%),0(0%),0(0%),0(0%),"Chicago, United States","Aug. 20, 2005"
Kelvin Gastelum,None,Middleweight Division,19-9-0 (W-L-D),7,4,6,42%,35%,1170,2759,9,66,3.74,1.10,58%,0.43,3.48,0.10,59%,13:37,986(84%),106(9%),78(7%),777(66%),202(17%),191(16%),7(39%),7(39%),4(22%),"San Jose, United States","Apr. 14, 2013"
Willie Gates,"""Whoop Ass""",Flyweight Division,12-7-0 (W-L-D),0,0,0,39%,N/A,67,172,0,0,1.80,0.00,39%,0.81,4.28,0.40,68%,09:18,42(63%),9(13%),16(24%),36(54%),23(34%),8(12%),6(50%),3(25%),3(25%),"Fontana, United States","Dec. 13, 2014"
Melissa Gatto,None,Women's Flyweight Division,8-2-2 (W-L-D),3,4,4,50%,29%,232,466,1,21,3.78,1.47,54%,0.24,2.84,0.49,64%,12:16,195(84%),24(10%),13(6%),130(56%),67(29%),35(15%),3(33%),2(22%),4(44%),"State of São Paulo, Brazil","Aug. 7, 2021"
Louis Gaudinot,"""Goodnight""",Flyweight Division,6-4-0 (W-L-D),0,0,0,37%,40%,124,332,,5,2.34,0.57,49%,0.00,6.42,1.13,31%,10:37,99(80%),13(10%),12(10%),74(60%),20(16%),30(24%),2(29%),2(29%),3(43%),United States,"Dec. 4, 2011"
Manuel Gaxhja,None,Lightweight Division,0-0-0 (W-L-D),0,0,0,N/A,N/A,0,0,0,0,N/A,N/A,N/A,N/A,N/A,N/A,N/A,00:00,0(0%),0(0%),0(0%),0(0%),0(0%),0(0%),0(0%),0(0%),0(0%),None,"Feb. 11, 2025"
Shamil Gaziev,None,Heavyweight Division,14-1-0 (W-L-D),9,3,9,48%,30%,120,248,,10,2.57,0.96,45%,0.64,3.87,0.32,83%,09:21,78(65%),25(21%),17(14%),86(72%),32(27%),2(2%),9(64%),2(14%),3(21%),"Khunzakh, Dagestan, Russia","Dec. 16, 2023"
Paul Georgieff,None,Welterweight Division,7-2-0 (W-L-D),0,0,0,40%,0%,12,30,,2,2.55,0.00,35%,0.00,2.34,0.00,N/A,04:42,8(67%),1(8%),3(25%),9(75%),1(8%),2(17%),0(0%),0(0%),0(0%),"St. Paul, United States","Dec. 9, 2007"
Brian Geraghty,"""Duke""",Lightweight Division,24-9-2 (W-L-D),0,0,0,25%,N/A,1,4,0,0,0.47,0.00,36%,0.00,9.77,0.00,50%,02:09,0(0%),1(100%),0(0%),1(100%),0(0%),0(0%),0(0%),0(0%),0(0%),"Pleasant Prairie, United States","Jun. 23, 2007"
Karine Gevorgyan,"""Princess""",Women's Flyweight Division,3-3-0 (W-L-D),0,0,0,20%,0%,2,10,,2,1.20,0.00,77%,0.00,1.80,0.00,N/A,01:40,2(100%),0(0%),0(0%),2(100%),0(0%),0(0%),0(0%),0(0%),3(100%),"Yerevan, Armenia","Dec. 1, 2017"
Yanis Ghemmouri,"""The Desert Warrior""",Bantamweight Division,12-3-0 (W-L-D),3,4,5,39%,0%,29,75,,4,2.29,0.00,36%,0.00,5.14,0.00,N/A,06:20,25(86%),4(14%),0(0%),0(0%),7(24%),22(76%),3(25%),5(42%),4(33%),"Decines-Charpieu, France","Sep. 2, 2023"
Darrel Gholar,None,Middleweight Division,0-0-0 (W-L-D),0,0,0,N/A,N/A,0,0,0,0,N/A,N/A,N/A,N/A,N/A,N/A,N/A,N/A,N/A,N/A,N/A,N/A,N/A,N/A,0(0%),0(0%),0(0%),"North Hollywood, United States","Jan. 8, 1999"
Tiki Ghosn,None,Welterweight Division,8-5-0 (W-L-D),0,0,0,47%,50%,101,217,,2,2.78,0.41,58%,0.00,2.94,0.00,62%,06:04,63(62%),28(28%),10(10%),41(41%),30(30%),30(30%),0(0%),0(0%),0(0%),"Huntington Beach, United States","Mar. 10, 2000"
Christos Giagos,"""The Spartan""",Lightweight Division,20-12-0 (W-L-D),8,4,5,42%,37%,353,844,1,60,3.03,2.84,51%,0.13,3.21,0.39,52%,08:19,261(74%),41(12%),51(14%),232(66%),81(23%),40(11%),8(40%),8(40%),4(20%),"Azusa, United States","Oct. 25, 2014"
Joe Giannetti,"""Skeletor""",Lightweight Division,7-1-0 (W-L-D),0,0,0,39%,17%,29,75,1,6,1.93,1.00,41%,0.00,2.80,0.00,N/A,15:00,27(93%),2(7%),0(0%),3(10%),11(38%),15(52%),0(0%),1(14%),6(86%),"Boston, United States","Jul. 6, 2018"
James Giboo,None,Welterweight Division,11-3-0 (W-L-D),0,0,0,27%,0%,9,33,,6,1.20,0.00,39%,0.00,7.08,0.00,N/A,07:29,9(100%),0(0%),0(0%),4(44%),3(33%),2(22%),0(0%),0(0%),0(0%),"Yale, United States","Jul. 19, 2008"
Chase Gibson,None,Lightweight Division,0-1-0 (W-L-D),0,0,0,55%,0%,47,86,,2,3.13,0.00,52%,0.00,6.40,0.00,N/A,15:00,47(100%),0(0%),0(0%),22(47%),17(36%),8(17%),0(0%),0(0%),0(0%),"Los Angeles, United States","Feb. 11, 2025"
Cody Gibson,"""The Renegade""",Bantamweight Division,22-10-0 (W-L-D),7,6,8,44%,41%,311,704,5,32,3.47,2.18,57%,0.34,3.36,0.67,68%,11:12,228(73%),67(22%),16(5%),232(75%),51(16%),28(9%),7(32%),9(41%),6(27%),United States,"Feb. 22, 2014"
Thomas Gifford,"""The Young Lion""",Lightweight Division,17-9-0 (W-L-D),3,13,0,38%,33%,118,312,1,3,3.97,0.50,37%,0.00,6.45,0.00,33%,14:53,104(88%),12(10%),2(2%),61(52%),23(19%),34(29%),3(18%),1(6%),13(76%),"Hot Springs, United States","Apr. 27, 2019"
Joe Gigliotti,"""Capo""",Middleweight Division,7-2-0 (W-L-D),0,0,0,39%,100%,20,51,,2,1.04,1.56,46%,0.00,2.92,0.78,50%,09:36,11(55%),8(40%),1(5%),12(60%),6(30%),2(10%),3(43%),0(0%),4(57%),"Cleveland, United States","Aug. 7, 2016"
Joey Gilbert,None,Lightweight Division,0-0-0 (W-L-D),0,0,0,43%,0%,3,7,,1,0.61,0.00,31%,0.00,4.44,0.00,N/A,04:57,1(33%),2(67%),0(0%),0(0%),2(67%),1(33%),0(0%),0(0%),0(0%),United States,"May. 4, 2001"
Trevin Giles,None,Welterweight Division,16-7-0 (W-L-D),6,5,4,54%,50%,487,895,5,22,3.17,1.07,58%,0.29,2.39,0.29,72%,10:59,369(76%),32(7%),86(18%),363(75%),46(9%),78(16%),6(38%),5(31%),5(31%),"San Antonio, United States","Jul. 9, 2017"
Gregor Gillespie,"""The Gift""",Lightweight Division,14-1-0 (W-L-D),8,5,0,53%,48%,221,418,17,56,3.74,6.86,58%,0.51,2.30,0.76,100%,07:23,68(31%),19(9%),134(61%),186(84%),20(9%),15(7%),8(53%),2(13%),5(33%),"Rochester, United States","Sep. 25, 2016"
Jason Gilliam,"""The Gizzard""",Welterweight Division,11-1-0 (W-L-D),0,0,0,33%,N/A,3,9,0,0,0.79,0.00,43%,0.00,3.14,0.00,N/A,01:55,2(67%),1(33%),0(0%),0(0%),3(100%),0(0%),0(0%),0(0%),0(0%),"Muncie, United States","Mar. 3, 2007"
Micheal Gillmore,"""The Gentleman""",Welterweight Division,6-5-0 (W-L-D),3,0,0,57%,N/A,31,54,0,0,2.04,0.00,43%,0.00,3.02,0.00,50%,07:37,28(90%),0(0%),3(10%),14(45%),4(13%),13(42%),3(50%),3(50%),0(0%),"Lansing, United States","Aug. 28, 2021"
Alex Gilpin,None,Featherweight Division,10-1-0 (W-L-D),0,0,0,54%,25%,47,87,,4,6.80,2.17,43%,0.00,12.29,2.17,N/A,06:55,45(96%),1(2%),1(2%),45(96%),1(2%),1(2%),0(0%),0(0%),0(0%),"St. Louis, United States","Feb. 11, 2025"
Bob Gilstrap,None,Middleweight Division,0-0-0 (W-L-D),0,0,0,N/A,N/A,0,0,0,0,N/A,N/A,N/A,N/A,N/A,N/A,N/A,N/A,N/A,N/A,N/A,N/A,N/A,N/A,0(0%),0(0%),0(0%),United States,"May. 15, 1998"
Eperaim Ginting,None,Bantamweight Division,0-1-0 (W-L-D),0,0,0,0%,100%,0,1,,1,0.00,15.52,100%,0.00,0.00,0.00,N/A,00:58,0(0%),0(0%),0(0%),0(0%),0(0%),0(0%),0(0%),0(0%),0(0%),"Berastagi, Indonesia","Feb. 11, 2025"
He-Man Gipson,None,,0-0-0 (W-L-D),0,0,0,N/A,N/A,0,0,0,0,N/A,N/A,N/A,N/A,N/A,N/A,N/A,N/A,N/A,N/A,N/A,N/A,N/A,N/A,0(0%),0(0%),0(0%),"Las Vegas, United States","Jul. 14, 1995"
Ricky Glenn,"""The Gladiator""",Welterweight Division,22-9-2 (W-L-D),13,3,7,43%,13%,473,1105,4,45,3.79,0.72,51%,0.36,4.30,0.36,69%,11:21,273(58%),76(16%),124(26%),292(62%),119(25%),62(13%),13(59%),6(27%),3(14%),"Marshalltown, United States","Sep. 18, 2016"
Mark Godbeer,"""The Hand Of""",Heavyweight Division,13-3-0 (W-L-D),0,0,0,54%,0%,124,230,,2,3.97,0.00,54%,0.00,3.30,0.00,29%,07:49,88(71%),22(18%),14(11%),65(52%),42(34%),17(14%),9(69%),2(15%),2(15%),"Taunton, United Kingdom","Nov. 19, 2016"
Loopy Godinez,None,Women's Strawweight Division,12-5-0 (W-L-D),1,2,2,48%,48%,678,1407,15,67,4.16,2.95,63%,0.09,3.69,1.01,81%,13:34,571(84%),67(10%),40(6%),514(76%),121(18%),43(6%),1(8%),9(75%),2(17%),"Aguascalientes, Mexico","Apr. 17, 2021"
Allan Goes,None,Middleweight Division,0-0-0 (W-L-D),0,0,0,N/A,N/A,0,0,0,0,N/A,N/A,N/A,N/A,N/A,N/A,N/A,N/A,N/A,N/A,N/A,N/A,N/A,N/A,0(0%),0(0%),0(0%),Brazil,"May. 15, 1998"
Billy Ray Goff ,None,Welterweight Division,9-3-0 (W-L-D),7,0,4,46%,18%,192,413,,17,8.56,2.01,59%,1.34,5.71,0.00,100%,07:29,177(92%),12(6%),3(2%),98(51%),37(19%),57(30%),7(78%),2(22%),0(0%),"Gulfport, United States","Aug. 26, 2023"
Amiran Gogoladze,None,Welterweight Division,0-1-0 (W-L-D),0,0,0,67%,0%,2,3,,1,1.64,0.00,N/A,0.00,0.82,0.00,N/A,01:13,2(100%),0(0%),0(0%),0(0%),2(100%),0(0%),0(0%),0(0%),0(0%),None,"Feb. 11, 2025"
Hannah Goldy,"""24K""",Women's Flyweight Division,6-4-0 (W-L-D),1,1,0,47%,12%,354,753,,25,5.19,0.66,51%,0.00,4.67,0.22,55%,11:22,252(71%),84(24%),18(5%),179(51%),102(29%),73(21%),1(17%),4(67%),1(17%),"Boston, United States","Aug. 3, 2019"
Marcelo Golm,None,Heavyweight Division,6-3-0 (W-L-D),5,1,0,58%,50%,142,243,1,2,4.27,0.45,46%,0.00,4.30,0.45,88%,08:19,72(51%),50(35%),20(14%),93(65%),24(17%),25(18%),5(83%),0(0%),1(17%),"State of São Paulo, Brazil","Oct. 29, 2017"
Denise Gomes,"""Dee""",Women's Strawweight Division,10-3-0 (W-L-D),6,0,2,50%,25%,378,756,,16,4.55,0.72,51%,0.36,3.11,0.90,67%,11:52,253(67%),86(23%),39(10%),189(50%),100(26%),89(24%),6(60%),4(40%),0(0%),"Santana do Livramento, Brazil","Sep. 17, 2022"
Edson Gomez,None,Welterweight Division,0-1-0 (W-L-D),0,0,0,32%,0%,20,62,,5,2.66,0.00,46%,0.00,8.78,0.00,N/A,07:31,20(100%),0(0%),0(0%),14(70%),5(25%),1(5%),0(0%),0(0%),0(0%),None,"Feb. 11, 2025"
Joey Gomez,None,Lightweight Division,7-0-0 (W-L-D),0,0,0,50%,29%,56,113,,7,3.73,2.00,51%,0.00,3.33,0.00,N/A,15:00,47(84%),0(0%),9(16%),54(96%),2(4%),0(0%),0(0%),0(0%),0(0%),"Reno, United States","Feb. 11, 2025"
Ulysses Gomez,"""Useless""",Flyweight Division,9-4-0 (W-L-D),0,0,0,25%,0%,51,202,,8,2.72,0.00,69%,0.00,3.57,0.00,N/A,09:23,48(94%),3(6%),0(0%),15(29%),3(6%),33(65%),0(0%),0(0%),0(0%),United States,"Feb. 16, 2013"
Luis Gomez,"""Tiger Junior""",Featherweight Division,4-1-0 (W-L-D),0,0,0,34%,50%,21,62,,8,1.57,4.48,55%,0.00,4.03,0.00,33%,13:23,20(95%),1(5%),0(0%),16(76%),3(14%),2(10%),2(50%),1(25%),1(25%),Cuba,"Jul. 25, 2017"
Joey Gomez,"""KO King""",Bantamweight Division,6-2-0 (W-L-D),0,0,0,29%,100%,59,207,,1,2.44,0.62,55%,0.62,4.46,0.00,50%,12:07,47(80%),12(20%),0(0%),36(61%),9(15%),14(24%),6(100%),0(0%),0(0%),"Fairfax, United States","Jan. 18, 2016"
Takanori Gomi,"""The Fireball Kid""",Lightweight Division,35-14-0 (W-L-D),0,0,0,42%,65%,791,1902,1,26,3.81,1.23,60%,0.72,3.52,0.80,64%,07:09,562(71%),101(13%),128(16%),517(65%),222(28%),52(7%),0(0%),0(0%),0(0%),Japan,"Mar. 31, 2010"
William Gomis,"""Jaguar""",Featherweight Division,14-2-0 (W-L-D),7,1,0,50%,38%,154,308,3,8,2.69,0.78,72%,0.00,1.60,0.52,71%,14:20,131(85%),20(13%),3(2%),46(30%),42(27%),66(43%),7(50%),6(43%),1(7%),"Montivilliers, France","Sep. 3, 2022"
Akihiro Gono,"""The Japanese Sensation""",Welterweight Division,28-14-7 (W-L-D),0,0,0,53%,80%,90,171,,5,2.35,1.57,64%,0.39,11.35,0.39,46%,12:46,74(82%),9(10%),7(8%),33(37%),26(29%),31(34%),0(0%),0(0%),0(0%),United States,"Nov. 17, 2007"
Gabriel Gonzaga,"""Napao""",Heavyweight Division,17-11-0 (W-L-D),0,0,0,45%,39%,318,705,,71,2.12,2.80,57%,0.70,2.94,1.10,67%,06:31,164(52%),49(15%),105(33%),201(63%),47(15%),70(22%),0(0%),0(0%),0(0%),"Rio De Janeiro, Brazil","Nov. 19, 2005"
Justin Gonzales,"""J-Train""",Featherweight Division,9-0-0 (W-L-D),0,0,0,80%,74%,100,125,,19,6.67,14.00,43%,0.00,0.87,0.00,100%,15:00,5(5%),48(48%),47(47%),65(65%),7(7%),28(28%),0(0%),0(0%),0(0%),"Denver, United States","Feb. 11, 2025"
Mikey Gonzalez,None,Lightweight Division,0-1-0 (W-L-D),0,0,0,17%,N/A,2,12,0,0,0.91,0.00,11%,0.00,14.55,0.00,N/A,02:12,2(100%),0(0%),0(0%),2(100%),0(0%),0(0%),0(0%),0(0%),0(0%),"San Jose, United States","Feb. 11, 2025"
Erick Gonzalez,"""The Ghost Pepper""",Lightweight Division,14-8-0 (W-L-D),8,1,6,37%,56%,30,82,1,9,2.40,6.00,41%,0.00,8.08,0.00,50%,04:10,27(90%),2(7%),1(3%),21(70%),5(17%),4(13%),8(57%),5(36%),1(7%),"Redondo Beach, United States","Oct. 16, 2021"
Jennifer Gonzalez,"""La Jefa""",Women's Flyweight Division,0-0-0 (W-L-D),0,0,0,N/A,N/A,0,0,0,0,N/A,N/A,N/A,N/A,N/A,N/A,N/A,00:00,0(0%),0(0%),0(0%),0(0%),0(0%),0(0%),0(0%),0(0%),0(0%),None,"Feb. 11, 2025"
Jorge Gonzalez,"""Street""",Light Heavyweight Division,16-4-0 (W-L-D),12,4,0,N/A,N/A,0,0,0,0,N/A,N/A,N/A,N/A,N/A,N/A,N/A,00:00,0(0%),0(0%),0(0%),0(0%),0(0%),0(0%),12(75%),0(0%),4(25%),"Mexico City, Mexico","Aug. 15, 2020"
Pearl Gonzalez,None,Women's Strawweight Division,6-2-0 (W-L-D),0,0,0,38%,11%,64,170,2,18,2.23,1.04,57%,0.00,4.07,0.52,N/A,14:23,54(84%),9(14%),1(2%),32(50%),7(11%),25(39%),1(17%),1(17%),4(67%),"Chicago, United States","Apr. 9, 2017"
Lewis Gonzalez,"""""Lethal""""",Welterweight Division,10-2-0 (W-L-D),0,0,0,38%,33%,21,56,,6,1.40,2.00,42%,0.00,1.87,0.00,63%,15:00,8(38%),8(38%),5(24%),10(48%),6(29%),5(24%),0(0%),0(0%),0(0%),United States,"Feb. 11, 2025"
Jason Gonzalez,"""Nicoya""",Lightweight Division,11-5-0 (W-L-D),4,7,0,40%,N/A,46,116,0,0,3.06,0.00,59%,0.00,3.13,1.00,30%,03:46,39(85%),6(13%),1(2%),31(67%),7(15%),8(17%),4(36%),0(0%),7(64%),"Torrance, United States","Sep. 11, 2016"
Lyman Good,"""Cyborg""",Welterweight Division,21-6-0 (W-L-D),11,3,0,49%,100%,293,601,1,1,5.34,0.27,63%,0.82,4.01,0.00,75%,09:08,221(75%),58(20%),14(5%),214(73%),52(18%),27(9%),11(52%),7(33%),3(14%),"New York, United States","Jul. 15, 2015"
Jared Gooden,"""Nite Train""",Welterweight Division,23-10-0 (W-L-D),11,7,4,49%,45%,362,742,2,11,4.40,0.91,45%,0.18,6.74,0.36,65%,11:46,314(87%),32(9%),16(4%),207(57%),100(28%),55(15%),11(48%),5(22%),7(30%),United States,"Nov. 21, 2020"
Gary Goodridge,None,Heavyweight Division,0-0-0 (W-L-D),0,0,0,N/A,N/A,0,0,0,0,N/A,N/A,N/A,N/A,N/A,N/A,N/A,N/A,N/A,N/A,N/A,N/A,N/A,N/A,0(0%),0(0%),0(0%),"Barrie, Canada","Feb. 16, 1996"
Gerard Gordeau,None,,2-1-0 (W-L-D),0,0,0,N/A,N/A,0,0,0,0,N/A,N/A,N/A,N/A,N/A,N/A,N/A,00:00,0(0%),0(0%),0(0%),0(0%),0(0%),0(0%),0(0%),0(0%),0(0%),United States,"Nov. 12, 1993"
Malcolm Gordon,"""X""",Flyweight Division,14-8-0 (W-L-D),5,6,8,45%,36%,109,240,3,14,2.50,1.72,44%,0.00,2.00,1.03,27%,06:13,54(50%),15(14%),40(37%),95(87%),7(6%),7(6%),5(36%),3(21%),6(43%),"Calgary, Canada","Jul. 18, 2020"
Tebaris Gordon,"""Boom""",Heavyweight Division,3-1-0 (W-L-D),0,0,0,17%,N/A,1,6,0,0,3.53,0.00,22%,0.00,49.41,0.00,N/A,00:17,1(100%),0(0%),0(0%),0(0%),1(100%),0(0%),0(0%),0(0%),0(0%),"Gastonia, United States","Feb. 11, 2025"
Eddie Gordon,"""Truck""",Middleweight Division,8-4-0 (W-L-D),0,0,0,33%,83%,79,242,,6,2.03,1.93,60%,0.39,2.57,0.00,64%,09:44,54(68%),3(4%),22(28%),76(96%),2(3%),1(1%),3(38%),4(50%),1(13%),United States,"Jul. 6, 2014"
Jared Gordon,"""Flash""",Lightweight Division,20-7-0 (W-L-D),7,2,3,56%,32%,971,1739,6,63,5.75,1.78,57%,0.09,3.97,0.00,63%,11:16,660(68%),127(13%),184(19%),714(74%),163(17%),94(10%),7(35%),11(55%),2(10%),"New York, United States","Jun. 26, 2017"
Tresean Gore,"""Mr. Vicious""",Middleweight Division,6-2-0 (W-L-D),2,3,3,55%,75%,78,143,2,8,3.00,3.46,47%,0.00,5.88,1.73,83%,06:31,60(77%),14(18%),4(5%),40(51%),18(23%),20(26%),2(33%),1(17%),3(50%),United States,"Feb. 5, 2022"
Alex Gorgees,"""Hitman""",Lightweight Division,7-1-0 (W-L-D),0,0,0,32%,N/A,10,31,0,0,0.67,0.00,38%,0.00,2.27,0.00,55%,15:00,5(50%),5(50%),0(0%),5(50%),3(30%),2(20%),0(0%),0(0%),0(0%),Australia,"Feb. 11, 2025"
Themba Gorimbo,"""The Answer""",Welterweight Division,14-5-0 (W-L-D),2,6,5,61%,65%,167,272,2,26,3.15,4.81,57%,0.57,1.09,0.57,82%,08:50,74(44%),53(32%),40(24%),87(52%),57(34%),23(14%),2(14%),6(43%),6(43%),Zimbabwe,"Feb. 18, 2023"
Tim Gorman,"""The Psycho""",Bantamweight Division,9-4-0 (W-L-D),0,0,0,32%,10%,82,258,,21,2.73,1.00,47%,0.00,5.57,0.00,33%,15:00,72(88%),10(12%),0(0%),75(91%),2(2%),5(6%),8(89%),1(11%),0(0%),United States,"Apr. 16, 2014"
Chase Gormley,None,Heavyweight Division,6-2-0 (W-L-D),0,0,0,34%,33%,10,29,,3,2.06,3.09,45%,0.00,17.94,3.09,N/A,02:26,3(30%),2(20%),5(50%),6(60%),4(40%),0(0%),0(0%),0(0%),0(0%),"Los Angeles, United States","Oct. 24, 2009"
Jonathan Goulet,"""The Road Warrior""",Welterweight Division,22-11-0 (W-L-D),0,0,0,42%,70%,81,193,,20,1.61,4.17,46%,0.60,2.00,0.60,45%,05:36,38(47%),16(20%),27(33%),55(68%),13(16%),13(16%),0(0%),0(0%),0(0%),"Victoriaville, Canada","Oct. 3, 2005"
Thibault Gouti,"""GT""",Lightweight Division,12-5-0 (W-L-D),4,6,1,34%,80%,180,522,4,5,3.68,1.23,50%,0.31,5.64,0.31,83%,08:09,145(81%),17(9%),18(10%),140(78%),22(12%),18(10%),4(33%),2(17%),6(50%),"Toulouse, France","Feb. 27, 2016"
Wilson Gouveia,None,Middleweight Division,12-7-0 (W-L-D),0,0,0,40%,67%,201,503,,6,3.02,0.90,57%,0.90,4.06,2.25,58%,06:40,148(74%),15(7%),38(19%),134(67%),8(4%),59(29%),0(0%),0(0%),0(0%),"Fortaleza, Brazil","Jun. 24, 2006"
Damian Grabowski,"""The Polish Pitbull""",Heavyweight Division,20-5-0 (W-L-D),0,0,0,36%,0%,70,194,,6,4.00,0.00,51%,0.00,7.65,0.00,N/A,05:50,58(83%),11(16%),1(1%),42(60%),15(21%),13(19%),7(35%),3(15%),10(50%),"Opole, Poland","Feb. 7, 2016"
Kron Gracie,None,Featherweight Division,5-3-0 (W-L-D),0,5,4,42%,25%,126,298,1,4,2.95,0.35,52%,0.00,5.73,0.70,N/A,10:41,113(90%),12(10%),1(1%),96(76%),6(5%),24(19%),0(0%),0(0%),5(100%),"State of Rio de Janeiro, Brazil","Feb. 17, 2019"
Roger Gracie,None,Middleweight Division,6-2-0 (W-L-D),0,0,0,41%,50%,12,29,,4,0.80,2.00,61%,0.00,6.73,0.00,60%,15:00,5(42%),6(50%),1(8%),8(67%),3(25%),1(8%),0(0%),0(0%),0(0%),"Rio de Janeiro, Brazil","Jul. 15, 2012"
Rolles Gracie,None,Heavyweight Division,3-1-0 (W-L-D),0,0,0,33%,10%,15,46,,10,2.30,2.30,55%,0.00,3.38,0.00,N/A,06:31,9(60%),5(33%),1(7%),12(80%),3(20%),0(0%),0(0%),0(0%),0(0%),"Rio de Janeiro, Brazil","Feb. 6, 2010"
Royce Gracie,None,Middleweight Division,13-2-2 (W-L-D),0,0,0,41%,0%,35,85,,4,0.88,0.00,38%,0.00,1.13,0.76,67%,10:30,19(54%),14(40%),2(6%),8(23%),6(17%),21(60%),0(0%),0(0%),0(0%),"Rio de Janeiro, Brazil","Nov. 12, 1993"
Bogdan Grad,"""The Unleashed""",Featherweight Division,15-2-0 (W-L-D),9,3,8,53%,40%,150,285,3,15,5.83,3.50,47%,0.00,7.84,0.00,100%,08:35,109(73%),7(5%),34(23%),103(69%),29(19%),18(12%),9(60%),3(20%),3(20%),"Timișoara, Romania","Feb. 1, 2025"
Miranda Granger,"""Danger""",Women's Strawweight Division,7-3-0 (W-L-D),1,5,5,47%,N/A,111,236,0,0,2.79,0.00,58%,0.00,2.57,0.00,33%,09:57,77(69%),30(27%),4(4%),56(50%),19(17%),36(32%),1(14%),1(14%),5(71%),"Seattle, United States","Aug. 3, 2019"
Davey Grant,"""Dangerous""",Bantamweight Division,16-7-0 (W-L-D),4,9,7,44%,40%,826,1874,3,30,5.25,1.14,56%,0.38,3.89,0.19,61%,12:06,729(88%),48(6%),49(6%),353(43%),274(33%),199(24%),4(27%),2(13%),9(60%),"Bishop Auckland, England","Dec. 1, 2013"
Dwight Grant,"""The Body Snatcher""",Middleweight Division,11-6-0 (W-L-D),7,0,4,36%,100%,325,898,1,4,3.29,0.61,61%,0.61,2.66,0.00,67%,10:58,275(85%),19(6%),31(10%),215(66%),46(14%),64(20%),7(64%),4(36%),0(0%),"Brooklyn, United States","Dec. 15, 2018"
TJ Grant,None,Lightweight Division,21-5-0 (W-L-D),0,0,0,54%,44%,510,944,,32,3.95,1.63,57%,0.58,3.21,0.58,37%,11:44,315(62%),141(28%),54(11%),298(58%),154(30%),58(11%),0(0%),0(0%),0(0%),"Calgary, Canada","Apr. 18, 2009"
Alexa Grasso,None,Women's Flyweight Division,16-4-1 (W-L-D),4,2,5,42%,40%,864,2063,1,15,4.19,0.44,58%,0.07,3.69,0.65,55%,15:52,696(81%),140(16%),28(3%),534(62%),169(20%),161(19%),4(25%),10(63%),2(13%),"Guadalajara, Mexico","Nov. 6, 2016"
Tony Gravely,None,Bantamweight Division,23-9-0 (W-L-D),10,3,4,48%,42%,382,791,5,86,3.82,5.40,44%,0.60,4.47,0.30,52%,11:06,204(53%),72(19%),106(28%),243(64%),63(16%),76(20%),10(43%),10(43%),3(13%),"Martinsville, United States","Jan. 25, 2020"
Shelton Graves,"""“The Gravedigger”""",Heavyweight Division,7-3-0 (W-L-D),0,0,0,69%,57%,27,39,,7,2.19,4.86,33%,0.00,0.81,0.00,N/A,12:20,0(0%),1(4%),26(96%),15(56%),12(44%),0(0%),3(50%),2(33%),1(17%),"Baltimore, United States","Aug. 8, 2017"
Michael Graves,None,Welterweight Division,6-0-1 (W-L-D),0,0,0,54%,52%,47,87,,23,1.25,4.80,59%,0.00,1.47,0.40,67%,12:30,17(36%),10(21%),20(43%),36(77%),7(15%),4(9%),3(50%),1(17%),2(33%),"Toledo, United States","Jul. 12, 2015"
James Gray,"""The Phenom""",Bantamweight Division,4-2-0 (W-L-D),0,0,0,50%,0%,2,4,,1,2.61,0.00,44%,0.00,18.26,0.00,N/A,00:46,2(100%),0(0%),0(0%),1(50%),0(0%),1(50%),0(0%),0(0%),4(100%),"Philadelphia, United States","Aug. 1, 2017"
Kevin Gray,"""Pocket Herc""",Flyweight Division,9-4-0 (W-L-D),0,0,0,63%,0%,10,16,,2,3.45,0.00,67%,0.00,4.48,0.00,N/A,02:54,10(100%),0(0%),0(0%),3(30%),3(30%),4(40%),0(0%),4(44%),5(56%),"Topeka, United States","Aug. 8, 2017"
Gabe Green ,"""Gifted""",Welterweight Division,11-5-0 (W-L-D),4,6,5,45%,50%,341,755,2,6,6.28,0.83,47%,0.55,6.95,0.28,54%,10:51,308(90%),10(3%),23(7%),156(46%),105(31%),80(23%),4(36%),1(9%),6(55%),"Los Angeles, United States","May. 30, 2020"
King Green,"""King""",Lightweight Division,32-16-1 (W-L-D),11,9,11,53%,40%,1967,3708,6,63,6.43,1.23,62%,0.29,3.73,0.29,74%,11:08,1596(81%),209(11%),162(8%),1168(59%),488(25%),311(16%),11(34%),12(38%),9(28%),"San Bernardino, United States","May. 20, 2012"
Desmond Green,"""The Predator""",Lightweight Division,23-8-0 (W-L-D),6,1,0,46%,50%,344,746,5,20,3.70,1.62,69%,0.16,2.51,0.00,75%,13:16,286(83%),31(9%),27(8%),232(67%),62(18%),50(15%),6(27%),15(68%),1(5%),"Rochester, United States","Apr. 9, 2017"
Maurice Greene,"""The Crochet Boss""",Heavyweight Division,9-7-0 (W-L-D),2,5,0,45%,N/A,222,492,0,0,3.28,0.00,46%,0.44,3.61,0.44,27%,08:27,194(87%),25(11%),3(1%),109(49%),38(17%),75(34%),2(22%),2(22%),5(56%),"Norfolk, United States","Nov. 30, 2019"
Logan Greenhalgh,"""Tank""",None,None,0,0,0,N/A,N/A,0,0,0,0,N/A,N/A,N/A,N/A,N/A,N/A,N/A,N/A,N/A,N/A,N/A,N/A,N/A,N/A,0(0%),0(0%),0(0%),None,"Jun. 28, 2024"
Matt Grice,"""The Real One""",Featherweight Division,15-5-0 (W-L-D),0,0,0,53%,38%,252,472,,24,4.09,2.19,56%,0.73,2.69,0.49,82%,08:48,68(27%),59(23%),125(50%),196(78%),33(13%),23(9%),0(0%),0(0%),0(0%),United States,"Apr. 21, 2007"
Jordan Griffin,"""NativePsycho""",Featherweight Division,18-9-0 (W-L-D),5,9,0,47%,35%,183,390,,20,2.52,1.45,50%,0.21,3.02,1.86,42%,12:06,141(77%),11(6%),31(17%),158(86%),23(13%),2(1%),5(28%),4(22%),9(50%),"Milwaukee, United States","Dec. 15, 2018"
Max Griffin,"""Pain""",Welterweight Division,20-11-0 (W-L-D),9,2,7,49%,41%,823,1683,9,49,3.75,1.37,58%,0.55,3.66,0.27,70%,12:55,691(84%),80(10%),52(6%),541(66%),164(20%),118(14%),9(47%),8(42%),2(11%),"Santa Barbara, United States","Aug. 20, 2016"
Tyson Griffin,None,Featherweight Division,15-6-0 (W-L-D),0,0,0,42%,47%,624,1488,,45,3.71,1.87,65%,0.18,2.30,0.89,60%,11:12,455(73%),83(13%),86(14%),331(53%),134(21%),159(25%),0(0%),0(0%),0(0%),"Sacramento, United States","Sep. 23, 2006"
Forrest Griffin,None,Light Heavyweight Division,19-7-0 (W-L-D),0,0,0,36%,48%,813,2233,,27,4.38,1.05,61%,0.16,2.81,0.73,57%,10:18,611(75%),119(15%),83(10%),481(59%),124(15%),208(26%),0(0%),0(0%),0(0%),"Athens, United States","Apr. 9, 2005"
Chad Griggs,"""The Grave Digger""",Light Heavyweight Division,11-3-0 (W-L-D),0,0,0,51%,67%,53,104,,3,2.67,1.51,46%,1.51,2.22,0.00,42%,03:58,16(30%),12(23%),25(47%),45(85%),5(9%),3(6%),0(0%),0(0%),0(0%),United States,"Apr. 21, 2012"
Charalampos Grigoriou,"""Ferocious """,Bantamweight Division,8-5-0 (W-L-D),6,0,4,49%,80%,60,123,4,5,2.62,2.62,47%,1.31,3.97,0.00,91%,07:38,33(55%),1(2%),26(43%),49(82%),7(12%),4(7%),6(75%),2(25%),0(0%),Cyprus,"Mar. 16, 2024"
Garrett Grimes,None,None,None,0,0,0,N/A,N/A,0,0,0,0,N/A,N/A,N/A,N/A,N/A,N/A,N/A,N/A,N/A,N/A,N/A,N/A,N/A,N/A,0(0%),0(0%),0(0%),None,"Feb. 11, 2025"
Max Grishin,"""Maximus""",Light Heavyweight Division,32-10-2 (W-L-D),16,6,16,53%,17%,228,433,1,6,3.26,0.21,59%,0.43,2.27,0.00,67%,14:00,186(82%),24(11%),18(8%),96(42%),45(20%),87(38%),16(50%),10(31%),6(19%),"Vyazma, Russia","Jul. 11, 2020"
Josh Grispi,"""The Fluke""",Featherweight Division,14-5-0 (W-L-D),0,0,0,42%,37%,77,185,,19,1.44,1.97,50%,0.28,3.71,2.25,17%,06:40,61(79%),5(6%),11(14%),24(31%),16(21%),37(48%),0(0%),0(0%),0(0%),"Boston, United States","Jan. 2, 2011"
Garrett Gross,"""Glory to God""",Lightweight Division,11-8-0 (W-L-D),0,0,0,46%,0%,89,194,,2,2.39,0.00,46%,0.40,1.67,0.00,52%,12:24,42(47%),10(11%),37(42%),53(60%),19(21%),17(19%),0(0%),0(0%),0(0%),"Du Quoin, United States","Feb. 11, 2025"
Neil Grove,"""Goliath""",Heavyweight Division,7-2-0 (W-L-D),0,0,0,0%,N/A,0,3,0,0,0.00,0.00,N/A,0.00,0.00,14.29,100%,01:03,0(0%),0(0%),0(0%),0(0%),0(0%),0(0%),0(0%),0(0%),0(0%),"Klerksdorp, South Africa","Feb. 21, 2009"
Kendall Grove,"""Da Spyder""",Middleweight Division,14-9-0 (W-L-D),0,0,0,45%,63%,263,586,,8,2.14,0.61,55%,0.24,2.98,2.07,57%,09:28,85(32%),129(49%),49(19%),163(62%),72(27%),28(11%),0(0%),0(0%),0(0%),"Maui, United States","Jun. 24, 2006"
Chris Gruetzemacher,"""Gritz""",Lightweight Division,15-5-0 (W-L-D),7,3,0,57%,50%,451,790,,2,6.18,0.21,53%,0.00,4.96,0.00,66%,09:45,309(69%),113(25%),29(6%),233(52%),129(29%),89(20%),7(47%),5(33%),3(20%),"Page, United States","Dec. 11, 2015"
Vik Grujic,"""The Spartan""",Welterweight Division,7-5-0 (W-L-D),0,0,0,48%,33%,85,176,,9,2.24,1.18,42%,0.00,3.39,0.39,27%,09:30,34(40%),51(60%),0(0%),64(75%),17(20%),4(5%),2(29%),2(29%),3(43%),Australia,"Apr. 16, 2014"
Mike Grundy,None,Featherweight Division,12-4-0 (W-L-D),1,8,0,45%,28%,85,188,,39,2.09,4.06,56%,0.37,4.45,0.37,50%,10:10,66(78%),14(16%),5(6%),62(73%),23(27%),0(0%),1(8%),3(25%),8(67%),"Wigan, United Kingdom","Mar. 16, 2019"
Wang Guan,"""The Dongbei Tiger""",Featherweight Division,20-1-1 (W-L-D),0,0,0,43%,0%,71,164,,3,4.73,0.00,60%,1.00,3.27,0.00,N/A,15:00,61(86%),2(3%),8(11%),30(42%),11(15%),30(42%),14(70%),6(30%),0(0%),"Beipiao, China","Nov. 25, 2017"
Ning Guangyou,None,Bantamweight Division,6-4-1 (W-L-D),0,0,0,42%,50%,146,351,,8,2.66,1.09,61%,0.00,1.91,0.27,63%,13:45,111(76%),10(7%),25(17%),77(53%),26(18%),43(29%),4(67%),1(17%),1(17%),"Hebei, China","Aug. 23, 2014"
Nandor Guelmino,"""The Hun""",Heavyweight Division,11-5-1 (W-L-D),0,0,0,57%,0%,56,99,,3,4.21,0.00,34%,0.00,3.68,0.00,43%,13:18,29(52%),17(30%),10(18%),16(29%),29(52%),11(20%),4(36%),2(18%),5(45%),"Vienna, Austria","Jan. 13, 2013"
Rainn Guerrero,None,Women's Strawweight Division,0-1-0 (W-L-D),0,0,0,33%,100%,3,9,,1,0.65,3.27,50%,0.00,0.87,0.00,N/A,04:35,1(33%),1(33%),1(33%),2(67%),1(33%),0(0%),0(0%),0(0%),0(0%),"Fort Worth, United States","Feb. 11, 2025"
Shannon Gugerty,None,Lightweight Division,12-6-0 (W-L-D),0,0,0,39%,28%,44,112,,18,1.25,2.13,58%,0.00,1.88,3.41,50%,07:02,28(64%),10(23%),6(14%),14(32%),11(25%),19(43%),0(0%),0(0%),0(0%),"San Diego, United States","Jul. 19, 2008"
Clay Guida,"""The Carpenter""",Lightweight Division,38-22-0 (W-L-D),7,14,0,34%,36%,1285,3798,63,281,2.63,3.10,61%,0.18,3.00,0.61,66%,12:12,789(61%),171(13%),325(25%),799(62%),200(16%),286(22%),7(18%),17(45%),14(37%),"Round Lake, United States","Oct. 14, 2006"
Melvin Guillard,"""The Young Assassin""",Lightweight Division,48-14-3 (W-L-D),0,0,0,41%,64%,478,1179,,22,2.96,1.30,66%,1.21,1.85,0.19,61%,06:57,332(69%),61(13%),85(18%),325(68%),95(20%),58(12%),0(0%),0(0%),0(0%),"New Orleans, United States","Nov. 5, 2005"
Marcelo Guimaraes,None,Middleweight Division,9-2-1 (W-L-D),0,0,0,52%,14%,211,406,6,43,4.67,1.99,63%,0.00,4.41,0.00,N/A,11:17,168(80%),42(20%),1(0%),63(30%),36(17%),112(53%),1(11%),6(67%),2(22%),"Itapemirimes, Brazil","Jul. 11, 2012"
Brad Gumm,None,Welterweight Division,0-0-0 (W-L-D),0,0,0,N/A,N/A,0,0,0,0,N/A,N/A,N/A,N/A,N/A,N/A,N/A,N/A,N/A,N/A,N/A,N/A,N/A,N/A,0(0%),0(0%),0(0%),"Littleton, United States","Mar. 10, 2000"
John Gunderson,"""Guns""",Lightweight Division,23-8-0 (W-L-D),0,0,0,27%,33%,47,171,,15,1.04,1.67,59%,0.00,1.71,2.00,11%,15:00,20(43%),4(9%),23(49%),30(64%),10(21%),7(15%),0(0%),0(0%),0(0%),"Medford, United States","Jan. 2, 2010"
John Gunther,"""The Machine""",Lightweight Division,7-2-0 (W-L-D),0,0,0,38%,42%,28,74,8,19,1.65,7.08,46%,0.00,3.72,0.00,N/A,08:29,21(75%),5(18%),2(7%),22(79%),2(7%),4(14%),2(29%),4(57%),1(14%),"Erie, United States","Jul. 6, 2018"
Fabio Gurgel,None,,0-0-0 (W-L-D),0,0,0,N/A,N/A,0,0,0,0,N/A,N/A,N/A,N/A,N/A,N/A,N/A,N/A,N/A,N/A,N/A,N/A,N/A,N/A,0(0%),0(0%),0(0%),"Rio de Janeiro, Brazil","Sep. 20, 1996"
Jorge Gurgel,"""JG""",Lightweight Division,17-8-0 (W-L-D),0,0,0,33%,25%,356,1075,,24,3.40,0.86,62%,0.00,3.83,0.14,60%,14:58,240(67%),59(17%),57(16%),246(69%),34(10%),76(21%),0(0%),0(0%),0(0%),"Fortaleza, Brazil","Jun. 28, 2006"
Luis Gurule,None,Flyweight Division,1-0-0 (W-L-D),0,0,0,51%,0%,105,206,,2,7.00,0.00,58%,0.00,4.27,0.00,50%,15:00,95(90%),10(10%),0(0%),79(75%),16(15%),10(10%),0(0%),0(0%),0(0%),"Denver, United States","Feb. 11, 2025"
Bogdan Guskov,"""Czarevitch""",Light Heavyweight Division,17-3-0 (W-L-D),14,3,12,51%,N/A,58,113,0,0,3.87,0.00,50%,0.00,3.40,0.00,50%,15:00,49(84%),9(16%),0(0%),25(43%),25(43%),8(14%),14(82%),0(0%),3(18%),"Tashkent, Uzbekistan","Sep. 2, 2023"
Gugun Gusman,None,Bantamweight Division,0-1-0 (W-L-D),0,0,0,27%,N/A,3,11,0,0,0.88,0.00,42%,0.00,6.18,0.00,33%,03:24,3(100%),0(0%),0(0%),1(33%),2(67%),0(0%),0(0%),0(0%),0(0%),None,"Jun. 10, 2022"
Andre Gusmao,None,Light Heavyweight Division,5-2-0 (W-L-D),0,0,0,44%,0%,51,117,,1,2.79,0.00,61%,0.00,3.28,0.00,60%,09:09,32(63%),19(37%),0(0%),14(27%),19(37%),18(35%),0(0%),0(0%),0(0%),Brazil,"Aug. 9, 2008"
Alexander Gustafsson,"""The Mauler""",Light Heavyweight Division,18-8-0 (W-L-D),11,3,8,41%,40%,751,1845,18,48,4.03,1.53,51%,0.72,3.53,0.40,84%,10:22,575(77%),59(8%),117(16%),523(70%),110(15%),118(16%),11(61%),4(22%),3(17%),"Arboga, Sweden","Nov. 14, 2009"
Andreas Gustafsson,None,Welterweight Division,1-0-0 (W-L-D),0,0,0,78%,67%,38,49,,3,4.56,3.60,43%,1.80,3.12,0.00,100%,08:20,4(11%),32(84%),2(5%),23(61%),11(29%),4(11%),0(0%),0(0%),0(0%),None,"Jan. 11, 2025"
Chris Gutierrez,"""El Guapo""",Bantamweight Division,21-5-2 (W-L-D),9,1,4,59%,30%,818,1384,,10,4.72,0.26,64%,0.43,2.64,0.09,72%,13:20,778(95%),17(2%),23(3%),301(37%),96(12%),421(51%),9(47%),9(47%),1(5%),"Jersey City, United States","Nov. 30, 2018"
Mando Gutierrez,None,Bantamweight Division,0-1-0 (W-L-D),0,0,0,75%,100%,12,16,,1,0.80,1.00,50%,0.00,1.33,1.00,40%,15:00,11(92%),0(0%),1(8%),4(33%),4(33%),4(33%),0(0%),0(0%),0(0%),"Carpentersville, United States","Feb. 11, 2025"
Horacio Gutierrez,"""The Punisher""",Featherweight Division,3-3-0 (W-L-D),0,0,0,27%,N/A,15,56,0,0,0.86,0.00,47%,0.00,2.91,0.00,50%,08:46,11(73%),4(27%),0(0%),7(47%),0(0%),8(53%),2(67%),0(0%),1(33%),"Guadalajara, Mexico","Nov. 21, 2015"
Mike Guymon,"""The Joker""",Welterweight Division,13-5-1 (W-L-D),0,0,0,65%,38%,66,101,,8,2.75,1.87,66%,0.00,0.79,1.25,55%,06:01,13(20%),13(20%),40(61%),45(68%),15(23%),6(9%),0(0%),0(0%),0(0%),"Newport Beach, United States","Jan. 11, 2010"
Chelsea Hackett,None,Women's Flyweight Division,0-1-0 (W-L-D),0,0,0,51%,N/A,25,49,0,0,2.58,0.00,47%,0.00,4.85,0.00,57%,09:41,22(88%),3(12%),0(0%),13(52%),5(20%),7(28%),0(0%),0(0%),0(0%),Australia,"Feb. 11, 2025"
Keith Hackney,None,,0-0-0 (W-L-D),0,0,0,N/A,N/A,0,0,0,0,N/A,N/A,N/A,N/A,N/A,N/A,N/A,N/A,N/A,N/A,N/A,N/A,N/A,N/A,0(0%),0(0%),0(0%),"Addison, United States","Sep. 9, 1994"
Cody Haddon,None,Bantamweight Division,8-1-0 (W-L-D),5,2,4,51%,38%,167,325,2,8,9.20,2.48,64%,0.83,3.47,0.83,83%,09:05,149(89%),12(7%),6(4%),118(71%),42(25%),7(4%),5(63%),1(13%),2(25%),"Joondalup, Australia","Oct. 12, 2024"
Jake Hadley,"""White Kong""",Bantamweight Division,11-4-0 (W-L-D),2,5,4,43%,11%,349,809,,18,3.80,0.33,61%,0.16,4.16,1.14,55%,11:29,305(87%),12(3%),32(9%),158(45%),94(27%),97(28%),2(18%),4(36%),5(45%),"Oldbury, England","May. 14, 2022"
Damir Hadžović,"""The Bosnian Bomber""",Lightweight Division,14-8-0 (W-L-D),7,3,4,48%,55%,329,688,,11,3.34,0.91,59%,0.30,3.74,0.15,35%,09:52,258(78%),35(11%),36(11%),249(76%),49(15%),31(9%),7(50%),4(29%),3(21%),"Gorzade, Bosnia &amp; Herzegovina","Apr. 10, 2016"
Bassil Hafez,"""The Habibi """,Welterweight Division,9-4-1 (W-L-D),1,4,4,38%,24%,151,395,3,25,3.71,2.21,42%,0.00,5.68,0.00,50%,13:33,142(94%),6(4%),3(2%),128(85%),11(7%),12(8%),1(13%),3(38%),4(50%),United States,"Jul. 15, 2023"
Tim Hague,"""The Thrashing Machine""",Heavyweight Division,12-5-0 (W-L-D),0,0,0,48%,33%,97,204,,12,2.79,1.72,46%,0.00,4.14,0.86,86%,06:58,51(53%),24(25%),22(23%),81(84%),9(9%),7(7%),0(0%),0(0%),0(0%),"Boyle, Canada","May. 23, 2009"
Yazan Hajeh,"""Yazzle Dazzle""",Featherweight Division,6-0-0 (W-L-D),0,0,0,25%,0%,3,12,,1,1.54,0.00,44%,0.00,17.44,0.00,100%,01:57,3(100%),0(0%),0(0%),2(67%),1(33%),0(0%),0(0%),0(0%),0(0%),None,"Feb. 11, 2025"
Uriah Hall,"""Prime Time""",Middleweight Division,18-11-0 (W-L-D),14,1,0,49%,39%,634,1305,7,18,3.23,0.54,54%,0.61,3.85,0.15,64%,10:19,507(80%),37(6%),90(14%),359(57%),126(20%),149(24%),14(78%),3(17%),1(6%),Jamaica,"Apr. 14, 2013"
Ryan Hall,"""The Wizard""",Featherweight Division,9-2-0 (W-L-D),2,3,0,50%,9%,161,322,1,11,2.38,0.22,66%,0.44,1.33,2.22,N/A,11:16,108(67%),3(2%),50(31%),68(42%),56(35%),37(23%),2(9%),18(78%),3(13%),"Arlington, United States","Dec. 11, 2015"
Mark Hall,None,,0-0-0 (W-L-D),0,0,0,N/A,N/A,0,0,0,0,N/A,N/A,N/A,N/A,N/A,N/A,N/A,N/A,N/A,N/A,N/A,N/A,N/A,N/A,0(0%),0(0%),0(0%),"Murrieta, United States","Sep. 8, 1995"
Dennis Hallman,"""Superman""",Lightweight Division,66-14-2 (W-L-D),0,0,0,45%,30%,94,209,,33,1.12,1.79,44%,0.18,1.96,2.15,25%,07:28,23(24%),20(21%),51(54%),63(67%),19(20%),12(13%),0(0%),0(0%),0(0%),United States,"Dec. 16, 2000"
Piotr Hallmann,None,Lightweight Division,15-4-0 (W-L-D),0,0,0,46%,44%,281,611,,27,3.98,2.55,59%,0.00,3.17,0.42,71%,11:46,172(61%),70(25%),39(14%),150(53%),86(31%),45(16%),7(47%),1(7%),7(47%),"Gdynia, Poland","Sep. 4, 2013"
Tony Halme,None,Heavyweight Division,0-0-0 (W-L-D),0,0,0,N/A,N/A,0,0,0,0,N/A,N/A,N/A,N/A,N/A,N/A,N/A,N/A,N/A,N/A,N/A,N/A,N/A,N/A,0(0%),0(0%),0(0%),"Helsinki, Finland","May. 30, 1997"
John Halverson,"""The Hurricane""",Lightweight Division,16-6-0 (W-L-D),0,0,0,43%,N/A,45,104,0,0,2.94,0.00,48%,0.00,5.29,1.96,67%,07:40,29(64%),13(29%),3(7%),29(64%),12(27%),4(9%),0(0%),0(0%),0(0%),"Waukee, United States","Feb. 3, 2007"
Seohee Ham,None,Women's Strawweight Division,16-8-0 (W-L-D),0,0,0,40%,0%,252,635,,8,4.20,0.00,61%,0.00,5.15,0.25,67%,15:00,223(88%),25(10%),4(2%),150(60%),64(25%),38(15%),0(0%),14(88%),2(13%),South Korea,"Dec. 12, 2014"
Frank Hamaker,None,,0-0-0 (W-L-D),0,0,0,N/A,N/A,0,0,0,0,N/A,N/A,N/A,N/A,N/A,N/A,N/A,N/A,N/A,N/A,N/A,N/A,N/A,N/A,0(0%),0(0%),0(0%),United States,"Mar. 11, 1994"
Rami Hamed,None,Welterweight Division,16-3-0 (W-L-D),0,0,0,51%,N/A,58,113,0,0,3.87,0.00,50%,0.00,3.40,0.00,50%,15:00,49(84%),9(16%),0(0%),25(43%),25(43%),8(14%),14(82%),0(0%),3(18%),None,"Feb. 11, 2025"
Matt Hamill,"""The Hammer""",Light Heavyweight Division,12-5-0 (W-L-D),0,0,0,42%,34%,571,1346,,91,3.69,3.00,61%,0.10,3.80,0.00,92%,10:19,388(68%),55(10%),128(22%),467(82%),23(4%),81(14%),0(0%),0(0%),0(0%),"Loveland, United States","Jun. 24, 2006"
Anthony Hamilton,"""Freight Train""",Heavyweight Division,15-9-0 (W-L-D),0,0,0,66%,42%,246,375,11,26,3.91,2.62,46%,0.24,3.02,0.00,79%,06:17,53(22%),91(37%),102(41%),77(31%),151(61%),18(7%),8(53%),6(40%),1(7%),"Redmond, United States","Jun. 28, 2014"
CJ Hamilton,None,Flyweight Division,11-5-0 (W-L-D),0,0,0,32%,0%,37,116,,1,2.47,0.00,59%,0.00,3.93,0.00,63%,15:00,28(76%),9(24%),0(0%),32(86%),3(8%),2(5%),0(0%),0(0%),0(0%),United States,"Jul. 18, 2017"
Jared Hamman,"""The Messenger""",Middleweight Division,13-6-0 (W-L-D),0,0,0,41%,22%,280,675,,9,5.52,0.59,55%,0.30,4.44,0.00,31%,07:15,183(65%),21(8%),76(27%),196(70%),52(19%),32(11%),0(0%),0(0%),0(0%),"Atascadero, United States","Nov. 14, 2009"
James Hammortree,"""The Sledge""",Middleweight Division,5-2-0 (W-L-D),0,0,0,31%,50%,29,95,,4,1.93,2.00,44%,0.00,4.13,1.00,100%,15:00,14(48%),13(45%),2(7%),21(72%),2(7%),6(21%),0(0%),0(0%),0(0%),"Ocala, United States","Jun. 19, 2010"
Chad Hanekom,None,Middleweight Division,0-1-0 (W-L-D),0,0,0,48%,0%,11,23,,8,0.73,0.00,33%,0.00,1.47,1.00,71%,15:00,8(73%),3(27%),0(0%),3(27%),3(27%),5(45%),0(0%),0(0%),0(0%),None,"Feb. 10, 2025"
Kay Hansen,None,Women's Strawweight Division,7-6-0 (W-L-D),2,4,0,50%,23%,173,343,5,31,3.01,1.83,52%,0.00,3.19,0.78,38%,14:22,136(79%),20(12%),17(10%),116(67%),43(25%),14(8%),2(29%),1(14%),4(57%),"La Mirada, United States","Jun. 27, 2020"
Nasrat Haqparast,None,Lightweight Division,17-5-0 (W-L-D),10,0,7,45%,20%,975,2167,1,15,6.15,0.28,63%,0.66,5.65,0.00,85%,12:12,861(88%),60(6%),54(6%),725(74%),216(22%),34(3%),10(59%),7(41%),0(0%),"Rabat, Morocco","Oct. 21, 2017"
Shin Haraguchi,None,Lightweight Division,3-2-0 (W-L-D),0,0,0,64%,54%,113,176,,69,2.28,11.21,48%,0.00,1.78,0.00,N/A,12:54,29(26%),22(19%),62(55%),90(80%),9(8%),14(12%),0(0%),0(0%),0(0%),Japan,"Feb. 3, 2024"
Janay Harding,None,Women's Bantamweight Division,3-2-0 (W-L-D),0,0,0,N/A,N/A,0,0,0,0,N/A,N/A,N/A,N/A,N/A,N/A,N/A,00:00,0(0%),0(0%),0(0%),0(0%),0(0%),0(0%),0(0%),0(0%),0(0%),None,"Feb. 11, 2025"
Antoni Hardonk,"""Mr. Wonderful""",Heavyweight Division,8-6-0 (W-L-D),0,0,0,61%,0%,174,283,,2,3.40,0.00,47%,0.88,3.07,0.88,40%,06:24,81(47%),68(39%),25(14%),90(52%),37(21%),47(27%),0(0%),0(0%),0(0%),United States,"Nov. 18, 2006"
George Hardwick,None,Lightweight Division,0-1-0 (W-L-D),0,0,0,39%,N/A,54,139,0,0,3.60,0.00,71%,0.00,4.60,0.00,83%,15:00,52(96%),2(4%),0(0%),39(72%),11(20%),4(7%),0(0%),0(0%),0(0%),"Middlesbrough, United Kingdom","Feb. 11, 2025"
Greg Hardy,"""Prince of War""",Heavyweight Division,7-5-0 (W-L-D),6,0,0,50%,33%,363,721,,3,4.79,0.20,56%,0.59,3.31,0.00,64%,06:19,275(76%),14(4%),74(20%),219(60%),55(15%),89(25%),6(86%),1(14%),0(0%),"Clarksdale, United States","Jan. 19, 2019"
Dan Hardy,"""The Outlaw""",Welterweight Division,25-10-0 (W-L-D),0,0,0,35%,35%,304,860,,17,2.46,0.73,51%,0.36,3.44,0.36,35%,12:22,200(66%),69(23%),35(12%),190(63%),53(17%),61(20%),0(0%),0(0%),0(0%),"Nottingham, United Kingdom","Oct. 18, 2008"
Josiah Harrell,"""Muscle Hamster """,Welterweight Division,7-3-0 (W-L-D),5,2,5,N/A,N/A,0,0,0,0,N/A,N/A,N/A,N/A,N/A,N/A,N/A,00:00,0(0%),0(0%),0(0%),0(0%),0(0%),0(0%),5(50%),3(30%),2(20%),United States,"Jul. 8, 2023"
Carlston Harris,"""Mocambique""",Welterweight Division,19-7-0 (W-L-D),5,6,6,44%,23%,194,441,,22,3.79,1.46,54%,0.59,3.46,0.59,56%,07:19,154(79%),13(7%),27(14%),125(64%),46(24%),23(12%),5(26%),8(42%),6(32%),"Skeldon, Guyana","May. 8, 2021"
Phil Harris,"""Billy""",Flyweight Division,22-12-0 (W-L-D),0,0,0,27%,22%,100,375,,23,2.34,1.76,68%,0.00,3.16,0.00,60%,08:32,85(85%),13(13%),2(2%),65(65%),8(8%),27(27%),4(18%),5(23%),13(59%),United Kingdom,"Oct. 6, 2012"
Walt Harris,"""The Big Ticket""",Heavyweight Division,13-10-0 (W-L-D),13,0,11,39%,29%,317,809,1,7,3.05,0.29,55%,1.30,3.33,0.14,70%,06:30,209(66%),29(9%),79(25%),215(68%),78(25%),24(8%),13(100%),0(0%),0(0%),"Birmingham, United States","Dec. 1, 2013"
Gerald Harris,"""Hurricane""",Middleweight Division,16-3-0 (W-L-D),0,0,0,26%,57%,56,216,,14,1.22,2.62,63%,0.66,2.10,0.00,73%,11:27,38(68%),5(9%),13(23%),51(91%),4(7%),1(2%),0(0%),0(0%),0(0%),"Tulsa, United States","Jan. 11, 2010"
Gerry Harris,None,,1-4-0 (W-L-D),0,0,0,N/A,N/A,0,0,0,0,N/A,N/A,N/A,N/A,N/A,N/A,N/A,N/A,N/A,N/A,N/A,N/A,N/A,N/A,0(0%),0(0%),0(0%),United States,"Sep. 8, 1995"
Kayla Harrison,None,Women's Bantamweight Division,18-1-0 (W-L-D),6,7,9,64%,31%,106,165,2,13,4.87,2.75,64%,0.00,1.19,0.69,100%,10:54,25(24%),18(17%),63(59%),80(75%),18(17%),8(8%),6(33%),5(28%),7(39%),"Middletown, United States","Apr. 13, 2024"
Collin Hart,None,Middleweight Division,4-2-1 (W-L-D),0,0,0,45%,17%,95,212,,12,6.33,2.00,51%,0.00,7.53,0.00,50%,15:00,75(79%),20(21%),0(0%),67(71%),11(12%),17(18%),0(0%),0(0%),0(0%),United States,"Apr. 14, 2013"
Dale Hartt,None,Lightweight Division,6-2-0 (W-L-D),0,0,0,35%,100%,14,40,,1,1.14,1.22,66%,0.00,1.55,2.45,25%,04:05,14(100%),0(0%),0(0%),1(7%),1(7%),12(86%),0(0%),0(0%),0(0%),"Bangor, United States","Jul. 19, 2008"
Clay Harvison,"""Heavy Metal""",Welterweight Division,9-5-0 (W-L-D),0,0,0,48%,100%,75,156,,1,3.29,0.66,59%,0.00,3.91,1.32,68%,07:35,38(51%),26(35%),11(15%),38(51%),27(36%),10(13%),0(0%),0(0%),0(0%),United States,"Jun. 5, 2011"
Chris Haseman,"""The Hammer""",Light Heavyweight Division,20-16-0 (W-L-D),0,0,0,70%,N/A,14,20,0,0,0.93,0.00,29%,0.00,4.67,2.00,40%,15:00,5(36%),5(36%),4(29%),3(21%),6(43%),5(36%),0(0%),0(0%),0(0%),"Brisbane, Australia","Jul. 13, 2002"
Hayder Hassan,None,Welterweight Division,6-3-0 (W-L-D),0,0,0,46%,0%,18,39,,1,2.11,0.00,48%,0.00,3.16,0.00,25%,05:25,16(89%),2(11%),0(0%),12(67%),4(22%),2(11%),0(0%),0(0%),0(0%),United States,"Jul. 12, 2015"
Ahmad Hassanzada,None,Lightweight Division,1-1-0 (W-L-D),0,0,0,39%,19%,78,199,,21,3.16,2.43,38%,0.00,4.42,1.22,N/A,12:20,72(92%),3(4%),3(4%),50(64%),17(22%),11(14%),0(0%),0(0%),0(0%),None,"Feb. 11, 2025"
John Hathaway,"""The Hitman""",Welterweight Division,17-2-0 (W-L-D),0,0,0,40%,44%,410,1013,21,48,3.40,2.61,62%,0.25,1.80,0.87,61%,13:24,209(51%),50(12%),151(37%),274(67%),86(21%),50(12%),0(0%),0(0%),0(0%),"Brighton, United Kingdom","Jan. 17, 2009"
Phil Hawes,"""No Hype""",Middleweight Division,12-6-0 (W-L-D),8,2,7,59%,35%,341,576,6,26,5.33,2.11,56%,0.70,3.72,0.23,91%,06:24,253(74%),45(13%),43(13%),218(64%),86(25%),37(11%),8(67%),2(17%),2(17%),"Hackensack, United States","Aug. 1, 2017"
Tommy Hayden,"""Wild Card""",Featherweight Division,8-2-0 (W-L-D),0,0,0,27%,33%,13,48,,6,1.48,3.42,55%,1.71,2.05,0.00,67%,04:23,11(85%),1(8%),1(8%),11(85%),1(8%),1(8%),0(0%),0(0%),0(0%),United States,"Jan. 21, 2012"
Josh Haynes,"""Bring The Pain""",Welterweight Division,9-7-0 (W-L-D),0,0,0,22%,18%,40,178,,11,1.25,0.94,53%,0.47,4.03,0.00,43%,10:40,22(55%),9(23%),9(23%),24(60%),10(25%),6(15%),0(0%),0(0%),0(0%),"Grants Pass, United States","Jun. 24, 2006"
Dustin Hazelett,None,Lightweight Division,14-7-0 (W-L-D),0,0,0,40%,50%,122,302,,4,2.24,0.55,47%,0.00,3.51,4.14,25%,05:26,80(66%),13(11%),29(24%),89(73%),22(18%),11(9%),0(0%),0(0%),0(0%),"Louisa, United States","Oct. 10, 2006"
James Head,None,Welterweight Division,9-4-0 (W-L-D),0,0,0,49%,100%,101,208,,1,2.75,0.41,50%,0.41,3.11,0.82,67%,07:20,54(53%),43(43%),4(4%),66(65%),32(32%),3(3%),0(0%),0(0%),0(0%),United States,"Jun. 12, 2011"
Pat Healy,"""Bam Bam""",Lightweight Division,31-19-0 (W-L-D),0,0,0,37%,37%,551,1495,,118,2.57,3.08,50%,0.00,2.57,1.05,56%,13:24,319(58%),143(26%),89(16%),350(64%),153(28%),48(9%),7(23%),9(29%),15(48%),United States,"Aug. 17, 2006"
David Heath,None,Light Heavyweight Division,9-3-0 (W-L-D),0,0,0,30%,50%,68,226,,2,1.48,0.33,49%,0.00,5.16,0.98,57%,09:11,51(75%),8(12%),9(13%),41(60%),12(18%),15(22%),0(0%),0(0%),0(0%),"Nowata, United States","Aug. 26, 2006"
Chris Heatherly,"""Stump""",Welterweight Division,8-3-0 (W-L-D),0,0,0,48%,50%,12,25,,4,1.68,4.21,52%,0.00,8.27,0.00,100%,03:34,9(75%),2(17%),1(8%),8(67%),3(25%),1(8%),1(13%),3(38%),4(50%),"Cahokia, United States","Aug. 23, 2014"
Jake Hecht,"""The Hitman""",Welterweight Division,11-4-0 (W-L-D),0,0,0,48%,38%,72,151,,8,3.26,2.04,56%,0.00,2.76,0.00,40%,07:22,25(35%),19(26%),28(39%),45(63%),23(32%),4(6%),0(0%),0(0%),0(0%),United States,"Dec. 10, 2011"
Nick Hein,"""Sergeant""",Lightweight Division,14-5-0 (W-L-D),1,4,0,35%,33%,276,787,5,18,2.65,0.86,60%,0.29,3.61,0.00,83%,13:01,265(96%),9(3%),2(1%),188(68%),47(17%),41(15%),1(7%),9(64%),4(29%),"Elsdorf, Germany","May. 31, 2014"
Ian Heinisch,"""The Hurricane""",Middleweight Division,14-5-0 (W-L-D),5,2,0,50%,17%,286,568,1,35,3.25,1.02,59%,0.34,2.98,0.68,60%,11:00,193(67%),33(12%),60(21%),166(58%),50(17%),70(24%),5(36%),7(50%),2(14%),"Denver, United States","Nov. 17, 2018"
Marcin Held,None,Lightweight Division,23-7-0 (W-L-D),0,0,0,35%,47%,129,371,12,32,1.41,2.46,47%,0.00,2.02,1.31,38%,15:13,79(61%),17(13%),33(26%),116(90%),7(5%),6(5%),4(17%),7(30%),12(52%),"Tychy, Poland","Nov. 6, 2016"
Delson Heleno,"""Pé De Chumbo""",Middleweight Division,23-7-0 (W-L-D),0,0,0,75%,0%,3,4,,4,0.69,0.00,19%,0.00,4.83,0.00,N/A,04:21,1(33%),2(67%),0(0%),1(33%),1(33%),1(33%),0(0%),0(0%),0(0%),Brazil,"Jun. 24, 2012"
Dan Henderson,"""Hendo""",Middleweight Division,32-15-0 (W-L-D),0,0,0,47%,53%,1082,2301,,85,2.44,1.52,52%,0.71,2.70,0.34,58%,11:39,522(48%),271(25%),289(27%),697(64%),171(16%),214(20%),0(0%),0(0%),0(0%),"Downey, United States","May. 15, 1998"
Benson Henderson,"""Smooth""",Welterweight Division,23-5-0 (W-L-D),0,0,0,46%,46%,952,2088,,114,2.93,2.40,64%,0.18,1.79,0.79,64%,16:13,562(59%),200(21%),190(20%),411(43%),296(31%),245(26%),0(0%),0(0%),0(0%),United States,"Apr. 30, 2011"
Cory Hendricks,None,Light Heavyweight Division,3-1-0 (W-L-D),0,0,0,40%,0%,47,118,,2,3.13,0.00,43%,0.00,4.07,0.00,100%,15:00,37(79%),10(21%),0(0%),23(49%),17(36%),7(15%),0(0%),0(0%),3(100%),"Lynden, United States","Jul. 9, 2016"
Johny Hendricks,"""Bigg Rigg""",Middleweight Division,18-8-0 (W-L-D),0,0,0,46%,47%,942,2063,61,147,3.49,3.83,53%,0.44,3.99,0.33,64%,11:45,619(66%),236(25%),87(9%),632(67%),83(9%),227(24%),0(0%),0(0%),0(0%),"Edmond, United States","Dec. 12, 2009"
Josh Hendricks,"""Heavy""",Heavyweight Division,18-5-0 (W-L-D),0,0,0,20%,N/A,1,5,0,0,0.98,0.00,29%,0.00,11.80,0.00,N/A,01:01,0(0%),1(100%),0(0%),1(100%),0(0%),0(0%),0(0%),0(0%),0(0%),"Mansfield, United States","Nov. 15, 2008"
José Henrique,None,Welterweight Division,0-1-0 (W-L-D),0,0,0,44%,N/A,37,85,0,0,3.45,0.00,39%,0.00,5.79,0.00,N/A,10:43,37(100%),0(0%),0(0%),31(84%),6(16%),0(0%),0(0%),0(0%),0(0%),"Manaus, Brazil","Feb. 11, 2025"
Luis Henrique,"""KLB""",Heavyweight Division,10-4-0 (W-L-D),0,0,0,44%,37%,132,303,11,41,1.81,3.09,47%,0.00,2.22,1.03,50%,12:08,58(44%),27(20%),47(36%),94(71%),27(20%),11(8%),3(30%),3(30%),4(40%),None,"Jul. 24, 2016"
Victor Henry,"""La Mangosta""",Bantamweight Division,24-7-0 (W-L-D),7,8,5,54%,36%,548,1017,,11,7.66,0.84,48%,0.42,5.48,0.42,84%,11:56,450(82%),73(13%),25(5%),312(57%),179(33%),57(10%),7(29%),9(38%),8(33%),United States,"Jan. 22, 2022"
Danny Henry,"""The Hatchet""",Featherweight Division,12-4-0 (W-L-D),5,5,5,52%,33%,105,202,1,3,5.20,0.74,46%,1.49,4.16,2.23,50%,05:03,61(58%),6(6%),38(36%),74(70%),22(21%),9(9%),5(42%),2(17%),5(42%),"Edinburgh, United Kingdom","Jul. 16, 2017"
Jai Herbert,"""Black Country Banger""",Lightweight Division,13-5-1 (W-L-D),9,1,4,42%,23%,284,670,,13,3.16,0.50,52%,0.67,3.37,0.00,59%,11:15,224(79%),47(17%),13(5%),145(51%),90(32%),49(17%),9(69%),3(23%),1(8%),"Wolverhampton, England","Mar. 21, 2020"
Dave Herman,None,Heavyweight Division,21-6-0 (W-L-D),0,0,0,61%,100%,150,247,,3,4.98,1.49,49%,1.00,3.78,0.00,58%,05:02,99(66%),27(18%),24(16%),74(49%),36(24%),40(27%),0(0%),0(0%),0(0%),United States,"Jun. 12, 2011"
Ed Herman,"""Short Fuse""",Light Heavyweight Division,27-16-0 (W-L-D),7,15,4,48%,48%,861,1778,32,71,3.31,1.96,43%,0.23,3.71,1.04,59%,09:38,428(50%),241(28%),192(22%),539(63%),218(25%),104(12%),7(26%),5(19%),15(56%),"Vancouver, United States","Jun. 24, 2006"
Jack Hermansson,"""The Joker""",Middleweight Division,24-8-0 (W-L-D),11,6,10,45%,30%,999,2223,6,66,5.09,1.53,56%,0.00,3.69,0.38,81%,11:33,765(77%),75(8%),159(16%),558(56%),201(20%),240(24%),11(46%),7(29%),6(25%),"Uddevalla, Sweden","Sep. 3, 2016"
Nohelin Hernandez,"""Suave""",Bantamweight Division,10-4-0 (W-L-D),3,0,0,34%,50%,28,82,1,2,1.32,0.71,53%,0.00,2.63,0.00,38%,10:38,11(39%),4(14%),13(46%),18(64%),4(14%),6(21%),3(30%),7(70%),0(0%),"Gilroy, United States","Jul. 6, 2019"
Carlos Hernandez,None,Flyweight Division,10-4-0 (W-L-D),0,4,3,46%,21%,328,719,2,42,3.90,1.60,51%,0.00,3.43,0.18,68%,12:01,255(78%),57(17%),16(5%),220(67%),71(22%),37(11%),0(0%),6(60%),4(40%),"Chicago, United States","Feb. 26, 2022"
Junior Hernandez,"""Hot Handed""",Bantamweight Division,14-6-0 (W-L-D),0,0,0,29%,N/A,44,154,0,0,2.72,0.00,65%,0.00,5.51,0.00,N/A,08:05,44(100%),0(0%),0(0%),36(82%),5(11%),3(7%),5(36%),5(36%),4(29%),United States,"Sep. 4, 2013"
Anthony Hernandez,"""Fluffy""",Middleweight Division,13-2-0 (W-L-D),3,8,5,63%,45%,454,720,,92,4.90,6.64,46%,0.16,2.88,2.27,65%,09:16,193(43%),65(14%),196(43%),382(84%),57(13%),15(3%),3(23%),2(15%),8(62%),"Oakland, United States","Feb. 2, 2019"
Alexander Hernandez,"""The Great Ape""",Lightweight Division,15-8-0 (W-L-D),6,2,7,41%,29%,633,1544,4,31,4.43,0.95,57%,0.42,4.61,0.11,72%,10:12,542(86%),59(9%),32(5%),326(52%),219(35%),88(14%),6(40%),7(47%),2(13%),"St. Louis, United States","Mar. 3, 2018"
Noe Hernandez,None,Middleweight Division,0-0-0 (W-L-D),0,0,0,N/A,N/A,0,0,0,0,N/A,N/A,N/A,N/A,N/A,N/A,N/A,N/A,N/A,N/A,N/A,N/A,N/A,N/A,0(0%),0(0%),0(0%),United States,"May. 15, 1998"
Alvaro Herrera,"""Chango""",Welterweight Division,9-6-0 (W-L-D),0,0,0,38%,N/A,25,65,0,0,1.89,0.00,55%,1.13,3.40,1.13,33%,03:19,20(80%),3(12%),2(8%),17(68%),7(28%),1(4%),5(63%),0(0%),3(38%),"Guadalajara, Mexico","Nov. 21, 2015"
Geane Herrera,"""The Revolutionary""",Flyweight Division,9-3-0 (W-L-D),0,0,0,31%,38%,82,263,,8,1.51,0.83,53%,0.28,5.07,0.55,38%,13:37,58(71%),7(9%),17(21%),69(84%),8(10%),5(6%),2(22%),2(22%),5(56%),"Duarte, United States","Aug. 8, 2015"
Paul Herrera,None,,0-0-0 (W-L-D),0,0,0,N/A,N/A,0,0,0,0,N/A,N/A,N/A,N/A,N/A,N/A,N/A,N/A,N/A,N/A,N/A,N/A,N/A,N/A,0(0%),0(0%),0(0%),United States,"Feb. 16, 1996"
Felice Herrig,"""Lil Bulldog""",Women's Strawweight Division,14-10-0 (W-L-D),1,4,0,38%,29%,425,1131,7,28,3.84,1.08,48%,0.00,5.19,0.81,75%,11:05,304(72%),85(20%),36(8%),259(61%),123(29%),43(10%),1(7%),9(64%),4(29%),"Chicago, United States","Dec. 12, 2014"
Heath Herring,"""The Texas Crazy Horse""",Heavyweight Division,28-14-0 (W-L-D),0,0,0,42%,83%,172,412,,6,2.29,1.00,55%,1.00,5.81,0.20,33%,15:00,55(32%),19(11%),98(57%),93(54%),63(37%),16(9%),0(0%),0(0%),0(0%),"Waco, United States","Jan. 25, 2007"
Jon Hess,None,,0-0-0 (W-L-D),0,0,0,N/A,N/A,0,0,0,0,N/A,N/A,N/A,N/A,N/A,N/A,N/A,N/A,N/A,N/A,N/A,N/A,N/A,N/A,0(0%),0(0%),0(0%),"Encinitas, United States","Apr. 7, 1995"
Clint Hester,"""Headbussa""",Light Heavyweight Division,11-6-0 (W-L-D),0,0,0,43%,36%,248,579,,14,3.36,1.02,57%,0.61,3.44,0.00,60%,10:33,191(77%),23(9%),34(14%),179(72%),42(17%),27(11%),8(73%),3(27%),0(0%),"Hattiesburg, United States","Apr. 14, 2013"
Jimy Hettes,"""The Kid""",Featherweight Division,11-3-0 (W-L-D),0,0,0,57%,45%,220,384,22,49,3.47,5.20,58%,0.00,3.50,1.42,62%,10:34,109(50%),43(20%),68(31%),177(80%),34(15%),9(4%),0(0%),1(9%),10(91%),"Kingston, United States","Aug. 15, 2011"
Jay Hieron,"""The Thoroughbred""",Welterweight Division,23-7-0 (W-L-D),0,0,0,33%,60%,74,226,,20,1.66,4.05,62%,0.67,1.89,1.01,67%,09:18,55(74%),9(12%),10(14%),42(57%),13(18%),19(26%),0(0%),0(0%),0(0%),United States,"Jun. 19, 2004"
Brady Hiestand,"""Bam Bam""",Bantamweight Division,9-2-0 (W-L-D),4,3,4,51%,46%,152,299,6,39,2.70,4.80,51%,0.00,3.75,1.07,43%,14:03,127(84%),14(9%),11(7%),112(74%),28(18%),12(8%),4(44%),2(22%),3(33%),"Spokane, United States","Aug. 28, 2021"
Jason High,"""The Kansas City Bandit""",Lightweight Division,19-5-0 (W-L-D),0,0,0,35%,80%,42,119,,10,1.01,2.89,48%,0.00,2.87,3.26,38%,08:18,29(69%),8(19%),5(12%),34(81%),7(17%),1(2%),0(0%),0(0%),0(0%),"Kansas City, United States","Mar. 31, 2010"
Richie Hightower,"""The Dirty Samurai""",Welterweight Division,7-2-0 (W-L-D),0,0,0,36%,100%,20,56,,1,4.62,3.46,21%,0.00,6.92,0.00,100%,04:20,14(70%),6(30%),0(0%),14(70%),4(20%),2(10%),0(0%),0(0%),0(0%),"Phoenix, United States","Dec. 9, 2007"
Kailan Hill,None,Middleweight Division,0-0-0 (W-L-D),0,0,0,53%,43%,39,73,,7,2.60,3.00,38%,0.00,4.80,0.00,N/A,15:00,35(90%),3(8%),1(3%),23(59%),8(21%),8(21%),0(0%),0(0%),0(0%),"Los Banos, United States","Feb. 11, 2025"
Jamahal Hill,"""Sweet Dreams""",Light Heavyweight Division,12-3-0 (W-L-D),7,0,4,53%,N/A,701,1314,0,0,7.05,0.00,45%,0.60,4.02,0.00,73%,09:02,561(80%),84(12%),56(8%),463(66%),180(26%),58(8%),7(58%),5(42%),0(0%),"Chicago, United States","Jan. 25, 2020"
Tyler Hill,"""Zombie""",Welterweight Division,6-1-0 (W-L-D),0,0,0,39%,0%,26,66,,1,3.64,0.00,47%,0.00,5.33,0.00,N/A,07:08,26(100%),0(0%),0(0%),13(50%),4(15%),9(35%),0(0%),0(0%),0(0%),"Memphis, United States","Feb. 11, 2025"
Angela Hill,"""Overkill""",Women's Strawweight Division,17-14-0 (W-L-D),5,0,1,50%,33%,2036,4078,3,58,5.46,0.76,61%,0.12,4.93,0.12,75%,14:20,1489(73%),475(23%),72(4%),1221(60%),646(32%),169(8%),5(33%),10(67%),0(0%),"Clinton, United States","Dec. 12, 2014"
Corey Hill,"""The Real Deal""",Lightweight Division,2-2-0 (W-L-D),0,0,0,46%,80%,71,153,,5,3.57,3.02,70%,0.00,1.61,0.00,100%,06:38,33(46%),16(23%),22(31%),50(70%),18(25%),3(4%),0(0%),0(0%),0(0%),"Martinsburg, United States","Jan. 23, 2008"
Branden Lee Hinkle,"""The Iron Lion""",Light Heavyweight Division,14-7-0 (W-L-D),0,0,0,69%,57%,36,52,,7,2.61,4.34,26%,0.00,3.91,4.34,67%,04:36,0(0%),8(22%),28(78%),23(64%),12(33%),1(3%),0(0%),0(0%),0(0%),"Jefferson, United States","Oct. 7, 2005"
Hatsu Hioki,None,Featherweight Division,27-8-2 (W-L-D),0,0,0,42%,57%,300,708,,37,2.42,2.55,66%,0.00,2.12,0.61,54%,13:45,216(72%),26(9%),58(19%),170(57%),87(29%),43(14%),4(15%),11(41%),12(44%),Japan,"Oct. 29, 2011"
Kuniyoshi Hironaka,None,Welterweight Division,11-5-0 (W-L-D),0,0,0,44%,32%,66,151,,25,1.43,2.60,55%,0.32,5.13,0.97,25%,11:33,26(39%),7(11%),33(50%),48(73%),9(14%),9(14%),0(0%),0(0%),0(0%),Japan,"Oct. 14, 2006"
Mizuto Hirota,"""Pugnus""",Lightweight Division,19-10-2 (W-L-D),10,0,0,41%,50%,408,1005,9,22,3.36,1.36,55%,0.00,3.50,0.12,59%,13:29,339(83%),34(8%),35(9%),298(73%),59(14%),51(13%),10(53%),9(47%),0(0%),"Nagasaki, Japan","Jul. 15, 2012"
Matt Hobar,"""The Crowbar""",Bantamweight Division,9-3-0 (W-L-D),0,0,0,42%,44%,106,251,,18,3.23,3.66,53%,0.46,4.27,0.00,50%,10:56,37(35%),27(25%),42(40%),75(71%),20(19%),11(10%),1(11%),4(44%),4(44%),"Dallas, United States","May. 31, 2014"
Bobby Hoffman,"""The Bad Seed""",Heavyweight Division,26-4-0 (W-L-D),0,0,0,70%,50%,26,37,,2,2.02,1.17,19%,1.17,1.32,1.17,N/A,06:26,1(4%),22(85%),3(12%),7(27%),17(65%),2(8%),0(0%),0(0%),0(0%),"Centerville, United States","Sep. 22, 2000"
Chris Hofmann,None,Welterweight Division,0-1-0 (W-L-D),0,0,0,45%,43%,63,139,,7,4.78,3.42,36%,1.14,4.63,0.00,N/A,13:10,39(62%),16(25%),8(13%),32(51%),21(33%),10(16%),0(0%),0(0%),0(0%),"Pasay, Philippines","Feb. 11, 2025"
Sam Hoger,"""The Alaskan Assassin""",Light Heavyweight Division,6-3-0 (W-L-D),0,0,0,25%,38%,72,288,,13,1.07,1.12,57%,0.22,2.25,1.34,29%,13:25,52(72%),8(11%),12(17%),45(63%),19(26%),8(11%),0(0%),0(0%),0(0%),"Eagle River, United States","Aug. 6, 2005"
Andrew Holbrook,None,Lightweight Division,12-2-0 (W-L-D),0,0,0,49%,18%,78,158,2,11,2.20,0.85,54%,0.00,3.00,2.12,10%,07:05,38(49%),27(35%),13(17%),47(60%),23(29%),8(10%),3(27%),1(9%),7(64%),"Adrian, United States","Jul. 25, 2015"
Chris Holdsworth,"""Holds It Down""",Bantamweight Division,7-0-0 (W-L-D),0,0,0,30%,63%,41,138,5,8,1.85,3.38,58%,0.00,1.94,2.03,100%,11:05,31(76%),9(22%),1(2%),27(66%),9(22%),5(12%),0(0%),1(14%),6(86%),"Los Angeles, United States","Dec. 1, 2013"
Frank Holland,"""The Tank""",None,None,0,0,0,N/A,N/A,0,0,0,0,N/A,N/A,N/A,N/A,N/A,N/A,N/A,N/A,N/A,N/A,N/A,N/A,N/A,N/A,0(0%),0(0%),0(0%),None,"Feb. 11, 2025"
Kevin Holland,"""Trailblazer""",Welterweight Division,26-13-0 (W-L-D),14,8,13,50%,39%,1086,2189,,36,4.22,0.82,51%,0.29,3.22,0.58,53%,10:18,854(79%),107(10%),125(12%),590(54%),209(19%),287(26%),14(54%),4(15%),8(31%),"Riverside, United States","Aug. 4, 2018"
Roger Hollett,"""The Hulk""",Light Heavyweight Division,13-5-0 (W-L-D),0,0,0,47%,29%,55,116,,7,1.83,1.00,34%,0.00,6.47,0.00,30%,15:00,37(67%),16(29%),2(4%),23(42%),24(44%),8(15%),0(0%),0(0%),0(0%),Canada,"Sep. 22, 2012"
Max Holloway,"""Blessed""",Featherweight Division,26-8-0 (W-L-D),12,2,0,48%,53%,3457,7227,4,15,7.16,0.25,59%,0.34,4.76,0.31,83%,16:05,3040(88%),245(7%),172(5%),2260(65%),829(24%),368(11%),12(48%),11(44%),2(8%),"Oahu, United States","Feb. 4, 2012"
Holly Holm,"""The Preacher's Daughter""",Women's Bantamweight Division,15-7-0 (W-L-D),8,0,0,41%,30%,805,1975,6,50,3.13,0.87,55%,0.12,2.92,0.06,76%,16:05,659(82%),94(12%),52(6%),377(47%),246(31%),182(23%),8(53%),7(47%),0(0%),"Albuquerque, United States","Feb. 28, 2015"
Rex Holman,"""Big Dog""",Light Heavyweight Division,4-2-0 (W-L-D),0,0,0,34%,0%,11,32,,4,2.75,0.00,41%,0.00,7.25,0.00,100%,04:00,10(91%),1(9%),0(0%),3(27%),1(9%),7(64%),0(0%),0(0%),0(0%),"Columbus, United States","Mar. 3, 2007"
Joseph Holmes,"""Uglyman Joe""",Middleweight Division,8-4-0 (W-L-D),2,6,5,53%,40%,116,217,,10,2.88,1.49,55%,0.37,3.08,0.75,50%,08:03,93(80%),16(14%),7(6%),60(52%),28(24%),28(24%),2(25%),0(0%),6(75%),"Montgomery, United States","Jan. 15, 2022"
Kurt Holobaugh,None,Lightweight Division,22-8-0 (W-L-D),8,10,11,46%,33%,460,1009,2,15,4.63,0.76,48%,0.30,4.35,0.76,42%,11:02,344(75%),90(20%),26(6%),290(63%),109(24%),61(13%),8(36%),4(18%),10(45%),United States,"Jan. 13, 2013"
Paddy Holohan,"""The Hooligan""",Flyweight Division,12-2-1 (W-L-D),0,0,0,46%,48%,122,263,,23,2.13,2.88,46%,0.26,2.81,1.31,71%,11:27,78(64%),3(2%),41(34%),72(59%),26(21%),24(20%),1(8%),3(25%),8(67%),"Dublin, Ireland","Jul. 19, 2014"
Mark Holst,"""Boots""",Lightweight Division,8-3-0 (W-L-D),0,0,0,19%,100%,5,26,,1,0.25,0.76,48%,0.00,1.67,2.28,60%,09:53,2(40%),1(20%),2(40%),1(20%),2(40%),2(40%),0(0%),0(0%),0(0%),"Ottawa, Canada","Jun. 19, 2010"
Scott Holtzman,"""Hot Sauce""",Lightweight Division,14-6-0 (W-L-D),5,2,2,48%,57%,723,1511,18,37,4.32,1.88,55%,0.36,3.66,0.18,67%,12:52,461(64%),115(16%),147(20%),528(73%),117(16%),78(11%),5(36%),7(50%),2(14%),"Knoxville, United States","Aug. 8, 2015"
Sabah Homasi,"""The Problem""",Welterweight Division,11-8-0 (W-L-D),0,0,0,48%,50%,80,165,3,6,4.98,2.80,48%,0.00,6.91,0.00,67%,05:58,48(60%),27(34%),5(6%),51(64%),21(26%),8(10%),8(73%),1(9%),2(18%),"New Brunswick, United States","Aug. 21, 2016"
Mark Hominick,"""The Machine""",Featherweight Division,20-12-0 (W-L-D),0,0,0,43%,67%,461,1064,,3,4.20,0.27,70%,0.55,4.54,0.41,71%,09:09,384(83%),20(4%),57(12%),351(76%),88(19%),22(5%),0(0%),0(0%),0(0%),"Thamesford, Canada","Mar. 4, 2006"
Barb Honchak,"""The Little Warrior""",Women's Flyweight Division,10-5-0 (W-L-D),0,0,0,30%,0%,95,316,,1,4.04,0.00,66%,0.00,4.67,1.27,N/A,11:46,95(100%),0(0%),0(0%),78(82%),4(4%),13(14%),1(10%),7(70%),2(20%),"Alton, United States","Feb. 11, 2025"
JunYoung Hong,None,Featherweight Division,0-2-0 (W-L-D),0,0,0,40%,N/A,53,134,0,0,3.53,0.00,54%,0.00,3.27,0.00,40%,15:00,48(91%),5(9%),0(0%),31(58%),9(17%),13(25%),0(0%),0(0%),0(0%),None,"Jun. 9, 2022"
SeongChan Hong,None,Lightweight Division,0-1-0 (W-L-D),0,0,0,56%,0%,15,27,,5,6.57,0.00,47%,0.00,8.76,0.00,N/A,02:17,13(87%),2(13%),0(0%),12(80%),1(7%),2(13%),0(0%),0(0%),0(0%),South Korea,"Feb. 11, 2025"
Satoshi Honma,None,Heavyweight Division,0-0-0 (W-L-D),0,0,0,N/A,N/A,0,0,0,0,N/A,N/A,N/A,N/A,N/A,N/A,N/A,N/A,N/A,N/A,N/A,N/A,N/A,N/A,0(0%),0(0%),0(0%),Japan,"Apr. 14, 2000"
Lorenzo Hood,None,Heavyweight Division,0-1-0 (W-L-D),0,0,0,62%,N/A,13,21,0,0,2.64,0.00,12%,0.00,4.66,0.00,100%,04:56,9(69%),4(31%),0(0%),8(62%),3(23%),2(15%),0(0%),0(0%),0(0%),United States,"Feb. 11, 2025"
David Hood,None,,0-0-0 (W-L-D),0,0,0,N/A,N/A,0,0,0,0,N/A,N/A,N/A,N/A,N/A,N/A,N/A,N/A,N/A,N/A,N/A,N/A,N/A,N/A,0(0%),0(0%),0(0%),"Lowell, United States","Sep. 8, 1995"
Dan Hooker,"""The Hangman""",Lightweight Division,24-12-0 (W-L-D),11,7,12,49%,34%,1131,2325,3,32,5.03,0.73,51%,0.60,4.72,0.33,78%,10:13,951(84%),97(9%),83(7%),707(63%),200(18%),224(20%),11(46%),6(25%),7(29%),"Aukland, New Zealand","Jun. 28, 2014"
Chase Hooper,"""The Dream""",Lightweight Division,15-3-1 (W-L-D),4,8,6,52%,28%,531,1020,1,47,4.97,1.83,37%,0.14,3.26,2.39,58%,09:42,278(52%),71(13%),182(34%),390(73%),94(18%),47(9%),4(27%),3(20%),8(53%),"Enumclaw, United States","Dec. 14, 2019"
Darrell Horcher,"""The Saint""",Lightweight Division,13-4-0 (W-L-D),6,1,0,45%,50%,89,199,1,2,2.05,0.35,39%,0.00,4.21,0.69,47%,10:52,39(44%),25(28%),25(28%),68(76%),13(15%),8(9%),6(46%),6(46%),1(8%),"Chicago, United States","Apr. 17, 2016"
Moti Horenstein,None,Heavyweight Division,0-0-0 (W-L-D),0,0,0,N/A,N/A,0,0,0,0,N/A,N/A,N/A,N/A,N/A,N/A,N/A,N/A,N/A,N/A,N/A,N/A,N/A,N/A,0(0%),0(0%),0(0%),"Spring Valley, United States","Jul. 12, 1996"
Yoshinori Horie,None,Featherweight Division,0-1-0 (W-L-D),0,0,0,49%,0%,39,79,,1,2.76,0.00,48%,0.00,5.65,0.00,N/A,14:09,35(90%),4(10%),0(0%),24(62%),7(18%),8(21%),0(0%),0(0%),0(0%),None,"Feb. 11, 2025"
Kyoji Horiguchi,None,Flyweight Division,18-2-0 (W-L-D),0,0,0,45%,44%,406,900,,34,3.60,2.00,62%,0.53,2.45,0.00,55%,14:05,273(67%),70(17%),63(16%),295(73%),79(19%),32(8%),9(41%),7(32%),6(27%),"Gumma, Japan","Oct. 20, 2013"
Yuma Horiuchi,None,Flyweight Division,0-1-0 (W-L-D),0,0,0,30%,17%,56,185,,12,3.73,2.00,35%,0.00,5.00,2.00,N/A,15:00,54(96%),2(4%),0(0%),30(54%),14(25%),12(21%),0(0%),0(0%),0(0%),Japan,"Jun. 10, 2022"
Jeremy Horn,None,Middleweight Division,88-19-5 (W-L-D),0,0,0,36%,13%,90,248,,15,1.34,0.45,55%,0.00,3.87,1.56,30%,09:38,61(68%),20(22%),9(10%),55(61%),18(20%),17(19%),0(0%),0(0%),0(0%),"Omaha, United States","May. 15, 1998"
Jamey-Lyn Horth,None,Women's Flyweight Division,7-2-0 (W-L-D),3,2,0,52%,36%,163,316,,11,2.72,1.00,61%,0.00,2.58,0.25,72%,15:00,104(64%),59(36%),0(0%),81(50%),64(39%),18(11%),3(43%),2(29%),2(29%),"Vancouver, Canada","Apr. 29, 2023"
Matt Horwich,"""Suave, Sabretooth""",Middleweight Division,24-11-1 (W-L-D),0,0,0,63%,0%,40,63,,2,1.33,0.00,38%,0.00,3.23,4.00,28%,15:00,15(38%),18(45%),7(18%),13(33%),18(45%),9(23%),0(0%),0(0%),0(0%),"Seattle, United States","Oct. 25, 2008"
Saeed Hosseini,None,Lightweight Division,0-0-0 (W-L-D),0,0,0,N/A,N/A,0,0,0,0,N/A,N/A,N/A,N/A,N/A,N/A,N/A,N/A,N/A,N/A,N/A,N/A,N/A,N/A,0(0%),0(0%),0(0%),United States,"May. 30, 1997"
Jeff Hougland,"""Hellbound""",Bantamweight Division,10-6-0 (W-L-D),0,0,0,49%,19%,97,200,,16,1.86,0.86,48%,0.00,3.46,1.15,N/A,13:01,79(81%),9(9%),9(9%),43(44%),22(23%),32(33%),0(0%),0(0%),0(0%),United States,"Jul. 2, 2011"
Brian Houston,"""BHue""",Middleweight Division,4-2-0 (W-L-D),0,0,0,36%,100%,30,84,,1,1.90,0.95,53%,0.00,3.67,0.00,88%,07:54,24(80%),6(20%),0(0%),20(67%),3(10%),7(23%),3(75%),1(25%),0(0%),United States,"Nov. 6, 2013"
Harold Howard,None,,0-0-0 (W-L-D),0,0,0,N/A,N/A,0,0,0,0,N/A,N/A,N/A,N/A,N/A,N/A,N/A,N/A,N/A,N/A,N/A,N/A,N/A,N/A,0(0%),0(0%),0(0%),"Niagara Falls, Canada","Feb. 11, 2025"
John Howard,"""Doomsday""",Welterweight Division,23-12-0 (W-L-D),0,0,0,51%,49%,369,727,,63,2.15,2.70,51%,0.17,3.08,0.44,54%,12:17,222(60%),99(27%),48(13%),175(47%),68(18%),126(34%),9(39%),8(35%),6(26%),United States,"Jan. 31, 2009"
Shane Howell,None,Flyweight Division,13-9-0 (W-L-D),0,0,0,33%,N/A,22,67,0,0,1.27,0.00,43%,0.00,2.55,0.00,20%,08:39,20(91%),0(0%),2(9%),11(50%),8(36%),3(14%),4(31%),2(15%),7(54%),United States,"Jun. 28, 2014"
Carlos Huachin,"""Perro Malo""",Bantamweight Division,10-5-1 (W-L-D),8,2,0,21%,N/A,52,242,0,0,2.10,0.00,50%,0.00,4.80,0.00,67%,12:25,49(94%),1(2%),2(4%),39(75%),8(15%),5(10%),8(80%),0(0%),2(20%),"Callao Region, Peru","May. 11, 2019"
Brady Huang,None,Bantamweight Division,11-2-0 (W-L-D),0,0,0,38%,0%,3,8,,1,4.62,0.00,30%,0.00,10.77,0.00,N/A,00:39,3(100%),0(0%),0(0%),1(33%),0(0%),2(67%),0(0%),0(0%),0(0%),"SF, United States","Feb. 11, 2025"
Austin Hubbard,"""Thud""",Lightweight Division,17-8-0 (W-L-D),5,2,2,44%,34%,521,1189,,38,4.12,1.54,57%,0.00,3.92,0.00,67%,12:39,455(87%),33(6%),33(6%),267(51%),140(27%),114(22%),5(29%),10(59%),2(12%),"Sterling, United States","May. 18, 2019"
Collin Huckbody,"""All In""",Middleweight Division,1-0-0 (W-L-D),0,0,0,60%,100%,3,5,,1,2.05,10.23,43%,0.00,2.73,20.45,N/A,01:28,3(100%),0(0%),0(0%),1(33%),0(0%),2(67%),0(0%),0(0%),0(0%),"Park Rapids, United States","Feb. 11, 2025"
Roger Huerta,"""El Matador""",Lightweight Division,22-3-1 (W-L-D),0,0,0,37%,46%,333,911,,28,3.64,2.13,57%,0.00,2.33,0.49,53%,11:26,148(44%),44(13%),141(42%),258(77%),43(13%),32(10%),0(0%),0(0%),0(0%),"Los Angeles, United States","Sep. 23, 2006"
Sam Hughes,"""Sampage""",Women's Strawweight Division,9-6-0 (W-L-D),2,3,3,47%,30%,536,1152,,23,4.33,0.85,57%,0.00,4.46,0.00,60%,13:46,405(76%),60(11%),71(13%),369(69%),91(17%),76(14%),2(25%),3(38%),3(38%),"Davenport, United States","Dec. 12, 2020"
Jeff Hughes,"""Lights Out""",Heavyweight Division,10-4-0 (W-L-D),4,1,0,51%,50%,167,326,,4,3.95,0.71,61%,0.35,3.67,0.00,45%,08:27,121(72%),16(10%),30(18%),108(65%),21(13%),38(23%),4(40%),5(50%),1(10%),"Canton, United States","Mar. 9, 2019"
Matt Hughes,None,Welterweight Division,46-9-0 (W-L-D),0,0,0,53%,50%,436,817,,80,2.14,2.95,54%,0.22,1.36,1.18,35%,08:51,140(32%),44(10%),252(58%),302(69%),84(19%),50(11%),0(0%),0(0%),0(0%),"Hillsboro, United States","Sep. 24, 1999"
Mark Hughes,None,Middleweight Division,0-0-0 (W-L-D),0,0,0,47%,50%,9,19,,4,0.90,3.00,43%,0.00,0.40,4.50,N/A,10:00,0(0%),1(11%),8(89%),7(78%),2(22%),0(0%),0(0%),0(0%),0(0%),United States,"Nov. 17, 2000"
Victor Hugo,"""Striker""",Featherweight Division,25-5-0 (W-L-D),7,10,12,44%,33%,122,275,,6,3.27,0.81,57%,0.40,2.95,1.21,74%,12:25,107(88%),13(11%),2(2%),57(47%),36(30%),29(24%),7(28%),8(32%),10(40%),"Goiânia, Brazil","Nov. 4, 2023"
Harry Hunsucker,"""The Hurricane""",Light Heavyweight Division,7-6-0 (W-L-D),3,4,7,52%,0%,26,50,,1,3.54,0.00,43%,0.00,6.53,2.04,N/A,01:50,24(92%),2(8%),0(0%),16(62%),2(8%),8(31%),3(43%),0(0%),4(57%),"Painesville, United States","Mar. 20, 2021"
Mark Hunt,"""Super Samoan""",Heavyweight Division,13-14-1 (W-L-D),10,0,3,43%,56%,832,1913,7,18,2.81,0.51,51%,0.71,2.90,0.20,64%,10:13,649(78%),97(12%),86(10%),667(80%),98(12%),67(8%),10(77%),3(23%),0(0%),"South Auckland, New Zealand","Sep. 25, 2010"
Adam Hunter,"""Warhammer""",Middleweight Division,0-0-0 (W-L-D),0,0,0,N/A,N/A,0,0,0,0,N/A,N/A,N/A,N/A,N/A,N/A,N/A,00:00,0(0%),0(0%),0(0%),0(0%),0(0%),0(0%),6(86%),0(0%),1(14%),"Sault Ste. Marie, Canada","Feb. 11, 2025"
Alex Hunter,None,Heavyweight Division,0-0-0 (W-L-D),0,0,0,N/A,N/A,0,0,0,0,N/A,N/A,N/A,N/A,N/A,N/A,N/A,N/A,N/A,N/A,N/A,N/A,N/A,N/A,0(0%),0(0%),0(0%),United States,"Jul. 27, 1997"
Solomon Hutcherson,"""King""",Middleweight Division,10-2-0 (W-L-D),0,0,0,39%,100%,11,28,,1,2.59,3.53,65%,0.00,2.59,0.00,N/A,04:15,5(45%),6(55%),0(0%),5(45%),5(45%),1(9%),0(0%),0(0%),0(0%),"Racine, United States","Jun. 24, 2006"
Al Iaquinta,"""Raging""",Lightweight Division,14-7-1 (W-L-D),7,1,0,41%,19%,774,1909,8,43,4.06,0.63,61%,0.55,4.53,0.24,74%,12:42,715(92%),31(4%),28(4%),521(67%),145(19%),108(14%),7(50%),6(43%),1(7%),"Wantagh, United States","Jun. 2, 2012"
Khadis Ibragimov,None,Light Heavyweight Division,8-4-0 (W-L-D),2,3,0,50%,30%,164,329,3,10,3.55,0.97,47%,0.00,4.26,0.32,81%,11:34,128(78%),31(19%),5(3%),147(90%),10(6%),7(4%),2(25%),3(38%),3(38%),"Republic of Dagestan, Russia","Aug. 31, 2019"
Minoki Ichihara,None,,0-0-0 (W-L-D),0,0,0,N/A,N/A,0,0,0,0,N/A,N/A,N/A,N/A,N/A,N/A,N/A,N/A,N/A,N/A,N/A,N/A,N/A,N/A,0(0%),0(0%),0(0%),Japan,"Mar. 11, 1994"
Dan Ige,"""50K""",Featherweight Division,18-9-0 (W-L-D),6,5,7,46%,27%,889,1941,2,60,3.66,0.99,57%,0.49,3.50,0.25,58%,12:47,684(77%),69(8%),136(15%),598(67%),185(21%),106(12%),6(33%),7(39%),5(28%),"San Clemente, United States","Jul. 25, 2017"
Valeri Ignatov,None,Lightweight Division,0-0-0 (W-L-D),0,0,0,N/A,N/A,0,0,0,0,N/A,N/A,N/A,N/A,N/A,N/A,N/A,N/A,N/A,N/A,N/A,N/A,N/A,N/A,0(0%),0(0%),0(0%),United States,"Mar. 5, 1999"
Fabiano Iha,None,Lightweight Division,12-3-0 (W-L-D),0,0,0,47%,40%,36,76,,10,1.73,2.88,43%,0.00,2.49,2.88,50%,05:13,11(31%),13(36%),12(33%),24(67%),3(8%),9(25%),0(0%),0(0%),0(0%),Brazil,"May. 7, 1999"
Nassourdine Imavov,"""The Sniper""",Middleweight Division,16-4-0 (W-L-D),7,4,7,56%,32%,703,1264,2,28,4.45,0.85,59%,0.19,3.26,1.14,79%,14:23,494(70%),117(17%),92(13%),481(68%),141(20%),81(12%),7(44%),5(31%),4(25%),Russia,"Oct. 3, 2020"
Brad Imes,None,Heavyweight Division,6-3-0 (W-L-D),0,0,0,32%,71%,119,373,,7,2.73,1.72,50%,0.00,4.24,1.03,N/A,14:32,68(57%),33(28%),18(15%),97(82%),19(16%),3(3%),0(0%),0(0%),0(0%),"Maryville, United States","Nov. 5, 2005"
Chris Indich,"""The Savage""",Welterweight Division,5-3-0 (W-L-D),0,0,0,31%,50%,26,84,,2,1.31,0.75,43%,0.00,4.32,1.51,50%,09:58,15(58%),11(42%),0(0%),6(23%),7(27%),13(50%),2(40%),1(20%),2(40%),Australia,"Feb. 11, 2025"
Guto Inocente,None,Light Heavyweight Division,6-4-0 (W-L-D),0,0,0,67%,33%,92,138,,3,4.13,0.67,55%,0.00,2.92,0.67,67%,07:25,63(68%),27(29%),2(2%),36(39%),32(35%),24(26%),3(50%),1(17%),2(33%),United States,"May. 20, 2012"
Mizuki,None,Women's Strawweight Division,15-6-0 (W-L-D),0,9,4,51%,14%,205,403,,7,4.56,0.33,49%,0.00,5.62,0.00,85%,15:00,145(71%),59(29%),1(0%),147(72%),45(22%),13(6%),0(0%),5(36%),9(64%),Japan,"Aug. 31, 2019"
Naoki Inoue,None,Flyweight Division,11-0-0 (W-L-D),0,0,0,35%,0%,110,312,,3,3.67,0.00,61%,0.00,3.37,2.50,60%,15:00,77(70%),13(12%),20(18%),82(75%),4(4%),24(22%),0(0%),4(36%),7(64%),"Toyohashi, Japan","Jun. 17, 2017"
Enson Inoue,None,Lightweight Division,0-0-0 (W-L-D),0,0,0,N/A,N/A,0,0,0,0,N/A,N/A,N/A,N/A,N/A,N/A,N/A,N/A,N/A,N/A,N/A,N/A,N/A,N/A,0(0%),0(0%),0(0%),United States,"May. 30, 1997"
James Irvin,"""The Sandman""",Light Heavyweight Division,14-7-0 (W-L-D),0,0,0,49%,0%,59,121,,2,2.05,0.00,35%,1.56,3.89,0.52,37%,02:53,35(59%),7(12%),17(29%),29(49%),8(14%),22(37%),0(0%),0(0%),0(0%),"Citrus Heights, United States","Feb. 5, 2005"
Issa Isakov,None,None,None,0,0,0,N/A,N/A,0,0,0,0,N/A,N/A,N/A,N/A,N/A,N/A,N/A,N/A,N/A,N/A,N/A,N/A,N/A,N/A,0(0%),0(0%),0(0%),None,"Feb. 11, 2025"
Teruto Ishihara,"""Yashabo""",Bantamweight Division,11-6-2 (W-L-D),8,0,0,45%,17%,295,660,3,18,3.26,0.50,54%,1.33,3.63,0.00,31%,10:04,235(80%),24(8%),36(12%),167(57%),52(18%),76(26%),8(73%),3(27%),0(0%),"Kagoshima Prefecture, Japan","Sep. 26, 2015"
Damir Ismagulov,"""Qazaq""",Lightweight Division,24-3-0 (W-L-D),12,1,6,43%,28%,353,825,5,25,3.36,1.00,61%,0.14,2.44,0.00,70%,15:00,294(83%),18(5%),41(12%),192(54%),111(31%),50(14%),12(52%),10(43%),1(4%),Russia,"Dec. 2, 2018"
Wallid Ismail,None,Lightweight Division,0-0-0 (W-L-D),0,0,0,N/A,N/A,0,0,0,0,N/A,N/A,N/A,N/A,N/A,N/A,N/A,N/A,N/A,N/A,N/A,N/A,N/A,N/A,0(0%),0(0%),0(0%),"Rio de Janeiro, Brazil","Feb. 7, 1997"
Leandro Issa,"""Brodinho""",Bantamweight Division,13-6-0 (W-L-D),0,0,0,38%,22%,131,346,,45,2.08,2.38,58%,0.00,3.17,1.19,50%,12:36,95(73%),12(9%),24(18%),72(55%),13(10%),46(35%),2(15%),3(23%),8(62%),"Taubate, Brazil","Jan. 4, 2014"
Alvaro Ivan Lopez Rodrigues,None,None,None,0,0,0,N/A,N/A,0,0,0,0,N/A,N/A,N/A,N/A,N/A,N/A,N/A,N/A,N/A,N/A,N/A,N/A,N/A,N/A,0(0%),0(0%),0(0%),Mexico,"Feb. 11, 2025"
Blagoy Ivanov,"""Baga""",Heavyweight Division,19-6-0 (W-L-D),6,6,8,41%,40%,422,1042,,15,3.25,0.69,53%,0.12,4.20,0.12,62%,16:15,377(89%),37(9%),8(2%),329(78%),85(20%),8(2%),6(32%),7(37%),6(32%),"Sofia, Bulgaria","Feb. 11, 2025"
Anthony Ivy,"""Aquaman""",Welterweight Division,8-4-0 (W-L-D),5,3,0,42%,21%,40,95,,24,2.50,4.69,51%,0.00,4.57,0.00,100%,08:00,23(58%),11(28%),6(15%),26(65%),10(25%),4(10%),5(63%),0(0%),3(38%),"San Antonio, United States","Jun. 13, 2020"
Yoislandy Izquierdo,"""Cuba""",Lightweight Division,6-2-0 (W-L-D),0,0,0,52%,0%,63,121,,2,2.93,0.00,27%,0.00,1.40,0.00,50%,10:44,54(86%),7(11%),2(3%),31(49%),21(33%),11(17%),0(0%),0(0%),0(0%),Cuba,"Apr. 14, 2012"
Yves Jabouin,"""Tiger""",Bantamweight Division,20-11-0 (W-L-D),0,0,0,41%,60%,427,1039,,30,3.06,1.94,63%,0.22,2.93,0.11,82%,10:44,354(83%),26(6%),47(11%),214(50%),122(29%),91(21%),0(0%),0(0%),0(0%),United States,"Apr. 30, 2011"
Brian Jackson,"""Stone Handz""",None,None,0,0,0,N/A,N/A,0,0,0,0,N/A,N/A,N/A,N/A,N/A,N/A,N/A,N/A,N/A,N/A,N/A,N/A,N/A,N/A,0(0%),0(0%),0(0%),None,"Feb. 11, 2025"
Montel Jackson,"""Quik""",Bantamweight Division,15-2-0 (W-L-D),8,0,7,54%,71%,372,690,2,35,3.39,3.41,64%,1.77,1.42,0.27,69%,09:59,186(50%),101(27%),85(23%),269(72%),75(20%),28(8%),8(57%),5(36%),1(7%),"Milwaukee, United States","Aug. 4, 2018"
Damon Jackson,"""The Leech""",Lightweight Division,23-8-1 (W-L-D),4,15,9,43%,33%,406,947,11,64,2.96,2.30,49%,0.00,3.47,1.20,38%,09:48,261(64%),93(23%),52(13%),247(61%),123(30%),36(9%),4(17%),4(17%),15(65%),"Durant, United States","Aug. 30, 2014"
Jason Jackson,"""Jah-Son""",Welterweight Division,7-3-0 (W-L-D),0,0,0,48%,0%,12,25,,1,2.24,0.00,56%,2.80,1.31,0.00,N/A,05:21,8(67%),0(0%),4(33%),9(75%),0(0%),3(25%),3(43%),2(29%),2(29%),"Kingston, Jamaica","Jul. 25, 2017"
Mike Jackson,"""The Truth""",Welterweight Division,1-2-0 (W-L-D),0,0,0,57%,33%,95,166,1,3,4.49,0.71,62%,0.00,3.73,0.00,89%,05:18,62(65%),15(16%),18(19%),78(82%),13(14%),4(4%),0(0%),1(100%),0(0%),"Houston, United States","Feb. 7, 2016"
Eugene Jackson,"""The Wolf""",Middleweight Division,1-5-0 (W-L-D),0,0,0,25%,67%,2,8,,3,0.19,2.86,33%,0.00,12.86,4.29,17%,03:30,2(100%),0(0%),0(0%),2(100%),0(0%),0(0%),0(0%),0(0%),0(0%),United States,"Jul. 16, 1999"
Kevin Jackson,None,Middleweight Division,0-0-0 (W-L-D),0,0,0,N/A,N/A,0,0,0,0,N/A,N/A,N/A,N/A,N/A,N/A,N/A,N/A,N/A,N/A,N/A,N/A,N/A,N/A,0(0%),0(0%),0(0%),"Phoenix, United States","Jul. 27, 1997"
Jordan Jackson,"""The Super Saiyan""",None,None,0,0,0,N/A,N/A,0,0,0,0,N/A,N/A,N/A,N/A,N/A,N/A,N/A,N/A,N/A,N/A,N/A,N/A,N/A,N/A,0(0%),0(0%),0(0%),None,"Feb. 11, 2025"
Rampage Jackson,None,Light Heavyweight Division,35-11-0 (W-L-D),0,0,0,54%,56%,1157,2139,,64,3.25,1.52,55%,0.59,2.51,0.13,74%,11:30,399(34%),368(32%),390(34%),661(57%),404(35%),92(8%),0(0%),0(0%),0(0%),United States,"Feb. 3, 2007"
Jeremy Jackson,None,Welterweight Division,9-4-0 (W-L-D),0,0,0,27%,40%,14,51,,5,0.77,1.64,26%,0.00,2.19,0.00,59%,09:08,0(0%),6(43%),8(57%),9(64%),1(7%),4(29%),0(0%),0(0%),0(0%),"Garden Grove, United States","Sep. 26, 2003"
Richard Jacobi,None,Heavyweight Division,0-1-0 (W-L-D),0,0,0,44%,100%,4,9,,1,0.88,3.28,51%,0.00,3.94,0.00,100%,04:34,2(50%),0(0%),2(50%),3(75%),1(25%),0(0%),0(0%),0(0%),0(0%),None,"Feb. 11, 2025"
Dustin Jacoby,"""The Hanyak""",Light Heavyweight Division,20-9-1 (W-L-D),13,0,12,48%,25%,963,2014,2,16,5.33,0.33,58%,0.50,4.05,0.00,63%,10:38,833(87%),103(11%),27(3%),651(68%),143(15%),169(18%),13(65%),6(30%),1(5%),"Fort Morgan, United States","Oct. 29, 2011"
Justin James,"""The Pretty Boy""",Lightweight Division,22-5-0 (W-L-D),0,0,0,36%,N/A,13,36,0,0,1.34,0.00,50%,0.00,2.68,1.55,50%,09:42,3(23%),8(62%),2(15%),8(62%),5(38%),0(0%),0(0%),0(0%),0(0%),"Omaha, United States","Oct. 14, 2006"
Virna Jandiroba,"""Carcara""",Women's Strawweight Division,21-3-0 (W-L-D),1,14,8,38%,35%,250,650,3,52,2.12,2.29,57%,0.13,2.73,1.66,74%,11:47,194(78%),31(12%),25(10%),212(85%),35(14%),3(1%),1(5%),5(25%),14(70%),"State of Bahia, Brazil","Apr. 27, 2019"
Ryan Janes,None,Middleweight Division,10-3-0 (W-L-D),0,0,0,48%,100%,327,678,1,1,7.69,0.35,59%,0.00,5.53,0.00,58%,10:38,277(85%),48(15%),2(1%),237(72%),68(21%),22(7%),2(18%),2(18%),7(64%),"Grand Falls-Windsor, Canada","Oct. 15, 2016"
Brock Jardine,"""The Machine""",Welterweight Division,9-3-0 (W-L-D),0,0,0,30%,0%,19,63,,2,1.06,0.00,57%,0.00,3.34,0.84,14%,08:59,19(100%),0(0%),0(0%),11(58%),6(32%),2(11%),0(0%),0(0%),0(0%),United States,"Jun. 23, 2012"
Keith Jardine,"""The Dean of Mean""",Light Heavyweight Division,16-11-2 (W-L-D),0,0,0,37%,33%,538,1449,,9,4.04,0.34,59%,0.34,4.25,0.00,63%,10:15,454(84%),61(11%),23(4%),321(60%),69(13%),148(28%),0(0%),0(0%),0(0%),"Butte, United States","Nov. 5, 2005"
Rony Jason,"""Jason""",Featherweight Division,15-7-0 (W-L-D),0,0,0,44%,30%,155,350,3,10,2.04,0.59,54%,0.39,3.14,0.79,37%,08:28,113(73%),13(8%),29(19%),94(61%),46(30%),15(10%),5(31%),2(13%),9(56%),Brazil,"Feb. 11, 2025"
Jasmine Jasudavicius,None,Women's Flyweight Division,13-3-0 (W-L-D),2,3,2,46%,45%,544,1190,2,56,3.71,2.55,51%,0.10,3.67,0.51,75%,14:41,340(63%),64(12%),140(26%),379(70%),126(23%),39(7%),2(15%),8(62%),3(23%),"St. Catharines, Canada","Jan. 22, 2022"
Yazmin Jauregui,None,Women's Strawweight Division,11-2-0 (W-L-D),7,0,5,39%,0%,282,715,,5,6.64,0.00,55%,0.71,5.25,0.00,100%,08:30,232(82%),27(10%),23(8%),176(62%),47(17%),59(21%),7(64%),4(36%),0(0%),"Guadalajara, Mexico","Aug. 13, 2022"
Justin Jaynes,"""The Guitar Hero""",Featherweight Division,16-8-0 (W-L-D),8,5,0,44%,40%,134,302,,5,3.34,0.75,63%,0.75,5.33,1.12,20%,08:02,115(86%),8(6%),11(8%),98(73%),31(23%),5(4%),8(50%),3(19%),5(31%),"St Clair, United States","Jun. 20, 2020"
Joanna Jędrzejczyk,None,Women's Strawweight Division,16-5-0 (W-L-D),4,1,0,48%,63%,1754,3644,2,8,6.28,0.27,63%,0.05,3.25,0.05,80%,18:37,1431(82%),307(18%),16(1%),811(46%),435(25%),508(29%),4(25%),11(69%),1(6%),"Olsztyn, Poland","Jul. 26, 2014"
Aaron Jeffery,None,Middleweight Division,6-2-0 (W-L-D),0,0,0,46%,0%,57,125,,4,3.10,0.00,34%,0.00,4.46,0.00,50%,09:12,23(40%),34(60%),0(0%),30(53%),18(32%),9(16%),0(0%),0(0%),0(0%),"Tillsonburg, Canada","Feb. 11, 2025"
Brandon Jenkins,"""The Human Highlight Reel""",Lightweight Division,15-9-0 (W-L-D),0,0,0,41%,N/A,59,143,0,0,2.93,0.00,33%,0.00,8.05,0.00,27%,10:04,50(85%),7(12%),2(3%),21(36%),10(17%),28(47%),10(67%),2(13%),3(20%),"Des Moines, United States","Sep. 18, 2021"
Jack Jenkins,"""Phar""",Featherweight Division,13-4-0 (W-L-D),6,3,3,61%,64%,341,555,4,14,4.50,1.78,59%,0.59,2.97,0.00,68%,12:37,219(64%),41(12%),81(24%),193(57%),80(23%),68(20%),6(46%),4(31%),3(23%),"Bacchus Marsh, Australia","Feb. 11, 2023"
Trent Jenkins,None,Middleweight Division,0-2-0 (W-L-D),0,0,0,N/A,N/A,0,0,0,0,N/A,N/A,N/A,N/A,N/A,N/A,N/A,N/A,N/A,N/A,N/A,N/A,N/A,N/A,0(0%),0(0%),0(0%),"Denver, United States","Nov. 12, 1993"
Steve Jennum,None,,0-0-0 (W-L-D),0,0,0,N/A,N/A,0,0,0,0,N/A,N/A,N/A,N/A,N/A,N/A,N/A,N/A,N/A,N/A,N/A,N/A,N/A,N/A,0(0%),0(0%),0(0%),"Omaha, United States","Sep. 9, 1994"
Ryan Jensen,None,Middleweight Division,16-7-0 (W-L-D),0,0,0,40%,50%,100,248,,8,2.94,1.76,59%,0.44,3.41,2.20,31%,04:15,57(57%),7(7%),36(36%),80(80%),10(10%),10(10%),0(0%),0(0%),0(0%),"Omaha, United States","Aug. 25, 2007"
Kyle Jensen,None,Welterweight Division,0-0-0 (W-L-D),0,0,0,0%,100%,0,2,,1,0.00,6.92,60%,0.00,0.92,6.92,N/A,02:10,0(0%),0(0%),0(0%),0(0%),0(0%),0(0%),0(0%),0(0%),0(0%),"Goodrich, United States","Feb. 11, 2025"
Chanmi Jeon,"""Ottogi Girl""",Women's Strawweight Division,5-2-0 (W-L-D),0,0,0,32%,N/A,187,590,0,0,6.23,0.00,56%,0.00,7.77,0.00,N/A,15:00,180(96%),5(3%),2(1%),120(64%),27(14%),40(21%),4(80%),1(20%),0(0%),South Korea,"Jun. 11, 2017"
Ronald Jhun,"""The Machine Gun""",Welterweight Division,26-12-2 (W-L-D),0,0,0,50%,100%,8,16,,1,1.27,2.39,51%,0.00,3.98,0.00,100%,06:17,5(63%),3(38%),0(0%),1(13%),3(38%),4(50%),0(0%),0(0%),0(0%),"Honolulu, United States","Aug. 21, 2004"
Niushiyue Ji,None,Flyweight Division,2-2-0 (W-L-D),0,0,0,40%,67%,66,166,,3,2.86,1.30,61%,0.00,1.95,0.00,80%,07:41,53(80%),0(0%),13(20%),50(76%),15(23%),1(2%),0(0%),0(0%),0(0%),"Sichuan, China","Feb. 3, 2024"
Wuziazibieke Jiahefu,None,Featherweight Division,0-1-0 (W-L-D),0,0,0,50%,50%,1,2,,2,0.41,6.08,42%,0.00,2.84,0.00,N/A,02:28,1(100%),0(0%),0(0%),0(0%),0(0%),1(100%),0(0%),0(0%),0(0%),"Xinjiang, China","Feb. 11, 2025"
Baergeng Jieleyisi,None,,18-6-0 (W-L-D),4,10,8,38%,75%,95,250,1,8,1.75,1.65,49%,0.00,2.30,0.28,73%,13:36,58(61%),23(24%),14(15%),66(69%),18(19%),11(12%),4(22%),4(22%),10(56%),None,"Nov. 23, 2024"
Art Jimmerson,None,Light Heavyweight Division,0-1-0 (W-L-D),0,0,0,N/A,N/A,0,0,0,0,N/A,N/A,N/A,N/A,N/A,N/A,N/A,00:00,0(0%),0(0%),0(0%),0(0%),0(0%),0(0%),0(0%),0(0%),0(0%),United States,"Nov. 12, 1993"
Ryan Jimmo,"""The Big Deal""",Light Heavyweight Division,19-5-0 (W-L-D),0,0,0,66%,29%,207,313,,7,3.12,0.45,47%,0.90,2.77,0.00,88%,09:29,90(43%),76(37%),41(20%),97(47%),46(22%),64(31%),8(42%),9(47%),2(11%),United States,"Jul. 21, 2012"
Asikeerbai Jinensibieke,None,None,None,0,0,0,N/A,N/A,0,0,0,0,N/A,N/A,N/A,N/A,N/A,N/A,N/A,N/A,N/A,N/A,N/A,N/A,N/A,N/A,0(0%),0(0%),0(0%),"Xinjiang, China","Jun. 10, 2022"
Asikerbai Jinensibieke,None,Lightweight Division,0-0-0 (W-L-D),0,0,0,50%,N/A,1,2,0,0,2.00,0.00,N/A,0.00,10.00,0.00,N/A,00:30,1(100%),0(0%),0(0%),0(0%),1(100%),0(0%),0(0%),0(0%),0(0%),None,"Feb. 11, 2025"
Li Jingliang,"""The Leech""",Welterweight Division,19-9-0 (W-L-D),10,4,7,42%,42%,846,1994,8,36,4.46,1.19,57%,0.79,3.95,0.00,60%,10:32,736(87%),40(5%),70(8%),476(56%),108(13%),262(31%),10(53%),5(26%),4(21%),"Xinjiang, China","May. 24, 2014"
Sung Bin Jo,"""Korean Falcon""",Featherweight Division,9-1-0 (W-L-D),0,0,0,33%,33%,21,63,,3,1.40,1.00,52%,0.00,2.67,1.00,83%,15:00,12(57%),8(38%),1(5%),13(62%),7(33%),1(5%),0(0%),0(0%),0(0%),None,"Jun. 1, 2019"
Miles Johns,"""Chapo""",Featherweight Division,15-3-0 (W-L-D),4,2,0,44%,20%,466,1052,1,44,3.16,0.92,68%,0.31,2.65,0.00,82%,13:24,412(88%),27(6%),27(6%),362(78%),54(12%),50(11%),4(27%),9(60%),2(13%),"Newton, United States","Sep. 14, 2019"
Brett Johns,"""The Pikey""",Bantamweight Division,17-2-0 (W-L-D),2,6,0,49%,49%,253,516,15,59,2.86,4.92,53%,0.00,3.84,1.02,58%,12:38,136(54%),32(13%),85(34%),222(88%),23(9%),8(3%),2(13%),8(50%),6(38%),"Swansea, United Kingdom","Nov. 19, 2016"
Phil Johns,"""Little Giant""",Welterweight Division,0-0-0 (W-L-D),0,0,0,67%,0%,2,3,,1,1.20,0.00,50%,0.00,1.80,0.00,50%,01:40,1(50%),1(50%),0(0%),0(0%),1(50%),1(50%),0(0%),0(0%),0(0%),United States,"Feb. 23, 2001"
Jose Johnson,"""Lobo Solitario""",Flyweight Division,16-10-0 (W-L-D),8,3,8,58%,60%,149,258,,5,2.27,0.69,53%,0.00,1.61,0.69,41%,10:57,65(44%),18(12%),66(44%),98(66%),34(23%),17(11%),8(50%),5(31%),3(19%),"Flint, United States","Feb. 25, 2023"
Chad Johnson,None,Heavyweight Division,6-2-0 (W-L-D),0,0,0,69%,0%,22,32,,2,5.92,0.00,41%,0.00,7.80,0.00,N/A,03:43,17(77%),5(23%),0(0%),14(64%),5(23%),3(14%),0(0%),0(0%),0(0%),"Marinette, United States","Feb. 11, 2025"
Taylor Johnson,None,Middleweight Division,0-0-0 (W-L-D),0,0,0,60%,100%,9,15,,1,5.09,8.49,33%,0.00,1.13,0.00,100%,01:46,0(0%),0(0%),9(100%),9(100%),0(0%),0(0%),0(0%),0(0%),0(0%),"Eugene, United States","Feb. 11, 2025"
Tony Johnson,None,Light Heavyweight Division,7-2-0 (W-L-D),0,0,0,54%,22%,30,56,,9,2.00,2.00,31%,0.00,4.73,0.00,N/A,14:42,8(27%),10(33%),12(40%),24(80%),3(10%),3(10%),0(0%),0(0%),0(0%),"North Platte, United States","Feb. 11, 2025"
Charles Johnson,"""Inner G""",Flyweight Division,17-6-0 (W-L-D),7,3,4,51%,24%,644,1274,,21,4.77,0.56,57%,0.33,3.62,0.44,68%,13:29,536(83%),72(11%),36(6%),334(52%),185(29%),125(19%),7(41%),7(41%),3(18%),"Topeka, United States","Jul. 23, 2022"
Kajan Johnson,"""Ragin'""",Lightweight Division,23-14-1 (W-L-D),0,0,0,43%,38%,216,503,9,24,2.47,1.54,64%,0.34,1.59,0.17,63%,12:30,155(72%),16(7%),45(21%),111(51%),47(22%),58(27%),8(36%),6(27%),8(36%),"Victoria, Canada","Jun. 14, 2014"
Timothy Johnson,None,Heavyweight Division,12-4-0 (W-L-D),0,0,0,45%,24%,284,627,6,25,3.43,1.09,44%,0.18,3.08,0.00,69%,11:50,111(39%),133(47%),40(14%),182(64%),49(17%),53(19%),6(50%),3(25%),3(25%),"Minneapolis, United States","Apr. 4, 2015"
Dashon Johnson,"""Flyboy""",Featherweight Division,9-2-0 (W-L-D),0,0,0,69%,33%,18,26,,3,1.01,0.85,35%,0.00,3.83,0.85,64%,08:53,8(44%),7(39%),3(17%),12(67%),4(22%),2(11%),5(56%),1(11%),3(33%),United States,"Jun. 28, 2014"
Jordan Johnson,None,Light Heavyweight Division,10-0-0 (W-L-D),0,0,0,48%,42%,175,367,8,26,3.45,3.25,54%,0.00,2.64,1.18,100%,12:41,118(67%),8(5%),49(28%),152(87%),13(7%),10(6%),2(22%),4(44%),3(33%),"Richmond, United States","Jan. 29, 2017"
Demetrious Johnson,"""Mighty Mouse""",Flyweight Division,27-3-1 (W-L-D),0,11,0,55%,56%,1291,2362,74,149,3.43,3.35,67%,0.16,1.66,0.52,66%,17:56,726(56%),400(31%),165(13%),586(45%),400(31%),305(24%),5(19%),11(41%),11(41%),"Madisonville, United States","Feb. 5, 2011"
Michael Johnson,"""The Menace""",Lightweight Division,24-19-0 (W-L-D),10,2,8,40%,40%,1461,3690,8,35,4.23,0.61,58%,0.52,3.80,0.04,81%,11:30,1301(89%),101(7%),59(4%),784(54%),454(31%),223(15%),10(42%),12(50%),2(8%),"St. Louis, United States","Dec. 5, 2010"
DaMarques Johnson,"""Darkness""",Welterweight Division,18-12-0 (W-L-D),0,0,0,38%,56%,134,355,,9,2.11,1.18,51%,0.47,3.75,0.71,19%,06:21,80(60%),20(15%),34(25%),105(78%),18(13%),11(8%),0(0%),0(0%),0(0%),"Salt Lake City, United States","Jun. 20, 2009"
Anthony Johnson,"""Rumble""",Light Heavyweight Division,22-6-0 (W-L-D),0,0,0,48%,58%,381,800,,33,3.25,2.43,60%,1.66,1.83,0.64,77%,06:10,214(56%),67(18%),100(26%),255(67%),57(15%),69(18%),0(0%),0(0%),0(0%),"Dublin, United States","Jun. 12, 2007"
Lavar Johnson,"""Big""",Heavyweight Division,17-7-0 (W-L-D),0,0,0,55%,67%,263,476,,3,5.39,0.61,55%,0.92,2.54,0.61,54%,05:26,146(56%),98(37%),19(7%),182(69%),52(20%),29(11%),0(0%),0(0%),0(0%),United States,"Jan. 28, 2012"
Brian Johnston,None,Heavyweight Division,0-0-0 (W-L-D),0,0,0,N/A,N/A,0,0,0,0,N/A,N/A,N/A,N/A,N/A,N/A,N/A,N/A,N/A,N/A,N/A,N/A,N/A,N/A,0(0%),0(0%),0(0%),"San Jose, United States","Jul. 12, 1996"
Liana Jojua,"""She Wolf""",Women's Flyweight Division,8-5-0 (W-L-D),1,6,0,30%,67%,85,282,2,6,2.42,1.71,54%,0.00,5.32,1.28,50%,08:47,77(91%),3(4%),5(6%),68(80%),15(18%),2(2%),1(13%),1(13%),6(75%),"Tbilisi, Georgia","Sep. 7, 2019"
Daniel Jolly,"""Werewolf of Texas""",Light Heavyweight Division,5-3-0 (W-L-D),0,0,0,47%,33%,14,30,,6,1.32,2.83,45%,0.00,3.39,0.00,50%,03:32,12(86%),2(14%),0(0%),3(21%),6(43%),5(36%),2(40%),2(40%),1(20%),"Fairfield, United States","Jul. 25, 2017"
Trevin Jones,"""5 Star""",Bantamweight Division,13-10-0 (W-L-D),3,4,4,37%,15%,154,415,2,20,2.13,0.62,40%,0.41,4.29,0.21,60%,12:04,120(78%),10(6%),24(16%),85(55%),36(23%),33(21%),3(23%),6(46%),4(31%),United States,"Aug. 22, 2020"
Mason Jones,"""Dragon""",Lightweight Division,11-2-0 (W-L-D),4,3,4,44%,46%,293,660,11,24,5.61,3.16,46%,0.00,4.94,0.00,80%,13:04,205(70%),51(17%),37(13%),196(67%),74(25%),23(8%),4(36%),4(36%),3(27%),"Abergavenny, Wales","Jan. 20, 2021"
Marcus Jones,"""Big Baby""",Heavyweight Division,4-3-0 (W-L-D),0,0,0,53%,75%,10,19,,4,1.94,8.71,59%,0.00,2.71,2.90,N/A,05:10,6(60%),4(40%),0(0%),6(60%),1(10%),3(30%),0(0%),0(0%),0(0%),"Jacksonville, United States","Dec. 5, 2009"
Jamelle Jones,"""The Beast""",Light Heavyweight Division,7-5-0 (W-L-D),0,0,0,80%,0%,4,5,,1,1.78,0.00,65%,0.00,3.11,0.00,N/A,02:15,4(100%),0(0%),0(0%),0(0%),0(0%),4(100%),5(71%),1(14%),1(14%),United States,"Aug. 8, 2017"
Antonio Jones,None,Middleweight Division,7-0-0 (W-L-D),0,0,0,56%,N/A,5,9,0,0,7.50,0.00,43%,0.00,30.00,0.00,N/A,00:40,4(80%),1(20%),0(0%),3(60%),2(40%),0(0%),0(0%),0(0%),0(0%),"Petersburg, United States","Feb. 11, 2025"
Paul Jones,None,Middleweight Division,0-0-0 (W-L-D),0,0,0,N/A,N/A,0,0,0,0,N/A,N/A,N/A,N/A,N/A,N/A,N/A,N/A,N/A,N/A,N/A,N/A,N/A,N/A,0(0%),0(0%),0(0%),United States,"Jul. 16, 1999"
Jon Jones,"""Bones""",Heavyweight Division,28-1-0 (W-L-D),11,7,0,59%,46%,1564,2655,36,98,4.38,1.89,64%,0.25,2.24,0.46,95%,14:52,1012(65%),250(16%),302(19%),759(49%),375(24%),430(27%),11(39%),10(36%),7(25%),"Rochester, United States","Aug. 9, 2008"
Justin Jones,None,Middleweight Division,9-2-0 (W-L-D),0,0,0,36%,15%,51,141,2,13,1.70,1.00,45%,0.00,3.17,0.50,46%,15:00,25(49%),22(43%),4(8%),24(47%),12(24%),15(29%),4(44%),0(0%),5(56%),"San Diego, United States","Feb. 11, 2025"
Jocelyn Jones-Lybarger,None,Women's Strawweight Division,6-4-0 (W-L-D),0,0,0,31%,25%,129,414,,4,2.96,0.34,56%,0.00,4.83,0.00,82%,14:33,116(90%),10(8%),3(2%),90(70%),17(13%),22(17%),0(0%),5(83%),1(17%),"Litchfield Park, United States","Dec. 12, 2015"
Shawn Jordan,"""The Savage""",Heavyweight Division,18-7-0 (W-L-D),0,0,0,51%,38%,285,559,,34,2.87,1.97,47%,0.45,3.30,0.15,77%,08:16,145(51%),62(22%),78(27%),230(81%),32(11%),23(8%),14(78%),1(6%),3(17%),United States,"Mar. 3, 2012"
Kevin Jordan,"""The Shaman""",Heavyweight Division,7-4-0 (W-L-D),0,0,0,42%,0%,36,86,,1,1.93,0.00,55%,0.00,2.47,0.00,78%,09:20,24(67%),12(33%),0(0%),21(58%),13(36%),2(6%),0(0%),0(0%),0(0%),"Columbus, United States","Jun. 4, 2005"
Ivan Jorge,None,Lightweight Division,26-5-0 (W-L-D),0,0,0,49%,16%,164,332,,31,3.41,1.56,60%,0.00,2.91,0.62,75%,12:01,106(65%),58(35%),0(0%),64(39%),62(38%),38(23%),3(12%),10(38%),13(50%),Brazil,"Sep. 4, 2013"
Scott Jorgensen,"""Young Guns""",Bantamweight Division,15-12-0 (W-L-D),0,0,0,40%,46%,833,2062,,94,3.37,2.61,65%,0.36,3.41,0.73,60%,11:15,526(63%),177(21%),130(16%),592(71%),135(16%),106(13%),0(0%),0(0%),0(0%),United States,"Jun. 5, 2011"
Dwight Joseph,None,Bantamweight Division,0-0-0 (W-L-D),0,0,0,53%,20%,39,74,,5,2.60,1.00,56%,0.00,2.87,1.00,20%,15:00,29(74%),7(18%),3(8%),20(51%),12(31%),7(18%),0(0%),0(0%),0(0%),None,"Feb. 11, 2025"
Jeff Joslin,"""The Inferno""",Welterweight Division,5-3-0 (W-L-D),0,0,0,33%,N/A,18,54,0,0,1.20,0.00,66%,0.00,3.13,1.00,64%,15:00,18(100%),0(0%),0(0%),8(44%),1(6%),9(50%),0(0%),0(0%),0(0%),"Hamilton, Canada","Dec. 13, 2006"
Krzysztof Jotko,None,Middleweight Division,24-6-0 (W-L-D),6,1,4,43%,40%,640,1505,9,48,2.98,1.33,57%,0.14,2.23,0.07,82%,12:39,354(55%),173(27%),113(18%),419(65%),139(22%),82(13%),6(25%),17(71%),1(4%),"Elblag, Poland","Dec. 7, 2013"
Alan Jouban,"""Brahma""",Welterweight Division,17-7-0 (W-L-D),11,1,0,50%,44%,663,1318,3,9,5.67,0.51,60%,1.15,3.77,0.26,59%,09:00,538(81%),86(13%),39(6%),398(60%),138(21%),127(19%),11(69%),4(25%),1(6%),"Lafayette, United States","Aug. 16, 2014"
Charles Jourdain,"""Air""",Bantamweight Division,16-8-1 (W-L-D),8,6,5,49%,21%,966,1975,,19,5.43,0.34,57%,0.51,4.27,0.59,47%,11:51,720(75%),175(18%),71(7%),516(53%),268(28%),182(19%),8(50%),2(13%),6(38%),"Longueuil, Canada","May. 18, 2019"
Kevin Jousset,"""Air""",Welterweight Division,10-4-0 (W-L-D),4,0,4,48%,67%,15,31,2,3,1.00,2.00,49%,0.00,1.20,0.00,63%,15:00,13(87%),2(13%),0(0%),10(67%),3(20%),2(13%),4(40%),5(50%),1(10%),"Bordeaux, France","Sep. 10, 2023"
Dustin Joynson,None,Heavyweight Division,0-0-0 (W-L-D),0,0,0,54%,N/A,7,13,0,0,3.28,0.00,48%,0.00,5.63,0.00,N/A,02:08,5(71%),2(29%),0(0%),6(86%),1(14%),0(0%),0(0%),0(0%),0(0%),"Victoria, Canada","Feb. 11, 2025"
Silvana Gomez Juarez ,"""La Malvada""",Women's Strawweight Division,7-5-0 (W-L-D),7,2,6,32%,N/A,98,306,0,0,4.26,0.00,62%,1.30,4.04,0.00,30%,05:45,87(89%),4(4%),7(7%),66(67%),24(24%),8(8%),7(64%),2(18%),2(18%),"San Miguel de Tucuman, Argentina","Oct. 9, 2021"
Anshul Jubli,"""King of Lions""",Lightweight Division,7-2-0 (W-L-D),2,1,2,46%,18%,238,516,2,11,6.42,0.81,50%,0.40,5.72,0.40,64%,09:16,189(79%),17(7%),32(13%),160(67%),61(26%),17(7%),2(29%),4(57%),1(14%),"Uttarkashi, India","Jun. 10, 2022"
Carli Judice,"""Crispy """,Women's Flyweight Division,3-2-0 (W-L-D),3,0,3,55%,25%,337,617,2,8,11.23,1.00,53%,0.00,10.10,0.00,70%,15:00,281(83%),56(17%),0(0%),196(58%),112(33%),29(9%),3(100%),0(0%),0(0%),"Lafayette, United States","Jun. 15, 2024"
Steve Judson,None,Heavyweight Division,0-0-0 (W-L-D),0,0,0,N/A,N/A,0,0,0,0,N/A,N/A,N/A,N/A,N/A,N/A,N/A,N/A,N/A,N/A,N/A,N/A,N/A,N/A,0(0%),0(0%),0(0%),United States,"Sep. 24, 1999"
Luke Jumeau,"""The Jedi""",Welterweight Division,13-5-0 (W-L-D),5,4,0,44%,100%,176,403,,1,2.93,0.25,58%,0.00,3.17,0.00,87%,15:00,132(75%),41(23%),3(2%),108(61%),28(16%),40(23%),5(38%),4(31%),4(31%),Australia,"Jun. 11, 2017"
Da Woon Jung,"""Sseda""",Light Heavyweight Division,15-6-1 (W-L-D),11,2,6,41%,48%,305,749,,21,3.24,1.59,49%,0.48,4.23,0.16,76%,10:28,240(79%),39(13%),26(9%),201(66%),42(14%),62(20%),11(73%),2(13%),2(13%),"Seoul, South Korea","Aug. 31, 2019"
Chan Sung Jung,"""The Korean Zombie""",Featherweight Division,17-8-0 (W-L-D),6,8,0,41%,44%,678,1635,5,18,3.93,0.70,52%,0.43,4.52,0.61,73%,12:20,529(78%),57(8%),92(14%),529(78%),81(12%),68(10%),6(35%),3(18%),8(47%),South Korea,"Mar. 27, 2011"
Scott Junk,None,Heavyweight Division,6-2-0 (W-L-D),0,0,0,61%,N/A,17,28,0,0,5.13,0.00,45%,0.00,1.81,0.00,N/A,03:19,5(29%),12(71%),0(0%),8(47%),3(18%),6(35%),0(0%),0(0%),0(0%),"Kailua, United States","Sep. 22, 2007"
Myles Jury,"""Fury""",Featherweight Division,17-4-0 (W-L-D),10,3,0,43%,55%,327,767,16,29,2.94,2.16,67%,0.41,2.16,0.27,50%,09:15,214(65%),13(4%),100(31%),224(69%),37(11%),66(20%),10(59%),4(24%),3(18%),"Hazel Park, United States","Jun. 2, 2012"
Geza Kahlman Jr,None,,0-0-0 (W-L-D),0,0,0,N/A,N/A,0,0,0,0,N/A,N/A,N/A,N/A,N/A,N/A,N/A,N/A,N/A,N/A,N/A,N/A,N/A,N/A,0(0%),0(0%),0(0%),United States,"Sep. 8, 1995"
Oron Kahlon,None,Bantamweight Division,0-1-0 (W-L-D),0,0,0,38%,N/A,12,32,0,0,0.85,0.00,36%,0.00,4.93,0.00,40%,14:12,11(92%),1(8%),0(0%),2(17%),6(50%),4(33%),0(0%),0(0%),0(0%),Israel,"Feb. 11, 2025"
Lu Kai,None,Featherweight Division,1-2-0 (W-L-D),0,0,0,44%,50%,43,98,,4,3.76,2.62,56%,0.00,5.51,2.62,100%,03:49,33(77%),1(2%),9(21%),30(70%),10(23%),3(7%),0(0%),0(0%),0(0%),"Miaoshou, China","Jun. 10, 2022"
Sim Kai Xiong,None,Flyweight Division,0-1-0 (W-L-D),0,0,0,64%,29%,14,22,,7,3.19,6.84,47%,0.00,4.56,0.00,N/A,04:23,9(64%),5(36%),0(0%),9(64%),2(14%),3(21%),0(0%),0(0%),0(0%),Singapore,"Feb. 11, 2025"
Li Kaiwen,None,Featherweight Division,2-1-0 (W-L-D),0,0,0,50%,33%,83,167,,3,4.32,0.78,54%,0.78,3.74,0.00,92%,06:25,53(64%),24(29%),6(7%),50(60%),22(27%),11(13%),0(0%),0(0%),0(0%),"Hunan, China","Feb. 3, 2024"
Sirwan Kakai,"""Zohan""",Bantamweight Division,12-3-0 (W-L-D),0,0,0,41%,42%,107,259,,19,3.57,4.00,62%,0.50,4.63,0.00,83%,15:00,79(74%),25(23%),3(3%),77(72%),17(16%),13(12%),4(31%),3(23%),6(46%),"Romadi, Sweden","Jun. 27, 2015"
Saidyokub Kakhramonov,None,Bantamweight Division,10-3-0 (W-L-D),3,4,5,51%,49%,79,154,2,35,2.05,6.63,59%,0.00,0.88,1.95,83%,12:50,30(38%),22(28%),27(34%),57(72%),14(18%),8(10%),3(11%),21(75%),4(14%),Uzbekistan,"Aug. 21, 2021"
Kai Kamaka,"""The Fighting Hawaiian""",Featherweight Division,8-4-1 (W-L-D),0,1,0,57%,58%,270,473,,12,4.96,1.93,55%,0.28,5.29,0.28,53%,13:37,227(84%),31(11%),12(4%),116(43%),113(42%),41(15%),0(0%),7(88%),1(13%),"Honolulu, United States","Aug. 15, 2020"
Shuya Kamikubo,None,Bantamweight Division,1-1-0 (W-L-D),0,0,0,55%,16%,115,210,,19,3.83,1.50,47%,0.00,4.90,0.50,N/A,15:00,74(64%),32(28%),9(8%),71(62%),40(35%),4(3%),0(0%),0(0%),0(0%),"Yokohama, Japan","Feb. 11, 2025"
Martin Kampmann,"""The Hitman""",Welterweight Division,20-7-0 (W-L-D),0,0,0,42%,41%,494,1166,,46,3.22,1.86,62%,0.49,3.28,2.05,78%,08:41,299(61%),110(22%),85(17%),390(79%),87(18%),17(3%),0(0%),0(0%),0(0%),"Arhus, Denmark","Aug. 17, 2006"
Koya Kanda,None,Featherweight Division,1-1-0 (W-L-D),0,0,0,41%,18%,109,265,,22,3.63,2.00,53%,0.00,2.90,0.00,100%,15:00,93(85%),15(14%),1(1%),52(48%),18(17%),39(36%),0(0%),0(0%),0(0%),None,"Feb. 11, 2025"
Bharat Kandare,"""Daring""",Bantamweight Division,5-3-0 (W-L-D),0,0,0,10%,0%,3,30,,1,0.70,0.00,72%,0.00,1.88,0.00,N/A,04:16,3(100%),0(0%),0(0%),1(33%),0(0%),2(67%),1(20%),0(0%),4(80%),"Bhagur, Nashik, India","Nov. 25, 2017"
Masanori Kanehara,None,Bantamweight Division,25-13-5 (W-L-D),0,0,0,50%,50%,98,197,,10,1.88,1.44,63%,0.29,1.63,0.86,64%,13:02,73(74%),12(12%),13(13%),62(63%),27(28%),9(9%),8(33%),7(29%),9(38%),Japan,"Sep. 20, 2014"
Kyung Ho Kang,"""Mr. Perfect""",Bantamweight Division,19-11-0 (W-L-D),2,12,9,48%,50%,549,1151,,46,3.13,1.97,54%,0.34,3.32,0.77,68%,12:31,413(75%),23(4%),113(21%),421(77%),51(9%),77(14%),2(11%),5(26%),12(63%),South Korea,"Mar. 2, 2013"
Denis Kang,None,Middleweight Division,32-12-1 (W-L-D),0,0,0,39%,67%,68,173,,12,2.00,3.53,67%,0.44,4.91,0.88,38%,11:20,31(46%),6(9%),31(46%),50(74%),15(22%),3(4%),0(0%),0(0%),0(0%),"St. Pierre &amp; Miquelon, France","Jan. 17, 2009"
Manel Kape,"""StarBoy""",Flyweight Division,20-7-0 (W-L-D),12,5,0,56%,33%,483,859,2,9,5.05,0.47,59%,0.94,4.15,0.31,77%,11:58,441(91%),14(3%),28(6%),323(67%),90(19%),70(14%),12(60%),3(15%),5(25%),Angola,"Feb. 6, 2021"
Dave Kaplan,"""Diamond""",Lightweight Division,3-3-0 (W-L-D),0,0,0,46%,44%,62,134,,16,2.88,4.88,68%,0.00,4.32,0.70,N/A,10:46,56(90%),5(8%),1(2%),15(24%),8(13%),39(63%),0(0%),0(0%),0(0%),"Las Vegas, United States","Dec. 13, 2008"
Alex Karalexis,"""T-Rex""",Welterweight Division,8-2-0 (W-L-D),0,0,0,42%,45%,214,507,,33,2.57,2.70,54%,0.00,2.39,0.90,87%,08:19,57(27%),62(29%),95(44%),174(81%),15(7%),25(12%),0(0%),0(0%),0(0%),United States,"Apr. 9, 2005"
Ernesta Kareckaitė,"""Heavy-Handed""",Women's Flyweight Division,6-1-1 (W-L-D),2,0,2,42%,67%,332,787,1,3,7.38,0.67,48%,0.00,6.09,0.00,83%,15:00,279(84%),45(14%),8(2%),252(76%),65(20%),15(5%),2(33%),4(67%),0(0%),"Kaunas, Lithuania","May. 4, 2024"
Impa Kasanganay,"""Tshilobo""",Welterweight Division,9-2-0 (W-L-D),1,2,0,49%,58%,298,610,,12,4.96,1.75,58%,0.00,3.66,0.25,67%,10:01,234(79%),20(7%),44(15%),191(64%),76(26%),31(10%),1(11%),6(67%),2(22%),"Deerfield Beach, United States","Aug. 29, 2020"
Jinnosuke Kashimura,None,Lightweight Division,0-1-0 (W-L-D),0,0,0,50%,100%,1,2,,1,0.21,3.16,26%,0.00,7.37,6.32,N/A,04:45,1(100%),0(0%),0(0%),0(0%),0(0%),1(100%),0(0%),0(0%),0(0%),Japan,"Feb. 11, 2025"
Kerry Kasik,None,None,None,0,0,0,N/A,N/A,0,0,0,0,N/A,N/A,N/A,N/A,N/A,N/A,N/A,N/A,N/A,N/A,N/A,N/A,N/A,N/A,0(0%),0(0%),0(0%),United States,"Feb. 11, 2025"
Nadia Kassem,None,Women's Flyweight Division,5-2-0 (W-L-D),4,0,0,42%,33%,102,243,,3,3.13,0.46,49%,0.00,4.48,2.76,40%,10:52,79(77%),16(16%),7(7%),35(34%),49(48%),18(18%),4(80%),1(20%),0(0%),Australia,"Nov. 18, 2017"
Yusuke Kasuya,None,Lightweight Division,9-3-2 (W-L-D),0,0,0,44%,33%,48,109,,6,2.17,1.36,49%,0.00,4.34,0.00,N/A,11:03,46(96%),2(4%),0(0%),22(46%),17(35%),9(19%),1(11%),0(0%),8(89%),Japan,"Sep. 26, 2015"
Brad Katona,"""Superman""",Bantamweight Division,16-4-0 (W-L-D),1,4,2,53%,34%,581,1105,2,44,4.84,1.88,50%,0.00,4.73,0.00,62%,15:00,424(73%),86(15%),71(12%),413(71%),74(13%),94(16%),1(7%),10(67%),4(27%),"Winnipeg, Canada","Jul. 6, 2018"
Calvin Kattar,None,Featherweight Division,23-8-0 (W-L-D),11,2,10,39%,29%,913,2316,2,17,4.76,0.39,54%,0.39,6.75,0.08,72%,14:45,847(93%),13(1%),53(6%),712(78%),123(13%),78(9%),11(48%),10(43%),2(9%),"Methuen, United States","Jul. 29, 2017"
Sarah Kaufman,None,Women's Bantamweight Division,17-4-0 (W-L-D),0,0,0,46%,57%,1062,2297,,7,6.65,0.38,63%,0.00,4.00,0.00,81%,13:19,731(69%),285(27%),46(4%),698(66%),141(13%),223(21%),10(59%),7(41%),0(0%),"Victoria, Canada","Mar. 4, 2012"
Lone’er Kavanagh,None,Flyweight Division,8-0-0 (W-L-D),4,1,2,44%,0%,63,144,,2,3.62,0.00,68%,0.86,3.45,0.00,100%,08:43,62(98%),1(2%),0(0%),27(43%),17(27%),19(30%),4(50%),3(38%),1(13%),"London, England","Nov. 23, 2024"
Canaan Kawaihae,None,Featherweight Division,4-2-0 (W-L-D),0,0,0,52%,0%,82,159,,5,2.83,0.00,37%,0.52,4.59,0.00,100%,14:30,63(77%),18(22%),1(1%),46(56%),23(28%),13(16%),0(0%),0(0%),0(0%),"Honolulu, United States","Feb. 11, 2025"
Tatsuya Kawajiri,"""The Crusher""",Featherweight Division,35-10-2 (W-L-D),0,0,0,45%,49%,574,1277,,140,2.04,3.63,51%,0.21,2.01,1.12,64%,10:02,228(40%),67(12%),279(49%),445(78%),67(12%),62(11%),12(34%),13(37%),10(29%),Japan,"Jan. 4, 2014"
Toshiomi Kazama,None,Bantamweight Division,11-4-0 (W-L-D),3,6,6,53%,13%,46,86,,24,1.72,1.68,43%,0.00,3.89,0.56,67%,06:41,29(63%),11(24%),6(13%),29(63%),10(22%),7(15%),3(27%),2(18%),6(55%),Japan,"Jun. 9, 2022"
Julie Kedzie,"""Fireball""",Women's Bantamweight Division,16-13-0 (W-L-D),0,0,0,36%,24%,152,418,,17,2.90,1.14,47%,0.86,3.18,0.00,79%,13:30,108(71%),34(22%),10(7%),82(54%),39(26%),31(20%),3(19%),10(63%),3(19%),United States,"Aug. 19, 2012"
C.J. Keith,None,Lightweight Division,8-2-0 (W-L-D),0,0,0,50%,0%,8,16,,1,0.86,0.00,50%,0.00,1.82,0.00,63%,04:40,3(38%),2(25%),3(38%),5(63%),0(0%),3(38%),0(0%),0(0%),0(0%),United States,"Jun. 23, 2012"
Chris Kelades,"""The Greek Assassin""",Flyweight Division,9-3-0 (W-L-D),0,0,0,44%,18%,139,318,,22,2.40,1.04,49%,0.00,2.64,0.26,54%,14:29,70(50%),35(25%),34(24%),87(63%),38(27%),14(10%),2(22%),4(44%),3(33%),"Cole Harbour, Canada","Oct. 4, 2014"
Brian Kelleher,"""Boom""",Bantamweight Division,24-16-0 (W-L-D),8,10,10,41%,42%,442,1068,4,36,3.31,1.68,55%,0.34,4.59,0.67,60%,07:52,345(78%),29(7%),68(15%),288(65%),67(15%),87(20%),8(33%),6(25%),10(42%),"Oceanside, United States","Jun. 3, 2017"
Mayana Kellem,None,Women's Bantamweight Division,0-0-0 (W-L-D),0,0,0,22%,0%,2,9,,1,1.94,0.00,63%,0.00,2.90,0.00,N/A,01:02,1(50%),1(50%),0(0%),0(0%),1(50%),1(50%),0(0%),0(0%),0(0%),"Manaus, Brazil","Feb. 11, 2025"
Tony Kelley,"""Primetime""",Bantamweight Division,8-3-0 (W-L-D),3,3,3,47%,0%,239,506,,1,5.55,0.00,46%,0.00,4.85,1.39,52%,10:46,144(60%),72(30%),23(10%),112(47%),89(37%),38(16%),3(38%),2(25%),3(38%),"Shreveport, United States","Aug. 15, 2020"
Daniel Kelly,None,Middleweight Division,13-4-0 (W-L-D),0,0,0,39%,34%,350,902,12,35,3.62,1.86,62%,0.00,4.64,0.31,79%,09:40,242(69%),53(15%),55(16%),303(87%),21(6%),26(7%),3(25%),4(33%),5(42%),"Preston, Australia","Nov. 7, 2014"
Paul Kelly,"""Tellys""",Lightweight Division,12-4-0 (W-L-D),0,0,0,38%,60%,325,856,,15,3.22,1.34,60%,0.15,2.61,1.49,31%,11:13,112(34%),46(14%),167(51%),251(77%),48(15%),26(8%),0(0%),0(0%),0(0%),"Liverpool, United Kingdom","Jan. 19, 2008"
Song Kenan,"""The Assassin""",Welterweight Division,22-9-0 (W-L-D),9,9,13,47%,30%,484,1030,,10,4.49,0.42,51%,0.70,5.82,0.00,74%,09:48,406(84%),56(12%),22(5%),311(64%),85(18%),88(18%),9(41%),4(18%),9(41%),"Tangshan Shi, China","Nov. 25, 2017"
Steven Kennedy,"""The Steamrolla""",Welterweight Division,22-8-0 (W-L-D),0,0,0,36%,33%,41,114,,9,2.28,2.51,46%,0.00,5.52,0.00,N/A,08:59,36(88%),0(0%),5(12%),32(78%),3(7%),6(15%),8(36%),5(23%),9(41%),United Kingdom,"Jun. 20, 2015"
Jeremy Kennedy,"""JBC""",Featherweight Division,11-1-0 (W-L-D),0,0,0,46%,53%,122,264,21,40,2.22,5.73,47%,0.00,2.58,0.00,67%,13:44,42(34%),20(16%),60(49%),97(80%),16(13%),9(7%),3(27%),6(55%),2(18%),"Surrey, Canada","Aug. 28, 2016"
Tim Kennedy,None,Middleweight Division,18-6-0 (W-L-D),0,0,0,48%,35%,469,980,,82,2.78,2.58,62%,0.09,1.84,0.71,71%,12:03,256(55%),99(21%),114(24%),235(50%),114(24%),120(26%),8(44%),4(22%),6(33%),"San Luis Obispo, United States","Jul. 15, 2012"
Casey Kenney,None,None,None,0,0,0,N/A,N/A,0,0,0,0,N/A,N/A,N/A,N/A,N/A,N/A,N/A,N/A,N/A,N/A,N/A,N/A,N/A,N/A,0(0%),0(0%),0(0%),None,"Feb. 11, 2025"
Casey Kenney,None,Bantamweight Division,16-4-1 (W-L-D),2,5,0,43%,36%,670,1570,2,28,4.85,1.09,58%,0.00,4.67,0.43,61%,13:48,598(89%),54(8%),18(3%),361(54%),168(25%),141(21%),2(13%),9(56%),5(31%),"Portland, United States","Jul. 18, 2017"
Maimaitituoheti Keremuaili,None,Bantamweight Division,0-1-0 (W-L-D),0,0,0,N/A,N/A,0,0,0,0,N/A,N/A,N/A,N/A,N/A,N/A,N/A,00:00,0(0%),0(0%),0(0%),0(0%),0(0%),0(0%),0(0%),0(0%),0(0%),China,"Jun. 9, 2022"
Mark Kerr,"""The Titan""",Heavyweight Division,13-3-0 (W-L-D),0,0,0,N/A,N/A,0,0,0,0,N/A,N/A,N/A,N/A,N/A,N/A,N/A,N/A,N/A,N/A,N/A,N/A,N/A,N/A,0(0%),0(0%),0(0%),"Phoenix, United States","Jul. 27, 1997"
Rustam Khabilov,"""Tiger""",Welterweight Division,24-4-0 (W-L-D),4,5,0,34%,42%,339,988,35,108,1.98,3.95,66%,0.09,2.16,0.09,61%,13:09,223(66%),30(9%),86(25%),252(74%),49(14%),38(11%),4(17%),14(61%),5(22%),"Pech, Russia","Dec. 16, 2012"
Adam Khaliev,None,Welterweight Division,6-0-0 (W-L-D),0,0,0,N/A,N/A,0,0,0,0,N/A,N/A,N/A,N/A,N/A,N/A,N/A,00:00,0(0%),0(0%),0(0%),0(0%),0(0%),0(0%),2(33%),2(33%),2(33%),"ACCP/USSR, Russia","Feb. 11, 2025"
Sergey Khandozhko,"""Honda""",Welterweight Division,28-6-1 (W-L-D),12,7,15,41%,29%,134,325,1,7,3.41,0.76,61%,1.15,2.37,0.00,61%,13:05,125(93%),7(5%),2(1%),77(57%),24(18%),33(25%),12(43%),9(32%),7(25%),"Tver Oblast, Russia","Jun. 1, 2019"
Alfred Khashakyan,None,Bantamweight Division,8-4-0 (W-L-D),0,0,0,43%,25%,26,61,,4,6.14,3.54,40%,0.00,6.38,0.00,N/A,04:14,16(62%),4(15%),6(23%),23(88%),2(8%),1(4%),8(100%),0(0%),0(0%),None,"Jul. 18, 2017"
Aliaskhab Khizriev,"""Black Wolf""",Middleweight Division,14-0-0 (W-L-D),5,5,8,64%,60%,48,75,2,5,6.01,5.64,62%,0.00,4.38,3.76,100%,02:40,38(79%),2(4%),8(17%),33(69%),10(21%),5(10%),5(36%),4(29%),5(36%),"Makhachkala, Russia","Apr. 10, 2021"
WonBin Ki,None,Lightweight Division,2-2-0 (W-L-D),0,0,0,47%,0%,81,172,,2,5.47,0.00,56%,1.01,3.24,0.00,N/A,04:56,45(56%),3(4%),33(41%),51(63%),7(9%),23(28%),0(0%),0(0%),0(0%),"Jeongeup, South Korea","Jun. 9, 2022"
Pannie Kianzad,"""Banzai""",Women's Bantamweight Division,17-9-0 (W-L-D),3,0,1,49%,33%,713,1448,,12,4.88,0.41,51%,0.00,4.09,0.10,66%,13:17,576(81%),123(17%),14(2%),498(70%),141(20%),74(10%),3(18%),14(82%),0(0%),"Ahvaz, Iran","Nov. 30, 2018"
Katsunori Kikuno,None,Featherweight Division,23-8-2 (W-L-D),0,0,0,40%,75%,189,468,,12,2.64,1.88,62%,0.21,2.47,0.84,77%,07:10,136(72%),21(11%),32(17%),133(70%),39(21%),17(9%),12(52%),8(35%),3(13%),"Kagoshimo, Japan","Jan. 4, 2014"
Sinae Kikuta,None,Middleweight Division,0-0-0 (W-L-D),0,0,0,N/A,N/A,0,0,0,0,N/A,N/A,N/A,N/A,N/A,N/A,N/A,N/A,N/A,N/A,N/A,N/A,N/A,N/A,0(0%),0(0%),0(0%),Japan,"Apr. 14, 2000"
Jacob Kilburn,"""The Killer""",Featherweight Division,8-4-0 (W-L-D),4,2,0,34%,6%,75,221,,18,2.56,0.51,35%,0.00,6.78,0.51,20%,09:47,70(93%),4(5%),1(1%),50(67%),13(17%),12(16%),4(50%),2(25%),2(25%),"Fort Campbell, United States","Dec. 7, 2019"
Dong Hyun Kim,"""The Stun Gun""",Welterweight Division,22-4-1 (W-L-D),0,0,0,49%,44%,424,865,39,89,2.12,2.93,59%,0.30,1.89,0.60,72%,11:05,155(37%),84(20%),185(44%),327(77%),44(10%),53(13%),0(0%),0(0%),0(0%),South Korea,"Feb. 10, 2025"
KyeongPyo Kim,None,Lightweight Division,1-1-0 (W-L-D),0,0,0,47%,40%,105,224,,10,6.77,3.87,64%,0.97,6.32,0.00,100%,07:45,95(90%),7(7%),3(3%),65(62%),23(22%),17(16%),0(0%),0(0%),0(0%),None,"Jun. 10, 2022"
HanSeul Kim,None,Welterweight Division,1-2-0 (W-L-D),0,0,0,46%,N/A,78,171,0,0,6.93,0.00,51%,1.33,8.09,4.00,N/A,08:45,64(82%),0(0%),14(18%),62(79%),6(8%),10(13%),0(0%),0(0%),0(0%),South Korea,"Jun. 10, 2022"
MinWoo Kim,None,Bantamweight Division,0-0-0 (W-L-D),0,0,0,N/A,N/A,0,0,0,0,N/A,N/A,N/A,N/A,N/A,N/A,N/A,00:00,0(0%),0(0%),0(0%),0(0%),0(0%),0(0%),0(0%),0(0%),0(0%),South Korea,"Jun. 9, 2022"
Sangwook Kim,None,Lightweight Division,1-1-0 (W-L-D),0,0,0,47%,0%,7,15,,1,2.23,0.00,59%,0.00,3.83,4.79,67%,09:04,7(100%),0(0%),0(0%),2(29%),0(0%),5(71%),0(0%),0(0%),0(0%),South Korea,"Feb. 11, 2025"
Ji Yeon Kim,"""Firefist""",Women's Flyweight Division,9-7-2 (W-L-D),2,3,0,37%,0%,762,2078,,4,5.37,0.00,56%,0.11,5.41,0.11,50%,14:11,694(91%),64(8%),4(1%),567(74%),115(15%),80(10%),2(22%),4(44%),3(33%),South Korea,"Jun. 17, 2017"
Sang Won Kim,None,Featherweight Division,1-1-0 (W-L-D),0,0,0,70%,N/A,26,37,0,0,3.88,0.00,51%,2.24,2.84,0.00,40%,10:51,20(77%),1(4%),5(19%),15(58%),1(4%),10(38%),0(0%),0(0%),0(0%),South Korea,"Feb. 11, 2025"
Jeremy Kimball,"""Grizzly""",Light Heavyweight Division,15-8-0 (W-L-D),0,0,0,47%,20%,30,64,1,5,2.81,1.41,49%,1.41,3.84,0.00,50%,02:40,19(63%),2(7%),9(30%),21(70%),2(7%),7(23%),11(73%),3(20%),1(7%),"Burlington, United States","Jan. 29, 2017"
Rob Kimmons,"""The Rosedale Reaper""",Middleweight Division,23-7-0 (W-L-D),0,0,0,49%,47%,94,193,,15,1.86,2.08,38%,0.00,4.79,2.37,25%,07:13,26(28%),45(48%),23(24%),61(65%),27(29%),6(6%),0(0%),0(0%),0(0%),United States,"Jun. 21, 2008"
Dustin Kimura,"""The Diamond""",Bantamweight Division,12-3-0 (W-L-D),0,0,0,21%,38%,64,301,,8,1.33,0.93,52%,0.00,3.82,2.18,50%,09:38,50(78%),7(11%),7(11%),36(56%),21(33%),7(11%),2(17%),1(8%),9(75%),United States,"Feb. 2, 2013"
Mike King,None,Middleweight Division,5-1-0 (W-L-D),0,0,0,58%,25%,38,65,,4,4.44,1.75,73%,1.75,1.29,3.51,40%,08:33,17(45%),5(13%),16(42%),33(87%),3(8%),2(5%),0(0%),0(0%),0(0%),United States,"Jul. 19, 2014"
Kyle Kingsbury,"""Kingsbu""",Light Heavyweight Division,11-6-0 (W-L-D),0,0,0,41%,42%,304,744,,43,2.97,2.64,51%,0.15,3.81,0.00,52%,11:22,208(68%),82(27%),14(5%),137(45%),68(22%),99(33%),0(0%),0(0%),0(0%),United States,"Dec. 13, 2008"
Yusaku Kinoshita,None,Welterweight Division,6-3-0 (W-L-D),4,2,5,50%,0%,89,178,,1,4.65,0.00,52%,0.78,5.12,0.00,50%,06:23,81(91%),0(0%),8(9%),49(55%),14(16%),26(29%),4(67%),0(0%),2(33%),"Osaka , Japan","Feb. 4, 2023"
Kamuela Kirk,"""The Jawaiian""",Lightweight Division,12-6-0 (W-L-D),5,6,9,50%,26%,161,319,,19,3.22,1.50,40%,0.00,5.87,1.20,47%,12:31,126(78%),18(11%),17(11%),101(63%),34(21%),26(16%),5(42%),1(8%),6(50%),United States,"Jun. 5, 2021"
Justine Kish,None,Women's Flyweight Division,7-4-0 (W-L-D),0,2,0,48%,33%,469,975,4,18,4.51,0.87,58%,0.14,4.59,0.14,50%,14:51,399(85%),53(11%),17(4%),205(44%),108(23%),156(33%),0(0%),5(71%),2(29%),"St. Petersburg, Russia","Jan. 3, 2016"
Koji Kitao,None,,0-0-0 (W-L-D),0,0,0,N/A,N/A,0,0,0,0,N/A,N/A,N/A,N/A,N/A,N/A,N/A,N/A,N/A,N/A,N/A,N/A,N/A,N/A,0(0%),0(0%),0(0%),Japan,"May. 17, 1996"
Top Noi Kiwram,"""""Tiger Muay Thai""""",Flyweight Division,1-2-0 (W-L-D),0,0,0,60%,86%,148,247,,7,4.47,2.72,66%,0.91,3.23,0.00,74%,11:02,115(78%),25(17%),8(5%),97(66%),39(26%),12(8%),0(0%),0(0%),0(0%),Thailand,"Jun. 10, 2022"
Ludovit Klein,"""Mr. Highlight""",Lightweight Division,23-4-1 (W-L-D),9,8,10,55%,52%,470,861,4,27,3.81,1.70,54%,0.61,3.22,0.00,91%,12:19,364(77%),60(13%),46(10%),261(56%),149(32%),60(13%),9(39%),6(26%),8(35%),Slovakia,"Sep. 26, 2020"
Nick Klein,None,Middleweight Division,1-0-0 (W-L-D),0,0,0,50%,100%,1,2,,1,1.62,24.32,67%,0.00,1.62,24.32,N/A,00:37,1(100%),0(0%),0(0%),0(0%),1(100%),0(0%),0(0%),0(0%),0(0%),"Plymouth, United States","Feb. 22, 2025"
Fatima Kline,"""The Archangel""",Women's Strawweight Division,7-1-0 (W-L-D),3,1,1,48%,100%,54,113,1,3,2.21,1.84,55%,0.00,1.68,0.00,50%,12:14,35(65%),5(9%),14(26%),45(83%),6(11%),3(6%),3(43%),3(43%),1(14%),"Holbrook, United States","Jul. 13, 2024"
Felix Klinkhammer,None,Welterweight Division,0-0-0 (W-L-D),0,0,0,N/A,N/A,0,0,0,0,N/A,N/A,N/A,N/A,N/A,N/A,N/A,00:00,0(0%),0(0%),0(0%),0(0%),0(0%),0(0%),0(0%),0(0%),0(0%),"Neuss, Germany","Feb. 11, 2025"
Drakkar Klose,None,Lightweight Division,15-3-1 (W-L-D),6,0,3,55%,28%,589,1064,8,54,4.33,1.65,50%,0.22,3.54,0.00,69%,11:20,337(57%),200(34%),52(9%),305(52%),174(30%),110(19%),6(40%),9(60%),0(0%),"Kalamazoo, United States","Jan. 16, 2017"
William Knight,"""Nightmare""",Light Heavyweight Division,11-5-0 (W-L-D),9,0,6,57%,41%,286,502,8,32,2.62,1.78,36%,0.27,3.30,0.41,48%,12:08,139(49%),54(19%),93(33%),188(66%),39(14%),59(21%),9(82%),2(18%),0(0%),"Manchester, United States","Sep. 26, 2020"
Jason Knight,"""The Kid""",Featherweight Division,20-6-0 (W-L-D),3,13,0,34%,31%,338,1002,10,32,2.95,1.31,52%,0.39,3.02,1.70,47%,12:44,259(77%),19(6%),60(18%),230(68%),48(14%),60(18%),3(15%),4(20%),13(65%),"Jackson, United States","Dec. 11, 2015"
Josefine Knutsson,"""Thunder""",Women's Strawweight Division,8-1-0 (W-L-D),1,0,0,52%,73%,318,617,3,11,4.24,1.60,55%,0.00,2.13,0.00,35%,15:00,205(64%),71(22%),42(13%),174(55%),100(31%),44(14%),1(13%),7(88%),0(0%),"Stockholm, Sweden","Jun. 10, 2022"
Seokhyeon Ko,None,Welterweight Division,1-0-0 (W-L-D),0,0,0,52%,33%,54,104,,6,3.60,2.00,57%,0.00,3.33,0.00,50%,15:00,41(76%),3(6%),10(19%),45(83%),6(11%),3(6%),0(0%),0(0%),0(0%),"Busan, South Korea","Feb. 11, 2025"
Erik Koch,"""New Breed""",Welterweight Division,16-6-0 (W-L-D),0,0,0,42%,43%,309,729,3,21,2.33,1.02,47%,0.34,2.82,1.02,82%,09:28,172(56%),67(22%),70(23%),218(71%),59(19%),32(10%),0(0%),0(0%),0(0%),"Cedar Rapids, United States","Mar. 20, 2011"
Brad Kohler,None,Heavyweight Division,0-0-0 (W-L-D),0,0,0,N/A,N/A,0,0,0,0,N/A,N/A,N/A,N/A,N/A,N/A,N/A,N/A,N/A,N/A,N/A,N/A,N/A,N/A,0(0%),0(0%),0(0%),"Bloomington, United States","Sep. 24, 1999"
Kaloyan Kolev,None,Light Heavyweight Division,0-1-0 (W-L-D),0,0,0,45%,60%,5,11,,5,1.12,10.11,43%,0.00,4.49,0.00,N/A,04:27,0(0%),3(60%),2(40%),2(40%),3(60%),0(0%),0(0%),0(0%),0(0%),None,"Feb. 11, 2025"
John Kolosci,None,Welterweight Division,8-5-0 (W-L-D),0,0,0,20%,0%,1,5,,2,0.21,0.00,50%,0.00,0.85,0.00,N/A,04:42,0(0%),0(0%),1(100%),1(100%),0(0%),0(0%),0(0%),0(0%),0(0%),"Portage, United States","Dec. 9, 2007"
Syuri Kondo,None,Women's Strawweight Division,6-3-0 (W-L-D),1,0,0,45%,N/A,246,548,0,0,5.40,0.00,58%,0.00,7.22,0.33,83%,11:23,214(87%),29(12%),3(1%),177(72%),44(18%),25(10%),1(17%),5(83%),0(0%),"Kanagawa Prefecture, Japan","Sep. 22, 2017"
Yuki Kondo,None,Light Heavyweight Division,0-0-0 (W-L-D),0,0,0,43%,0%,3,7,,2,0.18,0.00,52%,0.89,15.00,0.00,38%,08:26,3(100%),0(0%),0(0%),1(33%),2(67%),0(0%),0(0%),0(0%),0(0%),Japan,"Sep. 22, 2000"
Cheick Kongo,None,Heavyweight Division,28-8-2 (W-L-D),0,0,0,58%,63%,574,987,,38,3.51,2.20,55%,0.37,1.63,0.28,53%,09:05,213(37%),216(38%),145(25%),253(44%),153(27%),168(29%),0(0%),0(0%),0(0%),"Paris, France","Jul. 8, 2006"
Jon Koppenhaver,None,Welterweight Division,6-2-0 (W-L-D),0,0,0,60%,50%,30,50,,2,2.32,1.16,44%,0.00,3.17,0.00,40%,06:29,4(13%),0(0%),26(87%),27(90%),2(7%),1(3%),0(0%),0(0%),0(0%),"Simi Valley, United States","Dec. 9, 2007"
Roman Kopylov,None,Middleweight Division,14-3-0 (W-L-D),12,0,1,51%,42%,507,999,,19,4.96,1.17,55%,0.88,4.86,0.00,87%,11:21,469(93%),21(4%),17(3%),331(65%),93(18%),83(16%),12(86%),2(14%),0(0%),"Kemerovo Oblast, Russia","Nov. 9, 2019"
Bruno Korea,None,Flyweight Division,4-3-0 (W-L-D),0,0,0,34%,0%,30,88,,1,2.12,0.00,42%,1.06,3.96,0.00,25%,07:04,19(63%),2(7%),9(30%),18(60%),8(27%),4(13%),0(0%),1(25%),3(75%),"Brasilia, Brazil","Nov. 7, 2015"
Tsuyoshi Kosaka,"""TK""",Heavyweight Division,18-9-1 (W-L-D),0,0,0,55%,100%,6,11,,1,0.71,1.78,54%,0.00,17.82,0.00,33%,08:25,1(17%),3(50%),2(33%),3(50%),2(33%),1(17%),0(0%),0(0%),0(0%),"Shiga, United States","Mar. 13, 1998"
Josh Koscheck,None,Welterweight Division,19-10-0 (W-L-D),0,0,0,36%,48%,437,1211,,83,1.79,2.46,63%,0.25,2.27,0.43,64%,09:22,212(49%),46(11%),179(41%),327(75%),83(19%),27(6%),0(0%),0(0%),0(0%),United States,"Apr. 9, 2005"
Steven Koslow,"""Obi Won Shinobi The Pillow""",Bantamweight Division,6-1-0 (W-L-D),0,6,6,38%,56%,11,29,5,9,0.77,5.28,40%,0.00,3.73,1.06,N/A,14:13,8(73%),1(9%),2(18%),8(73%),1(9%),2(18%),0(0%),0(0%),6(100%),"Jacksonville, United States","Dec. 10, 2022"
Naoyuki Kotani,None,Lightweight Division,33-13-7 (W-L-D),0,0,0,31%,17%,55,177,,18,1.02,0.83,50%,0.00,2.89,0.83,47%,09:00,40(73%),4(7%),11(20%),30(55%),4(7%),21(38%),5(15%),3(9%),25(76%),"Kanagawa, Japan","Apr. 5, 2007"
Karolina Kowalkiewicz,None,Women's Strawweight Division,16-9-0 (W-L-D),1,3,3,43%,23%,1322,3051,1,22,5.54,0.31,58%,0.00,5.51,0.19,75%,13:15,1030(78%),252(19%),40(3%),828(63%),334(25%),160(12%),1(6%),12(75%),3(19%),"Lodz, Poland","Dec. 19, 2015"
Derrick Krantz,"""D-Rock""",Welterweight Division,24-12-0 (W-L-D),10,11,0,38%,50%,39,103,1,8,2.07,3.18,50%,0.00,4.03,0.80,N/A,09:26,35(90%),1(3%),3(8%),28(72%),7(18%),4(10%),10(42%),3(13%),11(46%),"Indio, United States","Feb. 11, 2025"
James Krause,"""The James Krause""",Welterweight Division,28-9-0 (W-L-D),8,14,0,50%,18%,821,1653,7,60,4.79,0.96,62%,0.26,4.11,0.87,60%,11:26,745(91%),49(6%),27(3%),596(73%),121(15%),104(13%),8(30%),5(19%),14(52%),"Newport News, United States","Jun. 15, 2013"
Pascal Krauss,"""Panzer""",Welterweight Division,11-2-0 (W-L-D),0,0,0,48%,50%,267,561,5,10,5.45,1.53,59%,0.00,3.88,0.92,60%,12:15,176(66%),60(22%),31(12%),172(64%),46(17%),49(18%),0(0%),0(0%),0(0%),"Breisach, Germany","Nov. 13, 2010"
Kaynan Kruschewsky,"""Bahia""",Lightweight Division,15-3-0 (W-L-D),4,9,6,51%,100%,124,245,,4,5.67,2.74,47%,0.00,5.71,2.06,75%,07:18,87(70%),29(23%),8(6%),87(70%),33(27%),4(3%),4(27%),2(13%),9(60%),"Salvador, Brazil","Nov. 4, 2023"
Jorgen Kruth,"""The Last Viking""",Light Heavyweight Division,5-0-0 (W-L-D),0,0,0,N/A,N/A,0,0,0,0,N/A,N/A,N/A,N/A,N/A,N/A,N/A,N/A,N/A,N/A,N/A,N/A,N/A,N/A,0(0%),0(0%),0(0%),Sweden,"Feb. 11, 2025"
Nikita Krylov,"""The Miner""",Light Heavyweight Division,30-9-0 (W-L-D),12,16,23,56%,38%,546,979,1,50,4.38,2.29,45%,0.60,2.47,1.44,53%,06:56,279(51%),145(27%),122(22%),351(64%),128(23%),67(12%),12(40%),2(7%),16(53%),None,"Sep. 1, 2013"
Mariusz Ksiazkiewicz,None,Middleweight Division,0-1-0 (W-L-D),0,0,0,45%,100%,14,31,,4,0.93,4.00,39%,0.00,3.40,2.00,N/A,15:00,5(36%),2(14%),7(50%),8(57%),2(14%),4(29%),0(0%),0(0%),0(0%),Germany,"Feb. 11, 2025"
Michael Kuiper,None,Middleweight Division,12-3-0 (W-L-D),0,0,0,55%,56%,107,195,,9,3.28,2.30,54%,1.38,3.62,0.00,79%,08:10,60(56%),20(19%),27(25%),78(73%),12(11%),17(16%),7(58%),1(8%),4(33%),Netherlands,"Feb. 4, 2012"
Anton Kuivanen,None,Lightweight Division,17-6-0 (W-L-D),0,0,0,38%,100%,85,223,,3,2.27,1.20,67%,0.00,1.63,0.40,71%,12:30,52(61%),17(20%),16(19%),51(60%),30(35%),4(5%),0(0%),0(0%),0(0%),United States,"Feb. 15, 2012"
Sumit Kumar,None,Flyweight Division,0-1-0 (W-L-D),0,0,0,24%,30%,42,175,,20,2.80,6.00,47%,0.00,4.67,0.00,60%,15:00,35(83%),6(14%),1(2%),26(62%),8(19%),8(19%),0(0%),0(0%),0(0%),"Hathras, India","Feb. 11, 2025"
Aleksei Kunchenko,None,Welterweight Division,20-2-0 (W-L-D),13,1,0,44%,33%,220,496,1,3,3.67,0.25,64%,0.00,2.83,0.00,81%,15:00,172(78%),38(17%),10(5%),125(57%),34(15%),61(28%),13(65%),6(30%),1(5%),Russia,"Sep. 15, 2018"
Rizvan Kuniev,None,Heavyweight Division,2-0-0 (W-L-D),0,0,0,72%,75%,93,129,,4,5.82,2.82,56%,0.94,1.25,0.00,100%,08:00,46(49%),16(17%),31(33%),58(62%),23(25%),12(13%),0(0%),0(0%),0(0%),None,"Feb. 22, 2025"
Keigo Kunihara,None,Heavyweight Division,3-3-0 (W-L-D),0,0,0,10%,40%,1,10,,5,0.17,4.97,57%,0.00,1.99,2.49,100%,06:02,0(0%),0(0%),1(100%),1(100%),0(0%),0(0%),0(0%),0(0%),0(0%),Japan,"Oct. 7, 2005"
Kiichi Kunimoto,"""Strasser""",Welterweight Division,19-6-2 (W-L-D),0,0,0,44%,20%,88,200,5,25,1.87,1.59,41%,0.00,3.92,0.32,29%,09:26,58(66%),23(26%),7(8%),42(48%),17(19%),29(33%),2(11%),7(39%),9(50%),Japan,"Jan. 4, 2014"
Leo Kuntz,"""The Lion""",Lightweight Division,17-3-1 (W-L-D),0,0,0,33%,25%,38,116,,12,1.68,1.99,46%,0.00,3.80,0.66,33%,11:19,34(89%),2(5%),2(5%),27(71%),5(13%),6(16%),0(0%),0(0%),0(0%),United States,"Feb. 11, 2025"
Korey Kuppe,None,Welterweight Division,8-4-0 (W-L-D),0,0,0,73%,N/A,11,15,0,0,0.73,0.00,31%,0.00,1.33,1.00,69%,15:00,11(100%),0(0%),0(0%),3(27%),7(64%),1(9%),0(0%),0(0%),0(0%),"Pontiac, United States","Feb. 11, 2025"
Ramazan Kuramagomedov,None,Middleweight Division,1-0-0 (W-L-D),0,0,0,68%,14%,175,258,,7,11.67,1.00,54%,0.00,9.13,0.00,N/A,15:00,156(89%),19(11%),0(0%),138(79%),18(10%),19(11%),0(0%),0(0%),0(0%),None,"Feb. 27, 2021"
Guram Kutateladze,"""Georgian Viking""",Lightweight Division,13-4-0 (W-L-D),7,1,4,46%,20%,230,504,,15,3.95,0.77,57%,0.26,3.95,0.00,79%,14:34,168(73%),49(21%),13(6%),103(45%),81(35%),46(20%),7(58%),4(33%),1(8%),Georgia,"Oct. 17, 2020"
Kwan Ho Kwak,"""The Handsome""",Bantamweight Division,9-2-0 (W-L-D),0,0,0,41%,100%,63,152,1,1,3.29,0.78,48%,0.00,3.45,0.00,27%,09:35,54(86%),9(14%),0(0%),40(63%),12(19%),11(17%),6(67%),3(33%),0(0%),South Korea,"Nov. 19, 2016"
Mike Kyle,"""MAK""",Light Heavyweight Division,19-9-1 (W-L-D),0,0,0,65%,50%,30,46,1,2,3.69,1.84,55%,3.69,16.35,1.84,50%,02:43,7(23%),16(53%),7(23%),16(53%),9(30%),5(17%),0(0%),0(0%),0(0%),"Boise, United States","Apr. 2, 2004"
Daniel Lacerda,"""Miojo""",Flyweight Division,11-6-0 (W-L-D),5,6,10,46%,50%,102,224,,8,3.95,2.32,35%,1.74,8.28,1.16,N/A,04:19,81(79%),6(6%),15(15%),57(56%),25(25%),20(20%),5(45%),0(0%),6(55%),"Valença, Brazil","Oct. 23, 2021"
Luan Lacerda,None,Bantamweight Division,12-3-0 (W-L-D),0,10,1,44%,25%,108,245,1,8,4.52,1.26,48%,0.00,7.07,0.63,75%,11:57,105(97%),3(3%),0(0%),47(44%),53(49%),8(7%),0(0%),2(17%),10(83%),"Macapá, Brazil","Jan. 21, 2023"
Aspen Ladd,None,Women's Bantamweight Division,9-3-0 (W-L-D),6,1,2,47%,47%,290,617,1,17,3.78,1.56,47%,0.20,4.65,0.59,63%,10:58,136(47%),52(18%),102(35%),224(77%),51(18%),15(5%),6(67%),2(22%),1(11%),"Folsom, United States","Oct. 21, 2017"
Ryan LaFlare,None,Welterweight Division,13-3-0 (W-L-D),4,3,0,40%,45%,427,1064,21,47,2.89,2.13,63%,0.20,1.86,0.20,59%,14:47,277(65%),75(18%),75(18%),208(49%),169(40%),50(12%),4(31%),6(46%),3(23%),United States,"Apr. 6, 2013"
Corinne Laframboise,None,Women's Flyweight Division,0-1-0 (W-L-D),0,0,0,68%,100%,15,22,,1,3.16,3.16,47%,0.00,1.89,0.00,33%,04:45,4(27%),0(0%),11(73%),15(100%),0(0%),0(0%),0(0%),0(0%),0(0%),"Longueuil, Canada","Feb. 11, 2025"
Noad Lahat,"""Neo""",Featherweight Division,9-2-0 (W-L-D),0,0,0,47%,26%,106,226,,23,2.79,2.37,64%,0.00,1.47,2.37,17%,09:31,51(48%),30(28%),25(24%),73(69%),15(14%),18(17%),2(22%),3(33%),4(44%),"petach tikva, Israel","Mar. 24, 2014"
Tina Lahdemaki,"""Jelly Bean""",Women's Strawweight Division,5-1-0 (W-L-D),0,0,0,21%,N/A,29,141,0,0,1.93,0.00,57%,0.00,4.67,0.00,17%,15:00,26(90%),3(10%),0(0%),21(72%),5(17%),3(10%),1(20%),2(40%),2(40%),"Polisen / Raumo, Finland","Jul. 16, 2014"
Yohan Lainesse,"""White Lion""",Welterweight Division,9-3-0 (W-L-D),6,0,5,41%,29%,71,172,2,7,2.22,0.94,59%,0.94,3.38,0.47,73%,06:23,62(87%),4(6%),5(7%),31(44%),16(23%),24(34%),6(67%),3(33%),0(0%),"Montreal, Canada","Apr. 30, 2022"
Tim Lajcik,"""The Bohemian""",Heavyweight Division,11-4-1 (W-L-D),0,0,0,N/A,N/A,0,0,0,0,N/A,N/A,N/A,N/A,N/A,N/A,N/A,N/A,N/A,N/A,N/A,N/A,N/A,N/A,0(0%),0(0%),0(0%),"Redwood, United States","Jul. 16, 1999"
Sean Lally,"""The Unpredictable One""",Welterweight Division,8-4-0 (W-L-D),0,0,0,39%,N/A,62,158,0,0,5.34,0.00,30%,0.00,7.23,0.00,N/A,11:37,57(92%),5(8%),0(0%),43(69%),7(11%),12(19%),0(0%),0(0%),0(0%),"Falmouth, United States","Feb. 11, 2025"
Ricardo Lamas,"""The Bully""",Featherweight Division,20-8-0 (W-L-D),6,5,3,47%,34%,741,1566,13,86,3.13,1.84,58%,0.19,2.87,0.95,47%,10:17,470(63%),140(19%),131(18%),373(50%),154(21%),214(29%),6(32%),8(42%),5(26%),"Chicago, United States","Jun. 27, 2011"
Jason Lambert,"""The Punisher""",Middleweight Division,23-8-0 (W-L-D),0,0,0,58%,36%,143,246,,11,3.21,1.35,51%,1.01,1.84,2.36,29%,05:34,14(10%),48(34%),81(57%),89(62%),39(27%),15(10%),0(0%),0(0%),0(0%),"Long Beach, United States","Mar. 4, 2006"
Nate Landwehr,"""The Train""",Featherweight Division,18-6-0 (W-L-D),9,2,3,46%,42%,493,1063,,12,5.59,0.85,53%,0.17,5.77,0.85,74%,09:48,357(72%),111(23%),25(5%),355(72%),72(15%),66(13%),9(50%),7(39%),2(11%),"Clarksville, United States","Jan. 25, 2020"
Austen Lane,None,Heavyweight Division,13-5-0 (W-L-D),11,1,9,50%,31%,73,145,,13,2.47,2.03,40%,0.00,2.44,0.00,N/A,04:56,46(63%),0(0%),27(37%),46(63%),12(16%),15(21%),11(85%),1(8%),1(8%),"Evanston, United States","Jun. 24, 2023"
Lina Lansberg,"""Elbow Queen""",Women's Bantamweight Division,10-8-0 (W-L-D),4,0,2,55%,28%,390,703,2,18,2.69,0.52,44%,0.21,3.87,0.10,47%,13:10,159(41%),170(44%),61(16%),206(53%),154(39%),30(8%),4(40%),6(60%),0(0%),"Karlstad, Sweden","Sep. 25, 2016"
Taylor Lapilus,"""Double Impact""",Bantamweight Division,21-4-0 (W-L-D),4,6,7,48%,33%,512,1065,2,6,4.59,0.27,63%,0.27,2.61,0.27,77%,13:56,387(76%),104(20%),21(4%),336(66%),125(24%),51(10%),4(18%),12(55%),6(27%),"Paris, France","Apr. 11, 2015"
Chad Laprise,"""The Disciple""",Welterweight Division,14-4-0 (W-L-D),8,1,0,43%,55%,410,958,6,11,4.78,1.05,65%,0.52,3.59,0.00,79%,08:35,349(85%),28(7%),33(8%),239(58%),89(22%),82(20%),8(57%),5(36%),1(7%),"Windsor, Canada","Apr. 16, 2014"
Anthony Lapsley,"""The Recipe""",Welterweight Division,25-7-0 (W-L-D),0,0,0,34%,0%,10,29,,5,0.53,0.00,67%,0.00,0.58,0.00,20%,09:28,5(50%),0(0%),5(50%),7(70%),2(20%),1(10%),4(16%),4(16%),17(68%),United States,"Nov. 16, 2013"
TJ Laramie,None,Featherweight Division,12-5-0 (W-L-D),0,0,0,50%,33%,31,62,,6,1.49,1.44,38%,0.00,2.64,0.00,40%,06:57,15(48%),1(3%),15(48%),20(65%),6(19%),5(16%),7(58%),3(25%),2(17%),"Windsor, Canada","Sep. 19, 2020"
Icho Larenas,None,Heavyweight Division,3-2-0 (W-L-D),0,0,0,15%,N/A,2,13,0,0,0.17,0.00,29%,0.00,2.50,0.00,14%,11:59,0(0%),2(100%),0(0%),1(50%),1(50%),0(0%),0(0%),0(0%),0(0%),"Quebec City, Canada","Mar. 4, 2006"
Lorenz Larkin,"""The Monsoon""",Welterweight Division,18-5-0 (W-L-D),0,0,0,46%,43%,594,1291,,7,3.53,0.27,64%,0.54,2.74,0.09,79%,11:12,404(68%),139(23%),51(9%),304(51%),97(16%),193(32%),11(61%),7(39%),0(0%),"Riverside, United States","Jan. 8, 2012"
Jeremy Larsen,None,Featherweight Division,8-5-0 (W-L-D),0,0,0,48%,33%,88,182,,9,4.87,2.49,57%,0.83,5.75,0.00,N/A,06:02,73(83%),10(11%),5(6%),74(84%),9(10%),5(6%),0(0%),0(0%),0(0%),"Tucson, United States","Jun. 2, 2012"
Brock Larson,None,Welterweight Division,27-4-0 (W-L-D),0,0,0,47%,34%,94,202,,35,1.39,2.67,56%,0.67,1.50,2.00,43%,06:08,24(26%),26(28%),44(47%),67(71%),16(17%),11(12%),0(0%),0(0%),0(0%),"Brainerd, United States","Oct. 3, 2005"
Ilir Latifi,"""The Sledgehammer""",Heavyweight Division,17-9-0 (W-L-D),6,5,9,45%,36%,306,677,10,59,2.05,2.11,56%,0.40,2.93,0.30,100%,09:19,214(70%),34(11%),58(19%),205(67%),56(18%),45(15%),6(21%),18(62%),5(17%),Albania,"Apr. 6, 2013"
Sione Latu,None,Heavyweight Division,0-0-0 (W-L-D),0,0,0,N/A,N/A,0,0,0,0,N/A,N/A,N/A,N/A,N/A,N/A,N/A,N/A,N/A,N/A,N/A,N/A,N/A,N/A,0(0%),0(0%),0(0%),United States,"Mar. 5, 1999"
Jenel Lausa,"""The Demolition Man""",Flyweight Division,7-4-0 (W-L-D),0,0,0,42%,67%,78,184,2,3,1.44,0.55,54%,0.55,3.53,0.83,52%,13:31,67(86%),0(0%),11(14%),68(87%),7(9%),3(4%),2(29%),3(43%),2(29%),Philippines,"Oct. 15, 2016"
Dan Lauzon,"""The Upgrade""",Lightweight Division,12-4-0 (W-L-D),0,0,0,29%,43%,35,122,,7,1.54,1.98,62%,0.66,4.97,0.00,80%,07:34,21(60%),7(20%),7(20%),25(71%),5(14%),5(14%),0(0%),0(0%),0(0%),"Brockton, United States","Oct. 14, 2006"
Joe Lauzon,None,Lightweight Division,28-16-0 (W-L-D),9,17,0,40%,45%,605,1525,33,75,2.84,2.39,55%,0.21,5.39,2.04,55%,07:53,326(54%),99(16%),180(30%),537(89%),56(9%),12(2%),9(32%),2(7%),17(61%),"Brockton, United States","Sep. 23, 2006"
Sandra Lavado,None,Women's Strawweight Division,0-1-0 (W-L-D),0,0,0,37%,0%,13,35,,3,0.87,0.00,34%,0.00,2.67,0.00,33%,15:00,10(77%),3(23%),0(0%),7(54%),5(38%),1(8%),0(0%),0(0%),0(0%),None,"Feb. 11, 2025"
Robbie Lawler,"""Ruthless""",Welterweight Division,30-16-0 (W-L-D),22,1,13,47%,64%,1605,3411,16,28,3.85,0.65,59%,0.61,4.67,0.00,65%,11:16,1089(68%),374(23%),142(9%),1220(76%),315(20%),70(4%),22(73%),7(23%),1(3%),"San Diego, United States","May. 10, 2002"
Tom Lawlor,"""Filthy""",Light Heavyweight Division,10-6-0 (W-L-D),0,0,0,42%,32%,244,575,16,50,2.50,2.46,61%,0.46,2.41,1.38,58%,08:52,120(49%),77(32%),47(19%),207(85%),18(7%),19(8%),0(0%),0(0%),0(0%),"Fall River, United States","Dec. 13, 2008"
Ronnie Lawrence,"""The Heat""",Bantamweight Division,8-2-0 (W-L-D),4,0,2,56%,77%,167,296,14,35,2.78,6.75,52%,0.75,1.75,0.25,45%,12:00,81(49%),7(4%),79(47%),106(63%),29(17%),32(19%),4(50%),4(50%),0(0%),United States,"Feb. 27, 2021"
Lance Lawrence,"""The Tornado""",Featherweight Division,5-0-0 (W-L-D),0,0,0,50%,100%,88,176,,1,5.87,1.00,25%,0.00,9.80,0.00,50%,15:00,75(85%),11(13%),2(2%),69(78%),10(11%),9(10%),0(0%),0(0%),0(0%),"Louisville, United States","Feb. 11, 2025"
Justin Lawrence,"""The American Kidd""",Featherweight Division,4-2-0 (W-L-D),0,0,0,35%,29%,86,247,,7,3.96,1.38,68%,0.69,5.43,0.00,73%,07:14,78(91%),5(6%),3(3%),70(81%),11(13%),5(6%),0(0%),0(0%),0(0%),"Corona, United States","Jun. 2, 2012"
Jimmy Lawson,None,Heavyweight Division,0-1-0 (W-L-D),0,0,0,8%,N/A,1,12,0,0,0.07,0.00,44%,0.00,1.60,0.00,N/A,15:00,1(100%),0(0%),0(0%),0(0%),0(0%),1(100%),0(0%),0(0%),0(0%),"Neptune City, United States","Feb. 11, 2025"
Valmir Lazaro,"""Bidu""",Lightweight Division,13-4-0 (W-L-D),0,0,0,37%,40%,219,587,,10,4.87,1.33,62%,0.00,4.09,0.00,96%,15:00,200(91%),19(9%),0(0%),153(70%),33(15%),33(15%),9(69%),4(31%),0(0%),Brazil,"Aug. 23, 2014"
Zviad Lazishvili,None,Bantamweight Division,13-1-0 (W-L-D),0,9,0,39%,0%,63,160,,6,4.20,0.00,51%,0.00,6.13,0.00,N/A,15:00,60(95%),3(5%),0(0%),25(40%),17(27%),21(33%),0(0%),4(31%),9(69%),"Kobuleti, Georgia","Oct. 23, 2021"
Mounir Lazzez,"""The Sniper""",Welterweight Division,11-3-0 (W-L-D),8,0,5,55%,57%,250,452,4,7,7.49,1.80,53%,0.00,5.42,0.00,71%,08:21,225(90%),19(8%),6(2%),150(60%),53(21%),47(19%),8(73%),3(27%),0(0%),Tunisia,"Jul. 15, 2020"
Cung Le,None,Middleweight Division,9-3-0 (W-L-D),0,0,0,42%,67%,133,320,,3,3.09,0.70,67%,0.35,7.57,0.00,89%,10:46,124(93%),9(7%),0(0%),53(40%),55(41%),25(19%),8(89%),1(11%),0(0%),"Saigon, Vietnam","Nov. 20, 2011"
Thanh Le,None,Featherweight Division,7-1-0 (W-L-D),0,0,0,41%,N/A,13,32,0,0,1.97,0.00,71%,2.28,1.82,0.00,100%,06:35,9(69%),0(0%),4(31%),9(69%),4(31%),0(0%),6(86%),0(0%),1(14%),"New Orleans, United States","Jul. 18, 2017"
Quang Le,"""Bang""",Bantamweight Division,8-2-0 (W-L-D),2,3,4,36%,23%,80,224,2,13,3.02,1.70,46%,0.00,5.52,0.00,100%,13:14,74(93%),5(6%),1(1%),45(56%),28(35%),7(9%),2(25%),3(38%),3(38%),Vietnam,"Aug. 10, 2024"
Carlos Leal,"""The Lion""",Welterweight Division,21-6-0 (W-L-D),10,2,9,44%,25%,107,246,1,4,7.13,1.00,51%,0.00,7.27,0.00,89%,15:00,94(88%),13(12%),0(0%),72(67%),16(15%),19(18%),10(83%),0(0%),2(17%),"Curitiba, Brazil","Oct. 26, 2024"
Jordan Leavitt,"""The Monkey King""",Lightweight Division,11-3-0 (W-L-D),2,6,5,61%,25%,140,229,4,32,2.55,2.19,57%,0.27,1.84,1.09,30%,06:52,114(81%),16(11%),10(7%),31(22%),36(26%),73(52%),2(18%),3(27%),6(55%),"Las Vegas, United States","Dec. 5, 2020"
Chris Leben,"""The Crippler""",Middleweight Division,22-11-0 (W-L-D),0,0,0,44%,41%,600,1379,,41,2.89,1.23,52%,0.51,3.07,0.87,54%,08:40,293(49%),170(28%),137(23%),369(62%),97(16%),134(22%),0(0%),0(0%),0(0%),"Portland, United States","Apr. 9, 2005"
Mickael Lebout,"""Ragnar""",Lightweight Division,14-5-1 (W-L-D),0,0,0,35%,0%,117,335,,4,2.60,0.00,54%,0.00,2.98,0.00,60%,15:00,105(90%),0(0%),12(10%),77(66%),16(14%),24(21%),1(7%),7(50%),6(43%),United States,"Apr. 11, 2015"
Justin Ledet,"""El Blanco""",Light Heavyweight Division,9-4-0 (W-L-D),2,5,0,39%,50%,218,559,1,2,3.35,0.23,49%,0.00,4.82,0.23,43%,09:18,208(95%),9(4%),1(0%),203(93%),13(6%),2(1%),2(22%),2(22%),5(56%),"Rosharon, United States","Aug. 6, 2016"
JeongYeong Lee,"""Korean Tiger""",Featherweight Division,11-2-0 (W-L-D),4,3,5,53%,67%,92,174,,3,2.84,0.93,51%,0.46,2.81,0.46,77%,06:29,47(51%),26(28%),19(21%),67(73%),22(24%),3(3%),4(36%),4(36%),3(27%),South Korea,"Jun. 10, 2022"
ChangHo Lee ,None,Bantamweight Division,10-1-0 (W-L-D),5,1,0,70%,30%,159,227,2,23,4.90,3.24,37%,0.00,2.65,0.00,38%,10:49,31(19%),80(50%),48(30%),83(52%),68(43%),8(5%),5(56%),3(33%),1(11%),South Korea,"Jun. 22, 2024"
Kevin Lee,"""The Motown Phenom""",Welterweight Division,18-8-0 (W-L-D),3,8,6,42%,43%,843,1995,32,106,3.88,3.18,50%,0.07,3.60,0.76,75%,11:26,500(59%),73(9%),270(32%),653(77%),166(20%),24(3%),3(16%),8(42%),8(42%),"Detroit, United States","Feb. 2, 2014"
Vaughan Lee,None,Bantamweight Division,14-11-1 (W-L-D),0,0,0,47%,33%,258,546,,12,3.47,0.81,70%,0.20,2.07,1.01,72%,09:17,203(79%),40(16%),15(6%),126(49%),82(32%),50(19%),4(29%),3(21%),7(50%),United States,"Nov. 5, 2011"
Andrea Lee,"""KGB""",Women's Flyweight Division,13-10-0 (W-L-D),3,5,2,47%,55%,871,1857,3,38,4.71,1.70,63%,0.08,3.83,0.57,55%,14:13,706(81%),99(11%),66(8%),401(46%),284(33%),186(21%),3(23%),5(38%),5(38%),"Atlanta, United States","May. 19, 2018"
Rocky Lee,None,Featherweight Division,3-1-0 (W-L-D),0,0,0,51%,10%,37,72,,10,2.47,1.00,44%,0.00,5.33,0.00,33%,15:00,26(70%),10(27%),1(3%),10(27%),13(35%),14(38%),0(0%),1(33%),2(67%),China,"Apr. 11, 2015"
James Lee,None,Light Heavyweight Division,25-3-0 (W-L-D),0,0,0,0%,50%,0,1,,4,0.00,20.00,27%,0.00,5.33,0.00,N/A,01:30,0(0%),0(0%),0(0%),0(0%),0(0%),0(0%),0(0%),0(0%),0(0%),"Sylvan Lake, United States","Jan. 19, 2008"
Jackie Lee,None,Lightweight Division,0-0-0 (W-L-D),0,0,0,N/A,N/A,0,0,0,0,N/A,N/A,N/A,N/A,N/A,N/A,N/A,N/A,N/A,N/A,N/A,N/A,N/A,N/A,0(0%),0(0%),0(0%),United States,"Feb. 7, 1997"
Jung Hyun Lee,None,Flyweight Division,0-1-0 (W-L-D),0,0,0,N/A,N/A,0,0,0,0,N/A,N/A,N/A,N/A,N/A,N/A,N/A,00:00,0(0%),0(0%),0(0%),0(0%),0(0%),0(0%),0(0%),0(0%),0(0%),South Korea,"Feb. 11, 2025"
David Lee,None,Lightweight Division,5-2-0 (W-L-D),0,0,0,50%,0%,13,26,,4,1.49,0.00,42%,0.00,3.31,0.00,50%,04:23,6(46%),7(54%),0(0%),4(31%),7(54%),2(15%),0(0%),0(0%),0(0%),"London, United Kingdom","Sep. 23, 2006"
Cheyden Leialoha,"""Steadfast""",Bantamweight Division,6-1-0 (W-L-D),0,0,0,29%,33%,28,98,,6,1.87,2.00,54%,0.00,3.20,0.00,71%,15:00,18(64%),3(11%),7(25%),14(50%),12(43%),2(7%),1(17%),2(33%),3(50%),"Puna, United States","Aug. 1, 2017"
Christophe Leininger,None,Lightweight Division,0-0-0 (W-L-D),0,0,0,N/A,N/A,0,0,0,0,N/A,N/A,N/A,N/A,N/A,N/A,N/A,N/A,N/A,N/A,N/A,N/A,N/A,N/A,0(0%),0(0%),0(0%),United States,"Sep. 9, 1994"
Claudia Leite,None,Women's Bantamweight Division,0-1-0 (W-L-D),0,0,0,48%,25%,19,40,,4,1.27,1.00,57%,0.00,1.73,1.00,N/A,15:00,15(79%),2(11%),2(11%),2(11%),7(37%),10(53%),0(0%),0(0%),0(0%),None,"Feb. 11, 2025"
Thales Leites,None,Middleweight Division,27-9-0 (W-L-D),0,0,0,41%,27%,562,1387,35,135,2.13,2.10,53%,0.23,2.99,1.14,31%,12:34,383(68%),60(11%),119(21%),387(69%),57(10%),118(21%),0(0%),0(0%),0(0%),"Rio de Janeiro, Brazil","Nov. 11, 2006"
Giacomo Lemos,"""The Viking""",Heavyweight Division,6-0-0 (W-L-D),0,0,0,N/A,N/A,0,0,0,0,N/A,N/A,N/A,N/A,N/A,N/A,N/A,00:00,0(0%),0(0%),0(0%),0(0%),0(0%),0(0%),0(0%),0(0%),0(0%),None,"Jul. 27, 2019"
Amanda Lemos,None,Women's Strawweight Division,14-4-1 (W-L-D),8,3,8,54%,64%,368,677,1,11,3.16,0.90,44%,0.77,3.87,0.77,62%,09:43,260(71%),51(14%),57(15%),238(65%),80(22%),50(14%),8(57%),3(21%),3(21%),"Belém, Brazil","Jul. 16, 2017"
Jesse Lennox,"""The Ox""",Welterweight Division,15-3-0 (W-L-D),0,0,0,32%,67%,132,412,,6,2.69,1.22,65%,0.00,3.20,0.31,64%,12:16,87(66%),28(21%),17(13%),83(63%),32(24%),17(13%),0(0%),0(0%),0(0%),"Cedar Rapids, United States","Aug. 8, 2009"
Nik Lentz,"""The Carny""",Featherweight Division,30-12-2 (W-L-D),11,8,0,48%,33%,1079,2267,59,210,3.44,3.30,50%,0.10,3.25,1.24,44%,12:34,655(61%),213(20%),211(20%),650(60%),269(25%),160(15%),11(37%),11(37%),8(27%),"El Paso, United States","Sep. 19, 2009"
Alberto Cerro Leon,None,,0-0-0 (W-L-D),0,0,0,N/A,N/A,0,0,0,0,N/A,N/A,N/A,N/A,N/A,N/A,N/A,N/A,N/A,N/A,N/A,N/A,N/A,N/A,0(0%),0(0%),0(0%),United States,"Mar. 11, 1994"
Victoria Leonardo,"""Fury""",Women's Flyweight Division,9-7-0 (W-L-D),0,4,3,39%,28%,154,397,,18,3.22,1.57,47%,0.00,4.81,0.00,71%,07:58,95(62%),21(14%),38(25%),91(59%),36(23%),27(18%),1(11%),4(44%),4(44%),"Galloway, United States","Jan. 20, 2021"
Anthony Leone,None,Bantamweight Division,0-0-0 (W-L-D),0,0,0,49%,17%,22,45,,6,1.76,1.20,56%,0.00,3.52,0.00,N/A,12:29,9(41%),13(59%),0(0%),10(45%),9(41%),3(14%),0(0%),0(0%),0(0%),United States,"Feb. 11, 2025"
Kimo Leopoldo,"""Kimo""",Heavyweight Division,10-4-1 (W-L-D),0,0,0,83%,100%,5,6,,1,1.46,4.39,30%,0.00,4.10,4.39,N/A,01:43,3(60%),2(40%),0(0%),2(40%),3(60%),0(0%),0(0%),0(0%),0(0%),United States,"Sep. 9, 1994"
Brock Lesnar,None,Heavyweight Division,6-3-0 (W-L-D),0,0,0,72%,55%,217,301,,29,3.53,3.90,51%,0.49,2.11,0.49,60%,06:50,31(14%),28(13%),158(73%),156(72%),47(22%),14(6%),0(0%),0(0%),0(0%),"Webster, United States","Feb. 2, 2008"
Frank Lester,"""The Tank""",Welterweight Division,3-5-0 (W-L-D),0,0,0,36%,0%,8,22,,2,2.18,0.00,53%,0.00,3.82,0.00,N/A,03:40,2(25%),6(75%),0(0%),1(13%),3(38%),4(50%),0(0%),0(0%),0(0%),"Temecula, United States","Jun. 20, 2009"
Valerie Letourneau,"""Trouble""",Women's Strawweight Division,8-6-0 (W-L-D),0,0,0,38%,45%,441,1161,,11,4.51,0.77,59%,0.15,5.40,0.31,67%,16:17,363(82%),57(13%),21(5%),305(69%),95(22%),41(9%),4(57%),2(29%),1(14%),"Montreal, Canada","Jun. 14, 2014"
Leah Letson,"""Nidas""",Women's Featherweight Division,5-3-0 (W-L-D),3,0,0,42%,50%,90,215,,2,3.06,0.51,52%,0.00,3.84,0.00,76%,14:43,79(88%),10(11%),1(1%),50(56%),25(28%),15(17%),3(60%),2(40%),0(0%),"Janesville, United States","Feb. 11, 2025"
Justin Levens,"""Executioner""",Middleweight Division,7-2-0 (W-L-D),0,0,0,20%,0%,2,10,,1,0.37,0.00,41%,0.00,3.49,2.75,33%,02:44,1(50%),1(50%),0(0%),0(0%),1(50%),1(50%),0(0%),0(0%),0(0%),"Philadelphia, United States","Apr. 15, 2006"
Marcus LeVesseur,"""The Prospect""",Lightweight Division,22-7-0 (W-L-D),0,0,0,64%,37%,69,107,,19,2.55,3.89,38%,0.00,3.70,0.56,83%,09:00,16(23%),49(71%),4(6%),19(28%),10(14%),40(58%),0(0%),0(0%),0(0%),United States,"May. 16, 2012"
David Levicki,None,,0-0-0 (W-L-D),0,0,0,N/A,N/A,0,0,0,0,N/A,N/A,N/A,N/A,N/A,N/A,N/A,N/A,N/A,N/A,N/A,N/A,N/A,N/A,0(0%),0(0%),0(0%),United States,"Mar. 11, 1994"
Natan Levy,None,Lightweight Division,8-2-0 (W-L-D),0,3,2,52%,58%,232,442,3,36,3.70,5.03,59%,0.00,3.19,0.48,41%,12:32,205(88%),10(4%),17(7%),127(55%),70(30%),35(15%),0(0%),5(63%),3(38%),Israel,"Nov. 20, 2021"
Brandon Lewis,None,Bantamweight Division,0-2-0 (W-L-D),0,0,0,29%,15%,65,221,,13,2.17,1.00,53%,0.00,3.63,0.00,20%,15:00,61(94%),4(6%),0(0%),38(58%),11(17%),16(25%),0(0%),0(0%),0(0%),"Bristol, United States","Feb. 11, 2025"
Malik Lewis,None,Lightweight Division,0-2-0 (W-L-D),0,0,0,45%,40%,94,208,,15,4.16,3.98,40%,0.00,5.66,0.00,50%,11:19,55(59%),35(37%),4(4%),61(65%),29(31%),4(4%),0(0%),0(0%),0(0%),Germany,"Feb. 11, 2025"
Derrick Lewis,"""The Black Beast""",Heavyweight Division,28-12-0 (W-L-D),23,0,9,51%,26%,658,1294,5,38,2.48,0.57,41%,0.57,2.48,0.00,53%,09:09,258(39%),122(19%),278(42%),519(79%),110(17%),29(4%),23(82%),4(14%),1(4%),"New Orleans, United States","Apr. 19, 2014"
Bevon Lewis,None,Middleweight Division,8-3-0 (W-L-D),3,0,0,44%,0%,238,542,,15,3.73,0.00,54%,0.47,2.67,0.00,67%,10:38,153(64%),69(29%),16(7%),124(52%),51(21%),63(26%),3(50%),3(50%),0(0%),"Long Beach, United States","Aug. 29, 2017"
John Lewis,None,Lightweight Division,0-0-0 (W-L-D),0,0,0,0%,N/A,0,1,0,0,0.00,0.00,67%,0.00,4.00,0.00,N/A,00:15,0(0%),0(0%),0(0%),0(0%),0(0%),0(0%),0(0%),0(0%),0(0%),"Honolulu, United States","Sep. 24, 1999"
Chi Lewis-Parry,None,Heavyweight Division,0-0-0 (W-L-D),0,0,0,N/A,N/A,0,0,0,0,N/A,N/A,N/A,N/A,N/A,N/A,N/A,N/A,N/A,N/A,N/A,N/A,N/A,N/A,0(0%),0(0%),0(0%),"Hitchin, United Kingdom","Feb. 11, 2025"
Liang Na ,"""The Dragon Girl""",Women's Flyweight Division,17-8-0 (W-L-D),7,10,16,42%,58%,58,137,3,12,1.99,3.60,37%,0.00,3.95,0.51,25%,07:17,46(79%),10(17%),2(3%),32(55%),19(33%),7(12%),7(41%),0(0%),10(59%),"Heilongjiang, China","Apr. 24, 2021"
Jess Liaudin,"""The Joker""",Lightweight Division,12-11-0 (W-L-D),0,0,0,51%,53%,90,175,,15,2.46,3.28,42%,0.82,2.76,1.64,31%,07:19,40(44%),35(39%),15(17%),70(78%),9(10%),11(12%),0(0%),0(0%),0(0%),"Evry, France","Apr. 21, 2007"
Chuck Liddell,"""The Iceman""",Light Heavyweight Division,21-8-0 (W-L-D),0,0,0,36%,75%,610,1696,,8,2.97,0.44,57%,1.17,2.71,0.00,81%,08:55,444(73%),79(13%),87(14%),428(70%),48(8%),134(22%),0(0%),0(0%),0(0%),None,"May. 15, 1998"
Rodrigo Lidio,None,Lightweight Division,0-1-0 (W-L-D),0,0,0,50%,N/A,3,6,0,0,0.97,0.00,100%,0.00,0.00,0.00,50%,03:05,2(67%),1(33%),0(0%),3(100%),0(0%),0(0%),0(0%),0(0%),0(0%),None,"Feb. 11, 2025"
Zach Light,"""The Lisbon Outlaw""",Welterweight Division,5-1-0 (W-L-D),0,0,0,40%,100%,2,5,,1,0.83,6.21,49%,0.00,8.69,0.00,N/A,02:25,1(50%),0(0%),1(50%),2(100%),0(0%),0(0%),0(0%),0(0%),0(0%),"Lisbon, United States","Jun. 22, 2002"
Chris Ligouri,None,Middleweight Division,2-2-0 (W-L-D),0,0,0,33%,N/A,1,3,0,0,0.29,0.00,N/A,0.00,1.44,0.00,50%,03:29,1(100%),0(0%),0(0%),0(0%),0(0%),1(100%),0(0%),0(0%),0(0%),"Toms River, United States","Nov. 21, 2003"
Hyun Gyu Lim,"""The Ace""",Welterweight Division,13-7-1 (W-L-D),0,0,0,41%,100%,286,697,1,1,4.45,0.23,51%,0.93,5.07,0.23,74%,09:11,252(88%),15(5%),19(7%),213(74%),45(16%),28(10%),10(77%),1(8%),2(15%),South Korea,"Mar. 2, 2013"
Mabelly Lima,None,Women's Bantamweight Division,0-0-0 (W-L-D),0,0,0,63%,0%,46,73,,5,3.07,0.00,45%,0.00,5.67,0.00,100%,15:00,29(63%),17(37%),0(0%),20(43%),8(17%),18(39%),0(0%),0(0%),0(0%),"Limoeiro do Norte, Brazil","Feb. 11, 2025"
Dhiego Lima,None,Welterweight Division,17-9-0 (W-L-D),4,5,0,39%,35%,297,761,6,23,3.12,1.26,58%,0.32,3.88,0.63,74%,08:40,229(77%),11(4%),57(19%),189(64%),49(16%),59(20%),4(24%),8(47%),5(29%),"Dacula, United States","Jul. 6, 2014"
Juliana Lima,"""Ju Thai""",Women's Strawweight Division,9-5-0 (W-L-D),0,0,0,44%,31%,186,422,11,35,1.94,1.72,56%,0.00,2.11,0.00,71%,13:42,82(44%),65(35%),39(21%),84(45%),49(26%),53(28%),2(22%),7(78%),0(0%),"Belo Horizonte, Brazil","Jul. 26, 2014"
Andre Lima,"""Mascote""",Flyweight Division,10-0-0 (W-L-D),5,0,4,56%,67%,160,287,1,6,3.03,1.13,57%,0.00,2.48,1.13,74%,13:13,137(86%),11(7%),12(8%),69(43%),32(20%),59(37%),5(50%),5(50%),0(0%),"State of Bahia, Brazil","Mar. 23, 2024"
Felipe Lima,"""Jungle Boy""",Featherweight Division,14-1-0 (W-L-D),4,3,5,45%,43%,92,204,1,7,3.50,1.71,73%,0.00,2.32,1.14,83%,13:08,83(90%),9(10%),0(0%),53(58%),21(23%),18(20%),4(29%),7(50%),3(21%),"Coari, Brazil","Jun. 22, 2024"
Matt Lindland,"""The Law""",Middleweight Division,15-3-0 (W-L-D),0,0,0,52%,50%,288,554,,54,2.46,3.46,52%,0.00,2.27,1.15,61%,09:45,40(14%),105(36%),143(50%),190(66%),40(14%),58(20%),0(0%),0(0%),0(0%),United States,"Dec. 16, 2000"
Jake Lindsey,"""The Librarian""",Lightweight Division,9-3-0 (W-L-D),0,0,0,53%,33%,79,150,,3,3.44,0.65,46%,0.00,4.01,0.00,50%,07:39,50(63%),28(35%),1(1%),21(27%),32(41%),26(33%),5(56%),2(22%),2(22%),United States,"Jun. 7, 2014"
John Lineker,"""Hands of Stone""",Bantamweight Division,31-9-0 (W-L-D),14,4,0,40%,58%,1010,2514,6,12,5.36,0.56,56%,0.96,4.27,0.64,68%,11:46,833(82%),78(8%),99(10%),562(56%),360(36%),88(9%),14(45%),13(42%),4(13%),"Paranagua, Brazil","May. 5, 2012"
Austin Lingo,"""Lights Out""",Featherweight Division,9-3-0 (W-L-D),3,2,5,38%,67%,267,709,1,3,3.86,0.43,57%,0.43,4.86,0.00,76%,13:50,264(99%),3(1%),0(0%),183(69%),66(25%),18(7%),3(33%),4(44%),2(22%),"Dallas, United States","Feb. 8, 2020"
Lucio Linhares,"""The Spartan""",Middleweight Division,13-6-0 (W-L-D),0,0,0,23%,50%,16,71,,4,0.99,1.86,35%,0.00,3.47,1.86,50%,08:04,8(50%),0(0%),8(50%),11(69%),0(0%),5(31%),0(0%),0(0%),0(0%),"Ipatinga, Brazil","Dec. 12, 2009"
Philipe Lins,"""Monstro""",Light Heavyweight Division,18-5-0 (W-L-D),9,4,6,49%,33%,241,491,,21,3.80,1.65,46%,0.24,3.59,0.00,100%,10:35,202(84%),30(12%),9(4%),141(59%),55(23%),45(19%),9(50%),5(28%),4(22%),Brazil,"May. 2, 2020"
Zhang Lipeng,"""The Warrior""",Lightweight Division,9-9-1 (W-L-D),0,0,0,49%,30%,77,158,,23,1.28,1.75,54%,0.00,1.88,0.75,70%,15:00,38(49%),32(42%),7(9%),24(31%),17(22%),36(47%),2(22%),4(44%),3(33%),United States,"Mar. 1, 2014"
Tainara Lisboa,"""Thai Panther""",Women's Bantamweight Division,7-2-0 (W-L-D),3,2,4,51%,40%,60,118,1,10,2.05,2.05,55%,0.00,1.40,0.51,70%,14:40,36(60%),22(37%),2(3%),39(65%),19(32%),2(3%),3(60%),0(0%),2(40%),"Santos, Brazil","May. 13, 2023"
Dean Lister,"""The Boogeyman""",Middleweight Division,11-6-0 (W-L-D),0,0,0,34%,15%,86,256,,54,1.30,1.81,62%,0.00,2.98,1.13,50%,11:02,66(77%),4(5%),16(19%),53(62%),11(13%),22(26%),0(0%),0(0%),0(0%),"San Diego, United States","May. 27, 2006"
Pingyuan Liu,None,Bantamweight Division,13-7-0 (W-L-D),3,4,0,34%,20%,139,413,1,5,2.36,0.25,54%,0.25,2.99,1.02,56%,14:44,97(70%),12(9%),30(22%),90(65%),28(20%),21(15%),3(23%),6(46%),4(31%),"Henan, China","Jul. 22, 2018"
James Llontop,"""Goku""",Lightweight Division,14-5-0 (W-L-D),7,1,3,42%,0%,276,661,,6,5.57,0.00,58%,0.61,4.12,0.00,55%,12:23,225(82%),33(12%),18(7%),121(44%),85(31%),70(25%),7(50%),6(43%),1(7%),"Callao Region, Peru","Apr. 27, 2024"
Abner Lloveras,"""Skullman""",Lightweight Division,19-8-1 (W-L-D),0,0,0,50%,20%,94,189,,10,6.27,2.00,43%,0.00,6.87,0.00,N/A,15:00,76(81%),18(19%),0(0%),55(59%),33(35%),6(6%),0(0%),0(0%),0(0%),"Barcelona, Spain","Dec. 11, 2015"
John Lober,None,Middleweight Division,0-0-0 (W-L-D),0,0,0,N/A,N/A,0,0,0,0,N/A,N/A,N/A,N/A,N/A,N/A,N/A,N/A,N/A,N/A,N/A,N/A,N/A,N/A,0(0%),0(0%),0(0%),"Huntington Beach, United States","Oct. 16, 1998"
Artem Lobov,"""The Russian Hammer""",Featherweight Division,14-15-1 (W-L-D),4,2,0,41%,25%,405,977,3,12,3.52,0.39,51%,0.00,4.82,0.00,52%,16:26,382(94%),17(4%),6(1%),203(50%),71(18%),131(32%),4(31%),7(54%),2(15%),Russia,"Dec. 11, 2015"
Dylan Lockard,None,Featherweight Division,0-0-0 (W-L-D),0,0,0,53%,40%,17,32,,5,1.31,2.31,53%,1.16,3.31,1.16,29%,12:59,11(65%),5(29%),1(6%),12(71%),4(24%),1(6%),0(0%),0(0%),0(0%),"Methuen, United States","Feb. 11, 2025"
Ryan Loder,"""Man of Steel""",Middleweight Division,8-1-0 (W-L-D),5,0,0,81%,33%,42,52,1,3,6.16,2.20,50%,0.00,0.15,2.20,100%,06:49,1(2%),0(0%),41(98%),41(98%),1(2%),0(0%),5(63%),3(38%),0(0%),United States,"Aug. 24, 2024"
Sean Loeffler,"""The Destroyer""",Middleweight Division,25-5-0 (W-L-D),0,0,0,N/A,N/A,0,0,0,0,N/A,N/A,N/A,N/A,N/A,N/A,N/A,00:00,0(0%),0(0%),0(0%),0(0%),0(0%),0(0%),0(0%),0(0%),0(0%),United States,"Feb. 11, 2025"
Christian Lohsen,None,Lightweight Division,0-0-0 (W-L-D),0,0,0,49%,0%,79,160,,10,5.27,0.00,44%,0.00,6.93,2.00,N/A,15:00,72(91%),3(4%),4(5%),67(85%),8(10%),4(5%),0(0%),0(0%),0(0%),"Lodi, United States","Feb. 11, 2025"
David Loiseau,"""The Crow""",Middleweight Division,18-10-0 (W-L-D),0,0,0,45%,43%,166,372,,7,1.59,0.43,43%,0.57,3.64,0.14,36%,11:36,52(31%),57(34%),57(34%),121(73%),26(16%),19(11%),0(0%),0(0%),0(0%),"Montreal, Canada","Apr. 25, 2003"
Hector Lombard,"""Showeather""",Middleweight Division,34-9-1 (W-L-D),0,0,0,46%,49%,484,1045,15,37,3.02,1.69,53%,0.66,3.35,0.47,77%,11:27,330(68%),73(15%),81(17%),329(68%),58(12%),97(20%),22(65%),8(24%),4(12%),"Matanzas, Australia","Jul. 21, 2012"
Michael Lombardo,"""The Don""",Welterweight Division,11-2-0 (W-L-D),0,0,0,63%,22%,44,70,,23,1.47,2.50,32%,0.00,2.63,0.00,60%,15:00,23(52%),5(11%),16(36%),29(66%),11(25%),4(9%),0(0%),0(0%),0(0%),"White Plains, United States","Feb. 11, 2025"
Xiao Long,None,Bantamweight Division,27-8-0 (W-L-D),5,9,5,50%,25%,386,765,2,16,5.40,0.84,51%,0.21,4.27,0.00,77%,14:18,271(70%),95(25%),20(5%),225(58%),106(27%),55(14%),5(19%),13(48%),9(33%),"Hunan, China","Jun. 9, 2022"
Loma Lookboonmee,None,Women's Strawweight Division,9-3-0 (W-L-D),1,0,0,58%,50%,454,787,1,28,4.10,1.90,53%,0.00,2.48,0.14,73%,13:51,241(53%),177(39%),36(8%),164(36%),207(46%),83(18%),1(14%),6(86%),0(0%),Thailand,"Oct. 26, 2019"
Ange Loosa,"""The Last Ninja""",Welterweight Division,10-4-0 (W-L-D),5,1,6,45%,38%,454,1020,,34,5.60,2.41,53%,0.00,6.68,0.19,83%,13:30,358(79%),47(10%),49(11%),276(61%),87(19%),91(20%),5(50%),4(40%),1(10%),Congo - Kinshasa,"Apr. 16, 2022"
Bruno Lopes,None,Light Heavyweight Division,14-1-0 (W-L-D),6,5,7,44%,33%,81,186,5,15,2.89,2.68,60%,0.00,3.00,0.00,100%,09:20,55(68%),23(28%),3(4%),50(62%),18(22%),13(16%),6(43%),3(21%),5(36%),Brazil,"Jan. 11, 2025"
Diego Lopes,None,Featherweight Division,26-6-0 (W-L-D),10,12,15,54%,40%,251,469,,5,4.20,0.50,51%,0.75,4.11,2.76,53%,08:33,164(65%),29(12%),58(23%),183(73%),34(14%),34(14%),10(38%),4(15%),12(46%),"Manaus, Brazil","May. 6, 2023"
Dileno Lopes,None,Bantamweight Division,19-3-0 (W-L-D),0,0,0,36%,31%,71,196,,16,2.37,2.50,54%,0.00,3.33,1.50,100%,15:00,48(68%),20(28%),3(4%),46(65%),21(30%),4(6%),4(21%),3(16%),12(63%),"Manaus, Brazil","Aug. 1, 2015"
Gustavo Lopez,None,Bantamweight Division,12-6-1 (W-L-D),6,5,0,40%,42%,107,266,,12,2.48,1.74,57%,0.00,3.87,0.70,32%,10:48,83(78%),11(10%),13(12%),68(64%),24(22%),15(14%),6(50%),1(8%),5(42%),United States,"Jun. 13, 2020"
Jorge Lopez,None,Welterweight Division,11-3-0 (W-L-D),0,0,0,60%,41%,74,124,,17,2.47,3.50,51%,0.00,2.57,0.00,81%,15:00,35(47%),17(23%),22(30%),53(72%),11(15%),10(14%),0(0%),0(0%),0(0%),United States,"Sep. 17, 2011"
Steve Lopez,None,Lightweight Division,12-3-0 (W-L-D),0,0,0,24%,N/A,29,120,0,0,1.39,0.00,62%,0.00,2.69,0.00,38%,10:24,27(93%),0(0%),2(7%),10(34%),5(17%),14(48%),0(0%),0(0%),0(0%),"South Bend, United States","Sep. 19, 2009"
Benito Lopez,"""Golden Boy""",Bantamweight Division,10-2-0 (W-L-D),3,2,5,45%,N/A,233,513,0,0,4.39,0.00,56%,0.28,5.18,0.28,73%,10:37,194(83%),33(14%),6(3%),129(55%),43(18%),61(26%),3(30%),5(50%),2(20%),"Oroville, United States","Aug. 22, 2017"
Matthew Lopez,None,Bantamweight Division,10-5-0 (W-L-D),5,3,0,51%,60%,212,416,11,25,3.13,3.32,55%,0.00,3.73,1.33,71%,11:18,150(71%),7(3%),55(26%),141(67%),48(23%),23(11%),5(50%),2(20%),3(30%),"Safford, United States","Jul. 14, 2016"
Aaron Lott,None,None,None,0,0,0,N/A,N/A,0,0,0,0,N/A,N/A,N/A,N/A,N/A,N/A,N/A,N/A,N/A,N/A,N/A,N/A,N/A,N/A,0(0%),0(0%),0(0%),None,"Feb. 11, 2025"
Brendan Loughnane,None,Lightweight Division,16-4-0 (W-L-D),0,0,0,63%,30%,187,296,,10,6.23,1.50,54%,0.50,6.70,0.00,93%,15:00,169(90%),17(9%),1(1%),116(62%),18(10%),53(28%),0(0%),0(0%),0(0%),"Manchester, United Kingdom","Dec. 16, 2012"
Caolán Loughran,"""The Don""",Bantamweight Division,9-2-0 (W-L-D),5,2,3,45%,42%,43,96,,12,2.87,5.00,55%,0.00,5.80,0.00,N/A,15:00,33(77%),0(0%),10(23%),22(51%),12(28%),9(21%),5(56%),2(22%),2(22%),"Tyrone, Ireland","Sep. 2, 2023"
Nate Loughran,None,Middleweight Division,0-0-0 (W-L-D),0,0,0,40%,0%,26,65,,3,1.81,0.00,60%,0.00,4.11,2.09,N/A,07:11,25(96%),1(4%),0(0%),6(23%),12(46%),8(31%),0(0%),0(0%),0(0%),"Rohnert Park, United States","Jul. 19, 2008"
Ian Loveland,"""The Barn Owl""",Bantamweight Division,14-9-0 (W-L-D),0,0,0,40%,38%,122,304,,8,2.71,1.00,65%,0.67,2.36,0.33,70%,15:00,91(75%),13(11%),18(15%),99(81%),20(16%),3(2%),0(0%),0(0%),0(0%),United States,"Dec. 5, 2010"
Waylon Lowe,None,Lightweight Division,10-4-0 (W-L-D),0,0,0,56%,52%,88,156,,27,1.92,4.58,53%,0.00,2.81,0.33,83%,11:28,66(75%),7(8%),15(17%),80(91%),8(9%),0(0%),0(0%),0(0%),0(0%),"Jefferson City, United States","May. 29, 2010"
Joseph Lowry,None,Lightweight Division,7-2-0 (W-L-D),0,0,0,35%,0%,71,203,,2,3.97,0.00,63%,0.00,4.25,0.00,N/A,08:56,67(94%),4(6%),0(0%),42(59%),22(31%),7(10%),0(0%),0(0%),0(0%),"Philadelphia, United States","Feb. 11, 2025"
Robert Lucarelli,None,,0-0-0 (W-L-D),0,0,0,N/A,N/A,0,0,0,0,N/A,N/A,N/A,N/A,N/A,N/A,N/A,N/A,N/A,N/A,N/A,N/A,N/A,N/A,0(0%),0(0%),0(0%),United States,"Mar. 11, 1994"
Matt Lucas,"""Luke Duke""",Light Heavyweight Division,14-3-0 (W-L-D),0,0,0,49%,10%,19,39,,10,1.27,1.00,40%,0.00,3.93,0.00,N/A,15:00,14(74%),4(21%),1(5%),19(100%),0(0%),0(0%),0(0%),0(0%),0(0%),"Indianapolis, United States","Nov. 12, 2011"
Iasmin Lucindo,None,Women's Strawweight Division,17-5-0 (W-L-D),8,3,3,45%,58%,242,532,,19,3.52,2.40,67%,0.00,2.91,0.22,67%,13:44,208(86%),18(7%),16(7%),152(63%),70(29%),20(8%),8(47%),6(35%),3(18%),"Fortaleza, Brazil","Aug. 13, 2022"
Duane Ludwig,"""Bang""",Welterweight Division,29-14-0 (W-L-D),0,0,0,45%,25%,482,1080,,12,4.62,0.43,58%,0.43,3.05,0.14,59%,06:24,299(62%),145(30%),38(8%),271(56%),180(37%),31(6%),0(0%),0(0%),0(0%),United States,"Apr. 25, 2003"
Mike Lullo,None,Featherweight Division,8-3-0 (W-L-D),0,0,0,36%,11%,63,174,,18,2.48,1.18,40%,0.00,4.84,0.59,N/A,12:43,46(73%),17(27%),0(0%),16(25%),10(16%),37(59%),0(0%),0(0%),0(0%),United States,"Nov. 21, 2010"
Qiu Lun,None,Flyweight Division,1-2-0 (W-L-D),0,0,0,46%,18%,158,341,,11,3.51,0.67,67%,0.33,1.78,0.00,69%,15:00,142(90%),9(6%),7(4%),76(48%),48(30%),34(22%),0(0%),0(0%),0(0%),"Sichuan, China","Jun. 9, 2022"
Dalcha Lungiambula,"""Champion""",Middleweight Division,11-6-0 (W-L-D),5,1,3,45%,45%,215,477,4,22,3.07,2.14,53%,0.21,3.93,0.00,78%,10:00,118(55%),45(21%),52(24%),141(66%),60(28%),14(7%),5(45%),5(45%),1(9%),"Kinshasa City, Congo - Kinshasa","Jun. 29, 2019"
Vicente Luque,"""The Silent Assassin""",Welterweight Division,23-10-1 (W-L-D),11,9,14,52%,54%,1069,2057,6,26,5.05,0.99,53%,0.71,5.22,0.71,63%,09:37,941(88%),62(6%),66(6%),651(61%),143(13%),275(26%),11(48%),3(13%),9(39%),"Westwood, United States","Jul. 12, 2015"
Thaddeus Luster,None,,0-0-0 (W-L-D),0,0,0,N/A,N/A,0,0,0,0,N/A,N/A,N/A,N/A,N/A,N/A,N/A,N/A,N/A,N/A,N/A,N/A,N/A,N/A,0(0%),0(0%),0(0%),United States,"Mar. 11, 1994"
Travis Lutter,"""The Serial Killer""",Middleweight Division,12-5-0 (W-L-D),0,0,0,32%,24%,19,59,,25,0.41,1.95,43%,0.32,2.42,0.65,30%,07:43,5(26%),5(26%),9(47%),13(68%),6(32%),0(0%),0(0%),0(0%),0(0%),"Chamberlain, United States","Oct. 22, 2004"
Tucker Lutz,"""Top Gun""",Featherweight Division,12-4-0 (W-L-D),6,2,4,47%,44%,310,661,4,25,3.74,1.99,44%,0.00,3.25,0.18,69%,13:48,255(82%),30(10%),25(8%),168(54%),78(25%),64(21%),6(50%),4(33%),2(17%),United States,"May. 15, 2021"
Stevie Lynch,"""Smiling Assassin""",Welterweight Division,4-0-0 (W-L-D),0,0,0,25%,N/A,7,28,0,0,2.47,0.00,41%,0.00,7.06,0.00,N/A,02:50,7(100%),0(0%),0(0%),5(71%),1(14%),1(14%),0(0%),0(0%),0(0%),None,"Jun. 16, 2007"
Chris Lytle,"""Lights Out""",Welterweight Division,41-18-4 (W-L-D),0,0,0,45%,55%,883,1948,,20,3.76,0.70,58%,0.13,3.03,2.36,55%,10:40,630(71%),178(20%),75(8%),557(63%),258(29%),68(8%),0(0%),0(0%),0(0%),"Indianapolis, United States","Nov. 17, 2000"
Dong Hyun Ma,"""Maestro""",Lightweight Division,16-11-3 (W-L-D),0,0,0,49%,44%,424,865,39,89,2.12,2.93,59%,0.30,1.89,0.60,72%,11:05,155(37%),84(20%),185(44%),327(77%),44(10%),53(13%),0(0%),0(0%),0(0%),South Korea,"May. 24, 2008"
Pawan Maan,None,Lightweight Division,0-1-0 (W-L-D),0,0,0,44%,N/A,11,25,0,0,0.89,0.00,43%,0.00,2.98,0.00,N/A,12:24,8(73%),2(18%),1(9%),8(73%),3(27%),0(0%),0(0%),0(0%),0(0%),India,"Jun. 9, 2022"
William Macario,"""Patolino""",Welterweight Division,8-3-0 (W-L-D),0,0,0,55%,45%,200,364,,11,4.92,1.85,66%,0.00,3.96,0.00,79%,10:09,139(70%),47(24%),14(7%),126(63%),35(18%),39(20%),6(75%),1(13%),1(13%),United States,"Jun. 8, 2013"
Ryan MacDonald,"""Main Event""",Bantamweight Division,10-2-0 (W-L-D),3,3,0,29%,0%,45,155,,3,2.28,0.00,46%,0.00,6.49,0.00,N/A,09:52,45(100%),0(0%),0(0%),24(53%),7(16%),14(31%),3(30%),4(40%),3(30%),"North Platte, United States","Mar. 23, 2019"
Rory MacDonald,"""Red King""",Welterweight Division,18-4-0 (W-L-D),0,0,0,42%,48%,667,1570,,44,3.75,1.77,62%,0.08,2.80,0.42,89%,13:42,509(76%),55(8%),103(15%),499(75%),125(19%),43(6%),0(0%),0(0%),0(0%),"Quesnel, Canada","Jan. 11, 2010"
Rob MacDonald,"""Maximus""",Light Heavyweight Division,4-3-0 (W-L-D),0,0,0,50%,80%,15,30,,5,1.80,7.19,47%,0.00,2.04,5.39,80%,02:47,4(27%),2(13%),9(60%),13(87%),0(0%),2(13%),0(0%),0(0%),0(0%),"Capreol, Canada","Mar. 4, 2006"
Jason MacDonald,"""The Athlete""",Middleweight Division,26-16-0 (W-L-D),0,0,0,53%,16%,130,246,,49,1.55,1.43,47%,0.00,2.70,1.97,35%,05:59,24(18%),61(47%),45(35%),50(38%),20(15%),60(46%),0(0%),0(0%),0(0%),"New Glasgow, Canada","Oct. 10, 2006"
Veronica Hardy ,None,Women's Flyweight Division,9-5-1 (W-L-D),1,2,2,45%,41%,351,773,1,17,3.12,0.93,49%,0.00,3.48,0.27,56%,12:29,261(74%),44(13%),46(13%),224(64%),69(20%),58(17%),1(11%),6(67%),2(22%),Venezuela,"Sep. 3, 2016"
Valesca Machado,"""Tina Black""",Women's Strawweight Division,0-1-0 (W-L-D),0,0,0,33%,N/A,36,110,0,0,2.40,0.00,64%,0.00,2.87,0.00,77%,15:00,30(83%),6(17%),0(0%),25(69%),7(19%),4(11%),0(0%),0(0%),0(0%),None,"Feb. 11, 2025"
Caio Machado,"""Bigfoot""",Light Heavyweight Division,8-4-1 (W-L-D),4,2,6,54%,0%,349,648,,1,5.82,0.00,64%,0.00,2.87,0.00,82%,15:00,311(89%),36(10%),2(1%),137(39%),132(38%),80(23%),4(50%),2(25%),2(25%),"State of São Paulo, Brazil","Nov. 18, 2023"
Ian Machado Garry,"""The Future""",Welterweight Division,15-1-0 (W-L-D),7,1,4,55%,55%,577,1050,,11,4.72,0.74,52%,0.49,2.82,0.49,74%,13:35,518(90%),30(5%),29(5%),316(55%),121(21%),140(24%),7(47%),7(47%),1(7%),"Dublin, Ireland","Nov. 6, 2021"
Lyoto Machida,"""The Dragon""",Middleweight Division,24-8-0 (W-L-D),0,0,0,53%,65%,964,1810,,46,2.59,1.21,62%,0.69,1.57,0.40,76%,11:37,628(65%),127(13%),209(22%),511(53%),232(24%),221(23%),0(0%),0(0%),0(0%),"Salvador, Brazil","Feb. 3, 2007"
Pauline Macias,None,Women's Strawweight Division,0-1-0 (W-L-D),0,0,0,29%,18%,12,41,,11,0.80,2.00,43%,0.00,4.60,0.00,N/A,15:00,10(83%),2(17%),0(0%),8(67%),4(33%),0(0%),0(0%),0(0%),0(0%),"Los Angeles, United States","Feb. 11, 2025"
Anthony Macias,None,,0-0-0 (W-L-D),0,0,0,N/A,N/A,0,0,0,0,N/A,N/A,N/A,N/A,N/A,N/A,N/A,N/A,N/A,N/A,N/A,N/A,N/A,N/A,0(0%),0(0%),0(0%),United States,"Dec. 16, 1994"
Reza Madadi,"""Mad Dog""",Lightweight Division,14-6-0 (W-L-D),0,0,0,47%,34%,226,486,19,56,2.51,3.17,67%,0.00,3.31,0.50,89%,12:51,143(63%),48(21%),35(15%),186(82%),33(15%),7(3%),2(15%),3(23%),8(62%),"Teheran, Iran","Apr. 14, 2012"
Don Madge,"""Magic Man""",Lightweight Division,9-3-1 (W-L-D),5,3,0,53%,25%,42,80,,12,2.08,2.22,67%,1.48,0.74,0.74,80%,10:07,20(48%),6(14%),16(38%),25(60%),12(29%),5(12%),5(56%),1(11%),3(33%),"Cape Town, South Africa","Oct. 27, 2018"
Ryan Madigan,"""The Lion""",Welterweight Division,5-1-0 (W-L-D),0,0,0,0%,N/A,0,2,0,0,0.00,0.00,48%,0.00,3.35,0.00,N/A,03:35,0(0%),0(0%),0(0%),0(0%),0(0%),0(0%),0(0%),0(0%),0(0%),"Orrville, United States","Mar. 7, 2009"
Victor Madrigal,None,Bantamweight Division,0-1-0 (W-L-D),0,0,0,39%,0%,7,18,,1,2.31,0.00,51%,0.00,9.56,0.00,N/A,03:02,7(100%),0(0%),0(0%),5(71%),1(14%),1(14%),0(0%),0(0%),0(0%),None,"Feb. 11, 2025"
Mark Madsen,"""The Olympian""",Lightweight Division,12-2-0 (W-L-D),3,3,6,49%,67%,224,453,1,18,3.56,2.86,52%,0.00,3.97,0.00,63%,10:30,144(64%),44(20%),36(16%),167(75%),33(15%),24(11%),3(25%),6(50%),3(25%),Denmark,"Sep. 28, 2019"
Jon Madsen,None,Heavyweight Division,7-1-0 (W-L-D),0,0,0,41%,71%,140,341,,7,2.46,1.32,81%,0.00,1.18,0.00,70%,11:22,80(57%),34(24%),26(19%),100(71%),18(13%),22(16%),0(0%),0(0%),0(0%),"Orange County, United States","Dec. 5, 2009"
Leonardo Mafra,"""Macarrão""",Lightweight Division,12-3-0 (W-L-D),0,0,0,48%,83%,161,332,,6,4.55,2.12,44%,0.00,4.38,0.42,69%,08:51,129(80%),14(9%),18(11%),97(60%),24(15%),40(25%),8(67%),3(25%),1(8%),"Balneario Camboriu, Brazil","Jun. 24, 2012"
Bernardo Magalhaes,"""Trekko""",Lightweight Division,11-3-0 (W-L-D),0,0,0,27%,0%,54,200,,18,1.80,0.00,68%,0.00,3.37,0.50,N/A,15:00,54(100%),0(0%),0(0%),27(50%),9(17%),18(33%),0(0%),0(0%),0(0%),Brazil,"Feb. 15, 2012"
Caio Magalhaes,"""Hellboy""",Middleweight Division,9-3-0 (W-L-D),0,0,0,40%,15%,129,321,,26,2.27,1.05,56%,0.53,2.78,1.58,58%,08:08,77(60%),28(22%),24(19%),72(56%),30(23%),27(21%),3(33%),3(33%),3(33%),"Sobra, Brazil","Jun. 9, 2012"
Vinny Magalhaes,"""Pezao""",Light Heavyweight Division,11-7-0 (W-L-D),0,0,0,24%,44%,83,339,,9,2.14,1.55,68%,0.00,3.97,0.77,67%,07:45,60(72%),12(14%),11(13%),39(47%),25(30%),19(23%),0(0%),0(0%),0(0%),"Rio de Janeiro, Brazil","Dec. 13, 2008"
Angela Magana,"""Your Majesty""",Women's Strawweight Division,11-9-0 (W-L-D),0,0,0,29%,25%,57,200,,4,1.53,0.40,42%,0.00,4.92,0.40,29%,12:24,48(84%),8(14%),1(2%),13(23%),19(33%),25(44%),2(18%),3(27%),6(55%),"Los Angeles, United States","Dec. 12, 2014"
Neil Magny,"""The Haitian Sensation""",Welterweight Division,29-14-0 (W-L-D),8,4,0,46%,39%,1428,3077,41,153,3.43,2.12,52%,0.07,2.48,0.25,54%,12:16,830(58%),265(19%),333(23%),999(70%),275(19%),154(11%),8(28%),17(59%),4(14%),"Brooklyn, United States","Feb. 23, 2013"
Raimond Magomedaliev,None,Welterweight Division,0-1-0 (W-L-D),0,0,0,42%,0%,60,143,,3,4.07,0.00,42%,0.00,4.75,0.00,N/A,14:45,52(87%),8(13%),0(0%),18(30%),16(27%),26(43%),0(0%),0(0%),0(0%),None,"Feb. 11, 2025"
Abus Magomedov,None,Middleweight Division,27-6-1 (W-L-D),14,7,15,44%,65%,140,318,,17,2.65,3.12,56%,0.28,3.35,0.28,100%,10:35,123(88%),4(3%),13(9%),71(51%),46(33%),23(16%),14(52%),6(22%),7(26%),"Argun, Russia","Sep. 3, 2022"
Ruslan Magomedov,"""Leopard""",Heavyweight Division,14-1-0 (W-L-D),0,0,0,48%,100%,181,378,1,1,4.02,0.33,66%,0.33,1.47,0.00,89%,15:00,158(87%),22(12%),1(1%),122(67%),34(19%),25(14%),4(29%),8(57%),2(14%),"Dagestan Republic, Russia","May. 31, 2014"
Rashid Magomedov,"""Goretz""",Lightweight Division,20-2-0 (W-L-D),0,0,0,49%,57%,396,807,4,7,4.40,0.67,55%,0.83,3.05,0.17,89%,15:00,326(82%),48(12%),22(6%),212(54%),118(30%),66(17%),8(42%),10(53%),1(5%),"Dagestan Republic, Russia","Feb. 2, 2014"
Shara Magomedov,"""Bullet""",Middleweight Division,15-1-0 (W-L-D),12,0,7,62%,N/A,395,633,0,0,5.87,0.00,43%,0.45,4.13,0.00,73%,13:28,329(83%),42(11%),24(6%),168(43%),123(31%),104(26%),12(80%),3(20%),0(0%),"Republic of Dagestan, Russia","Oct. 21, 2023"
Zabit Magomedsharipov,None,Featherweight Division,18-1-0 (W-L-D),6,7,0,48%,56%,380,784,23,48,4.89,5.22,65%,0.00,3.00,0.77,78%,12:56,308(81%),15(4%),57(15%),252(66%),50(13%),78(21%),6(14%),31(70%),7(16%),"Dagestan Republic, Russia","Sep. 2, 2017"
John Maguire,"""The One""",Lightweight Division,18-6-0 (W-L-D),0,0,0,42%,46%,98,236,,28,1.41,2.80,65%,0.00,2.44,1.08,78%,13:56,64(65%),15(15%),19(19%),74(76%),12(12%),12(12%),0(0%),0(0%),0(0%),United Kingdom,"Nov. 5, 2011"
Maheshate,None,Lightweight Division,10-4-0 (W-L-D),4,1,2,29%,0%,266,907,,2,3.86,0.00,54%,0.44,5.64,0.00,45%,11:29,253(95%),12(5%),1(0%),168(63%),58(22%),40(15%),4(40%),5(50%),1(10%),"Xinjiang, China","Jun. 11, 2022"
Bill Mahood,"""The Butcher""",Light Heavyweight Division,12-3-1 (W-L-D),0,0,0,100%,N/A,1,1,0,0,0.43,0.00,18%,0.00,6.09,0.00,N/A,02:18,1(100%),0(0%),0(0%),0(0%),0(0%),1(100%),0(0%),0(0%),0(0%),"Prince George, Canada","Jun. 4, 2005"
Nayara Maia,None,Women's Flyweight Division,0-1-0 (W-L-D),0,0,0,36%,33%,9,25,,3,0.60,1.00,44%,0.00,3.33,1.00,N/A,15:00,8(89%),1(11%),0(0%),4(44%),2(22%),3(33%),0(0%),0(0%),0(0%),None,"Feb. 11, 2025"
Jennifer Maia,None,Women's Flyweight Division,21-10-1 (W-L-D),4,5,6,39%,28%,781,2022,,18,4.35,0.42,56%,0.00,4.52,0.08,59%,14:57,664(85%),111(14%),6(1%),565(72%),110(14%),106(14%),4(20%),11(55%),5(25%),"Curitiba, Brazil","Jul. 14, 2018"
Demian Maia,None,Welterweight Division,28-11-0 (W-L-D),3,14,0,44%,25%,739,1696,60,274,1.80,2.49,64%,0.04,2.07,0.99,62%,12:25,371(50%),89(12%),279(38%),592(80%),108(15%),39(5%),3(11%),11(39%),14(50%),"Sao Paulo, Brazil","Oct. 20, 2007"
Roshan Mainam,None,Featherweight Division,0-0-0 (W-L-D),0,0,0,N/A,N/A,0,0,0,0,N/A,N/A,N/A,N/A,N/A,N/A,N/A,00:00,0(0%),0(0%),0(0%),0(0%),0(0%),0(0%),0(0%),0(0%),0(0%),None,"Feb. 10, 2025"
Levan Makashvili,"""The Hornet""",Featherweight Division,10-2-1 (W-L-D),0,0,0,55%,42%,129,236,,26,2.87,3.67,61%,0.00,2.07,0.00,85%,15:00,59(46%),57(44%),13(10%),59(46%),46(36%),24(19%),5(50%),5(50%),0(0%),"Gori, United States","May. 16, 2015"
John Makdessi,"""The Bull""",Lightweight Division,18-9-0 (W-L-D),9,0,5,50%,0%,1340,2690,,4,5.52,0.00,68%,0.37,4.15,0.00,86%,12:08,1249(93%),64(5%),27(2%),678(51%),325(24%),337(25%),9(50%),9(50%),0(0%),"Halifax, Canada","Dec. 12, 2010"
Islam Makhachev,None,Lightweight Division,27-1-0 (W-L-D),5,13,0,59%,54%,455,773,13,69,2.63,3.20,61%,0.35,1.55,1.13,91%,10:12,258(57%),86(19%),111(24%),330(73%),108(24%),17(4%),5(19%),9(33%),13(48%),"Dagestan Republic, Russia","May. 23, 2015"
Bilyal Makhov,None,None,None,0,0,0,N/A,N/A,0,0,0,0,N/A,N/A,N/A,N/A,N/A,N/A,N/A,N/A,N/A,N/A,N/A,N/A,N/A,N/A,0(0%),0(0%),0(0%),"USSR, Russia","Feb. 11, 2025"
Zach Makovsky,"""Fun Size""",Flyweight Division,19-8-0 (W-L-D),0,0,0,43%,31%,204,474,,85,1.94,3.71,62%,0.00,2.24,0.29,57%,15:00,142(70%),29(14%),33(16%),119(58%),38(19%),47(23%),1(6%),11(61%),6(33%),"Easton, United States","Dec. 15, 2013"
Azat Maksum,"""Qazaq""",Flyweight Division,17-1-0 (W-L-D),5,7,6,24%,22%,84,352,2,18,2.80,2.00,56%,0.50,5.23,0.50,67%,15:00,82(98%),2(2%),0(0%),58(69%),18(21%),8(10%),5(29%),5(29%),7(41%),Kazakhstan,"Jul. 15, 2023"
Fabio Maldonado,"""Caipira de Aco""",Light Heavyweight Division,22-9-0 (W-L-D),0,0,0,59%,57%,717,1218,,7,5.29,0.44,54%,0.11,4.31,0.55,62%,12:19,483(67%),183(26%),51(7%),456(64%),257(36%),4(1%),0(0%),0(0%),0(0%),"Sorocaba, Brazil","Oct. 16, 2010"
Bea Malecki,None,Women's Bantamweight Division,4-1-0 (W-L-D),1,2,0,46%,N/A,184,400,0,0,6.84,0.00,62%,0.00,6.96,1.12,79%,08:58,160(87%),11(6%),13(7%),117(64%),51(28%),16(9%),1(25%),1(25%),2(50%),"Stockholm, Sweden","Jun. 1, 2019"
Nazareno Malegarie,"""El Tigre""",Lightweight Division,28-5-0 (W-L-D),0,0,0,35%,33%,58,166,,3,3.87,1.00,70%,0.00,3.27,0.00,N/A,15:00,55(95%),3(5%),0(0%),49(84%),8(14%),1(2%),8(30%),3(11%),16(59%),Argentina,"Sep. 5, 2015"
Jacob Malkoun,"""Mamba""",Middleweight Division,8-3-0 (W-L-D),3,0,1,56%,42%,271,483,14,73,3.86,6.62,53%,0.00,2.48,0.43,20%,10:02,159(59%),12(4%),100(37%),245(90%),22(8%),4(1%),3(38%),5(63%),0(0%),"Bankstown, Australia","Oct. 24, 2020"
Mike Malott,"""Proper""",Welterweight Division,11-2-1 (W-L-D),4,6,9,47%,56%,229,492,,16,3.85,2.27,53%,0.50,3.06,0.76,17%,08:29,185(81%),9(4%),35(15%),130(57%),53(23%),46(20%),4(36%),1(9%),6(55%),"Cleveland, United States","Apr. 9, 2022"
Troy Mandaloniz,"""Rude Boy""",Welterweight Division,3-2-0 (W-L-D),0,0,0,57%,67%,68,120,,6,3.52,3.10,63%,1.55,4.71,0.00,57%,09:40,41(60%),21(31%),6(9%),47(69%),5(7%),16(24%),0(0%),0(0%),0(0%),"Hilo, United States","Dec. 9, 2007"
Nate Maness,"""Mayhem""",Flyweight Division,16-3-0 (W-L-D),6,3,5,50%,75%,209,416,3,4,3.14,0.68,43%,0.45,3.88,0.68,80%,09:30,126(60%),40(19%),43(21%),154(74%),42(20%),13(6%),6(40%),6(40%),3(20%),"Jackson, United States","Aug. 1, 2020"
Gary Mangat,None,Flyweight Division,0-0-0 (W-L-D),0,0,0,N/A,N/A,0,0,0,0,N/A,N/A,N/A,N/A,N/A,N/A,N/A,00:00,0(0%),0(0%),0(0%),0(0%),0(0%),0(0%),0(0%),0(0%),0(0%),None,"Feb. 11, 2025"
Jon Manley,None,Welterweight Division,7-3-0 (W-L-D),0,0,0,20%,8%,17,85,,13,1.13,1.00,46%,0.00,4.33,0.00,20%,15:00,12(71%),5(29%),0(0%),12(71%),2(12%),3(18%),0(0%),0(0%),0(0%),"Adams, United States","Feb. 23, 2013"
Marnic Mann,"""The Sawed-Off Savage""",Women's Strawweight Division,6-3-0 (W-L-D),3,1,2,41%,33%,58,140,,15,1.47,1.90,31%,0.00,5.08,0.38,25%,13:11,52(90%),5(9%),1(2%),20(34%),8(14%),30(52%),3(50%),2(33%),1(17%),"Kalispell, United States","Sep. 16, 2023"
Jimi Manuwa,"""Poster Boy""",Light Heavyweight Division,17-6-0 (W-L-D),15,1,0,54%,19%,289,533,3,16,3.43,0.53,49%,0.53,3.97,0.36,71%,07:02,180(62%),104(36%),5(2%),119(41%),80(28%),90(31%),15(88%),1(6%),1(6%),"Sacramento, United States","Sep. 29, 2012"
William Marcario,"""Patolino""",None,None,0,0,0,N/A,N/A,0,0,0,0,N/A,N/A,N/A,N/A,N/A,N/A,N/A,N/A,N/A,N/A,N/A,N/A,N/A,N/A,0(0%),0(0%),0(0%),Brazil,"Feb. 11, 2025"
Cristiano Marcello,None,Lightweight Division,13-6-0 (W-L-D),0,0,0,34%,12%,170,507,,17,3.21,0.57,58%,0.00,4.63,0.28,20%,13:13,151(89%),17(10%),2(1%),117(69%),32(19%),21(12%),2(15%),2(15%),9(69%),"Rio de Janeiro, Brazil","Jun. 2, 2012"
Daniel Marcos,"""Soncora""",Bantamweight Division,17-0-0 (W-L-D),8,0,3,54%,50%,447,834,,6,5.90,0.59,62%,0.59,4.25,0.00,88%,12:38,388(87%),49(11%),10(2%),291(65%),73(16%),83(19%),8(47%),9(53%),0(0%),"Lima, Peru","Jan. 21, 2023"
Jose Maria,"""No Chance""",Flyweight Division,33-5-0 (W-L-D),0,0,0,53%,27%,62,116,,11,3.20,2.32,52%,0.00,3.98,2.32,33%,09:41,47(76%),12(19%),3(5%),22(35%),8(13%),32(52%),15(45%),5(15%),13(39%),"Limoeira do Norte, Brazil","Aug. 4, 2013"
Enrique Marin,"""Wasabi""",Welterweight Division,9-4-0 (W-L-D),0,0,0,33%,38%,43,130,,13,1.43,2.50,51%,0.00,3.00,1.00,60%,15:00,36(84%),5(12%),2(5%),28(65%),5(12%),10(23%),0(0%),3(33%),6(67%),"Huntington Beach, United States","Nov. 21, 2015"
Jesse Mariotti,"""Slap Papi""",None,None,0,0,0,N/A,N/A,0,0,0,0,N/A,N/A,N/A,N/A,N/A,N/A,N/A,N/A,N/A,N/A,N/A,N/A,N/A,N/A,0(0%),0(0%),0(0%),None,"Feb. 11, 2025"
Chepe Mariscal,None,Featherweight Division,17-6-0 (W-L-D),6,3,5,57%,39%,253,441,4,28,4.75,3.09,50%,0.00,3.24,0.28,73%,13:20,122(48%),63(25%),68(27%),166(66%),45(18%),42(17%),6(35%),8(47%),3(18%),"Cicero, United States","Jun. 24, 2023"
Ronny Markes,None,Middleweight Division,14-3-0 (W-L-D),0,0,0,53%,40%,125,234,,30,2.17,3.13,46%,0.00,2.43,0.52,100%,11:30,65(52%),38(30%),22(18%),50(40%),27(22%),48(38%),5(36%),5(36%),4(29%),Brazil,"Aug. 15, 2011"
Rory Markham,None,Welterweight Division,16-6-0 (W-L-D),0,0,0,22%,N/A,11,51,0,0,1.98,0.00,45%,2.70,10.27,0.00,N/A,01:51,8(73%),3(27%),0(0%),8(73%),2(18%),1(9%),0(0%),0(0%),0(0%),"Oak Lawn, United States","Jul. 19, 2008"
Randa Markos,"""Quiet Storm""",Women's Strawweight Division,11-12-1 (W-L-D),0,4,0,44%,29%,674,1544,13,59,2.97,1.12,59%,0.00,3.10,0.20,53%,12:37,410(61%),143(21%),121(18%),513(76%),76(11%),85(13%),0(0%),22(85%),4(15%),"Baghdad, Iraq","Dec. 12, 2014"
Christina Marks,None,Women's Flyweight Division,8-9-0 (W-L-D),0,0,0,59%,100%,10,17,,1,5.00,7.50,65%,0.00,3.00,0.00,N/A,02:00,7(70%),3(30%),0(0%),6(60%),2(20%),2(20%),3(38%),3(38%),2(25%),"San Diego, United States","Dec. 1, 2017"
Brendon Marotte,"""The Kid """,Featherweight Division,13-1-1 (W-L-D),6,5,7,50%,N/A,4,8,0,0,0.41,0.00,29%,0.00,5.70,0.00,N/A,04:50,3(75%),0(0%),1(25%),2(50%),1(25%),1(25%),6(46%),2(15%),5(38%),United States,"Oct. 14, 2023"
Nate Marquardt,"""The Great""",Middleweight Division,38-19-2 (W-L-D),0,0,0,49%,51%,762,1543,,68,2.71,1.87,56%,0.69,2.32,0.85,71%,10:24,483(63%),145(19%),134(18%),444(58%),159(21%),159(21%),0(0%),0(0%),0(0%),United States,"Aug. 6, 2005"
Danilo Marques,None,Light Heavyweight Division,11-4-0 (W-L-D),4,5,0,80%,29%,55,69,,35,1.44,3.93,52%,0.00,2.52,0.79,N/A,09:32,27(49%),0(0%),28(51%),40(73%),12(22%),3(5%),4(36%),2(18%),5(45%),"São Paulo, Brazil","Sep. 26, 2020"
Julian Marquez,"""The Cuban Missile Crisis""",Middleweight Division,9-5-0 (W-L-D),6,3,4,45%,0%,312,693,,6,4.85,0.00,51%,0.47,5.06,2.57,53%,08:02,199(64%),67(21%),46(15%),243(78%),50(16%),19(6%),6(67%),0(0%),3(33%),"Kansas City, United States","Aug. 1, 2017"
Carmelo Marrero,"""The Fury""",Light Heavyweight Division,10-2-1 (W-L-D),0,0,0,34%,37%,43,125,,30,0.84,3.21,54%,0.00,2.04,0.87,36%,10:18,19(44%),1(2%),23(53%),22(51%),15(35%),6(14%),0(0%),0(0%),0(0%),"Douglasville, United States","Oct. 14, 2006"
Dallas Marron,"""El Tigre""",None,None,0,0,0,N/A,N/A,0,0,0,0,N/A,N/A,N/A,N/A,N/A,N/A,N/A,N/A,N/A,N/A,N/A,N/A,N/A,N/A,0(0%),0(0%),0(0%),None,"Feb. 9, 2024"
Cesar Marscucci,None,Lightweight Division,0-0-0 (W-L-D),0,0,0,N/A,N/A,0,0,0,0,N/A,N/A,N/A,N/A,N/A,N/A,N/A,N/A,N/A,N/A,N/A,N/A,N/A,N/A,0(0%),0(0%),0(0%),Brazil,"Feb. 11, 2025"
John Marsh,"""The Bull""",Heavyweight Division,12-4-0 (W-L-D),0,0,0,51%,100%,18,35,,1,1.20,1.00,40%,1.00,5.20,1.00,55%,15:00,5(28%),9(50%),4(22%),8(44%),6(33%),4(22%),0(0%),0(0%),0(0%),"Torrance, United States","Apr. 16, 2005"
Francis Marshall,"""Fire""",Featherweight Division,8-2-0 (W-L-D),1,4,2,34%,42%,207,602,1,24,3.69,2.68,54%,0.54,4.16,0.54,50%,11:12,184(89%),5(2%),18(9%),184(89%),13(6%),10(5%),1(13%),3(38%),4(50%),"Brick Township, United States","Dec. 3, 2022"
Eliot Marshall,"""The Fire""",Light Heavyweight Division,11-5-0 (W-L-D),0,0,0,27%,33%,123,455,,6,1.93,0.47,68%,0.24,2.39,0.94,79%,10:37,105(85%),13(11%),5(4%),81(66%),22(18%),20(16%),0(0%),0(0%),0(0%),"Franklinville, United States","Dec. 13, 2008"
Doug Marshall,"""The Rhino""",Light Heavyweight Division,7-2-0 (W-L-D),0,0,0,51%,N/A,38,74,0,0,7.97,0.00,62%,3.15,6.29,6.29,N/A,02:29,20(53%),18(47%),0(0%),22(58%),4(11%),12(32%),0(0%),0(0%),0(0%),"Visalia, United States","Feb. 11, 2025"
Jack Marshman,"""The Hammer""",Middleweight Division,23-10-0 (W-L-D),13,0,0,26%,N/A,224,875,0,0,2.74,0.00,57%,0.55,4.19,0.00,20%,10:13,209(93%),5(2%),10(4%),144(64%),50(22%),30(13%),13(57%),5(22%),5(22%),"Abertillery, United Kingdom","Nov. 19, 2016"
Mallory Martin,None,Women's Strawweight Division,7-5-0 (W-L-D),2,2,0,49%,44%,204,417,,16,4.42,2.28,55%,0.00,6.64,0.33,25%,09:13,166(81%),21(10%),17(8%),173(85%),28(14%),3(1%),2(29%),3(43%),2(29%),"Denver, United States","Dec. 1, 2019"
Justin Martin,None,None,None,0,0,0,N/A,N/A,0,0,0,0,N/A,N/A,N/A,N/A,N/A,N/A,N/A,N/A,N/A,N/A,N/A,N/A,N/A,N/A,0(0%),0(0%),0(0%),None,"Feb. 11, 2025"
Anthony Rocco Martin,None,Welterweight Division,17-6-0 (W-L-D),1,9,0,37%,27%,511,1374,8,33,2.68,0.71,58%,0.16,2.59,1.02,69%,12:43,428(84%),42(8%),41(8%),371(73%),47(9%),93(18%),1(6%),6(38%),9(56%),"Palos Heights, United States","Feb. 2, 2014"
Eric Martin,None,Heavyweight Division,1-0-0 (W-L-D),0,0,0,N/A,N/A,0,0,0,0,N/A,N/A,N/A,N/A,N/A,N/A,N/A,N/A,N/A,N/A,N/A,N/A,N/A,N/A,0(0%),0(0%),0(0%),United States,"Feb. 7, 1997"
Terry Martin,None,Middleweight Division,18-4-0 (W-L-D),0,0,0,44%,42%,191,436,,33,2.82,3.10,54%,0.66,3.13,0.00,92%,06:46,70(37%),77(40%),44(23%),110(58%),57(30%),24(13%),0(0%),0(0%),0(0%),"Chicago, United States","Aug. 20, 2005"
Michal Martinek,"""Blackbeard""",Heavyweight Division,0-0-0 (W-L-D),0,0,0,53%,0%,8,15,,1,2.45,0.00,52%,0.00,4.29,0.00,N/A,03:16,5(63%),3(38%),0(0%),4(50%),0(0%),4(50%),0(0%),0(0%),0(0%),None,"Feb. 10, 2025"
Mana Martinez,"""ManaBoi""",Bantamweight Division,10-4-0 (W-L-D),8,0,5,49%,43%,270,552,2,7,4.33,0.72,50%,0.96,4.94,0.48,25%,12:28,249(92%),8(3%),13(5%),145(54%),79(29%),46(17%),8(80%),2(20%),0(0%),"Houston, United States","Aug. 21, 2021"
Victor Martinez,"""The Brick""",Lightweight Division,13-6-0 (W-L-D),8,0,3,52%,33%,169,326,,3,7.94,0.70,54%,0.70,7.66,0.00,80%,07:06,161(95%),7(4%),1(1%),80(47%),45(27%),44(26%),8(62%),5(38%),0(0%),"San Juan, United States","Feb. 25, 2023"
Roque Martinez,None,Heavyweight Division,15-8-2 (W-L-D),8,3,0,54%,50%,129,240,,2,3.28,0.38,56%,0.00,4.90,0.38,54%,13:07,99(77%),30(23%),0(0%),81(63%),31(24%),17(13%),8(53%),4(27%),3(20%),"Tamuning, United States","Sep. 12, 2020"
Melissa Martinez,"""Super Mely""",Women's Strawweight Division,8-1-0 (W-L-D),5,0,3,52%,50%,117,223,1,2,3.90,0.50,56%,0.00,4.33,0.00,25%,15:00,109(93%),6(5%),2(2%),43(37%),35(30%),39(33%),5(63%),3(38%),0(0%),Mexico,"Sep. 10, 2022"
David Martinez,None,Bantamweight Division,1-0-0 (W-L-D),0,0,0,49%,0%,79,161,,1,5.27,0.00,67%,0.00,3.07,0.00,100%,15:00,77(97%),2(3%),0(0%),42(53%),5(6%),32(41%),0(0%),0(0%),0(0%),"Mexico City, Mexico","Feb. 11, 2025"
Henry Martinez,"""Sicario""",Lightweight Division,9-3-0 (W-L-D),0,0,0,25%,0%,106,417,,3,2.79,0.00,60%,0.00,4.01,0.00,80%,12:39,102(96%),4(4%),0(0%),79(75%),5(5%),22(21%),0(0%),0(0%),0(0%),United States,"Feb. 4, 2012"
Danny Martinez,"""The Gremlin""",Flyweight Division,18-7-0 (W-L-D),0,0,0,29%,45%,205,709,,33,2.73,3.00,64%,0.20,3.77,0.00,37%,15:00,151(74%),42(20%),12(6%),134(65%),66(32%),5(2%),8(44%),6(33%),4(22%),United States,"Feb. 2, 2014"
Rainy Martinez,None,Lightweight Division,0-0-0 (W-L-D),0,0,0,N/A,N/A,0,0,0,0,N/A,N/A,N/A,N/A,N/A,N/A,N/A,N/A,N/A,N/A,N/A,N/A,N/A,N/A,0(0%),0(0%),0(0%),"Tucson, United States","Feb. 7, 1997"
Jonathan Martinez,"""Dragon""",Bantamweight Division,19-6-0 (W-L-D),9,2,3,50%,36%,887,1789,1,14,4.44,0.38,57%,0.68,4.09,0.08,68%,13:19,731(82%),62(7%),94(11%),494(56%),194(22%),199(22%),9(47%),8(42%),2(11%),"Los Angeles, United States","Oct. 27, 2018"
Lucas Martins,"""Mineiro""",Featherweight Division,16-3-0 (W-L-D),0,0,0,36%,0%,177,494,,1,2.87,0.00,60%,0.73,4.14,0.49,77%,08:48,159(90%),12(7%),6(3%),122(69%),25(14%),30(17%),11(69%),2(13%),3(19%),"Montes Claros, Brazil","Jan. 20, 2013"
Adriano Martins,None,Lightweight Division,28-9-0 (W-L-D),0,0,0,39%,80%,130,336,4,5,1.80,0.83,65%,0.62,2.14,0.41,82%,09:43,114(88%),8(6%),8(6%),70(54%),13(10%),47(36%),13(46%),12(43%),3(11%),"Manaus, Brazil","Jan. 13, 2013"
Bristol Marunde,None,Welterweight Division,12-9-0 (W-L-D),0,0,0,22%,33%,40,182,,9,1.42,1.60,47%,0.00,4.40,0.00,14%,09:24,29(73%),11(28%),0(0%),32(80%),2(5%),6(15%),0(0%),0(0%),0(0%),United States,"Mar. 4, 2012"
Kazuma Maruyama,None,Lightweight Division,0-1-0 (W-L-D),0,0,0,41%,33%,12,29,,3,3.83,4.79,53%,0.00,2.23,0.00,100%,03:08,7(58%),2(17%),3(25%),4(33%),4(33%),4(33%),0(0%),0(0%),0(0%),None,"Feb. 11, 2025"
Mike Massenzio,"""The Master of Disaster""",Middleweight Division,13-7-0 (W-L-D),0,0,0,45%,24%,114,253,,41,2.08,2.74,54%,0.27,3.59,1.37,50%,07:50,100(88%),11(10%),3(3%),95(83%),12(11%),7(6%),0(0%),0(0%),0(0%),United States,"Sep. 17, 2008"
Tiffany Masters,"""Rainbow Renegade""",Women's Strawweight Division,2-1-0 (W-L-D),0,0,0,63%,60%,52,83,,5,3.53,3.06,51%,0.00,2.58,0.00,N/A,14:43,16(31%),14(27%),22(42%),24(46%),19(37%),9(17%),1(50%),0(0%),1(50%),"Fond du Lac, United States","Aug. 15, 2017"
Jorge Masvidal,"""Gamebred""",Welterweight Division,35-17-0 (W-L-D),16,2,8,48%,59%,1541,3211,15,59,4.05,1.38,64%,0.43,3.05,0.32,73%,13:35,1104(72%),243(16%),194(13%),962(62%),347(23%),232(15%),16(46%),17(49%),2(6%),"Miami, United States","Jul. 15, 2012"
Al Matavao,None,Light Heavyweight Division,0-1-0 (W-L-D),0,0,0,47%,N/A,55,118,0,0,7.84,0.00,59%,0.00,6.70,0.00,N/A,07:01,54(98%),1(2%),0(0%),33(60%),9(16%),13(24%),0(0%),0(0%),0(0%),American Samoa,"Feb. 11, 2025"
Eduardo Matias Torres,None,Bantamweight Division,0-1-0 (W-L-D),0,0,0,35%,33%,8,23,,3,1.10,2.06,65%,0.00,1.24,0.00,50%,07:16,6(75%),1(13%),1(13%),5(63%),1(13%),2(25%),0(0%),0(0%),0(0%),Chile,"Feb. 11, 2025"
Tateki Matsuda,"""Tech""",Flyweight Division,10-7-0 (W-L-D),0,0,0,35%,0%,96,278,,2,3.20,0.00,69%,0.00,3.43,0.00,17%,15:00,85(89%),8(8%),3(3%),63(66%),10(10%),23(24%),4(40%),5(50%),1(10%),United States,"Sep. 5, 2014"
Jean Matsumoto,None,Bantamweight Division,16-0-0 (W-L-D),3,6,2,41%,27%,208,511,2,11,5.20,1.13,46%,0.00,5.05,0.38,58%,13:20,191(92%),16(8%),1(0%),134(64%),18(9%),56(27%),3(19%),7(44%),6(38%),"State of São Paulo, Brazil","Apr. 6, 2024"
Koyomi Matsushima,None,Featherweight Division,1-1-0 (W-L-D),0,0,0,47%,53%,81,172,,34,2.70,9.00,60%,0.50,2.83,0.00,33%,15:00,54(67%),10(12%),17(21%),51(63%),13(16%),17(21%),0(0%),0(0%),0(0%),None,"Jun. 9, 2022"
Connor Matthews,"""The Controller """,Featherweight Division,7-2-0 (W-L-D),1,5,6,44%,53%,214,485,1,15,5.30,2.97,57%,0.00,6.19,0.74,50%,13:27,202(94%),10(5%),2(1%),131(61%),52(24%),31(14%),1(14%),1(14%),5(71%),"Fall River, United States","Mar. 30, 2024"
Jake Matthews,"""The Celtic Kid""",Welterweight Division,21-7-0 (W-L-D),6,7,3,44%,41%,849,1932,17,58,3.45,1.46,61%,0.30,2.63,0.55,68%,11:44,598(70%),64(8%),187(22%),605(71%),148(17%),96(11%),6(29%),8(38%),7(33%),"Preston, Australia","Jun. 28, 2014"
John Matua,None,,0-0-0 (W-L-D),0,0,0,N/A,N/A,0,0,0,0,N/A,N/A,N/A,N/A,N/A,N/A,N/A,N/A,N/A,N/A,N/A,N/A,N/A,N/A,0(0%),0(0%),0(0%),"Garden Grove, United States","Jul. 14, 1995"
Francesco Maturi,None,,0-0-0 (W-L-D),0,0,0,N/A,N/A,0,0,0,0,N/A,N/A,N/A,N/A,N/A,N/A,N/A,N/A,N/A,N/A,N/A,N/A,N/A,N/A,0(0%),0(0%),0(0%),United States,"Sep. 8, 1995"
Vladimir Matyushenko,"""The Janitor""",Light Heavyweight Division,26-7-0 (W-L-D),0,0,0,46%,40%,193,420,,47,1.95,2.89,60%,0.15,1.98,0.15,71%,08:14,95(49%),28(15%),70(36%),143(74%),18(9%),32(17%),0(0%),0(0%),0(0%),Russia,"Jun. 29, 2001"
Miranda Maverick,"""Fear The""",Women's Flyweight Division,17-5-0 (W-L-D),1,8,6,45%,42%,489,1081,8,55,3.39,2.39,61%,0.00,2.31,0.31,44%,13:08,391(80%),31(6%),67(14%),268(55%),116(24%),105(21%),1(6%),8(47%),8(47%),"Jefferson City, United States","Jun. 27, 2020"
Nick Maximov,None,Middleweight Division,8-2-0 (W-L-D),2,3,3,45%,46%,118,261,15,37,1.93,4.16,46%,0.00,2.64,0.24,36%,12:15,63(53%),13(11%),42(36%),92(78%),20(17%),6(5%),2(25%),3(38%),3(38%),"Bend, United States","Sep. 25, 2021"
Jack May,"""The Outlaw""",Heavyweight Division,7-2-0 (W-L-D),0,0,0,38%,33%,25,65,1,3,1.52,0.91,33%,0.00,3.29,0.00,20%,08:13,13(52%),9(36%),3(12%),14(56%),7(28%),4(16%),6(86%),1(14%),0(0%),"Santa Clara, United States","Feb. 11, 2025"
Don'Tale Mayes ,"""Lord Kong""",Heavyweight Division,11-7-0 (W-L-D),7,0,2,44%,39%,571,1310,,18,3.51,0.65,47%,0.28,3.79,0.00,58%,12:30,427(75%),80(14%),64(11%),359(63%),131(23%),81(14%),7(70%),3(30%),0(0%),"Louisville, United States","Aug. 29, 2017"
Gray Maynard,None,Featherweight Division,14-8-1 (W-L-D),2,0,0,33%,48%,493,1515,50,105,1.92,2.91,67%,0.35,2.64,0.70,81%,12:52,320(65%),73(15%),100(20%),371(75%),100(20%),22(4%),2(14%),12(86%),0(0%),"Phoenix, United States","Jun. 23, 2007"
Gina Mazany,"""Danger""",Women's Flyweight Division,7-6-0 (W-L-D),4,1,4,51%,53%,245,481,7,36,3.73,4.34,50%,0.23,3.52,0.23,33%,08:12,154(63%),56(23%),35(14%),130(53%),79(32%),36(15%),4(57%),2(29%),1(14%),"Anchorage, United States","Feb. 20, 2017"
Sabina Mazo,"""Colombian Queen""",Women's Flyweight Division,9-4-0 (W-L-D),2,1,2,44%,80%,562,1285,,5,6.10,0.65,57%,0.16,4.35,0.16,59%,13:09,460(82%),75(13%),27(5%),274(49%),144(26%),144(26%),2(22%),6(67%),1(11%),"Medellin, Colombia","Mar. 30, 2019"
Scott McAfee,"""The Alaskan Hammer""",Lightweight Division,6-0-0 (W-L-D),0,0,0,N/A,N/A,0,0,0,0,0.00,0.00,50%,0.00,1.33,0.00,N/A,02:15,0(0%),0(0%),0(0%),0(0%),0(0%),0(0%),0(0%),0(0%),0(0%),"Fairbanks, United States","Feb. 11, 2025"
Michael McBride,None,Lightweight Division,8-3-0 (W-L-D),0,0,0,49%,43%,99,203,3,7,4.08,1.85,41%,0.00,5.85,1.24,30%,12:09,87(88%),3(3%),9(9%),60(61%),20(20%),19(19%),0(0%),0(0%),8(100%),"Webster City, United States","Sep. 11, 2016"
Ian McCall,"""Uncle Creepy""",Flyweight Division,13-5-1 (W-L-D),0,0,0,39%,30%,441,1124,11,56,3.59,2.08,67%,0.00,3.25,0.00,89%,13:39,284(64%),87(20%),70(16%),201(46%),132(30%),108(24%),0(0%),0(0%),0(0%),"Newport Beach, United States","Mar. 3, 2012"
Molly McCann,"""Meatball""",Women's Strawweight Division,14-7-0 (W-L-D),6,1,5,50%,37%,746,1493,,46,5.39,1.84,63%,0.22,4.72,0.54,39%,10:38,622(83%),61(8%),63(8%),516(69%),144(19%),86(12%),6(43%),7(50%),1(7%),"England, United Kingdom","May. 27, 2018"
Charles McCarthy,"""Chainsaw""",Middleweight Division,10-5-0 (W-L-D),0,0,0,12%,60%,3,25,,5,0.18,2.67,56%,0.00,4.03,2.67,N/A,05:38,2(67%),1(33%),0(0%),1(33%),1(33%),1(33%),0(0%),0(0%),0(0%),"Miami, United States","Jun. 4, 2005"
Sean McCorkle,"""Big Sexy""",Heavyweight Division,10-2-0 (W-L-D),0,0,0,44%,40%,12,27,,5,0.85,2.12,52%,0.00,2.48,4.25,33%,04:43,5(42%),0(0%),7(58%),10(83%),2(17%),0(0%),0(0%),0(0%),0(0%),"Indianapolis, United States","Sep. 25, 2010"
Kris McCray,"""Savage""",Welterweight Division,6-3-0 (W-L-D),0,0,0,45%,56%,70,154,,9,2.69,2.88,55%,0.00,2.57,0.00,38%,08:41,30(43%),25(36%),15(21%),27(39%),29(41%),14(20%),0(0%),0(0%),0(0%),"Schweinfurt Army Garrison, United States","Jun. 19, 2010"
Tamdan McCrory,"""The Barn Cat""",Middleweight Division,14-5-0 (W-L-D),0,0,0,49%,50%,163,332,,24,2.07,2.28,47%,0.00,1.60,2.47,33%,07:54,62(38%),33(20%),68(42%),112(69%),31(19%),20(12%),0(0%),0(0%),0(0%),"Ithaca, United States","Jun. 12, 2007"
Justin McCully,"""The Nsane1""",Heavyweight Division,9-5-2 (W-L-D),0,0,0,38%,44%,74,195,,9,1.58,1.28,47%,0.32,2.02,0.00,44%,11:44,33(45%),23(31%),18(24%),57(77%),4(5%),13(18%),0(0%),0(0%),0(0%),"Washington, United States","Apr. 5, 2007"
Bubba McDaniel,"""The Menace""",Middleweight Division,21-8-0 (W-L-D),0,0,0,44%,50%,53,120,,4,1.64,0.93,57%,0.00,1.98,1.39,50%,10:47,32(60%),8(15%),13(25%),34(64%),10(19%),9(17%),4(19%),1(5%),16(76%),"Childress, United States","Apr. 14, 2013"
Michael McDonald,"""Mayday""",Bantamweight Division,17-4-0 (W-L-D),0,0,0,43%,67%,223,521,,9,2.69,1.09,57%,1.09,2.76,1.45,52%,08:17,184(83%),20(9%),19(9%),177(79%),24(11%),22(10%),0(0%),0(0%),0(0%),"Modesto, United States","Mar. 27, 2011"
Drew McFedries,"""The Massacre""",Middleweight Division,8-6-0 (W-L-D),0,0,0,51%,100%,108,211,,2,5.13,1.42,52%,4.27,4.56,0.71,56%,02:20,57(53%),26(24%),25(23%),84(78%),13(12%),11(10%),0(0%),0(0%),0(0%),"Ames, United States","Nov. 18, 2006"
Court McGee,"""The Crusher""",Welterweight Division,23-13-0 (W-L-D),5,7,0,37%,26%,1325,3555,23,139,4.60,1.87,61%,0.16,3.59,0.47,70%,12:32,1122(85%),80(6%),123(9%),699(53%),295(22%),331(25%),5(22%),11(48%),7(30%),"Ogden, United States","Jun. 19, 2010"
Gan McGee,"""The Giant""",Heavyweight Division,12-2-0 (W-L-D),0,0,0,34%,25%,43,127,,8,2.02,1.41,59%,0.00,5.03,0.00,83%,05:19,26(60%),2(5%),15(35%),36(84%),4(9%),3(7%),0(0%),0(0%),0(0%),"Bismarck, United States","Nov. 17, 2000"
Marcus McGhee,"""The Maniac""",Bantamweight Division,10-1-0 (W-L-D),8,1,0,48%,33%,199,412,,3,6.06,0.46,65%,1.37,2.83,0.46,100%,08:13,180(90%),8(4%),11(6%),137(69%),34(17%),28(14%),8(80%),1(10%),1(10%),"Detroit, United States","Apr. 29, 2023"
Ryan McGilivray,"""The Kid""",Welterweight Division,11-5-1 (W-L-D),0,0,0,21%,0%,19,91,,1,1.27,0.00,52%,0.00,2.20,0.00,44%,15:00,18(95%),0(0%),1(5%),17(89%),2(11%),0(0%),0(0%),0(0%),0(0%),"Edmonton, Canada","Jun. 5, 2011"
Jack McGlaughlin,None,,0-0-0 (W-L-D),0,0,0,N/A,N/A,0,0,0,0,N/A,N/A,N/A,N/A,N/A,N/A,N/A,N/A,N/A,N/A,N/A,N/A,N/A,N/A,0(0%),0(0%),0(0%),United States,"Jul. 14, 1995"
Conor McGregor,"""The Notorious""",Lightweight Division,22-6-0 (W-L-D),19,1,0,50%,56%,599,1204,,9,5.32,0.67,54%,1.73,4.66,0.13,67%,08:02,461(77%),61(10%),77(13%),419(70%),102(17%),78(13%),19(86%),2(9%),1(5%),"Dublin, Ireland","Apr. 6, 2013"
Sean Mcinerney,"""Poopies""",None,None,0,0,0,N/A,N/A,0,0,0,0,N/A,N/A,N/A,N/A,N/A,N/A,N/A,N/A,N/A,N/A,N/A,N/A,N/A,N/A,0(0%),0(0%),0(0%),None,"Feb. 11, 2025"
Rhys McKee,"""Skelator""",Welterweight Division,13-6-1 (W-L-D),10,3,7,46%,0%,231,506,,10,4.80,0.00,43%,0.00,7.85,0.00,41%,12:02,215(93%),13(6%),3(1%),150(65%),60(26%),21(9%),10(77%),0(0%),3(23%),"Ballymena, Ireland","Jul. 25, 2020"
Antonio McKee,None,Lightweight Division,25-4-2 (W-L-D),0,0,0,46%,33%,28,61,,6,1.37,1.47,74%,0.00,0.74,0.00,57%,11:48,19(68%),5(18%),4(14%),14(50%),11(39%),3(11%),0(0%),0(0%),0(0%),United States,"Jan. 2, 2011"
Cory McKenna,"""Poppins""",Women's Strawweight Division,8-4-0 (W-L-D),2,2,2,39%,48%,243,630,,23,2.94,2.00,46%,0.00,3.68,0.36,75%,11:49,188(77%),20(8%),35(14%),211(87%),17(7%),15(6%),2(25%),4(50%),2(25%),"Cwmbran, Wales","Nov. 14, 2020"
Cody McKenzie,None,Lightweight Division,14-4-0 (W-L-D),0,0,0,34%,25%,94,274,,36,1.74,2.50,67%,0.00,2.50,2.50,14%,07:43,67(71%),12(13%),15(16%),73(78%),12(13%),9(10%),0(0%),0(0%),0(0%),"Cordova, United States","Dec. 5, 2010"
Tim McKenzie,"""Wrecking Machine""",Middleweight Division,12-6-0 (W-L-D),0,0,0,54%,0%,20,37,,1,1.37,0.00,45%,0.00,2.96,2.06,29%,04:51,7(35%),2(10%),11(55%),14(70%),3(15%),3(15%),0(0%),0(0%),0(0%),"Santa Clara, United States","Apr. 1, 2009"
Terrance McKinney,"""T. Wrecks""",Lightweight Division,16-7-0 (W-L-D),8,8,15,56%,37%,192,341,,19,5.91,3.23,48%,1.39,2.59,1.39,78%,02:57,79(41%),25(13%),88(46%),164(85%),28(15%),0(0%),8(50%),0(0%),8(50%),United States,"Jun. 12, 2021"
Garreth McLellan,"""Soldierboy""",Middleweight Division,13-6-0 (W-L-D),0,0,0,54%,22%,185,340,,18,3.56,1.15,45%,0.00,2.94,0.86,35%,10:24,58(31%),33(18%),94(51%),120(65%),40(22%),25(14%),3(25%),0(0%),9(75%),South Africa,"Apr. 11, 2015"
Sara McMann,None,Women's Bantamweight Division,13-6-0 (W-L-D),2,4,4,46%,65%,410,885,,81,2.26,4.38,48%,0.08,1.92,0.50,50%,10:41,153(37%),89(22%),168(41%),253(62%),100(24%),57(14%),2(15%),7(54%),4(31%),"Takoma Park, United States","Apr. 27, 2013"
James McSweeney,"""The Hammer""",Light Heavyweight Division,13-7-0 (W-L-D),0,0,0,55%,33%,113,205,,3,3.94,0.52,42%,0.00,4.33,1.05,100%,09:33,61(54%),21(19%),31(27%),62(55%),31(27%),20(18%),0(0%),0(0%),0(0%),"London, United Kingdom","Dec. 5, 2009"
Tim Means,"""The Dirty Bird""",Welterweight Division,33-17-1 (W-L-D),20,5,4,49%,40%,1457,2968,8,55,5.04,1.14,60%,0.57,3.65,0.16,65%,09:38,1116(77%),202(14%),139(10%),885(61%),409(28%),163(11%),20(61%),8(24%),5(15%),"Wilburton, United States","Feb. 15, 2012"
Yancy Medeiros,None,Lightweight Division,15-8-0 (W-L-D),8,4,0,37%,50%,600,1608,1,6,4.36,0.33,47%,0.98,5.67,0.65,74%,08:28,503(84%),59(10%),38(6%),390(65%),146(24%),64(11%),8(53%),3(20%),4(27%),"Makaha, United States","Apr. 27, 2013"
Anistavio Medeiros,"""Gasparzinho""",Featherweight Division,15-8-0 (W-L-D),0,0,0,44%,N/A,8,18,0,0,3.64,0.00,48%,0.00,5.00,0.00,N/A,02:12,8(100%),0(0%),0(0%),2(25%),0(0%),6(75%),0(0%),0(0%),0(0%),Brazil,"Jun. 24, 2012"
MarQuel Mederos,None,Lightweight Division,9-1-0 (W-L-D),6,0,3,45%,0%,84,186,,5,4.39,0.00,63%,0.78,3.29,0.00,91%,09:35,77(92%),7(8%),0(0%),42(50%),21(25%),21(25%),6(75%),2(25%),0(0%),"Denver, United States","Feb. 3, 2024"
Uroš Medić,"""The Doctor""",Welterweight Division,10-3-0 (W-L-D),8,2,7,61%,50%,222,366,,2,5.49,0.37,56%,2.60,3.46,0.00,56%,05:03,133(60%),27(12%),62(28%),148(67%),48(22%),26(12%),8(80%),0(0%),2(20%),"Novi Sad, Serbia","Mar. 6, 2021"
Todd Medina,None,,0-0-0 (W-L-D),0,0,0,N/A,N/A,0,0,0,0,N/A,N/A,N/A,N/A,N/A,N/A,N/A,N/A,N/A,N/A,N/A,N/A,N/A,N/A,0(0%),0(0%),0(0%),"Santa Ana, United States","Apr. 7, 1995"
Emil Meek,"""Valhalla""",Welterweight Division,9-5-1 (W-L-D),7,1,0,39%,33%,151,383,1,3,2.52,0.25,39%,0.00,2.53,1.00,48%,15:00,77(51%),29(19%),45(30%),100(66%),35(23%),16(11%),7(78%),1(11%),1(11%),"Trondheim, Norway","Dec. 11, 2016"
Alton Meeks,"""Murda""",Heavyweight Division,3-0-0 (W-L-D),0,0,0,43%,25%,3,7,,8,0.71,7.06,39%,0.00,4.47,0.00,N/A,04:15,2(67%),1(33%),0(0%),2(67%),1(33%),0(0%),0(0%),0(0%),0(0%),"Gainesville, United States","Feb. 11, 2025"
Gerald Meerschaert,"""GM3""",Middleweight Division,37-18-0 (W-L-D),6,29,15,46%,35%,579,1270,6,71,3.10,2.01,53%,0.24,3.45,1.52,43%,08:30,457(79%),65(11%),57(10%),425(73%),99(17%),55(9%),6(16%),2(5%),29(78%),"Racine, United States","Dec. 10, 2016"
Jordan Mein,"""Young Gun""",Welterweight Division,30-12-0 (W-L-D),0,0,0,45%,58%,450,1008,14,24,3.35,1.56,69%,0.34,2.55,0.22,67%,11:11,353(78%),41(9%),56(12%),316(70%),56(12%),78(17%),16(53%),7(23%),7(23%),"Lethbridge, Canada","Jan. 8, 2012"
Brian Melancon,None,Welterweight Division,7-3-0 (W-L-D),0,0,0,49%,100%,31,63,,1,4.18,2.02,65%,2.02,3.64,0.00,67%,03:43,20(65%),1(3%),10(32%),22(71%),5(16%),4(13%),0(0%),0(0%),0(0%),"Houston, United States","Jul. 6, 2013"
Dominik Melendez,"""The Menace""",None,None,0,0,0,N/A,N/A,0,0,0,0,N/A,N/A,N/A,N/A,N/A,N/A,N/A,N/A,N/A,N/A,N/A,N/A,N/A,N/A,0(0%),0(0%),0(0%),None,"Feb. 11, 2025"
Gilbert Melendez,"""El Niño""",Lightweight Division,22-8-0 (W-L-D),12,0,0,33%,41%,1292,3892,3,99,3.44,1.64,63%,0.24,2.53,0.20,72%,15:14,806(62%),158(12%),328(25%),1031(80%),194(15%),67(5%),12(55%),10(45%),0(0%),"Santa Ana, United States","May. 20, 2012"
Marcello Mello,None,Lightweight Division,0-0-0 (W-L-D),0,0,0,N/A,N/A,0,0,0,0,N/A,N/A,N/A,N/A,N/A,N/A,N/A,N/A,N/A,N/A,N/A,N/A,N/A,N/A,0(0%),0(0%),0(0%),United States,"May. 7, 1999"
Vanessa Melo,None,Women's Bantamweight Division,11-8-0 (W-L-D),0,2,0,31%,0%,209,679,,3,3.48,0.00,59%,0.00,6.13,0.00,71%,15:00,199(95%),8(4%),2(1%),145(69%),30(14%),34(16%),0(0%),9(82%),2(18%),"Taboao da Serra, Brazil","Sep. 21, 2019"
Augusto Mendes,"""Tanquinho""",Bantamweight Division,6-2-0 (W-L-D),0,0,0,35%,33%,83,238,4,12,2.42,1.75,56%,0.44,3.91,0.00,80%,11:26,64(77%),17(20%),2(2%),54(65%),13(16%),16(19%),1(17%),1(17%),4(67%),"Rio De Janeiro, Brazil","Feb. 22, 2016"
Chad Mendes,"""Money""",Featherweight Division,18-5-0 (W-L-D),8,0,4,50%,56%,454,910,24,81,2.78,4.13,67%,0.73,2.35,0.28,100%,09:05,286(63%),30(7%),138(30%),312(69%),40(9%),102(22%),8(44%),8(44%),2(11%),"Hanford, United States","Feb. 5, 2011"
Antonio Mendes,"""Samuray""",Light Heavyweight Division,14-4-0 (W-L-D),0,0,0,47%,50%,8,17,,2,1.34,2.51,23%,2.51,6.85,0.00,100%,03:00,4(50%),3(38%),1(13%),3(38%),4(50%),1(13%),0(0%),0(0%),0(0%),United States,"May. 24, 2008"
Eddie Mendez,None,Middleweight Division,0-0-0 (W-L-D),0,0,0,33%,N/A,4,12,0,0,1.71,0.00,11%,0.00,3.43,0.00,N/A,02:20,4(100%),0(0%),0(0%),3(75%),0(0%),1(25%),0(0%),0(0%),0(0%),"Van Nuys, United States","Jun. 8, 2013"
Mateus Mendonça,"""Bocao""",Flyweight Division,10-3-0 (W-L-D),3,4,7,40%,27%,59,147,2,22,1.66,2.54,30%,0.85,4.14,0.42,56%,08:52,41(69%),6(10%),12(20%),41(69%),9(15%),9(15%),3(30%),3(30%),4(40%),"Pindaré Mirim, Brazil","Jan. 14, 2023"
Pietro Menga,"""The Italian Stallion""",Flyweight Division,13-0-0 (W-L-D),0,0,0,N/A,N/A,0,0,0,0,N/A,N/A,N/A,N/A,N/A,N/A,N/A,00:00,0(0%),0(0%),0(0%),0(0%),0(0%),0(0%),3(23%),2(15%),8(62%),"Salford, United Kingdom","Feb. 11, 2025"
Alonzo Menifield,"""Atomic""",Light Heavyweight Division,15-5-1 (W-L-D),10,3,10,54%,33%,452,833,,15,3.77,0.63,49%,0.75,3.70,0.25,76%,07:03,319(71%),67(15%),66(15%),382(85%),32(7%),38(8%),10(67%),2(13%),3(20%),"Los Angeles, United States","Jan. 19, 2019"
Ivan Menjivar,"""The Pride of El Salvador""",Featherweight Division,25-12-0 (W-L-D),0,0,0,38%,29%,299,790,,14,2.78,0.56,66%,0.28,2.76,0.98,39%,09:46,204(68%),55(18%),40(13%),172(58%),71(24%),56(19%),0(0%),0(0%),0(0%),United States,"Jun. 19, 2004"
Dave Menne,"""The Warrior""",Welterweight Division,35-6-1 (W-L-D),0,0,0,44%,50%,121,272,,4,1.84,0.46,43%,0.00,1.99,2.51,57%,10:58,58(48%),40(33%),23(19%),57(47%),24(20%),40(33%),0(0%),0(0%),0(0%),"Forest Lake, United States","Mar. 10, 2000"
Joe Merritt,"""Joey Slash""",Welterweight Division,7-1-0 (W-L-D),0,0,0,59%,0%,23,39,,2,1.53,0.00,67%,0.00,0.73,0.00,69%,15:00,4(17%),8(35%),11(48%),16(70%),3(13%),4(17%),0(0%),0(0%),0(0%),United States,"Feb. 11, 2025"
Jonathan Meunier,"""The French Spider""",Welterweight Division,8-1-0 (W-L-D),0,0,0,51%,33%,90,178,1,3,3.47,0.58,70%,0.00,1.43,0.00,59%,12:57,63(70%),16(18%),11(12%),49(54%),14(16%),27(30%),5(63%),1(13%),2(25%),"Québec City, Canada","Jun. 19, 2016"
Yaotzin Meza,None,Featherweight Division,21-11-0 (W-L-D),0,0,0,41%,20%,121,294,,30,1.43,1.06,65%,0.00,1.62,1.42,18%,12:06,100(83%),11(9%),10(8%),55(45%),24(20%),42(35%),6(29%),9(43%),6(29%),"Santa Ana, United States","Dec. 16, 2012"
Guy Mezger,None,Middleweight Division,44-13-6 (W-L-D),0,0,0,N/A,N/A,0,0,0,0,N/A,N/A,N/A,N/A,N/A,N/A,N/A,N/A,N/A,N/A,N/A,N/A,N/A,N/A,0(0%),0(0%),0(0%),"Dallas, United States","Dec. 16, 1994"
Jonathan Micallef,"""The Captain""",Welterweight Division,8-1-0 (W-L-D),2,3,2,44%,50%,86,196,,2,4.77,0.83,59%,0.83,4.00,0.83,50%,09:01,83(97%),3(3%),0(0%),52(60%),29(34%),5(6%),2(25%),3(38%),3(38%),"Werribee, Australia","Feb. 8, 2025"
Andreas Michailidis,"""The Spartan""",Welterweight Division,13-6-0 (W-L-D),7,4,9,52%,27%,117,227,3,11,2.90,1.12,44%,0.00,3.57,0.00,50%,10:05,98(84%),13(11%),6(5%),64(55%),31(26%),22(19%),7(54%),2(15%),4(31%),"Athens, Greece","Jul. 15, 2020"
David Michaud,"""BullDawg""",Lightweight Division,8-1-0 (W-L-D),0,0,0,43%,58%,135,313,,12,3.25,2.53,54%,0.00,4.45,0.72,77%,13:52,88(65%),21(16%),26(19%),99(73%),28(21%),8(6%),3(38%),2(25%),3(38%),United States,"May. 24, 2014"
Christophe Midoux,"""The French Hurricane""",Heavyweight Division,9-5-0 (W-L-D),0,0,0,20%,N/A,2,10,0,0,0.34,0.00,49%,0.00,4.94,0.00,N/A,05:52,0(0%),2(100%),0(0%),2(100%),0(0%),0(0%),0(0%),0(0%),0(0%),"Nice, France","Aug. 17, 2006"
Keith Mielke,None,,0-0-0 (W-L-D),0,0,0,N/A,N/A,0,0,0,0,N/A,N/A,N/A,N/A,N/A,N/A,N/A,N/A,N/A,N/A,N/A,N/A,N/A,N/A,0(0%),0(0%),0(0%),United States,"Feb. 16, 1996"
Bojan Mihajlovic,None,Heavyweight Division,10-5-0 (W-L-D),0,0,0,36%,0%,26,73,,1,1.23,0.00,48%,0.00,5.95,0.00,33%,07:04,21(81%),5(19%),0(0%),7(27%),9(35%),10(38%),4(40%),4(40%),2(20%),"Odzaci, Serbia","Jul. 24, 2016"
Pat Miletich,"""The Croatian Sensation""",Middleweight Division,27-5-2 (W-L-D),0,0,0,45%,100%,55,122,,4,1.79,1.96,64%,0.49,1.66,0.98,55%,07:40,36(65%),8(15%),11(20%),38(69%),6(11%),11(20%),0(0%),0(0%),0(0%),"Davenport, United States","Mar. 13, 1998"
Curtis Millender,"""Curtious""",Welterweight Division,17-5-0 (W-L-D),6,0,0,46%,100%,269,582,1,2,3.86,0.43,61%,0.43,2.95,0.00,57%,10:35,254(94%),10(4%),5(2%),155(58%),43(16%),71(26%),6(35%),11(65%),0(0%),"Los Angeles, United States","Feb. 18, 2018"
Mo Miller,None,Bantamweight Division,1-0-0 (W-L-D),0,0,0,46%,80%,28,61,,5,1.87,4.00,61%,0.00,1.33,0.00,N/A,15:00,22(79%),0(0%),6(21%),23(82%),4(14%),1(4%),0(0%),0(0%),0(0%),"Plainfield, United States","Feb. 11, 2025"
Juliana Miller,"""Killer""",Women's Flyweight Division,4-3-0 (W-L-D),0,3,2,45%,44%,108,239,4,9,3.31,1.84,33%,0.00,4.75,1.84,N/A,10:53,65(60%),17(16%),26(24%),78(72%),23(21%),7(6%),1(25%),0(0%),3(75%),"San Diego, United States","Aug. 6, 2022"
Cole Miller,"""Magrinho""",Featherweight Division,21-11-0 (W-L-D),0,0,0,33%,36%,605,1816,,22,3.00,0.60,59%,0.30,3.88,1.79,39%,10:05,476(79%),70(12%),59(10%),421(70%),103(17%),81(13%),0(0%),0(0%),0(0%),"Augusta, United States","Jun. 23, 2007"
Phillip Miller,None,Middleweight Division,15-0-0 (W-L-D),0,0,0,54%,25%,40,74,,24,1.61,3.62,51%,0.00,1.93,0.60,100%,12:25,8(20%),7(18%),25(63%),30(75%),8(20%),2(5%),0(0%),0(0%),0(0%),"Salt Lake City, United States","Jul. 13, 2002"
Jim Miller,"""A-10""",Lightweight Division,38-18-0 (W-L-D),7,21,16,42%,44%,1300,3085,36,99,2.99,1.52,57%,0.21,3.51,1.69,49%,09:39,929(71%),193(15%),178(14%),759(58%),262(20%),279(21%),7(18%),10(26%),21(55%),"Newton, United States","Oct. 18, 2008"
Dan Miller,None,Middleweight Division,14-8-0 (W-L-D),0,0,0,36%,55%,309,850,,31,2.03,1.67,50%,0.20,3.06,1.77,47%,10:10,215(70%),44(14%),50(16%),200(65%),65(21%),44(14%),0(0%),0(0%),0(0%),United States,"Sep. 17, 2008"
Jason Miller,"""Mayhem""",Welterweight Division,24-10-0 (W-L-D),0,0,0,33%,17%,85,255,2,24,1.45,1.02,49%,0.00,4.51,1.28,44%,14:39,61(72%),11(13%),13(15%),45(53%),28(33%),12(14%),0(0%),0(0%),0(0%),"Atlanta, United States","Apr. 16, 2005"
Che Mills,"""Beautiful""",Welterweight Division,15-6-0 (W-L-D),0,0,0,52%,67%,53,101,,3,2.08,1.18,43%,1.18,2.87,0.00,59%,06:22,22(42%),16(30%),15(28%),29(55%),6(11%),18(34%),0(0%),0(0%),0(0%),"Gloucester, United Kingdom","Nov. 5, 2011"
Adam Milstead,"""The Prototype""",Light Heavyweight Division,8-3-0 (W-L-D),6,2,0,47%,N/A,127,271,0,0,3.85,0.00,43%,0.00,4.79,0.00,64%,08:15,101(80%),22(17%),4(3%),105(83%),13(10%),9(7%),6(75%),0(0%),2(25%),"Prince Frederick, United States","May. 30, 2016"
Alberto Mina,"""Soldier of God""",Welterweight Division,13-1-0 (W-L-D),0,0,0,39%,21%,131,336,5,24,3.23,1.85,47%,1.11,3.70,0.00,50%,10:09,96(73%),14(11%),21(16%),93(71%),13(10%),25(19%),6(46%),1(8%),6(46%),"Campina Grande, Brazil","Aug. 23, 2014"
Zhang Mingyang,"""Mountain Tiger""",Light Heavyweight Division,18-6-0 (W-L-D),12,6,18,56%,N/A,69,124,0,0,8.57,0.00,54%,5.59,5.59,0.00,N/A,02:41,59(86%),0(0%),10(14%),46(67%),10(14%),13(19%),12(67%),0(0%),6(33%),"Fuyang, China","Jun. 9, 2022"
Darrick Minner,None,Featherweight Division,26-14-0 (W-L-D),1,22,21,66%,73%,131,200,8,11,2.63,2.40,36%,0.30,2.28,2.71,67%,07:08,61(47%),30(23%),40(31%),79(60%),33(25%),19(15%),1(4%),3(12%),22(85%),"Auburn, United States","Feb. 29, 2020"
Ikuhisa Minowa,None,Middleweight Division,0-0-0 (W-L-D),0,0,0,N/A,N/A,0,0,0,0,N/A,N/A,N/A,N/A,N/A,N/A,N/A,N/A,N/A,N/A,N/A,N/A,N/A,N/A,0(0%),0(0%),0(0%),United States,"Apr. 14, 2000"
Carlton Minus,"""Clutch""",Welterweight Division,10-3-0 (W-L-D),6,1,0,40%,0%,105,262,,1,3.50,0.00,50%,0.00,4.97,0.00,59%,15:00,104(99%),1(1%),0(0%),79(75%),12(11%),14(13%),6(60%),3(30%),1(10%),"Urbana, United States","Aug. 22, 2020"
Stipe Miocic,None,Heavyweight Division,20-5-0 (W-L-D),15,0,9,53%,34%,1007,1910,24,73,4.67,1.74,52%,0.49,4.01,0.00,65%,11:21,721(72%),121(12%),165(16%),737(73%),139(14%),131(13%),15(75%),5(25%),0(0%),"Euclid, United States","Oct. 9, 2011"
Frank Mir,None,Heavyweight Division,18-11-0 (W-L-D),0,0,0,47%,40%,339,721,21,52,2.18,2.02,39%,0.77,3.84,2.02,55%,05:46,143(42%),113(33%),83(24%),182(54%),103(30%),54(16%),0(0%),0(0%),0(0%),"Las Vegas, United States","Nov. 2, 2001"
Gabriel Miranda,"""Fly""",Featherweight Division,17-7-0 (W-L-D),0,16,15,41%,33%,33,81,1,9,2.82,3.85,37%,0.00,5.30,1.28,N/A,03:54,28(85%),5(15%),0(0%),20(61%),11(33%),2(6%),1(6%),0(0%),16(94%),"Telêmaco Borba, Brazil","Sep. 3, 2022"
Vitor Miranda,"""Lex Luthor""",Middleweight Division,13-7-0 (W-L-D),0,0,0,46%,56%,235,512,5,9,2.98,0.95,59%,0.00,2.95,0.19,50%,11:15,135(57%),39(17%),61(26%),132(56%),35(15%),68(29%),10(77%),1(8%),2(15%),Brazil,"Feb. 11, 2025"
Mario Miranda,None,Middleweight Division,12-3-0 (W-L-D),0,0,0,54%,60%,86,159,,5,1.96,1.02,37%,0.34,2.46,0.00,55%,10:59,26(30%),17(20%),43(50%),54(63%),13(15%),19(22%),0(0%),0(0%),0(0%),"Rio de Janeiro, Brazil","Mar. 31, 2010"
Kazuo Misaki,"""Hitman""",Welterweight Division,0-0-0 (W-L-D),0,0,0,N/A,N/A,0,0,0,0,N/A,N/A,N/A,N/A,N/A,N/A,N/A,N/A,N/A,N/A,N/A,N/A,N/A,N/A,0(0%),0(0%),0(0%),Japan,"Mar. 4, 2012"
Toby Misech,"""2Quick""",Featherweight Division,10-5-0 (W-L-D),0,0,0,41%,0%,49,121,,2,3.27,0.00,46%,0.00,7.73,0.00,N/A,15:00,49(100%),0(0%),0(0%),33(67%),9(18%),7(14%),0(0%),0(0%),0(0%),"Hilo, United States","Feb. 11, 2025"
Dokonjonosuke Mishima,None,Lightweight Division,17-6-2 (W-L-D),0,0,0,17%,18%,7,41,,11,0.44,1.87,53%,0.00,4.17,1.87,25%,08:02,3(43%),2(29%),2(29%),4(57%),2(29%),1(14%),0(0%),0(0%),0(0%),"Hyogo Prefecture, Japan","Nov. 18, 2006"
Martin Mishtaku,"""Booth""",None,None,0,0,0,N/A,N/A,0,0,0,0,N/A,N/A,N/A,N/A,N/A,N/A,N/A,N/A,N/A,N/A,N/A,N/A,N/A,N/A,0(0%),0(0%),0(0%),None,"Feb. 11, 2025"
Maurice Mitchell,None,Featherweight Division,11-2-0 (W-L-D),0,0,0,56%,N/A,15,27,0,0,3.80,0.00,60%,0.00,3.54,0.00,100%,03:57,14(93%),1(7%),0(0%),9(60%),4(27%),2(13%),0(0%),0(0%),0(0%),"Anchorage, United States","Feb. 11, 2025"
Danny Mitchell,"""The Cheesecake Assassin""",Welterweight Division,14-6-1 (W-L-D),0,0,0,49%,0%,76,154,,9,2.53,0.00,53%,0.00,2.53,3.00,100%,15:00,54(71%),15(20%),7(9%),36(47%),18(24%),22(29%),3(21%),2(14%),9(64%),"Doncaster, United Kingdom","Mar. 8, 2014"
Bryce Mitchell,"""Thug Nasty""",Featherweight Division,17-3-0 (W-L-D),0,9,8,60%,43%,266,446,3,60,2.31,3.39,60%,0.13,1.53,1.43,33%,11:31,136(51%),15(6%),115(43%),173(65%),75(28%),18(7%),1(6%),7(41%),9(53%),"Texarkana, United States","Jul. 6, 2018"
Felix Lee Mitchell,None,,0-0-0 (W-L-D),0,0,0,N/A,N/A,0,0,0,0,N/A,N/A,N/A,N/A,N/A,N/A,N/A,N/A,N/A,N/A,N/A,N/A,N/A,N/A,0(0%),0(0%),0(0%),United States,"Sep. 9, 1994"
Terrence Mitchell,None,Bantamweight Division,15-4-0 (W-L-D),8,6,12,35%,50%,9,26,1,2,2.21,3.69,42%,0.00,8.85,0.00,N/A,02:02,6(67%),2(22%),1(11%),8(89%),1(11%),0(0%),8(53%),1(7%),6(40%),"Anchorage, United States","Jul. 8, 2023"
Roman Mitichyan,"""The Emperor""",Welterweight Division,9-2-0 (W-L-D),0,0,0,17%,100%,2,12,,1,0.26,1.93,43%,0.00,2.70,1.93,25%,03:54,2(100%),0(0%),0(0%),0(0%),0(0%),2(100%),0(0%),0(0%),0(0%),Armenia,"Dec. 9, 2007"
Matt Mitrione,None,Heavyweight Division,9-5-0 (W-L-D),0,0,0,50%,0%,313,625,,2,3.55,0.00,65%,1.53,2.79,0.68,55%,06:18,235(75%),30(10%),48(15%),225(72%),28(9%),60(19%),0(0%),0(0%),0(0%),"Bloomington, United States","Dec. 5, 2009"
Eiji Mitsuoka,None,Featherweight Division,18-9-2 (W-L-D),0,0,0,49%,17%,37,76,,6,3.33,1.35,46%,1.35,9.28,1.35,20%,05:33,36(97%),0(0%),1(3%),35(95%),1(3%),1(3%),0(0%),0(0%),0(0%),"Handa City, Japan","Feb. 25, 2012"
Takeya Mizugaki,None,Bantamweight Division,21-11-2 (W-L-D),0,0,0,37%,58%,797,2143,,40,3.37,1.46,58%,0.19,3.27,0.06,70%,12:27,515(65%),162(20%),120(15%),553(69%),180(23%),64(8%),0(0%),0(0%),0(0%),Japan,"Mar. 4, 2011"
Roxanne Modafferi,"""The Happy Warrior""",Women's Flyweight Division,25-21-0 (W-L-D),4,5,0,31%,23%,668,2179,3,77,3.35,1.35,51%,0.08,5.70,0.08,30%,14:14,548(82%),62(9%),58(9%),537(80%),81(12%),50(7%),4(16%),16(64%),5(20%),"Wilmington, United States","Dec. 1, 2013"
Bobby Moffett,"""The Wolfman""",Featherweight Division,12-5-0 (W-L-D),1,9,0,40%,67%,149,374,1,12,3.41,2.74,61%,0.00,3.15,1.37,67%,10:56,119(80%),4(3%),26(17%),94(63%),33(22%),22(15%),1(7%),4(29%),9(64%),"Harvey, United States","Nov. 10, 2018"
Nate Mohr,None,Lightweight Division,8-6-0 (W-L-D),0,0,0,42%,50%,126,301,,2,3.79,0.45,75%,0.00,2.50,0.00,71%,08:19,110(87%),9(7%),7(6%),83(66%),15(12%),28(22%),0(0%),0(0%),0(0%),"Davenport, United States","Apr. 5, 2007"
Renato Moicano,None,Lightweight Division,20-6-1 (W-L-D),2,10,4,49%,44%,719,1470,6,45,4.36,1.82,61%,0.09,3.55,0.55,71%,09:09,591(82%),20(3%),108(15%),522(73%),67(9%),130(18%),2(10%),8(40%),10(50%),"Brasilia, Brazil","Dec. 20, 2014"
Thiago Moisés,None,Lightweight Division,19-8-0 (W-L-D),4,7,4,42%,36%,419,999,,42,2.50,1.34,54%,0.27,4.12,1.16,54%,11:10,297(71%),26(6%),96(23%),265(63%),59(14%),95(23%),4(21%),8(42%),7(37%),"Indaiatuba, Brazil","Nov. 10, 2018"
Muhammad Mokaev,"""The Punisher""",Flyweight Division,13-0-0 (W-L-D),2,6,3,45%,41%,142,313,,75,1.61,5.29,58%,0.17,1.35,0.85,25%,12:34,101(71%),7(5%),34(24%),76(54%),45(32%),21(15%),2(15%),5(38%),6(46%),None,"Mar. 19, 2022"
Suman Mokhtarian,None,Featherweight Division,8-2-0 (W-L-D),1,6,0,43%,0%,38,88,,1,2.21,0.00,49%,0.00,6.85,0.00,N/A,08:37,32(84%),4(11%),2(5%),15(39%),11(29%),12(32%),1(13%),1(13%),6(75%),"Adelaide, Australia","Dec. 2, 2018"
Ashkan Mokhtarian,"""The Assassin""",Flyweight Division,13-3-0 (W-L-D),0,0,0,44%,17%,54,124,1,6,1.95,0.54,44%,0.00,3.66,0.00,33%,13:49,51(94%),1(2%),2(4%),22(41%),13(24%),19(35%),6(46%),1(8%),6(46%),"Tehran , Iran","Jun. 11, 2017"
Jeffrey Molina,"""El Jefe""",Flyweight Division,11-2-0 (W-L-D),4,4,0,48%,0%,368,765,,3,7.25,0.00,56%,0.89,5.04,0.00,67%,12:42,295(80%),32(9%),41(11%),293(80%),51(14%),24(7%),4(40%),2(20%),4(40%),United States,"Apr. 24, 2021"
Rudyard Moncayo,None,,0-0-0 (W-L-D),0,0,0,N/A,N/A,0,0,0,0,N/A,N/A,N/A,N/A,N/A,N/A,N/A,N/A,N/A,N/A,N/A,N/A,N/A,N/A,0(0%),0(0%),0(0%),"Santa Ana, United States","Jul. 14, 1995"
Jeff Monson,"""The Snowman""",Heavyweight Division,24-5-0 (W-L-D),0,0,0,36%,16%,85,237,,43,1.13,1.39,59%,0.20,4.33,0.60,67%,12:33,29(34%),29(34%),27(32%),50(59%),24(28%),11(13%),0(0%),0(0%),0(0%),United States,"Sep. 22, 2000"
Darrell Montague,"""Mongoose""",Flyweight Division,13-5-0 (W-L-D),0,0,0,26%,25%,40,155,,4,1.92,0.72,53%,0.00,5.38,1.44,33%,06:56,39(98%),1(3%),0(0%),23(58%),7(18%),10(25%),5(38%),3(23%),5(38%),United States,"Oct. 20, 2013"
Nicco Montano,None,Women's Bantamweight Division,5-3-0 (W-L-D),2,0,0,42%,55%,224,535,3,11,5.60,2.25,64%,0.00,4.43,0.38,69%,20:00,187(83%),16(7%),21(9%),151(67%),23(10%),50(22%),2(40%),3(60%),0(0%),"Shiprock, United States","Dec. 1, 2017"
Augusto Montano,"""Dodger""",Welterweight Division,15-3-0 (W-L-D),0,0,0,46%,N/A,118,256,0,0,3.46,0.00,57%,0.00,2.66,0.00,67%,11:23,85(72%),29(25%),4(3%),40(34%),22(19%),56(47%),11(73%),0(0%),4(27%),"Distrito Federal, Mexico","Nov. 15, 2014"
Erick Montano,"""Perry""",Welterweight Division,8-5-0 (W-L-D),0,0,0,45%,36%,73,164,,11,2.79,2.29,65%,0.00,2.06,0.00,67%,08:44,58(79%),10(14%),5(7%),41(56%),7(10%),25(34%),2(25%),1(13%),5(63%),"Mexico City, Mexico","Nov. 21, 2015"
Alberto Montes,None,Featherweight Division,1-0-0 (W-L-D),0,0,0,67%,N/A,38,57,0,0,4.98,0.00,58%,0.00,4.85,9.83,67%,07:38,38(100%),0(0%),0(0%),28(74%),10(26%),0(0%),0(0%),0(0%),0(0%),"Barquisimeto, Venezuela","Feb. 11, 2025"
Steve Montgomery,"""The Creepy Weasel""",Middleweight Division,8-4-0 (W-L-D),0,0,0,39%,N/A,86,219,0,0,4.85,0.00,48%,0.00,4.12,0.00,64%,08:52,58(67%),26(30%),2(2%),57(66%),26(30%),3(3%),5(63%),1(13%),2(25%),United States,"Jun. 27, 2015"
James Moontasri,"""Moon Walker""",Welterweight Division,9-5-0 (W-L-D),0,0,0,49%,0%,142,290,,1,2.39,0.00,41%,0.51,3.86,0.25,79%,09:54,78(55%),25(18%),39(27%),82(58%),39(27%),21(15%),5(56%),2(22%),2(22%),"Frankfurt, Germany","Jun. 28, 2014"
Taylor Moore,None,Bantamweight Division,0-1-0 (W-L-D),0,0,0,75%,0%,3,4,,1,0.20,0.00,43%,0.00,2.07,0.00,25%,15:00,3(100%),0(0%),0(0%),0(0%),0(0%),3(100%),0(0%),0(0%),0(0%),"Royal Oak, United States","Feb. 11, 2025"
Homer Moore,"""The Rock""",Light Heavyweight Division,17-2-0 (W-L-D),0,0,0,50%,67%,4,8,,3,0.68,5.07,N/A,0.00,0.68,0.00,N/A,05:55,2(50%),0(0%),2(50%),4(100%),0(0%),0(0%),0(0%),0(0%),0(0%),United States,"Nov. 2, 2001"
Sergio Moraes,"""The Panther""",Welterweight Division,14-7-1 (W-L-D),1,8,0,43%,39%,423,993,8,36,2.42,1.20,60%,0.09,3.73,0.43,75%,12:29,385(91%),12(3%),26(6%),324(77%),73(17%),26(6%),1(7%),5(36%),8(57%),"Sao Paulo, Brazil","Oct. 13, 2012"
Marlon Moraes,"""Magic""",Bantamweight Division,23-10-1 (W-L-D),10,6,13,41%,42%,290,714,1,12,3.37,0.87,54%,0.87,4.53,0.35,46%,07:50,267(92%),4(1%),19(7%),189(65%),46(16%),55(19%),10(43%),7(30%),6(26%),"Nova Friburgo, Brazil","Jun. 3, 2017"
Sheymon Moraes,None,Featherweight Division,11-4-0 (W-L-D),5,0,0,42%,0%,188,445,,4,3.00,0.00,64%,0.48,3.64,0.00,54%,12:31,150(80%),30(16%),8(4%),83(44%),85(45%),20(11%),5(45%),6(55%),0(0%),"Niterói, Brazil","Nov. 25, 2017"
John Moraga,"""Chicano""",Flyweight Division,19-7-0 (W-L-D),0,8,1,44%,23%,433,995,7,30,2.57,0.62,56%,0.18,2.55,1.07,45%,12:01,254(59%),82(19%),97(22%),242(56%),109(25%),82(19%),3(16%),8(42%),8(42%),"Phoenix, United States","Dec. 30, 2012"
Michael Morales,None,Welterweight Division,17-0-0 (W-L-D),12,0,8,48%,42%,352,726,,12,5.42,1.16,53%,0.92,3.42,0.00,92%,10:49,263(75%),23(7%),66(19%),269(76%),29(8%),54(15%),12(71%),4(24%),1(6%),"Pasaje, Ecuador","Jan. 22, 2022"
Joseph Morales,"""Bopo""",Flyweight Division,9-2-0 (W-L-D),0,0,0,37%,50%,45,121,,2,1.58,0.53,61%,0.53,1.72,2.63,23%,09:30,24(53%),2(4%),19(42%),31(69%),10(22%),4(9%),2(22%),2(22%),5(56%),"Clovis, United States","Aug. 6, 2017"
Leonardo Morales,"""Chimmy""",Bantamweight Division,5-2-0 (W-L-D),0,0,0,47%,0%,36,76,,1,2.05,0.00,58%,0.00,2.05,0.00,63%,08:47,28(78%),4(11%),4(11%),13(36%),11(31%),12(33%),3(60%),1(20%),1(20%),Nicaragua,"Nov. 15, 2014"
Albert Morales,"""The Warrior""",Bantamweight Division,7-4-1 (W-L-D),0,0,0,36%,36%,314,879,3,14,3.81,0.91,56%,0.00,3.96,0.18,71%,11:46,261(83%),23(7%),30(10%),185(59%),37(12%),92(29%),2(29%),2(29%),3(43%),United States,"Sep. 18, 2016"
Vince Morales,"""Vandetta""",Bantamweight Division,16-8-0 (W-L-D),7,5,5,37%,30%,491,1332,,10,3.98,0.36,53%,0.36,4.48,0.00,66%,12:20,428(87%),36(7%),27(5%),314(64%),126(26%),51(10%),7(44%),4(25%),5(31%),"Caldwell, United States","Nov. 24, 2018"
Omar Morales,"""Venezuelan Fighter""",Lightweight Division,11-4-0 (W-L-D),3,4,6,40%,100%,334,832,1,3,3.42,0.46,58%,0.31,3.18,0.00,64%,12:13,284(85%),36(11%),14(4%),217(65%),62(19%),55(16%),3(27%),4(36%),4(36%),"Caracas, Venezuela","Aug. 6, 2019"
Sarah Moras,"""Cheesecake""",Women's Bantamweight Division,6-8-0 (W-L-D),3,2,0,34%,22%,257,749,3,23,2.28,0.67,50%,0.00,3.58,0.80,33%,12:31,163(63%),17(7%),77(30%),177(69%),35(14%),45(18%),3(50%),1(17%),2(33%),"Sechelt, Canada","Jul. 6, 2014"
Christian Morecraft,None,Heavyweight Division,7-3-0 (W-L-D),0,0,0,34%,67%,78,227,,9,2.82,3.26,46%,0.00,2.46,2.17,50%,06:55,26(33%),5(6%),47(60%),64(82%),7(9%),7(9%),0(0%),0(0%),0(0%),"Washington, United States","Aug. 7, 2010"
Vinicius Moreira,"""Mamute""",Light Heavyweight Division,9-5-0 (W-L-D),1,8,0,59%,19%,72,122,,16,3.15,1.97,43%,0.00,5.07,1.31,N/A,04:34,40(56%),5(7%),27(38%),33(46%),19(26%),20(28%),1(11%),0(0%),8(89%),"Brasilia, Brazil","Jan. 19, 2019"
Gisele Moreira,"""Gi""",Women's Bantamweight Division,0-0-0 (W-L-D),0,0,0,42%,57%,89,210,,7,5.93,4.00,49%,0.00,6.33,0.00,N/A,15:00,81(91%),4(4%),4(4%),57(64%),14(16%),18(20%),0(0%),0(0%),0(0%),"State of Santa Catarina, Brazil","Feb. 11, 2025"
Richardson Moreira,"""Rick Monstro""",Middleweight Division,7-4-0 (W-L-D),0,0,0,29%,0%,18,63,,6,1.17,0.00,67%,0.00,1.83,0.00,100%,07:40,12(67%),6(33%),0(0%),13(72%),3(17%),2(11%),5(71%),0(0%),2(29%),Brazil,"May. 31, 2014"
Brandon Moreno,"""The Assassin Baby""",Flyweight Division,22-8-2 (W-L-D),5,11,8,44%,46%,1131,2585,12,65,3.99,1.59,61%,0.21,3.53,0.42,64%,16:40,984(87%),60(5%),87(8%),851(75%),174(15%),106(9%),5(23%),6(27%),11(50%),"Tijuana, Mexico","Oct. 2, 2016"
Dan Moret,"""The Hitman""",Lightweight Division,13-6-0 (W-L-D),2,7,0,44%,27%,96,219,,11,2.67,1.25,43%,0.00,3.56,0.42,45%,12:00,56(58%),33(34%),7(7%),50(52%),28(29%),18(19%),2(15%),4(31%),7(54%),"Mankato, United States","Apr. 15, 2018"
Alexander Morgan,None,Featherweight Division,0-1-0 (W-L-D),0,0,0,44%,N/A,12,27,0,0,3.71,0.00,47%,0.00,2.78,0.00,N/A,03:14,12(100%),0(0%),0(0%),6(50%),2(17%),4(33%),0(0%),0(0%),0(0%),"Montreal, Canada","Feb. 11, 2025"
Peggy Morgan,"""Daywalker""",Women's Bantamweight Division,2-1-0 (W-L-D),0,0,0,23%,N/A,34,147,0,0,2.27,0.00,34%,0.00,8.20,0.00,50%,15:00,31(91%),0(0%),3(9%),34(100%),0(0%),0(0%),0(0%),0(0%),0(0%),"Biloxi, United States","Dec. 1, 2013"
Sammy Morgan,"""The Squeeze""",Welterweight Division,18-7-0 (W-L-D),0,0,0,20%,0%,9,46,,7,0.59,0.00,40%,0.00,7.69,0.98,N/A,07:41,7(78%),2(22%),0(0%),3(33%),5(56%),1(11%),0(0%),0(0%),0(0%),"Minneapolis, United States","Nov. 5, 2005"
Joe Moriera,None,Lightweight Division,0-0-0 (W-L-D),0,0,0,N/A,N/A,0,0,0,0,N/A,N/A,N/A,N/A,N/A,N/A,N/A,N/A,N/A,N/A,N/A,N/A,N/A,N/A,0(0%),0(0%),0(0%),United States,"Feb. 16, 1996"
Alex Morono,"""The Great White""",Welterweight Division,24-11-0 (W-L-D),6,7,11,40%,25%,1316,3269,,24,4.96,0.34,57%,0.28,4.56,0.34,48%,12:04,1168(89%),92(7%),56(4%),1045(79%),179(14%),92(7%),6(25%),11(46%),7(29%),"Houston, United States","Jan. 3, 2016"
Maryna Moroz,"""Iron Lady""",Women's Flyweight Division,11-6-0 (W-L-D),1,6,5,34%,24%,662,1970,1,29,4.42,0.70,52%,0.00,4.89,0.60,43%,12:30,539(81%),58(9%),65(10%),415(63%),190(29%),57(9%),1(9%),4(36%),6(55%),"Volnogorsk, Ukraine","Apr. 11, 2015"
Sergey Morozov,None,Bantamweight Division,19-5-0 (W-L-D),8,3,6,43%,32%,187,430,7,47,3.01,3.63,61%,0.24,2.97,0.00,68%,12:25,147(79%),17(9%),23(12%),134(72%),27(14%),26(14%),8(44%),7(39%),3(17%),Kazakhstan,"Oct. 24, 2020"
Scott Morris,None,,0-0-0 (W-L-D),0,0,0,N/A,N/A,0,0,0,0,N/A,N/A,N/A,N/A,N/A,N/A,N/A,N/A,N/A,N/A,N/A,N/A,N/A,N/A,0(0%),0(0%),0(0%),"Arlington, United States","Mar. 11, 1994"
Brad Morris,None,Light Heavyweight Division,10-4-0 (W-L-D),0,0,0,63%,0%,5,8,,1,0.50,0.00,28%,0.00,6.95,0.00,N/A,05:02,5(100%),0(0%),0(0%),4(80%),0(0%),1(20%),0(0%),0(0%),0(0%),"Lithgow, Australia","Apr. 19, 2008"
Anthony Morrison,"""Cheesesteak""",Lightweight Division,15-8-0 (W-L-D),0,0,0,33%,N/A,7,21,0,0,1.70,0.00,80%,0.00,0.49,0.00,50%,02:04,6(86%),1(14%),0(0%),4(57%),1(14%),2(29%),0(0%),0(0%),0(0%),United States,"Feb. 11, 2025"
Harry Moskowitz,None,Heavyweight Division,0-0-0 (W-L-D),0,0,0,N/A,N/A,0,0,0,0,N/A,N/A,N/A,N/A,N/A,N/A,N/A,N/A,N/A,N/A,N/A,N/A,N/A,N/A,0(0%),0(0%),0(0%),"Ocean Springs, United States","Oct. 17, 1997"
Carlos Mota,"""Tizil """,Flyweight Division,8-2-0 (W-L-D),4,0,3,41%,N/A,12,29,0,0,0.80,0.00,54%,0.00,1.13,1.00,50%,15:00,7(58%),0(0%),5(42%),6(50%),5(42%),1(8%),4(50%),4(50%),0(0%),"Medicilândia, Brazil","Oct. 29, 2022"
Nikolas Motta,"""Iron""",Lightweight Division,15-5-0 (W-L-D),10,0,8,37%,N/A,207,555,0,0,3.64,0.00,56%,1.06,4.50,0.00,82%,08:07,174(84%),2(1%),31(15%),170(82%),19(9%),18(9%),10(67%),5(33%),0(0%),"Governador Valadares, Brazil","Sep. 18, 2021"
Eduarda Moura,"""Ronda""",Women's Flyweight Division,11-1-0 (W-L-D),4,5,7,50%,35%,107,216,3,34,2.60,4.37,53%,0.00,2.45,0.36,100%,10:19,37(35%),8(7%),62(58%),95(89%),10(9%),2(2%),4(36%),2(18%),5(45%),"Riachuelo, Brazil","Nov. 4, 2023"
Flavio Moura,None,Middleweight Division,0-0-0 (W-L-D),0,0,0,N/A,N/A,0,0,0,0,N/A,N/A,N/A,N/A,N/A,N/A,N/A,N/A,N/A,N/A,N/A,N/A,N/A,N/A,0(0%),0(0%),0(0%),"Rio de Janeiro, Brazil","Jul. 16, 1999"
Gegard Mousasi,None,Middleweight Division,42-6-2 (W-L-D),0,0,0,51%,60%,1028,2027,,48,3.75,1.59,69%,0.33,1.21,1.15,60%,07:50,458(45%),176(17%),394(38%),746(73%),119(12%),163(16%),25(60%),7(17%),10(24%),"Teheran, Iran","Jan. 13, 2013"
Kris Moutinho,None,Bantamweight Division,9-6-0 (W-L-D),3,1,0,33%,N/A,81,248,0,0,4.86,0.00,29%,0.00,15.48,0.00,N/A,08:20,80(99%),1(1%),0(0%),47(58%),8(10%),26(32%),3(33%),5(56%),1(11%),"Ravenna, United States","Jul. 10, 2021"
Jamie Moyle,None,Women's Strawweight Division,4-3-0 (W-L-D),0,0,0,52%,21%,203,394,3,14,4.51,1.00,66%,0.00,4.00,0.00,50%,15:00,157(77%),33(16%),13(6%),97(48%),63(31%),43(21%),0(0%),3(75%),1(25%),"Riverside, United States","Dec. 4, 2016"
Askar Mozharov,None,Light Heavyweight Division,0-1-0 (W-L-D),11,6,0,18%,N/A,2,11,0,0,0.43,0.00,14%,0.00,4.07,0.00,33%,04:40,2(100%),0(0%),0(0%),1(50%),1(50%),0(0%),11(58%),2(11%),6(32%),Ukraine,"Jun. 4, 2022"
Sumudaerji,"""The Tibetan Eagle""",Flyweight Division,16-7-0 (W-L-D),13,0,11,54%,25%,313,584,,4,4.72,0.23,60%,0.45,3.09,0.91,67%,09:28,240(77%),23(7%),50(16%),202(65%),39(12%),72(23%),13(81%),2(13%),1(6%),"Sichuan, China","Feb. 11, 2025"
Lauren Mueller,"""Princess Tiger""",Women's Flyweight Division,5-3-0 (W-L-D),1,0,0,42%,50%,261,625,2,6,4.08,0.70,59%,0.00,3.77,0.00,71%,12:48,193(74%),59(23%),9(3%),148(57%),82(31%),31(12%),1(20%),4(80%),0(0%),"Ramona, United States","Aug. 29, 2017"
Belal Muhammad,"""Remember The Name""",Welterweight Division,24-3-0 (W-L-D),5,1,0,44%,39%,1241,2840,15,110,4.39,2.28,57%,0.00,3.48,0.16,89%,14:53,1070(86%),54(4%),117(9%),950(77%),178(14%),113(9%),5(21%),18(75%),1(4%),"Chicago, United States","Jul. 7, 2016"
Quinn Mulhern,None,Lightweight Division,18-4-0 (W-L-D),0,0,0,22%,0%,25,113,,10,1.38,0.00,52%,0.00,3.82,0.00,33%,09:03,24(96%),1(4%),0(0%),19(76%),4(16%),2(8%),3(17%),4(22%),11(61%),"Santa Cruz, United States","May. 20, 2012"
James Mulheron,"""Juggernaut""",Heavyweight Division,11-2-0 (W-L-D),0,0,0,32%,N/A,36,114,0,0,2.40,0.00,43%,0.00,3.47,0.00,25%,15:00,30(83%),6(17%),0(0%),15(42%),18(50%),3(8%),6(55%),5(45%),0(0%),United Kingdom,"Jul. 16, 2017"
Jamie Mullarkey,"""Hooligan""",Lightweight Division,17-8-0 (W-L-D),10,3,7,47%,34%,456,979,3,47,4.39,2.31,54%,0.29,4.53,0.14,79%,09:26,389(85%),42(9%),25(5%),226(50%),102(22%),128(28%),10(63%),3(19%),3(19%),"Gosford, Australia","Oct. 5, 2019"
Jim Mullen,None,Heavyweight Division,0-0-0 (W-L-D),0,0,0,N/A,N/A,0,0,0,0,N/A,N/A,N/A,N/A,N/A,N/A,N/A,N/A,N/A,N/A,N/A,N/A,N/A,N/A,0(0%),0(0%),0(0%),"Simi Valley, United States","Feb. 7, 1997"
Melissa Mullins,"""No Mess""",Women's Bantamweight Division,7-1-0 (W-L-D),4,0,3,56%,38%,101,179,,8,3.43,1.53,50%,0.00,3.26,0.00,86%,09:49,60(59%),3(3%),38(38%),92(91%),8(8%),1(1%),4(57%),3(43%),0(0%),"Oxford, England","Oct. 14, 2023"
Pedro Munhoz,"""The Young Punisher""",Bantamweight Division,20-10-0 (W-L-D),5,8,8,42%,16%,1358,3239,7,50,5.38,0.48,56%,0.42,6.29,0.48,82%,11:28,1252(92%),57(4%),49(4%),723(53%),224(16%),411(30%),5(26%),6(32%),8(42%),Brazil,"Feb. 22, 2014"
Andre Muniz,"""Sergipano""",Middleweight Division,24-6-0 (W-L-D),4,15,15,50%,50%,189,378,3,54,1.97,4.23,54%,0.00,1.99,1.25,36%,09:35,148(78%),11(6%),30(16%),127(67%),32(17%),30(16%),4(17%),5(21%),15(63%),"Montes Claros, Brazil","Nov. 16, 2019"
Johnny Munoz,"""Kid Kvenbo""",Bantamweight Division,12-4-0 (W-L-D),2,7,6,37%,26%,168,458,4,43,2.44,2.40,55%,0.00,2.66,1.75,45%,11:27,125(74%),26(15%),17(10%),92(55%),53(32%),23(14%),2(17%),3(25%),7(58%),"Corona, United States","Aug. 1, 2020"
Alexander Munoz,None,Lightweight Division,7-2-0 (W-L-D),2,1,3,43%,40%,222,520,5,30,3.70,3.00,55%,0.25,4.73,0.00,100%,15:00,167(75%),14(6%),41(18%),149(67%),39(18%),34(15%),2(33%),3(50%),1(17%),United States,"Aug. 8, 2020"
Mark Munoz,"""The Filipino Wrecking Machine""",Middleweight Division,14-6-0 (W-L-D),0,0,0,51%,30%,428,837,,98,3.12,3.17,57%,0.22,2.26,0.55,58%,08:04,125(29%),99(23%),204(48%),263(61%),115(27%),50(12%),0(0%),0(0%),0(0%),United States,"Mar. 7, 2009"
Olivier Murad,None,Featherweight Division,1-0-0 (W-L-D),0,0,0,37%,100%,39,106,,1,2.60,1.00,61%,1.00,2.20,0.00,56%,15:00,33(85%),5(13%),1(3%),30(77%),3(8%),6(15%),0(0%),0(0%),0(0%),"Queens, United States","Feb. 11, 2025"
Makhmud Muradov,None,Middleweight Division,26-8-0 (W-L-D),17,3,10,44%,67%,333,758,,24,4.21,3.03,61%,0.57,2.57,0.19,78%,11:18,302(91%),19(6%),12(4%),219(66%),94(28%),20(6%),17(68%),5(20%),3(12%),Tajikistan,"Sep. 28, 2019"
Kanako Murata,None,Women's Strawweight Division,12-3-0 (W-L-D),2,4,3,57%,56%,86,151,4,16,2.15,3.38,53%,0.00,2.40,0.75,100%,13:20,33(38%),5(6%),48(56%),66(77%),14(16%),6(7%),2(17%),6(50%),4(33%),Japan,"Nov. 14, 2020"
Aili Muratbek,None,Lightweight Division,0-0-0 (W-L-D),0,0,0,N/A,N/A,0,0,0,0,N/A,N/A,N/A,N/A,N/A,N/A,N/A,00:00,0(0%),0(0%),0(0%),0(0%),0(0%),0(0%),0(0%),0(0%),0(0%),None,"Jun. 9, 2022"
Vince Murdock,None,Featherweight Division,12-4-0 (W-L-D),8,1,0,22%,N/A,13,60,0,0,1.21,0.00,41%,0.00,7.17,0.00,N/A,10:44,13(100%),0(0%),0(0%),4(31%),4(31%),5(38%),8(67%),3(25%),1(8%),"Lapeer, United States","Jun. 29, 2019"
Samandar Murodov,None,Welterweight Division,2-0-0 (W-L-D),0,0,0,81%,100%,17,21,,1,3.41,3.01,N/A,0.00,0.80,3.01,N/A,10:00,2(12%),0(0%),15(88%),16(94%),0(0%),1(6%),0(0%),0(0%),0(0%),"Dushanbe, Tajikistan","Feb. 11, 2025"
Lerone Murphy,"""The Miracle""",Featherweight Division,15-0-1 (W-L-D),7,0,6,54%,54%,526,972,,24,4.80,1.78,60%,0.27,2.67,0.55,49%,13:42,407(77%),59(11%),60(11%),363(69%),107(20%),56(11%),7(47%),8(53%),0(0%),"Manchester, England","Sep. 7, 2019"
Lauren Murphy,"""Lucky""",Women's Flyweight Division,16-6-0 (W-L-D),8,1,2,39%,25%,826,2100,6,56,4.05,1.03,55%,0.07,5.25,0.07,70%,14:35,594(72%),125(15%),107(13%),606(73%),116(14%),104(13%),8(53%),6(40%),1(7%),"Anchorage, United States","Aug. 16, 2014"
Tom Murphy,None,Heavyweight Division,5-1-0 (W-L-D),0,0,0,71%,86%,30,42,,7,2.50,7.51,85%,0.00,0.17,2.50,N/A,11:59,0(0%),4(13%),26(87%),30(100%),0(0%),0(0%),0(0%),0(0%),0(0%),"St. Albans, United States","Mar. 4, 2006"
Jesse Murray,"""Hollywood""",Light Heavyweight Division,0-1-0 (W-L-D),0,0,0,29%,N/A,4,14,0,0,2.38,0.00,43%,0.00,7.72,0.00,N/A,01:41,4(100%),0(0%),0(0%),0(0%),4(100%),0(0%),0(0%),0(0%),0(0%),"Toledo, United States","Feb. 11, 2025"
Lee Murray,None,Middleweight Division,9-1-1 (W-L-D),0,0,0,0%,N/A,0,1,0,0,0.00,0.00,33%,0.00,31.43,17.14,43%,01:45,0(0%),0(0%),0(0%),0(0%),0(0%),0(0%),0(0%),0(0%),0(0%),"London, United Kingdom","Jan. 31, 2004"
Khalid Murtazaliev,None,Middleweight Division,14-2-0 (W-L-D),0,0,0,70%,100%,48,69,5,5,4.80,7.50,79%,0.00,0.40,0.00,33%,10:00,8(17%),3(6%),37(77%),33(69%),11(23%),4(8%),0(0%),0(0%),0(0%),"Dagestan Republic, Russia","Sep. 15, 2018"
Azamat Murzakanov,"""Professional""",Light Heavyweight Division,14-0-0 (W-L-D),10,0,8,56%,15%,228,404,1,13,4.72,0.62,62%,1.55,2.90,0.00,83%,09:40,164(72%),14(6%),50(22%),156(68%),61(27%),11(5%),10(77%),2(15%),1(8%),"Nalchik, Russia","Nov. 20, 2021"
Josias Musasa,None,Bantamweight Division,1-0-0 (W-L-D),0,0,0,44%,100%,50,113,,1,3.33,1.00,28%,0.00,4.53,1.00,75%,15:00,27(54%),20(40%),3(6%),28(56%),18(36%),4(8%),0(0%),0(0%),0(0%),None,"Feb. 11, 2025"
Nico Musoke,None,Welterweight Division,13-5-0 (W-L-D),0,0,0,36%,19%,277,774,6,31,3.56,1.16,58%,0.00,3.80,0.19,82%,12:57,226(82%),36(13%),15(5%),189(68%),59(21%),29(10%),4(31%),4(31%),5(38%),"Botkyrka, Sweden","Oct. 27, 2013"
Magomed Mustafaev,"""The Sniper""",Lightweight Division,14-4-0 (W-L-D),10,4,0,59%,50%,94,160,,16,2.59,3.31,41%,0.83,2.68,0.41,23%,07:15,48(51%),24(26%),22(23%),54(57%),23(24%),17(18%),10(71%),0(0%),4(29%),"Dagestan Republic, Russia","Jun. 20, 2015"
Max Mustaki,"""Mad""",Lightweight Division,6-3-0 (W-L-D),0,0,0,50%,N/A,41,82,0,0,8.20,0.00,46%,0.00,13.00,0.00,N/A,05:00,38(93%),0(0%),3(7%),35(85%),4(10%),2(5%),0(0%),0(0%),0(0%),"Sumter, United States","Feb. 11, 2025"
Elvis Mutapcic,"""The King""",Middleweight Division,15-5-1 (W-L-D),0,0,0,41%,N/A,131,322,0,0,3.41,0.00,39%,0.00,4.27,0.00,81%,12:49,66(50%),38(29%),27(21%),73(56%),42(32%),16(12%),5(33%),3(20%),7(47%),None,"Jan. 18, 2016"
Przemyslaw Mysiala,None,None,None,0,0,0,N/A,N/A,0,0,0,0,N/A,N/A,N/A,N/A,N/A,N/A,N/A,N/A,N/A,N/A,N/A,N/A,N/A,N/A,0(0%),0(0%),0(0%),None,"Feb. 11, 2025"
Muhammad Naimov,"""Hillman""",Featherweight Division,12-3-0 (W-L-D),6,2,5,42%,36%,191,456,,22,2.94,1.85,44%,0.23,3.77,0.00,67%,10:50,128(67%),39(20%),24(13%),116(61%),44(23%),31(16%),6(50%),4(33%),2(17%),Tajikistan,"Jun. 3, 2023"
Rin Nakai,None,Women's Bantamweight Division,16-2-1 (W-L-D),0,0,0,34%,19%,47,139,,32,1.57,3.00,61%,0.00,3.90,0.50,75%,15:00,29(62%),18(38%),0(0%),33(70%),10(21%),4(9%),4(25%),6(38%),6(38%),Japan,"Sep. 20, 2014"
Rinya Nakamura,"""Hybred""",Bantamweight Division,9-1-0 (W-L-D),5,1,5,52%,82%,159,307,,11,3.10,2.63,64%,1.17,1.70,1.46,100%,08:33,86(54%),7(4%),66(42%),108(68%),26(16%),25(16%),5(56%),3(33%),1(11%),Japan,"Jun. 10, 2022"
Kazuhiro Nakamura,"""Kaz""",Light Heavyweight Division,11-8-0 (W-L-D),0,0,0,39%,20%,21,54,,10,1.05,1.50,59%,0.00,23.80,0.00,43%,10:00,9(43%),12(57%),0(0%),7(33%),10(48%),4(19%),0(0%),0(0%),0(0%),"Hiroshima, Japan","Sep. 22, 2007"
Keita Nakamura,"""K-Taro""",Welterweight Division,34-10-2 (W-L-D),7,16,0,37%,49%,384,1048,18,39,2.23,1.65,59%,0.35,3.20,0.35,64%,14:21,310(81%),40(10%),34(9%),311(81%),52(14%),21(5%),7(21%),10(30%),16(48%),Japan,"Dec. 13, 2006"
Jutaro Nakao,None,Welterweight Division,11-8-2 (W-L-D),0,0,0,43%,0%,12,28,,1,0.59,0.00,45%,0.74,2.07,0.00,56%,10:08,8(67%),2(17%),2(17%),4(33%),2(17%),6(50%),0(0%),0(0%),0(0%),Japan,"Sep. 28, 2001"
Tyson Nam,None,Flyweight Division,21-14-1 (W-L-D),13,0,9,34%,0%,292,867,,4,3.87,0.00,65%,0.60,4.97,0.00,88%,09:26,266(91%),9(3%),17(6%),167(57%),60(21%),65(22%),13(62%),7(33%),1(5%),"Honolulu, United States","Feb. 11, 2025"
Rose Namajunas,"""Thug""",Women's Flyweight Division,14-7-0 (W-L-D),2,6,5,42%,51%,989,2350,16,51,3.71,1.46,64%,0.28,3.48,0.39,61%,15:41,822(83%),70(7%),97(10%),711(72%),189(19%),89(9%),2(14%),6(43%),6(43%),"Milwaukee, United States","Dec. 12, 2014"
Nad Narimani,"""Smiler""",Featherweight Division,12-4-0 (W-L-D),2,5,0,43%,41%,182,426,6,17,3.33,1.92,59%,0.00,3.00,0.00,70%,13:41,119(65%),19(10%),44(24%),133(73%),27(15%),22(12%),2(17%),5(42%),5(42%),"Bristol, United Kingdom","Mar. 17, 2018"
Roger Narvaez,"""Silverback""",Middleweight Division,7-2-0 (W-L-D),0,0,0,37%,0%,67,181,,2,2.12,0.00,65%,0.47,3.32,0.95,50%,10:32,55(82%),3(4%),9(13%),42(63%),16(24%),9(13%),3(43%),2(29%),2(29%),United States,"Jun. 7, 2014"
Allan Nascimento,"""Puro Osso""",Flyweight Division,20-6-0 (W-L-D),2,14,12,61%,26%,155,254,,19,3.21,1.55,50%,0.00,2.28,0.93,17%,12:04,114(74%),12(8%),29(19%),101(65%),22(14%),32(21%),2(10%),4(20%),14(70%),"São Paulo, Brazil","Oct. 30, 2021"
Rodrigo Nascimento,"""Ze' Colmeia""",Heavyweight Division,11-3-0 (W-L-D),2,6,6,47%,38%,328,692,2,16,3.71,1.02,45%,0.00,4.34,0.51,61%,09:49,261(80%),38(12%),29(9%),236(72%),51(16%),41(13%),2(20%),2(20%),6(60%),Brazil,"Jul. 30, 2019"
Bobby Nash,"""Nashty""",Welterweight Division,8-4-0 (W-L-D),0,0,0,38%,33%,65,172,,9,3.42,2.37,51%,0.79,3.95,1.58,100%,06:20,45(69%),18(28%),2(3%),40(62%),9(14%),16(25%),4(50%),1(13%),3(38%),"Mount Clemens, United States","Jan. 29, 2017"
Nasrudin Nasrudinov,None,Light Heavyweight Division,0-1-0 (W-L-D),0,0,0,88%,50%,7,8,,2,1.03,2.20,75%,0.00,0.29,0.00,40%,06:49,4(57%),0(0%),3(43%),6(86%),1(14%),0(0%),0(0%),0(0%),0(0%),None,"Feb. 11, 2025"
Rafael Natal,"""Sapo""",Middleweight Division,21-9-1 (W-L-D),0,0,0,48%,34%,656,1370,36,105,3.10,2.55,58%,0.35,2.48,0.50,77%,12:27,432(66%),79(12%),145(22%),379(58%),93(14%),184(28%),0(0%),0(0%),0(0%),"Belo Horizonte, Brazil","Sep. 15, 2010"
Kevin Natividad,"""Quicksand""",Bantamweight Division,9-4-0 (W-L-D),5,1,3,34%,50%,77,226,,14,2.68,3.66,48%,0.52,4.29,0.00,83%,09:34,57(74%),7(9%),13(17%),57(74%),15(19%),5(6%),5(56%),3(33%),1(11%),"Fort Worth, United States","Oct. 31, 2020"
Ismail Naurdiev,None,Middleweight Division,24-7-0 (W-L-D),12,6,15,54%,40%,256,475,,20,3.41,1.60,67%,0.00,1.52,0.20,73%,15:00,196(77%),28(11%),32(13%),137(54%),62(24%),57(22%),12(50%),6(25%),6(25%),"Rabat, Morocco","Feb. 23, 2019"
Reza Nazri,None,,0-0-0 (W-L-D),0,0,0,N/A,N/A,0,0,0,0,N/A,N/A,N/A,N/A,N/A,N/A,N/A,N/A,N/A,N/A,N/A,N/A,N/A,N/A,0(0%),0(0%),0(0%),"Natal, Brazil","Sep. 20, 1996"
Tafon Nchukwi,"""Da Don""",Middleweight Division,6-4-0 (W-L-D),4,0,2,53%,57%,440,837,4,7,5.57,0.76,54%,0.38,4.11,0.00,65%,11:17,317(72%),110(25%),13(3%),226(51%),145(33%),69(16%),4(67%),2(33%),0(0%),Cameroon,"Dec. 19, 2020"
Dustin Neace,"""The Beast""",Featherweight Division,23-18-1 (W-L-D),0,0,0,33%,0%,18,55,,1,2.08,0.00,57%,0.00,2.66,1.74,N/A,05:09,15(83%),0(0%),3(17%),10(56%),4(22%),4(22%),0(0%),0(0%),0(0%),"Indianapolis, United States","Dec. 4, 2011"
Geoff Neal,"""Handz of Steel""",Welterweight Division,16-6-0 (W-L-D),10,2,7,51%,50%,672,1316,,10,5.05,0.56,57%,1.01,5.44,0.11,88%,10:14,546(81%),74(11%),52(8%),577(86%),57(8%),38(6%),10(63%),4(25%),2(13%),"Austin, United States","Feb. 18, 2018"
Stanislav Nedkov,"""Stucky""",Light Heavyweight Division,12-2-0 (W-L-D),0,0,0,43%,42%,90,207,,12,3.33,2.77,44%,1.11,5.39,0.00,N/A,06:46,32(36%),36(40%),22(24%),69(77%),14(16%),7(8%),0(0%),0(0%),0(0%),"Veliko Turnovo, Bulgaria","Aug. 27, 2011"
Josh Neer,"""The Dentist""",Welterweight Division,33-13-1 (W-L-D),0,0,0,46%,34%,543,1180,,35,3.29,1.09,59%,0.09,3.63,1.27,46%,10:19,250(46%),158(29%),135(25%),401(74%),79(15%),63(12%),0(0%),0(0%),0(0%),"Des Moines, United States","Aug. 6, 2005"
Nicolae Negumereanu,None,Light Heavyweight Division,13-2-0 (W-L-D),8,3,6,41%,29%,210,510,,14,3.58,1.02,39%,0.00,5.56,0.00,63%,09:46,155(74%),49(23%),6(3%),158(75%),20(10%),32(15%),8(62%),2(15%),3(23%),"Brasov, Romania","Mar. 16, 2019"
Nair Nelikyan,None,Lightweight Division,0-0-0 (W-L-D),0,0,0,N/A,N/A,0,0,0,0,N/A,N/A,N/A,N/A,N/A,N/A,N/A,00:00,0(0%),0(0%),0(0%),0(0%),0(0%),0(0%),0(0%),0(0%),0(0%),None,"Feb. 11, 2025"
Steve Nelmark,None,,0-0-0 (W-L-D),0,0,0,N/A,N/A,0,0,0,0,N/A,N/A,N/A,N/A,N/A,N/A,N/A,N/A,N/A,N/A,N/A,N/A,N/A,N/A,0(0%),0(0%),0(0%),"Livonia, United States","May. 17, 1996"
Kyle Nelson,"""The Monster""",Featherweight Division,16-6-1 (W-L-D),6,4,8,46%,21%,349,764,2,34,3.51,1.06,52%,0.00,4.72,0.60,73%,09:56,299(86%),47(13%),3(1%),190(54%),94(27%),65(19%),6(38%),6(38%),4(25%),"Huntsville, Canada","Dec. 8, 2018"
Gunnar Nelson,"""Gunni""",Welterweight Division,19-5-1 (W-L-D),4,13,12,61%,59%,277,453,10,32,1.84,1.90,50%,0.10,3.00,1.00,67%,10:02,146(53%),24(9%),107(39%),212(77%),43(16%),22(8%),4(20%),3(15%),13(65%),"Akureyri, Iceland","Sep. 29, 2012"
Roy Nelson,"""Big Country""",Heavyweight Division,23-14-0 (W-L-D),0,0,0,37%,27%,486,1327,16,62,2.18,1.14,47%,0.61,4.79,0.13,66%,10:37,347(71%),95(20%),44(9%),377(78%),58(12%),51(10%),0(0%),0(0%),0(0%),"Las Vegas, United States","Dec. 5, 2009"
Shane Nelson,"""Sugar""",Lightweight Division,13-5-0 (W-L-D),0,0,0,31%,18%,63,203,,22,1.38,1.31,61%,0.33,2.84,1.64,55%,11:26,36(57%),15(24%),12(19%),39(62%),20(32%),4(6%),0(0%),0(0%),0(0%),"Honolulu, United States","Dec. 13, 2008"
Antonio Braga Neto,None,Middleweight Division,9-3-0 (W-L-D),0,0,0,33%,38%,40,120,6,16,1.36,3.07,45%,0.00,3.92,0.51,N/A,09:46,25(63%),3(8%),12(30%),30(75%),6(15%),4(10%),1(11%),1(11%),7(78%),"Manaus, Brazil","Jun. 8, 2013"
Mario Neto,"""Sukata""",Heavyweight Division,9-3-0 (W-L-D),0,0,0,50%,100%,10,20,,1,1.89,2.84,71%,0.00,1.89,0.00,N/A,05:17,5(50%),4(40%),1(10%),4(40%),0(0%),6(60%),0(0%),0(0%),0(0%),"Brasilia, Brazil","Sep. 23, 2006"
Eduardo Neves,None,Heavyweight Division,0-2-0 (W-L-D),0,0,0,66%,67%,40,61,,3,7.69,5.77,56%,0.00,6.15,0.00,N/A,02:36,33(83%),3(8%),4(10%),30(75%),6(15%),4(10%),0(0%),0(0%),0(0%),None,"Feb. 11, 2025"
Nick Newell,None,Lightweight Division,14-1-0 (W-L-D),0,0,0,46%,N/A,53,114,0,0,3.53,0.00,36%,0.00,4.07,0.00,33%,15:00,52(98%),1(2%),0(0%),37(70%),7(13%),9(17%),0(0%),0(0%),0(0%),"Milford, United States","Feb. 11, 2025"
Journey Newson,None,Bantamweight Division,10-5-0 (W-L-D),3,3,2,33%,17%,141,433,,12,2.64,0.56,65%,0.28,2.57,0.28,44%,08:54,128(91%),4(3%),9(6%),55(39%),41(29%),45(32%),3(30%),4(40%),3(30%),"Hayward, United States","Jun. 29, 2019"
Carlos Newton,"""The Ronin""",Welterweight Division,13-8-0 (W-L-D),0,0,0,41%,71%,87,211,,31,0.65,2.47,45%,0.00,1.55,0.90,44%,12:07,24(28%),15(17%),48(55%),49(56%),33(38%),5(6%),0(0%),0(0%),0(0%),Anguilla,"May. 15, 1998"
Jeff Newton,"""The Karate Kid""",Light Heavyweight Division,4-2-0 (W-L-D),0,0,0,20%,N/A,2,10,0,0,0.28,0.00,52%,0.00,1.41,8.47,N/A,07:05,2(100%),0(0%),0(0%),2(100%),0(0%),0(0%),0(0%),0(0%),0(0%),"Costa Mesa, United States","Nov. 19, 2005"
Francis Ngannou,"""The Predator""",Heavyweight Division,17-3-0 (W-L-D),12,4,0,41%,63%,229,555,,8,2.33,0.76,42%,1.22,2.16,0.31,72%,07:01,150(66%),36(16%),43(19%),156(68%),41(18%),32(14%),12(71%),1(6%),4(24%),"Batie, Cameroon","Dec. 19, 2015"
Steven Nguyen,"""The Ninja""",Featherweight Division,9-2-0 (W-L-D),4,3,5,40%,100%,384,956,1,1,7.15,0.28,61%,0.28,7.36,0.00,85%,13:26,374(97%),3(1%),7(2%),318(83%),33(9%),33(9%),4(44%),2(22%),3(33%),"Wichita, United States","Mar. 23, 2024"
Ben Nguyen,"""10""",Flyweight Division,17-8-0 (W-L-D),0,5,3,40%,33%,210,524,1,3,3.51,0.25,59%,0.75,3.01,1.00,63%,08:32,164(78%),31(15%),15(7%),145(69%),40(19%),25(12%),9(53%),3(18%),5(29%),"Sioux Falls, United States","May. 9, 2015"
Alex Nicholson,"""The Spartan""",Middleweight Division,7-4-0 (W-L-D),0,0,0,44%,N/A,117,268,0,0,4.12,0.00,47%,0.53,4.65,0.53,50%,07:06,109(93%),5(4%),3(3%),67(57%),23(20%),27(23%),6(86%),0(0%),1(14%),"Apopka, United States","Feb. 7, 2016"
Bo Nickal,None,Middleweight Division,7-0-0 (W-L-D),2,4,5,63%,50%,77,122,1,14,2.65,3.61,65%,0.52,1.86,3.61,N/A,04:51,64(83%),1(1%),12(16%),44(57%),16(21%),17(22%),2(29%),1(14%),4(57%),"Rifle, United States","Mar. 4, 2023"
Mike Nickels,None,Light Heavyweight Division,5-1-0 (W-L-D),0,0,0,52%,80%,24,46,,5,4.44,11.11,65%,0.00,1.11,2.78,N/A,02:42,3(13%),8(33%),13(54%),13(54%),10(42%),1(4%),0(0%),0(0%),0(0%),"Ocala, United States","Jun. 24, 2006"
Matheus Nicolau,None,Flyweight Division,19-6-1 (W-L-D),5,5,4,52%,43%,408,786,6,23,3.31,1.22,66%,0.97,2.98,0.85,90%,11:13,354(87%),4(1%),50(12%),214(52%),137(34%),57(14%),5(26%),9(47%),5(26%),"Belo Horizonte, Brazil","Nov. 7, 2015"
Stewart Nicoll,"""Kakamora""",Flyweight Division,8-1-0 (W-L-D),4,3,5,47%,100%,8,17,1,1,3.02,5.66,40%,0.00,1.13,0.00,N/A,02:39,2(25%),0(0%),6(75%),4(50%),2(25%),2(25%),4(50%),1(13%),3(38%),Solomon Islands,"Aug. 17, 2024"
Jaimee Nievera,"""Queenie""",Women's Flyweight Division,7-4-0 (W-L-D),0,0,0,54%,17%,14,26,,6,1.67,1.79,34%,0.00,8.73,0.00,N/A,08:22,11(79%),3(21%),0(0%),5(36%),4(29%),5(36%),0(0%),0(0%),0(0%),"Hayward, United States","Feb. 11, 2025"
Tom Niinimaki,"""Stoneface""",Featherweight Division,21-8-1 (W-L-D),0,0,0,55%,46%,58,106,,13,1.91,2.97,58%,0.00,2.31,0.49,33%,07:35,39(67%),5(9%),14(24%),19(33%),17(29%),22(38%),7(33%),6(29%),8(38%),"Turku, Finland","Dec. 1, 2013"
Ramsey Nijem,None,Lightweight Division,10-5-0 (W-L-D),0,0,0,44%,63%,258,581,,48,3.05,5.32,63%,0.53,1.62,1.06,56%,08:28,139(54%),38(15%),81(31%),201(78%),34(13%),23(9%),0(0%),0(0%),0(0%),United States,"Jun. 5, 2011"
Mats Nilsson,None,Welterweight Division,11-4-1 (W-L-D),0,0,0,39%,83%,58,148,,6,2.99,3.87,64%,0.00,5.62,2.32,44%,09:42,51(88%),6(10%),1(2%),34(59%),9(16%),15(26%),2(18%),4(36%),5(45%),United States,"Mar. 8, 2014"
Jack Nilsson,None,Lightweight Division,0-0-0 (W-L-D),0,0,0,N/A,N/A,0,0,0,0,N/A,N/A,N/A,N/A,N/A,N/A,N/A,N/A,N/A,N/A,N/A,N/A,N/A,N/A,0(0%),0(0%),0(0%),United States,"May. 30, 1997"
Yamato Nishikawa,None,Lightweight Division,0-0-0 (W-L-D),0,0,0,N/A,N/A,0,0,0,0,N/A,N/A,N/A,N/A,N/A,N/A,N/A,00:00,0(0%),0(0%),0(0%),0(0%),0(0%),0(0%),0(0%),0(0%),0(0%),Japan,"Oct. 22, 2022"
Chidi Njokuani,"""Bang Bang""",Welterweight Division,24-10-0 (W-L-D),14,1,10,64%,0%,401,628,,5,4.59,0.00,56%,0.52,2.67,0.17,74%,09:42,197(49%),144(36%),60(15%),164(41%),165(41%),72(18%),14(58%),9(38%),1(4%),"Dallas, United States","Feb. 5, 2022"
Anthony Njokuani,"""The Assassin""",Lightweight Division,16-9-0 (W-L-D),0,0,0,46%,45%,587,1276,,11,3.94,0.50,65%,0.60,2.41,0.20,53%,09:55,452(77%),91(16%),44(7%),304(52%),157(27%),126(21%),0(0%),0(0%),0(0%),United States,"Mar. 20, 2011"
Derrick Noble,"""The Eraser""",Welterweight Division,15-7-1 (W-L-D),0,0,0,40%,N/A,18,45,0,0,6.21,0.00,59%,0.00,3.79,0.00,N/A,02:54,7(39%),11(61%),0(0%),10(56%),4(22%),4(22%),0(0%),0(0%),0(0%),"Cuba, United States","Apr. 15, 2006"
Kyle Noblitt,None,Heavyweight Division,0-0-0 (W-L-D),0,0,0,N/A,N/A,0,0,0,0,N/A,N/A,N/A,N/A,N/A,N/A,N/A,N/A,N/A,N/A,N/A,N/A,N/A,N/A,0(0%),0(0%),0(0%),"Springfield, United States","Feb. 11, 2025"
Pedro Nobre,None,Bantamweight Division,14-1-2 (W-L-D),0,0,0,30%,0%,3,10,,1,1.37,0.00,35%,0.00,9.16,0.00,N/A,02:11,3(100%),0(0%),0(0%),1(33%),1(33%),1(33%),0(0%),0(0%),0(0%),"Rio de Janeiro, Brazil","Jan. 20, 2013"
Antonio Rogerio Nogueira,"""Minotouro""",Light Heavyweight Division,23-10-0 (W-L-D),7,6,0,35%,45%,740,2097,1,29,2.43,0.64,60%,0.49,2.34,0.79,62%,10:53,467(63%),146(20%),127(17%),565(76%),134(18%),41(6%),7(32%),9(41%),6(27%),"Vitoria Da Conquista, Brazil","Nov. 21, 2009"
Minotauro Nogueira,None,Heavyweight Division,34-10-1 (W-L-D),0,0,0,43%,29%,698,1640,,106,1.95,1.30,55%,0.29,2.40,2.39,36%,10:49,424(61%),131(19%),143(20%),562(81%),90(13%),46(7%),0(0%),0(0%),0(0%),United States,"Jul. 7, 2007"
Alexandre Nogueira,"""Pequeno""",Bantamweight Division,13-4-2 (W-L-D),0,0,0,N/A,N/A,0,0,0,0,N/A,N/A,N/A,N/A,N/A,N/A,N/A,N/A,N/A,N/A,N/A,N/A,N/A,N/A,0(0%),0(0%),0(0%),Brazil,"Feb. 11, 2025"
Kyle Noke,None,Welterweight Division,22-10-1 (W-L-D),0,0,0,51%,55%,380,747,,22,3.23,1.53,64%,0.38,2.09,0.76,67%,09:03,257(68%),22(6%),101(27%),183(48%),78(21%),119(31%),0(0%),0(0%),0(0%),"Camperdown, Australia","Jun. 19, 2010"
Tom Nolan,"""Big Train""",Lightweight Division,9-1-0 (W-L-D),5,0,4,46%,13%,211,459,,8,5.82,0.41,46%,0.83,4.85,1.65,67%,07:15,170(81%),32(15%),9(4%),109(52%),66(31%),36(17%),5(56%),4(44%),0(0%),Australia,"Jan. 13, 2024"
KJ Noons,None,Lightweight Division,12-8-0 (W-L-D),0,0,0,35%,20%,715,2042,,5,3.68,0.08,65%,0.39,3.78,0.00,69%,10:48,652(91%),44(6%),19(3%),410(57%),222(31%),83(12%),9(75%),3(25%),0(0%),United States,"Mar. 4, 2012"
Sage Northcutt,"""Super""",Welterweight Division,11-2-0 (W-L-D),0,0,0,52%,35%,267,510,9,26,3.58,1.81,59%,0.40,1.96,0.60,42%,09:20,162(61%),51(19%),54(20%),173(65%),52(19%),42(16%),4(40%),3(30%),3(30%),"Houston, United States","Oct. 3, 2015"
Shohei Nose,None,Bantamweight Division,1-3-0 (W-L-D),0,0,0,40%,17%,46,115,,23,2.48,3.23,53%,0.00,3.61,4.85,N/A,06:11,35(76%),9(20%),2(4%),27(59%),8(17%),11(24%),0(0%),0(0%),0(0%),None,"Jun. 10, 2022"
Jason Novelli,"""Pepsi""",Lightweight Division,11-3-0 (W-L-D),0,0,0,24%,33%,37,154,,3,1.73,0.70,67%,0.00,3.55,0.00,100%,10:43,34(92%),1(3%),2(5%),19(51%),5(14%),13(35%),3(27%),2(18%),6(55%),"Anchorage, United States","Aug. 7, 2016"
Phillipe Nover,"""The Filipino Assassin""",Featherweight Division,12-8-1 (W-L-D),0,0,0,36%,29%,163,458,,21,1.79,0.99,56%,0.00,2.48,0.66,45%,13:00,114(70%),44(27%),5(3%),96(59%),47(29%),20(12%),0(0%),0(0%),0(0%),"New York, United States","Dec. 13, 2008"
Taiyilake Nueraji,None,Welterweight Division,1-0-0 (W-L-D),0,0,0,N/A,N/A,0,0,0,0,N/A,N/A,N/A,N/A,N/A,N/A,N/A,00:00,0(0%),0(0%),0(0%),0(0%),0(0%),0(0%),0(0%),0(0%),0(0%),China,"Feb. 11, 2025"
Shayilan Nuerdanbieke,"""Wolverine""",Featherweight Division,39-12-0 (W-L-D),19,10,26,46%,35%,124,270,6,40,1.95,3.30,50%,0.71,2.64,0.24,29%,10:36,75(60%),9(7%),40(32%),103(83%),10(8%),11(9%),19(49%),10(26%),10(26%),"Yili, China","May. 22, 2021"
Istela Nunes,None,Women's Strawweight Division,6-5-0 (W-L-D),2,0,1,46%,N/A,189,413,0,0,5.02,0.00,60%,0.40,4.84,0.00,50%,09:24,167(88%),21(11%),1(1%),110(58%),55(29%),24(13%),2(33%),4(67%),0(0%),"Pau dos Ferros, Brazil","Oct. 16, 2021"
Josiane Nunes,"""Josi""",Women's Bantamweight Division,10-3-0 (W-L-D),7,0,3,43%,N/A,351,820,0,0,5.41,0.00,52%,0.69,5.44,0.00,58%,12:59,299(85%),43(12%),9(3%),237(68%),78(22%),36(10%),7(70%),3(30%),0(0%),"Curitiba, Brazil","Apr. 17, 2021"
Amanda Nunes,"""The Lioness""",Women's Bantamweight Division,23-5-0 (W-L-D),13,4,14,52%,55%,975,1881,11,71,4.55,2.73,58%,0.63,2.62,0.70,82%,10:44,662(68%),52(5%),261(27%),666(68%),126(13%),183(19%),13(25%),36(68%),4(8%),"Pojuca, Brazil","Aug. 4, 2013"
Diego Nunes,"""The Gun""",Featherweight Division,18-4-0 (W-L-D),0,0,0,44%,45%,448,1027,,29,2.72,1.18,58%,0.27,2.59,0.55,65%,15:00,274(61%),116(26%),58(13%),168(38%),139(31%),141(31%),0(0%),0(0%),0(0%),"Caxias do Sul, Brazil","Jan. 2, 2011"
Diyar Nurgozhay,None,Light Heavyweight Division,1-0-0 (W-L-D),0,0,0,53%,N/A,30,57,0,0,3.52,0.00,67%,1.76,2.70,0.00,100%,08:32,26(87%),1(3%),3(10%),15(50%),12(40%),3(10%),0(0%),0(0%),0(0%),Kazakhstan,"Feb. 10, 2025"
Abubakar Nurmagomedov,None,Welterweight Division,17-4-1 (W-L-D),6,4,8,53%,22%,133,250,1,18,2.78,1.25,65%,0.00,2.61,0.00,89%,11:58,119(89%),13(10%),1(1%),90(68%),20(15%),23(17%),6(35%),7(41%),4(24%),"Republic of Dagestan, Russia","Nov. 9, 2019"
Umar Nurmagomedov,None,Bantamweight Division,18-1-0 (W-L-D),2,7,5,57%,40%,423,740,6,53,4.38,3.26,61%,0.16,2.15,0.31,79%,13:48,278(66%),25(6%),120(28%),291(69%),82(19%),50(12%),2(11%),9(50%),7(39%),"Republic of Dagestan, Russia","Jan. 20, 2021"
Khabib Nurmagomedov,"""The Eagle""",Lightweight Division,29-0-0 (W-L-D),8,11,0,49%,48%,705,1444,49,127,4.10,5.32,65%,0.17,1.75,0.79,85%,13:13,298(42%),27(4%),380(54%),604(86%),65(9%),36(5%),8(28%),10(34%),11(38%),"Dagestan Republic, Russia","Jan. 21, 2012"
Said Nurmagomedov,None,Bantamweight Division,18-4-0 (W-L-D),4,6,9,48%,15%,301,629,1,39,3.38,1.01,56%,0.17,2.25,1.18,62%,08:55,231(77%),45(15%),25(8%),160(53%),74(25%),67(22%),4(22%),8(44%),6(33%),"Dagestan Republic, Russia","Jul. 14, 2018"
Kennedy Nzechukwu,"""African Savage""",Heavyweight Division,14-5-0 (W-L-D),10,0,4,47%,45%,721,1542,,11,5.37,0.56,51%,0.45,4.89,0.22,81%,08:57,576(80%),79(11%),66(9%),602(83%),112(16%),7(1%),10(71%),3(21%),1(7%),United States,"Aug. 22, 2017"
TJ O'Brien,"""The Spider""",Lightweight Division,16-5-0 (W-L-D),0,0,0,46%,100%,60,130,,1,3.77,0.94,58%,0.00,4.78,0.00,N/A,07:57,56(93%),0(0%),4(7%),28(47%),9(15%),23(38%),0(0%),0(0%),0(0%),"Sacramento, United States","Nov. 21, 2010"
Jake O'Brien,"""Irish""",Light Heavyweight Division,11-3-0 (W-L-D),0,0,0,32%,57%,92,289,,53,1.32,6.44,69%,0.21,1.93,0.21,25%,09:59,32(35%),6(7%),54(59%),89(97%),3(3%),0(0%),0(0%),0(0%),0(0%),"Indianapolis, United States","Aug. 17, 2006"
Sean O'Connell,"""The Real OC""",Light Heavyweight Division,17-9-0 (W-L-D),0,0,0,49%,0%,304,624,,10,5.46,0.00,45%,0.81,6.77,0.54,30%,07:57,214(70%),75(25%),15(5%),207(68%),65(21%),32(11%),9(53%),5(29%),3(18%),"Saint Paul, United States","Apr. 16, 2014"
Sean O'Malley,"""Suga""",Bantamweight Division,18-2-0 (W-L-D),12,0,9,61%,43%,1038,1690,3,7,6.70,0.29,61%,0.77,3.48,0.29,62%,11:04,980(94%),21(2%),37(4%),713(69%),235(23%),90(9%),12(67%),5(28%),1(6%),"Helena, United States","Jul. 18, 2017"
Chuck O'Neil,"""Cold Steel""",Welterweight Division,8-5-0 (W-L-D),0,0,0,38%,0%,47,125,,2,3.13,0.00,72%,0.00,4.40,0.00,N/A,15:00,41(87%),6(13%),0(0%),18(38%),9(19%),20(43%),0(0%),0(0%),0(0%),United States,"Jun. 5, 2011"
Casey O'Neill,"""King""",Women's Flyweight Division,10-2-0 (W-L-D),3,2,1,53%,35%,652,1231,8,23,7.89,1.45,57%,0.00,5.65,0.73,70%,11:49,525(81%),31(5%),96(15%),503(77%),91(14%),58(9%),3(30%),5(50%),2(20%),"Irvine, Scotland","Feb. 20, 2021"
Brendan O'Reilly,"""The Badger""",Welterweight Division,6-3-0 (W-L-D),0,0,0,47%,44%,90,190,,16,1.90,2.22,40%,0.00,2.77,0.63,36%,11:49,32(36%),52(58%),6(7%),49(54%),29(32%),12(13%),0(0%),0(0%),0(0%),"Melbourne, Australia","Aug. 23, 2014"
Jose Ochoa,"""Kalzifer""",Flyweight Division,7-1-0 (W-L-D),6,1,4,32%,0%,50,158,,1,3.33,0.00,60%,0.00,3.40,1.00,100%,15:00,49(98%),1(2%),0(0%),13(26%),13(26%),24(48%),6(86%),0(0%),1(14%),"San Martin, Peru","Nov. 23, 2024"
Christian Ocon,"""The Don""",Bantamweight Division,4-0-0 (W-L-D),0,0,0,53%,N/A,26,49,0,0,1.73,0.00,35%,0.00,5.27,0.00,64%,15:00,22(85%),4(15%),0(0%),16(62%),8(31%),2(8%),0(0%),0(0%),0(0%),"Houston, United States","Feb. 11, 2025"
Richard Odoms,None,Heavyweight Division,8-1-0 (W-L-D),0,0,0,N/A,N/A,0,0,0,0,N/A,N/A,N/A,N/A,N/A,N/A,N/A,00:00,0(0%),0(0%),0(0%),0(0%),0(0%),0(0%),2(25%),5(63%),1(13%),None,"Feb. 11, 2025"
Volkan Oezdemir,"""No Time""",Light Heavyweight Division,20-8-0 (W-L-D),13,2,14,49%,29%,738,1518,,17,4.95,0.50,55%,0.60,4.22,0.10,80%,09:57,588(80%),88(12%),62(8%),458(62%),114(15%),166(22%),13(65%),5(25%),2(10%),"Fribourg, Switzerland","Feb. 5, 2017"
Kaan Ofli,"""Genghis""",Featherweight Division,12-4-1 (W-L-D),2,6,6,46%,0%,43,94,,6,2.00,0.00,60%,0.00,2.93,0.00,N/A,10:45,25(58%),18(42%),0(0%),15(35%),17(40%),11(26%),2(17%),4(33%),6(50%),"Melbourne, Australia","Aug. 24, 2024"
Trey Ogden,"""Shamurai""",Lightweight Division,18-7-0 (W-L-D),0,11,6,50%,33%,330,658,1,40,3.20,1.89,56%,0.00,3.49,0.73,100%,14:44,302(92%),18(5%),10(3%),165(50%),62(19%),103(31%),0(0%),7(39%),11(61%),"Independence, United States","Apr. 16, 2022"
Andy Ogle,"""The Little Axe""",Featherweight Division,9-6-0 (W-L-D),0,0,0,45%,27%,163,363,,26,2.24,1.44,50%,0.21,2.23,0.00,58%,12:08,116(71%),8(5%),39(24%),99(61%),43(26%),21(13%),0(0%),0(0%),0(0%),United States,"Sep. 29, 2012"
Ho Taek Oh,None,Lightweight Division,0-0-0 (W-L-D),0,0,0,N/A,N/A,0,0,0,0,N/A,N/A,N/A,N/A,N/A,N/A,N/A,00:00,0(0%),0(0%),0(0%),0(0%),0(0%),0(0%),0(0%),0(0%),0(0%),None,"Feb. 11, 2025"
Koji Oishi,None,Welterweight Division,11-4-4 (W-L-D),0,0,0,9%,N/A,2,22,0,0,1.43,0.00,43%,0.00,17.86,0.00,N/A,01:24,2(100%),0(0%),0(0%),2(100%),0(0%),0(0%),0(0%),0(0%),0(0%),Japan,"Apr. 14, 2000"
Yushin Okami,"""Thunder""",Welterweight Division,34-13-0 (W-L-D),13,3,0,38%,39%,577,1501,33,94,2.06,1.98,61%,0.21,2.25,0.48,84%,11:39,301(52%),77(13%),199(34%),461(80%),81(14%),35(6%),13(37%),19(54%),3(9%),"Kanagawa Prefecture, Japan","Aug. 26, 2006"
JJ Okanovich,"""The Bosnian Bomber""",Lightweight Division,0-0-0 (W-L-D),0,0,0,56%,N/A,104,186,0,0,6.93,0.00,51%,0.00,5.27,0.00,100%,15:00,86(83%),2(2%),16(15%),95(91%),8(8%),1(1%),0(0%),0(0%),0(0%),"San Jose, United States","Feb. 11, 2025"
Bolaji Oki,"""Zulu Warrior""",Lightweight Division,9-2-0 (W-L-D),5,0,4,46%,75%,120,262,1,4,5.63,2.11,64%,0.70,2.58,0.00,86%,07:07,108(90%),7(6%),5(4%),97(81%),15(13%),8(7%),5(56%),3(33%),1(11%),"Jette, Brussels, Belgium","Feb. 10, 2024"
Aleksei Oleinik,"""The Boa Constrictor""",Heavyweight Division,60-17-1 (W-L-D),8,47,0,49%,47%,380,777,8,30,3.29,1.82,44%,0.26,3.80,1.95,38%,06:48,266(70%),86(23%),28(7%),239(63%),91(24%),50(13%),8(13%),5(8%),47(78%),"Moscow, Russia","Jun. 28, 2014"
Michal Oleksiejczuk,"""Hussar""",Middleweight Division,19-9-0 (W-L-D),14,1,11,51%,44%,492,967,2,16,5.08,1.08,59%,1.08,4.61,0.00,48%,06:28,398(81%),24(5%),70(14%),325(66%),144(29%),23(5%),14(74%),4(21%),1(5%),"Wlodawa, Poland","Dec. 30, 2017"
Saimon Oliveira,None,Bantamweight Division,18-5-0 (W-L-D),5,11,10,41%,25%,105,255,,12,2.82,1.21,48%,0.00,3.91,1.61,35%,12:26,89(85%),13(12%),3(3%),45(43%),23(22%),37(35%),5(28%),2(11%),11(61%),"Cocal do Sul, Brazil","Jan. 22, 2022"
Bruno Oliveira,None,Light Heavyweight Division,0-1-0 (W-L-D),0,0,0,33%,N/A,7,21,0,0,3.44,0.00,55%,0.00,4.92,0.00,N/A,02:02,7(100%),0(0%),0(0%),2(29%),0(0%),5(71%),0(0%),0(0%),0(0%),None,"Feb. 11, 2025"
Maria Oliveira,"""Spider Girl""",Women's Strawweight Division,13-7-0 (W-L-D),7,1,6,39%,44%,317,816,,9,5.03,0.95,45%,0.00,5.76,0.00,48%,12:37,304(96%),11(3%),2(1%),206(65%),61(19%),50(16%),7(58%),4(33%),1(8%),"State of Rio de Janeiro, Brazil","Oct. 23, 2021"
Ednaldo Oliveira,"""Lula""",Light Heavyweight Division,13-2-1 (W-L-D),0,0,0,22%,0%,19,85,,1,1.03,0.00,53%,0.00,1.80,0.00,43%,09:11,9(47%),5(26%),5(26%),13(68%),5(26%),1(5%),0(0%),0(0%),0(0%),"Salvador, Brazil","Jan. 14, 2012"
Rafaello Oliveira,"""Tractor""",Lightweight Division,15-7-0 (W-L-D),0,0,0,33%,37%,185,554,,38,2.19,2.49,59%,0.00,3.38,1.60,11%,10:33,130(70%),16(9%),39(21%),110(59%),38(21%),37(20%),0(0%),0(0%),0(0%),"Recife, Brazil","Sep. 19, 2009"
Alex Oliveira,"""Cowboy""",Welterweight Division,22-12-1 (W-L-D),12,5,10,51%,38%,629,1230,26,86,2.99,2.35,47%,0.43,2.55,0.57,64%,09:34,374(59%),142(23%),113(18%),356(57%),158(25%),115(18%),12(55%),5(23%),5(23%),"Brasilerio, Brazil","Mar. 21, 2015"
Wendell Oliveira,None,Welterweight Division,24-9-0 (W-L-D),0,0,0,48%,0%,30,63,,3,3.77,0.00,48%,0.00,4.40,0.00,100%,03:59,12(40%),18(60%),0(0%),7(23%),1(3%),22(73%),11(46%),10(42%),3(13%),United States,"Sep. 13, 2014"
Charles Oliveira,"""Do Bronxs""",Lightweight Division,35-10-0 (W-L-D),10,21,0,55%,40%,884,1600,26,97,3.40,2.25,49%,0.46,3.21,2.66,56%,07:38,518(59%),169(19%),197(22%),521(59%),234(26%),129(15%),10(29%),4(11%),21(60%),"State of São Paulo, Brazil","Aug. 1, 2010"
Vinicius Oliveira,"""LokDog""",Bantamweight Division,22-3-0 (W-L-D),16,2,14,44%,60%,235,534,2,10,4.92,1.89,53%,0.63,2.77,0.31,76%,11:56,203(86%),6(3%),26(11%),128(54%),47(20%),60(26%),16(73%),4(18%),2(9%),"Porto Alegre, Brazil","Mar. 2, 2024"
Ravena Oliveira,"""Kenoudy""",Women's Bantamweight Division,10-2-0 (W-L-D),4,1,4,48%,67%,15,31,2,3,1.00,2.00,49%,0.00,1.20,0.00,63%,15:00,13(87%),2(13%),0(0%),10(67%),3(20%),2(13%),4(40%),5(50%),1(10%),Brazil,"Oct. 14, 2023"
Felipe Olivieri,None,Lightweight Division,14-5-0 (W-L-D),0,0,0,58%,0%,87,150,,1,6.68,0.00,57%,0.00,4.60,0.00,71%,13:02,77(89%),10(11%),0(0%),31(36%),28(32%),28(32%),10(71%),1(7%),3(21%),"Rio de Janeiro, Brazil","Jan. 31, 2016"
Cameron Olson,"""Cap'n Crunch""",Light Heavyweight Division,8-3-0 (W-L-D),0,0,0,47%,43%,47,99,,7,3.13,3.00,58%,0.00,2.20,1.00,100%,15:00,9(19%),36(77%),2(4%),18(38%),4(9%),25(53%),1(13%),2(25%),5(63%),"Clarksville, United States","Aug. 15, 2017"
Gadzhi Omargadzhiev,None,Welterweight Division,13-2-0 (W-L-D),8,3,7,39%,30%,60,152,1,10,1.80,1.35,40%,0.00,2.20,0.45,60%,11:05,34(57%),14(23%),12(20%),37(62%),19(32%),4(7%),8(62%),2(15%),3(23%),"Republic of Dagestan, Russia","Apr. 16, 2022"
Alan Omer,None,Featherweight Division,18-5-0 (W-L-D),0,0,0,56%,43%,93,167,,7,3.49,1.69,65%,0.00,2.21,0.00,67%,13:21,46(49%),31(33%),16(17%),60(65%),15(16%),18(19%),7(39%),2(11%),9(50%),United States,"Apr. 11, 2014"
Daniel Omielanczuk,None,Heavyweight Division,19-8-1 (W-L-D),0,0,0,57%,27%,332,579,4,15,3.09,0.56,48%,0.28,3.29,0.14,68%,11:55,196(59%),107(32%),29(9%),169(51%),93(28%),70(21%),3(16%),7(37%),9(47%),"Sokolow Podlaski, Poland","Sep. 21, 2013"
Michihiro Omigawa,"""Micci""",Featherweight Division,13-12-1 (W-L-D),0,0,0,40%,37%,279,702,,30,2.01,1.19,64%,0.32,3.06,1.51,49%,11:35,203(73%),36(13%),40(14%),232(83%),25(9%),22(8%),0(0%),0(0%),0(0%),Japan,"Sep. 22, 2007"
David Onama,None,Lightweight Division,13-2-0 (W-L-D),7,4,6,50%,20%,458,914,,20,5.60,0.73,52%,0.73,5.07,0.55,53%,11:41,363(79%),37(8%),58(13%),376(82%),58(13%),24(5%),7(54%),2(15%),4(31%),Uganda,"Oct. 23, 2021"
Charlie Ontiveros,"""The American Bad Boy""",Lightweight Division,11-9-0 (W-L-D),4,2,3,41%,N/A,31,75,0,0,1.89,0.00,31%,1.83,5.86,0.00,30%,04:06,27(87%),3(10%),1(3%),26(84%),4(13%),1(3%),4(36%),5(45%),2(18%),"Houston, United States","Feb. 11, 2025"
Chibwikem Onyenegecha,None,Middleweight Division,6-0-0 (W-L-D),0,0,0,55%,N/A,84,152,0,0,5.60,0.00,52%,0.00,3.40,0.00,100%,15:00,80(95%),4(5%),0(0%),29(35%),9(11%),46(55%),0(0%),0(0%),0(0%),"Oakland, United States","Feb. 11, 2025"
Myktybek Orolbai,None,Lightweight Division,13-2-1 (W-L-D),6,5,7,50%,N/A,4,8,0,0,0.41,0.00,29%,0.00,5.70,0.00,N/A,04:50,3(75%),0(0%),1(25%),2(50%),1(25%),1(25%),6(46%),2(15%),5(38%),Kyrgyzstan,"Nov. 18, 2023"
Brian Ortega,"""T-City""",Featherweight Division,16-4-0 (W-L-D),3,8,4,38%,26%,687,1813,1,46,4.08,1.07,50%,0.45,6.59,1.07,56%,12:57,603(88%),49(7%),35(5%),498(72%),116(17%),73(11%),3(19%),5(31%),8(50%),"Carson, United States","Jul. 26, 2014"
Dustin Ortiz,None,Flyweight Division,19-8-0 (W-L-D),9,3,0,45%,36%,513,1149,32,97,2.94,3.01,56%,0.17,2.17,0.09,53%,11:57,200(39%),137(27%),176(34%),300(58%),157(31%),56(11%),9(47%),7(37%),3(16%),"Goshen, United States","Nov. 9, 2013"
Tito Ortiz,"""The Huntington Beach Bad Boy""",Light Heavyweight Division,0-0-0 (W-L-D),0,0,0,47%,36%,645,1377,,115,2.59,2.47,61%,0.06,2.88,0.60,54%,10:49,271(42%),155(24%),219(34%),460(71%),92(14%),93(14%),0(0%),0(0%),0(0%),"Huntington Beach, United States","May. 30, 1997"
Ode Osbourne,"""The Jamaican Sensation""",Flyweight Division,12-8-0 (W-L-D),5,4,8,41%,29%,242,595,,21,3.26,1.21,45%,0.61,4.01,0.61,63%,06:45,201(83%),10(4%),31(13%),163(67%),46(19%),33(14%),5(42%),3(25%),4(33%),"Kingston, Jamaica","Jul. 16, 2019"
Nick Osipczak,"""Slick""",Welterweight Division,5-4-0 (W-L-D),0,0,0,51%,45%,177,349,,11,2.83,1.20,51%,0.48,3.77,0.96,71%,12:31,80(45%),55(31%),42(24%),98(55%),40(23%),39(22%),0(0%),0(0%),0(0%),"London, United Kingdom","Jun. 20, 2009"
Nissen Osterneck,None,Middleweight Division,5-2-0 (W-L-D),0,0,0,58%,13%,75,129,,8,3.15,0.63,41%,0.00,2.90,1.26,43%,11:54,25(33%),44(59%),6(8%),38(51%),25(33%),12(16%),0(0%),0(0%),0(0%),"Maui, United States","Apr. 1, 2009"
Rachael Ostovich,None,Women's Flyweight Division,4-6-0 (W-L-D),0,2,0,43%,83%,94,218,1,6,2.54,2.03,58%,0.00,3.97,0.81,67%,09:15,81(86%),11(12%),2(2%),56(60%),33(35%),5(5%),0(0%),2(50%),2(50%),"Honolulu, United States","Dec. 1, 2017"
Zak Ottow,"""The Barbarian""",Welterweight Division,17-7-0 (W-L-D),4,9,0,37%,29%,203,551,3,17,2.63,0.97,59%,0.39,2.73,0.39,57%,09:40,174(86%),7(3%),22(11%),118(58%),40(20%),45(22%),4(24%),4(24%),9(53%),"Milwaukee, United States","Oct. 2, 2016"
Sidney Outlaw,None,Welterweight Division,9-4-0 (W-L-D),0,0,0,33%,75%,2,6,,4,0.13,3.00,71%,0.00,0.80,3.00,N/A,15:00,2(100%),0(0%),0(0%),1(50%),0(0%),1(50%),1(13%),4(50%),3(38%),"Philadelphia, United States","Jul. 18, 2017"
Alistair Overeem,"""The Demolition Man""",Heavyweight Division,47-19-0 (W-L-D),25,17,0,64%,56%,1321,2064,3,61,3.67,1.42,57%,0.79,2.44,0.83,73%,07:18,463(35%),350(26%),508(38%),703(53%),445(34%),173(13%),25(53%),5(11%),17(36%),"Hounslow, United Kingdom","Dec. 30, 2011"
Alptekin Ozkilic,"""The Turkish Delight""",Flyweight Division,9-3-0 (W-L-D),0,0,0,32%,58%,190,588,,24,3.81,4.21,59%,0.00,5.72,0.00,75%,12:28,154(81%),25(13%),11(6%),144(76%),30(16%),16(8%),2(22%),6(67%),1(11%),Türkiye,"Dec. 15, 2013"
Nick Pace,None,Bantamweight Division,6-3-0 (W-L-D),0,0,0,34%,43%,88,257,,23,1.48,2.52,58%,0.00,3.14,0.50,55%,14:53,65(74%),20(23%),3(3%),38(43%),25(28%),25(28%),0(0%),0(0%),0(0%),United States,"Dec. 5, 2010"
Larissa Pacheco,None,Women's Bantamweight Division,10-2-0 (W-L-D),0,0,0,19%,0%,14,73,,1,1.21,0.00,56%,0.00,4.14,0.00,N/A,05:48,11(79%),1(7%),2(14%),9(64%),2(14%),3(21%),4(40%),0(0%),6(60%),"Belem, Brazil","Sep. 13, 2014"
Angel Pacheco,None,Bantamweight Division,7-3-0 (W-L-D),5,2,5,39%,0%,285,725,,1,9.50,0.00,41%,0.00,11.47,0.00,29%,15:00,243(85%),42(15%),0(0%),179(63%),91(32%),15(5%),5(71%),0(0%),2(29%),"Willmar, United States","Mar. 30, 2024"
Teemu Packalen,"""Pacu""",Lightweight Division,8-3-0 (W-L-D),0,0,0,54%,25%,50,92,3,12,2.57,2.31,48%,0.77,3.91,1.54,100%,04:52,34(68%),5(10%),11(22%),37(74%),12(24%),1(2%),2(25%),0(0%),6(75%),"Turku, Finland","Jul. 18, 2015"
Fernando Padilla,"""El Valiente""",Featherweight Division,16-6-0 (W-L-D),5,9,11,40%,0%,148,367,,1,6.07,0.00,52%,1.23,5.74,0.61,100%,06:06,118(80%),12(8%),18(12%),97(66%),29(20%),22(15%),5(31%),2(13%),9(56%),"Chihuahua, Mexico","Apr. 29, 2023"
Chris Padilla,"""Taco""",Lightweight Division,15-6-0 (W-L-D),8,5,10,61%,75%,80,131,3,4,5.80,3.26,47%,0.00,4.93,1.09,N/A,06:54,71(89%),8(10%),1(1%),42(53%),9(11%),29(36%),8(53%),2(13%),5(33%),"Lynwood, United States","Apr. 27, 2024"
Michael Page,"""Venom""",Welterweight Division,23-3-0 (W-L-D),13,3,13,62%,20%,125,201,,5,2.53,0.30,55%,0.30,1.78,0.00,64%,09:53,102(82%),8(6%),15(12%),83(66%),25(20%),17(14%),13(57%),7(30%),3(13%),"London, England","Mar. 9, 2024"
Dustin Pague,"""The Disciple""",Bantamweight Division,11-10-0 (W-L-D),0,0,0,54%,44%,96,179,,9,1.65,1.03,41%,0.00,2.96,2.57,56%,09:44,58(60%),13(14%),25(26%),54(56%),18(19%),24(25%),3(27%),0(0%),8(73%),United States,"Dec. 4, 2011"
Dinis Paiva,None,Featherweight Division,13-8-0 (W-L-D),0,0,0,41%,N/A,39,94,0,0,2.60,0.00,67%,1.00,2.73,0.00,82%,15:00,34(87%),1(3%),4(10%),21(54%),13(33%),5(13%),0(0%),0(0%),0(0%),"Providence, United States","Feb. 11, 2025"
Raulian Paiva,None,Bantamweight Division,21-5-0 (W-L-D),4,3,3,43%,24%,382,897,,17,4.14,0.65,49%,0.16,5.01,0.16,77%,11:33,344(90%),23(6%),15(4%),236(62%),98(26%),48(13%),4(19%),14(67%),3(14%),"State of Amapá, Brazil","Feb. 9, 2019"
Fredson Paixao,"""Freddy Passion""",Featherweight Division,10-4-0 (W-L-D),0,0,0,55%,11%,83,152,,18,1.71,0.62,62%,0.00,2.31,2.16,10%,09:42,50(60%),27(33%),6(7%),29(35%),18(22%),36(43%),0(0%),0(0%),0(0%),"Parintins, Brazil","Dec. 5, 2010"
Luis Pajuelo,"""Corazon de Leon""",Featherweight Division,8-2-0 (W-L-D),7,0,4,57%,N/A,39,68,0,0,6.03,0.00,52%,0.00,8.20,0.00,67%,03:14,18(46%),4(10%),17(44%),22(56%),11(28%),6(15%),7(88%),1(13%),0(0%),"Tingo Maria, Peru","Mar. 23, 2024"
Rick Palacios,"""El Gallero""",Featherweight Division,10-1-0 (W-L-D),0,0,0,54%,N/A,116,216,0,0,7.73,0.00,60%,0.00,3.27,0.00,100%,15:00,115(99%),1(1%),0(0%),53(46%),25(22%),38(33%),0(0%),0(0%),0(0%),"McAllen, United States","Feb. 11, 2025"
Bart Palaszewski,"""Bartimus""",Featherweight Division,35-17-0 (W-L-D),0,0,0,33%,31%,310,943,,16,2.67,0.65,58%,0.52,3.97,0.52,53%,09:40,245(79%),55(18%),10(3%),160(52%),55(18%),95(31%),0(0%),0(0%),0(0%),Poland,"Oct. 29, 2011"
Sasha Palatnikov,None,Welterweight Division,6-4-0 (W-L-D),3,0,0,53%,100%,139,262,,1,6.69,0.72,52%,0.00,5.44,0.00,71%,06:55,90(65%),31(22%),18(13%),107(77%),28(20%),4(3%),3(50%),3(50%),0(0%),None,"Nov. 21, 2020"
Soa Palelei,"""The Hulk""",Heavyweight Division,22-5-0 (W-L-D),0,0,0,58%,48%,185,321,,23,2.47,2.20,48%,0.00,2.68,0.00,67%,09:22,90(49%),36(19%),59(32%),143(77%),23(12%),19(10%),0(0%),0(0%),0(0%),United States,"Dec. 29, 2007"
Rousimar Palhares,"""Toquinho""",Welterweight Division,24-5-0 (W-L-D),0,0,0,52%,46%,147,283,,48,1.75,3.93,60%,0.18,2.04,4.11,N/A,04:56,100(68%),13(9%),34(23%),103(70%),17(12%),27(18%),0(0%),0(0%),0(0%),Brazil,"May. 24, 2008"
Tulio Palhares,None,Middleweight Division,0-0-0 (W-L-D),0,0,0,N/A,N/A,0,0,0,0,N/A,N/A,N/A,N/A,N/A,N/A,N/A,N/A,N/A,N/A,N/A,N/A,N/A,N/A,0(0%),0(0%),0(0%),"Sao Paulo, Brazil","Oct. 16, 1998"
Alexandre Pantoja,"""The Cannibal""",Flyweight Division,29-5-0 (W-L-D),8,11,11,50%,47%,893,1783,3,78,4.41,2.74,50%,0.30,3.92,0.89,68%,12:39,719(81%),93(10%),81(9%),565(63%),191(21%),137(15%),8(28%),10(34%),11(38%),Brazil,"Jan. 29, 2017"
Jared Papazian,"""The Jackhammer""",Flyweight Division,14-9-0 (W-L-D),0,0,0,40%,0%,111,281,,4,3.33,0.00,45%,0.00,3.81,0.00,50%,11:07,91(82%),18(16%),2(2%),77(69%),22(20%),12(11%),0(0%),0(0%),0(0%),"West Hills, United States","Jan. 21, 2012"
Kathryn Paprocki,None,Women's Strawweight Division,0-1-0 (W-L-D),0,0,0,23%,0%,15,65,,1,1.00,0.00,43%,0.00,4.27,0.00,N/A,15:00,11(73%),4(27%),0(0%),4(27%),6(40%),5(33%),0(0%),0(0%),0(0%),"Oberlin, United States","Feb. 10, 2025"
Joe Pardo,None,Heavyweight Division,0-0-0 (W-L-D),0,0,0,N/A,N/A,0,0,0,0,N/A,N/A,N/A,N/A,N/A,N/A,N/A,N/A,N/A,N/A,N/A,N/A,N/A,N/A,0(0%),0(0%),0(0%),"Torrance, United States","May. 15, 1998"
Remco Pardoel,None,,0-0-0 (W-L-D),0,0,0,N/A,N/A,0,0,0,0,N/A,N/A,N/A,N/A,N/A,N/A,N/A,N/A,N/A,N/A,N/A,N/A,N/A,N/A,0(0%),0(0%),0(0%),United States,"Mar. 11, 1994"
Josh Parisian,None,Heavyweight Division,15-8-0 (W-L-D),11,2,8,48%,33%,347,716,1,15,4.55,0.98,41%,0.39,4.88,0.20,46%,08:28,240(69%),74(21%),33(10%),204(59%),105(30%),38(11%),11(73%),2(13%),2(13%),"Martinsburg, United States","Nov. 28, 2020"
Karo Parisyan,"""The Heat""",Welterweight Division,26-6-0 (W-L-D),0,0,0,41%,60%,375,904,,89,2.49,5.27,58%,0.00,2.19,0.99,60%,11:36,159(42%),71(19%),145(39%),324(86%),23(6%),28(7%),0(0%),0(0%),0(0%),Armenia,"Sep. 26, 2003"
JunYong Park,"""The Iron Turtle""",Middleweight Division,18-6-0 (W-L-D),5,6,5,52%,47%,619,1198,,34,4.77,1.85,54%,0.12,3.42,0.92,58%,11:48,509(82%),46(7%),64(10%),501(81%),49(8%),69(11%),5(28%),7(39%),6(33%),"Seoul, South Korea","Aug. 31, 2019"
Harvey Park,None,Lightweight Division,0-0-0 (W-L-D),0,0,0,50%,0%,23,46,,1,3.77,0.00,33%,0.00,7.21,0.00,N/A,06:06,15(65%),8(35%),0(0%),11(48%),10(43%),2(9%),0(0%),0(0%),0(0%),"Downey, United States","Feb. 11, 2025"
HyunSung Park,"""Peace of Mind""",Flyweight Division,9-0-0 (W-L-D),4,4,4,45%,27%,121,269,1,11,4.15,1.54,60%,1.03,3.43,2.57,100%,07:18,93(77%),8(7%),20(17%),78(64%),13(11%),30(25%),4(44%),1(11%),4(44%),South Korea,"Jun. 10, 2022"
Jae Hyun Park,None,Lightweight Division,0-1-0 (W-L-D),0,0,0,N/A,N/A,0,0,0,0,N/A,N/A,N/A,N/A,N/A,N/A,N/A,00:00,0(0%),0(0%),0(0%),0(0%),0(0%),0(0%),0(0%),0(0%),0(0%),South Korea,"Feb. 11, 2025"
Norman Parke,"""Stormin""",Lightweight Division,22-5-1 (W-L-D),0,0,0,35%,27%,394,1119,,64,3.06,1.98,65%,0.00,2.88,0.00,78%,14:18,306(78%),53(13%),35(9%),273(69%),73(19%),48(12%),4(18%),6(27%),12(55%),"Ballymoney, Ireland","Dec. 16, 2012"
Ryan Parker,None,,0-0-0 (W-L-D),0,0,0,N/A,N/A,0,0,0,0,N/A,N/A,N/A,N/A,N/A,N/A,N/A,N/A,N/A,N/A,N/A,N/A,N/A,N/A,0(0%),0(0%),0(0%),"Moorehead, United States","Sep. 8, 1995"
Mick Parkin,None,Heavyweight Division,10-0-0 (W-L-D),5,1,5,53%,42%,247,469,,12,4.91,1.49,58%,0.30,4.15,0.30,50%,10:04,230(93%),11(4%),6(2%),143(58%),22(9%),82(33%),5(56%),3(33%),1(11%),"Sunderland, England","Jul. 22, 2023"
Jonny Parsons,"""The Sluggernaut""",Welterweight Division,9-3-0 (W-L-D),7,0,0,45%,0%,116,260,,3,4.65,0.00,60%,1.20,4.89,0.00,67%,12:29,103(89%),8(7%),5(4%),72(62%),26(22%),18(16%),7(78%),2(22%),0(0%),"Biloxi, United States","Jul. 22, 2023"
Preston Parsons,"""Pressure""",Welterweight Division,11-6-0 (W-L-D),0,9,8,52%,37%,230,444,,41,3.54,3.46,55%,0.00,3.25,2.31,71%,10:50,152(66%),31(13%),47(20%),144(63%),33(14%),53(23%),0(0%),2(18%),9(82%),"Jacksonville, United States","Jul. 17, 2021"
Onassis Parungao,None,,0-0-0 (W-L-D),0,0,0,N/A,N/A,0,0,0,0,N/A,N/A,N/A,N/A,N/A,N/A,N/A,N/A,N/A,N/A,N/A,N/A,N/A,N/A,0(0%),0(0%),0(0%),United States,"Sep. 8, 1995"
Ramona Pascual,None,Women's Bantamweight Division,6-5-0 (W-L-D),4,1,4,57%,19%,128,223,3,21,3.87,1.81,46%,0.00,8.43,0.00,100%,11:02,97(76%),28(22%),3(2%),51(40%),45(35%),32(25%),4(67%),1(17%),1(17%),United States,"Feb. 26, 2022"
Billy Pasulatan,None,Flyweight Division,0-1-0 (W-L-D),0,0,0,20%,N/A,2,10,0,0,0.65,0.00,48%,0.00,5.22,4.89,N/A,03:04,2(100%),0(0%),0(0%),1(50%),1(50%),0(0%),0(0%),0(0%),0(0%),"Kaima, Indonesia","Feb. 11, 2025"
Jhonoven Pati,None,Middleweight Division,0-1-0 (W-L-D),0,0,0,53%,100%,16,30,,1,2.88,2.70,33%,0.00,6.13,0.00,N/A,05:33,12(75%),3(19%),1(6%),8(50%),6(38%),2(13%),0(0%),0(0%),0(0%),None,"Feb. 11, 2025"
Wendri Patilima,None,Lightweight Division,0-1-0 (W-L-D),0,0,0,50%,N/A,2,4,0,0,0.31,0.00,32%,0.00,7.64,0.00,N/A,06:25,1(50%),0(0%),1(50%),2(100%),0(0%),0(0%),0(0%),0(0%),0(0%),None,"Feb. 11, 2025"
Jorge Patino,None,Lightweight Division,0-0-0 (W-L-D),0,0,0,N/A,N/A,0,0,0,0,N/A,N/A,N/A,N/A,N/A,N/A,N/A,N/A,N/A,N/A,N/A,N/A,N/A,N/A,0(0%),0(0%),0(0%),United States,"Jan. 8, 1999"
Alan Patrick,"""Nuguette""",Lightweight Division,15-4-0 (W-L-D),4,2,5,41%,33%,209,513,22,69,1.82,3.01,43%,0.13,2.95,0.26,44%,11:28,140(67%),24(11%),45(22%),127(61%),53(25%),29(14%),4(27%),9(60%),2(13%),"Manaus, Brazil","Oct. 9, 2013"
Claude Patrick,"""The Prince""",Welterweight Division,14-2-0 (W-L-D),0,0,0,56%,53%,93,167,,15,1.80,2.32,70%,0.00,0.89,1.74,84%,12:57,19(20%),46(49%),28(30%),54(58%),26(28%),13(14%),0(0%),0(0%),0(0%),Canada,"Jun. 12, 2010"
Michael Patt,None,Light Heavyweight Division,15-4-0 (W-L-D),0,0,0,29%,0%,14,49,,1,1.65,0.00,56%,0.00,5.53,0.00,N/A,04:15,12(86%),2(14%),0(0%),6(43%),1(7%),7(50%),0(0%),0(0%),0(0%),"Dayton, United States","Sep. 6, 2008"
Sam Patterson,None,Welterweight Division,12-2-1 (W-L-D),4,7,6,38%,100%,41,109,,2,2.66,1.94,49%,0.00,3.37,3.89,33%,03:52,37(90%),4(10%),0(0%),33(80%),1(2%),7(17%),4(33%),1(8%),7(58%),"Watford, England","Mar. 18, 2023"
Zac Pauga,"""The Ripper""",Light Heavyweight Division,7-3-0 (W-L-D),2,0,1,63%,8%,175,278,,13,4.46,0.38,59%,0.00,2.73,0.00,100%,09:49,124(71%),49(28%),2(1%),87(50%),57(33%),31(18%),2(33%),4(67%),0(0%),"Denver, United States","Aug. 6, 2022"
Julio Paulino,"""The Dominican Demon""",Welterweight Division,18-4-0 (W-L-D),0,0,0,28%,N/A,29,104,0,0,0.97,0.00,49%,0.00,1.87,0.50,38%,15:00,18(62%),7(24%),4(14%),16(55%),11(38%),2(7%),0(0%),0(0%),0(0%),"Jersey City, United States","Mar. 21, 2010"
Thomas Paull,None,Lightweight Division,0-1-0 (W-L-D),0,0,0,33%,N/A,11,33,0,0,7.33,0.00,65%,0.00,8.67,0.00,N/A,01:30,11(100%),0(0%),0(0%),8(73%),0(0%),3(27%),0(0%),0(0%),0(0%),"Lambeth, United Kingdom","Feb. 11, 2025"
Sergei Pavlovich,None,Heavyweight Division,19-3-0 (W-L-D),15,0,15,44%,40%,217,496,,5,4.54,0.63,54%,2.20,3.81,0.00,75%,04:47,169(78%),18(8%),30(14%),195(90%),18(8%),4(2%),15(79%),4(21%),0(0%),Russia,"Nov. 24, 2018"
Pawel Pawlak,None,Welterweight Division,11-2-0 (W-L-D),0,0,0,34%,38%,75,222,,8,1.67,1.00,54%,0.00,2.22,0.00,70%,15:00,49(65%),20(27%),6(8%),36(48%),28(37%),11(15%),7(64%),2(18%),2(18%),United States,"May. 31, 2014"
Estevan Payan,"""El Terrible""",Featherweight Division,14-6-0 (W-L-D),0,0,0,43%,100%,177,416,,1,4.25,0.36,58%,0.00,3.58,0.36,60%,10:08,128(72%),36(20%),13(7%),112(63%),42(24%),23(13%),5(36%),6(43%),3(21%),United States,"Jan. 13, 2013"
Roland Payne,None,,0-0-0 (W-L-D),0,0,0,N/A,N/A,0,0,0,0,N/A,N/A,N/A,N/A,N/A,N/A,N/A,N/A,N/A,N/A,N/A,N/A,N/A,N/A,0(0%),0(0%),0(0%),"Charlotte, United States","Sep. 9, 1994"
Jonathan Pearce,"""JSP""",Featherweight Division,14-7-0 (W-L-D),9,2,1,55%,50%,504,922,,66,5.12,5.02,54%,0.00,3.32,0.76,56%,09:51,284(56%),101(20%),119(24%),371(74%),86(17%),47(9%),9(64%),3(21%),2(14%),"Johnson City, United States","Oct. 18, 2019"
Ross Pearson,"""The Real Deal""",Lightweight Division,22-16-0 (W-L-D),8,4,0,40%,36%,1114,2766,15,42,3.68,0.74,62%,0.30,4.09,0.00,75%,11:39,915(82%),172(15%),27(2%),588(53%),314(28%),212(19%),8(36%),10(45%),4(18%),"Sunderland, United Kingdom","Jun. 20, 2009"
Andre Pederneiras,None,Lightweight Division,0-0-0 (W-L-D),0,0,0,N/A,N/A,0,0,0,0,N/A,N/A,N/A,N/A,N/A,N/A,N/A,N/A,N/A,N/A,N/A,N/A,N/A,N/A,0(0%),0(0%),0(0%),Brazil,"Jul. 16, 1999"
Carlo Pedersoli,"""Semento""",Welterweight Division,11-3-0 (W-L-D),3,4,0,38%,44%,86,228,3,9,4.17,2.91,61%,0.00,4.12,0.00,N/A,06:53,81(94%),3(3%),2(2%),46(53%),32(37%),8(9%),3(27%),4(36%),4(36%),"Miami, United States","May. 27, 2018"
Tyson Pedro,None,Light Heavyweight Division,10-5-0 (W-L-D),5,5,10,59%,31%,229,385,2,13,2.90,0.76,56%,0.95,2.39,0.76,50%,07:11,172(75%),38(17%),19(8%),110(48%),64(28%),55(24%),5(50%),0(0%),5(50%),"Sydney, Australia","Nov. 26, 2016"
Trevor Peek,None,Lightweight Division,9-3-0 (W-L-D),8,0,6,54%,50%,319,591,,14,4.39,1.45,44%,0.41,3.88,0.00,53%,12:06,229(72%),56(18%),34(11%),191(60%),81(25%),47(15%),8(89%),1(11%),0(0%),"Scottsboro, United States","Feb. 25, 2023"
Filip Pejic,"""Nitro""",Bantamweight Division,10-2-0 (W-L-D),0,0,0,0%,N/A,0,2,0,0,0.00,0.00,33%,0.00,0.88,0.00,N/A,02:16,0(0%),0(0%),0(0%),0(0%),0(0%),0(0%),6(60%),1(10%),3(30%),"Zagreb, Croatia","Apr. 10, 2016"
Kurt Pellegrino,"""Batman""",Lightweight Division,21-6-0 (W-L-D),0,0,0,43%,55%,304,699,,44,2.45,2.90,63%,0.36,1.94,0.85,69%,10:41,140(46%),34(11%),130(43%),240(79%),46(15%),18(6%),0(0%),0(0%),0(0%),"Point Pleasant, United States","Jul. 8, 2006"
Julianna Peña,"""The Venezuelan Vixen""",Women's Bantamweight Division,13-5-0 (W-L-D),3,6,4,45%,56%,484,1079,9,32,3.25,1.81,58%,0.00,2.53,0.81,23%,13:32,300(62%),65(13%),119(25%),379(78%),91(19%),14(3%),3(23%),4(31%),6(46%),"Spokane, United States","Dec. 1, 2013"
Luis Pena,"""Violent Bob Ross""",Lightweight Division,9-3-0 (W-L-D),2,4,0,47%,33%,376,802,1,24,3.66,1.17,51%,0.15,3.12,1.17,48%,12:50,246(65%),35(9%),95(25%),313(83%),47(13%),16(4%),2(8%),19(76%),4(16%),"Naples, Italy","Jul. 6, 2018"
Matěj Peňáz,None,Middleweight Division,0-1-0 (W-L-D),0,0,0,33%,N/A,1,3,0,0,1.28,0.00,33%,0.00,2.55,0.00,N/A,00:47,1(100%),0(0%),0(0%),1(100%),0(0%),0(0%),0(0%),0(0%),0(0%),None,"Feb. 11, 2025"
Sherman Pendergarst,"""The Tank""",Heavyweight Division,8-3-0 (W-L-D),0,0,0,36%,100%,4,11,,1,1.23,4.62,17%,0.00,3.08,0.00,N/A,03:15,0(0%),0(0%),4(100%),4(100%),0(0%),0(0%),0(0%),0(0%),0(0%),"Baltimore, United States","Nov. 18, 2006"
Cathal Pendred,None,Welterweight Division,17-5-1 (W-L-D),0,0,0,45%,24%,182,407,,51,2.49,2.46,56%,0.00,3.01,0.41,83%,12:12,141(77%),40(22%),1(1%),55(30%),38(21%),89(49%),6(35%),10(59%),1(6%),United States,"Jul. 19, 2014"
Feng Pengchao,None,Featherweight Division,0-0-0 (W-L-D),0,0,0,N/A,N/A,0,0,0,0,N/A,N/A,N/A,N/A,N/A,N/A,N/A,00:00,0(0%),0(0%),0(0%),0(0%),0(0%),0(0%),0(0%),0(0%),0(0%),"Hebei, China","Feb. 11, 2025"
BJ Penn,"""The Prodigy """,Lightweight Division,16-14-2 (W-L-D),7,6,0,49%,55%,1146,2346,26,60,2.76,1.19,57%,0.29,3.20,0.51,75%,12:59,672(59%),258(23%),216(19%),879(77%),202(18%),65(6%),7(44%),3(19%),6(38%),"Kailua, United States","May. 4, 2001"
Jessica Penne,None,Women's Strawweight Division,14-9-0 (W-L-D),2,8,6,33%,19%,399,1205,5,70,2.63,1.29,45%,0.00,5.05,0.49,36%,11:40,300(75%),63(16%),36(9%),234(59%),137(34%),28(7%),2(14%),4(29%),8(57%),"Newport Beach, United States","Dec. 12, 2014"
Nick Penner,"""The Quiet Assassin""",Light Heavyweight Division,12-3-0 (W-L-D),0,0,0,30%,N/A,12,40,0,0,1.25,0.00,39%,1.57,4.60,0.00,40%,04:47,8(67%),2(17%),2(17%),10(83%),2(17%),0(0%),0(0%),0(0%),0(0%),Canada,"Mar. 3, 2012"
Raquel Pennington,"""Rocky""",Women's Bantamweight Division,16-10-0 (W-L-D),1,4,0,49%,28%,1193,2426,11,58,4.10,0.83,61%,0.05,3.32,0.62,63%,15:18,734(62%),358(30%),101(8%),690(58%),371(31%),132(11%),1(6%),11(69%),4(25%),"Colorado Springs, United States","Dec. 1, 2013"
Tecia Pennington,"""Tiny Tornado""",Women's Strawweight Division,14-7-0 (W-L-D),1,1,0,48%,14%,1136,2367,7,63,4.82,0.57,62%,0.06,3.53,0.06,64%,13:53,955(84%),141(12%),40(4%),636(56%),245(22%),255(22%),1(7%),12(86%),1(7%),"Fall River, United States","Dec. 12, 2014"
Robbie Peralta,"""Problems""",Featherweight Division,18-6-0 (W-L-D),0,0,0,45%,67%,383,857,,6,3.76,0.59,53%,0.74,2.97,0.00,65%,11:20,255(67%),102(27%),26(7%),148(39%),99(26%),136(36%),13(72%),3(17%),2(11%),United States,"Sep. 17, 2011"
Daniel Pereira,None,Middleweight Division,0-0-0 (W-L-D),0,0,0,N/A,N/A,0,0,0,0,N/A,N/A,N/A,N/A,N/A,N/A,N/A,00:00,0(0%),0(0%),0(0%),0(0%),0(0%),0(0%),0(0%),0(0%),0(0%),"State of Rio Grande do Sul, Brazil","Feb. 11, 2025"
Michel Pereira,"""Demolidor""",Middleweight Division,31-12-0 (W-L-D),11,9,15,54%,52%,579,1077,,21,4.46,1.27,53%,0.35,4.23,0.81,77%,10:50,483(83%),72(12%),24(4%),275(47%),250(43%),54(9%),11(37%),10(33%),9(30%),"Marabá, Brazil","May. 18, 2019"
Alex Pereira,"""Poatan""",Light Heavyweight Division,12-2-0 (W-L-D),10,0,4,63%,100%,581,921,,1,5.46,0.14,55%,0.99,3.44,0.28,70%,10:38,480(83%),65(11%),36(6%),291(50%),159(27%),131(23%),10(83%),2(17%),0(0%),"São Bernardo do Campo, Brazil","Nov. 6, 2021"
Alberto Pereira,"""Uda""",Middleweight Division,9-2-0 (W-L-D),0,0,0,53%,50%,19,36,2,4,1.79,2.83,46%,0.00,3.49,0.00,67%,05:18,4(21%),11(58%),4(21%),15(79%),4(21%),0(0%),4(44%),1(11%),4(44%),"State of Santa Catarina, Brazil","May. 30, 2016"
Viviane Pereira,"""Sucuri""",Women's Strawweight Division,13-1-0 (W-L-D),0,0,0,30%,100%,162,540,1,1,2.70,0.25,58%,0.00,4.48,0.25,29%,15:00,141(87%),13(8%),8(5%),122(75%),28(17%),12(7%),4(31%),7(54%),2(15%),"Taua, Brazil","Dec. 11, 2016"
Ailin Perez,"""Fiona""",Women's Bantamweight Division,12-2-0 (W-L-D),4,2,4,55%,47%,229,417,1,49,3.10,4.68,56%,0.20,1.79,0.20,67%,12:18,115(50%),34(15%),80(35%),137(60%),47(21%),45(20%),4(33%),6(50%),2(17%),"CABA, Argentina","Sep. 3, 2022"
Erik Perez,"""Goyito""",Bantamweight Division,16-6-0 (W-L-D),0,0,0,41%,56%,285,702,,34,3.16,3.16,67%,0.50,2.09,0.17,69%,10:02,145(51%),43(15%),97(34%),145(51%),102(36%),38(13%),4(25%),5(31%),7(44%),"Monterrey, Mexico","Jun. 2, 2012"
Markus Perez,"""Maluko""",Middleweight Division,12-5-0 (W-L-D),3,6,0,47%,25%,192,406,3,16,2.60,0.81,53%,0.00,3.72,1.01,77%,10:34,126(66%),57(30%),9(5%),94(49%),80(42%),18(9%),3(25%),3(25%),6(50%),"São Paulo, Brazil","Dec. 9, 2017"
Alex Perez,None,Flyweight Division,25-9-0 (W-L-D),6,7,10,46%,46%,370,798,7,26,4.19,2.04,59%,0.68,3.20,0.85,77%,06:47,260(70%),55(15%),55(15%),224(61%),55(15%),91(25%),6(24%),12(48%),7(28%),"Hanford, United States","Aug. 8, 2017"
Frankie Perez,None,Lightweight Division,10-4-0 (W-L-D),0,0,0,42%,42%,70,168,5,12,1.64,1.75,54%,0.35,2.17,0.35,50%,10:42,44(63%),4(6%),22(31%),27(39%),16(23%),27(39%),2(20%),3(30%),5(50%),"Secaucus, United States","Jan. 18, 2015"
Alejandro Pérez,"""Turbo""",Featherweight Division,23-9-1 (W-L-D),10,6,0,36%,23%,479,1344,3,22,3.45,0.54,62%,0.11,3.18,0.32,71%,10:41,383(80%),28(6%),68(14%),296(62%),60(13%),123(26%),10(43%),7(30%),6(26%),"State of Mexico, Mexico","Nov. 15, 2014"
Anthony Perosh,"""The Hippo""",Light Heavyweight Division,15-10-0 (W-L-D),0,0,0,43%,23%,151,350,,40,2.27,2.03,54%,0.45,3.77,1.13,33%,05:33,64(42%),23(15%),64(42%),127(84%),3(2%),21(14%),0(0%),0(0%),0(0%),"Sydney, Australia","Jul. 8, 2006"
Hernani Perpetuo,None,Welterweight Division,17-5-0 (W-L-D),0,0,0,29%,0%,82,282,,4,2.73,0.00,55%,0.00,4.37,0.50,38%,15:00,76(93%),5(6%),1(1%),45(55%),14(17%),23(28%),7(41%),6(35%),4(24%),Brazil,"Apr. 19, 2014"
Thiago Perpétuo,"""Bodão""",Welterweight Division,9-4-1 (W-L-D),0,0,0,70%,50%,86,123,,6,5.39,2.82,51%,1.88,3.51,0.00,67%,05:19,41(48%),11(13%),34(40%),58(67%),23(27%),5(6%),7(78%),1(11%),1(11%),"Santo Andre, Brazil","Jun. 24, 2012"
Jay Perrin,"""The Joker""",Bantamweight Division,10-7-0 (W-L-D),2,4,1,47%,53%,177,379,2,17,3.71,2.83,45%,0.00,3.90,0.00,59%,11:56,130(73%),39(22%),8(5%),110(62%),53(30%),14(8%),2(20%),4(40%),4(40%),"Lowell, United States","Feb. 19, 2022"
Mike Perry,"""Platinum""",Welterweight Division,14-8-0 (W-L-D),11,0,0,47%,41%,722,1522,4,22,4.32,0.81,53%,0.72,5.16,0.18,79%,11:08,562(78%),88(12%),72(10%),457(63%),113(16%),152(21%),11(79%),3(21%),0(0%),"Flint, United States","Aug. 21, 2016"
Raphael Pessoa Nunes,"""Bebezao""",Heavyweight Division,10-2-0 (W-L-D),6,1,0,27%,0%,58,215,,3,2.16,0.00,42%,0.56,3.43,0.00,100%,08:56,50(86%),8(14%),0(0%),33(57%),7(12%),18(31%),6(60%),3(30%),1(10%),"Rio de Janeiro, Brazil","Aug. 10, 2019"
Viktor Pesta,None,Heavyweight Division,10-4-0 (W-L-D),0,0,0,36%,29%,79,217,,38,1.58,3.29,57%,0.00,2.54,0.00,100%,10:01,32(41%),10(13%),37(47%),58(73%),14(18%),7(9%),4(40%),3(30%),3(30%),None,"May. 31, 2014"
Tony Peterra,None,Middleweight Division,0-0-0 (W-L-D),0,0,0,N/A,N/A,0,0,0,0,N/A,N/A,N/A,N/A,N/A,N/A,N/A,N/A,N/A,N/A,N/A,N/A,N/A,N/A,0(0%),0(0%),0(0%),"Santa Maria, United States","May. 7, 1999"
Emily Peters Kagan,None,Women's Strawweight Division,3-3-0 (W-L-D),0,0,0,37%,14%,63,171,,21,2.60,1.86,38%,0.00,5.29,0.00,50%,12:07,45(71%),18(29%),0(0%),32(51%),15(24%),16(25%),0(0%),3(100%),0(0%),"Bangor, United States","Dec. 12, 2014"
Thomas Petersen,"""The Train""",Heavyweight Division,9-3-0 (W-L-D),7,1,6,61%,47%,175,288,1,15,4.45,2.67,57%,0.00,3.99,0.38,100%,09:50,148(85%),10(6%),17(10%),109(62%),51(29%),15(9%),7(78%),1(11%),1(11%),United States,"Feb. 3, 2024"
Steven Peterson,"""Ocho""",Featherweight Division,19-11-0 (W-L-D),6,7,5,40%,27%,602,1491,3,45,4.76,1.42,53%,0.12,5.94,0.71,64%,14:03,471(78%),78(13%),53(9%),395(66%),123(20%),84(14%),6(32%),6(32%),7(37%),"Los Angeles, United States","Aug. 22, 2017"
Vitor Petrino,None,Light Heavyweight Division,11-2-0 (W-L-D),7,0,4,45%,57%,210,466,7,28,2.83,3.24,47%,0.40,2.71,0.61,71%,10:35,165(79%),3(1%),42(20%),151(72%),38(18%),21(10%),7(64%),3(27%),1(9%),"Santa Luzia, Brazil","Dec. 17, 2022"
Andre Petroski,None,Middleweight Division,12-4-0 (W-L-D),4,4,4,50%,57%,266,527,8,44,2.77,3.91,53%,0.16,2.46,1.72,80%,10:40,177(67%),8(3%),81(30%),194(73%),53(20%),19(7%),4(33%),4(33%),4(33%),"Chester, United States","Aug. 28, 2021"
Armen Petrosyan,"""Superman""",Middleweight Division,9-4-0 (W-L-D),6,0,3,53%,33%,471,889,,3,5.95,0.19,53%,0.19,3.36,0.00,32%,11:18,425(90%),26(6%),20(4%),159(34%),105(22%),207(44%),6(67%),3(33%),0(0%),"Krasnoyarsk, Russia","Feb. 26, 2022"
Ivana Petrović,None,Women's Flyweight Division,7-2-0 (W-L-D),3,3,2,40%,44%,83,210,2,16,2.00,2.53,55%,0.00,2.27,1.08,56%,13:50,49(59%),6(7%),28(34%),60(72%),19(23%),4(5%),3(43%),1(14%),3(43%),"Konstanz, Germany","Jul. 1, 2023"
Seth Petruzelli,"""The Silverback""",Light Heavyweight Division,14-7-0 (W-L-D),0,0,0,41%,50%,66,160,1,2,2.03,0.46,55%,0.92,2.09,2.31,48%,08:08,42(64%),12(18%),12(18%),43(65%),12(18%),11(17%),0(0%),0(0%),0(0%),"Cape Coral, United States","Oct. 10, 2006"
Peter Petties,"""The Joker""",Featherweight Division,5-3-0 (W-L-D),0,0,0,29%,0%,20,68,,1,2.61,0.00,48%,0.00,8.24,0.00,N/A,07:39,16(80%),4(20%),0(0%),15(75%),1(5%),4(20%),3(60%),2(40%),0(0%),"New Brunswick, United States","Aug. 8, 2017"
Sergio Pettis,None,Bantamweight Division,18-5-0 (W-L-D),3,3,0,37%,40%,819,2188,11,30,3.88,0.85,65%,0.07,2.91,0.36,68%,15:05,730(89%),42(5%),47(6%),645(79%),82(10%),92(11%),3(18%),11(65%),3(18%),"Milwaukee, United States","Nov. 16, 2013"
Anthony Pettis,"""Showtime""",Welterweight Division,24-10-0 (W-L-D),11,7,0,48%,50%,908,1909,8,24,3.05,0.61,54%,0.35,3.44,1.06,60%,11:26,751(83%),76(8%),81(9%),590(65%),181(20%),137(15%),11(24%),28(61%),7(15%),"Milwaukee, United States","Jun. 5, 2011"
Forrest Petz,"""The Meat Cleaver""",Welterweight Division,24-9-0 (W-L-D),0,0,0,30%,100%,184,622,,7,2.27,1.30,57%,0.93,2.20,0.00,67%,11:35,123(67%),45(24%),16(9%),91(49%),73(40%),20(11%),0(0%),0(0%),0(0%),"Cleveland, United States","Aug. 17, 2006"
Cody Pfister,"""The Fist""",Lightweight Division,12-6-1 (W-L-D),0,0,0,26%,31%,60,231,,26,1.41,2.82,52%,0.00,2.80,0.00,N/A,10:38,35(58%),13(22%),12(20%),52(87%),8(13%),0(0%),4(33%),5(42%),3(25%),"Amarillo, United States","Feb. 14, 2015"
Nam Phan,None,Bantamweight Division,18-14-0 (W-L-D),0,0,0,38%,18%,750,1982,,11,4.52,0.18,59%,0.00,6.55,0.18,61%,13:49,695(93%),27(4%),28(4%),538(72%),172(23%),40(5%),0(0%),0(0%),0(0%),United States,"Dec. 5, 2010"
Costas Philippou,None,Middleweight Division,13-5-0 (W-L-D),0,0,0,35%,43%,244,695,,7,2.19,0.40,54%,0.67,2.73,0.27,66%,11:10,176(72%),30(12%),38(16%),196(80%),30(12%),18(7%),0(0%),0(0%),0(0%),United States,"Mar. 20, 2011"
Kyler Phillips,"""The Matrix""",Bantamweight Division,12-3-0 (W-L-D),5,2,5,44%,51%,572,1296,14,37,5.28,2.63,61%,0.42,3.47,0.42,76%,12:02,438(77%),42(7%),92(16%),386(67%),100(17%),86(15%),5(42%),5(42%),2(17%),"Torrance, United States","Aug. 1, 2017"
Elizabeth Phillips,None,Women's Bantamweight Division,5-4-0 (W-L-D),0,0,0,34%,25%,156,459,,12,2.60,0.75,58%,0.00,3.07,0.25,53%,15:00,118(76%),11(7%),27(17%),123(79%),15(10%),18(12%),2(40%),2(40%),1(20%),"Spokane, United States","Jun. 14, 2014"
Aaron Phillips,"""The Dragon""",Bantamweight Division,12-5-0 (W-L-D),6,2,7,53%,50%,79,148,,6,1.51,0.86,44%,0.00,3.66,0.57,44%,13:07,44(56%),22(28%),13(16%),36(46%),38(48%),5(6%),6(50%),4(33%),2(17%),"Houston, United States","May. 24, 2014"
John Phillips,"""The Welsh Wrecking Machine""",Middleweight Division,22-11-0 (W-L-D),20,2,1,34%,N/A,94,274,0,0,1.72,0.00,49%,0.55,4.03,0.00,8%,09:05,81(86%),10(11%),3(3%),42(45%),27(29%),25(27%),20(91%),0(0%),2(9%),"Swansea, United Kingdom","Mar. 17, 2018"
Vinc Pichel,"""From Hell""",Lightweight Division,14-4-0 (W-L-D),8,0,0,47%,54%,488,1048,17,46,3.62,2.78,56%,0.11,3.05,0.22,25%,12:16,305(63%),99(20%),84(17%),227(47%),117(24%),144(30%),8(57%),6(43%),0(0%),"Lancaster, United States","Dec. 16, 2012"
Brad Pickett,"""One Punch""",Bantamweight Division,26-14-0 (W-L-D),0,0,0,32%,45%,623,1963,,76,3.02,2.47,56%,0.22,4.63,0.44,58%,11:28,460(74%),68(11%),95(15%),431(69%),92(15%),100(16%),0(0%),0(0%),0(0%),"London, United Kingdom","Nov. 5, 2011"
Jamie Pickett,"""The Night Wolf""",Middleweight Division,13-11-0 (W-L-D),9,0,5,48%,40%,316,661,5,25,2.65,1.26,50%,0.25,3.62,0.13,67%,09:56,259(82%),57(18%),0(0%),184(58%),99(31%),33(10%),9(69%),4(31%),0(0%),"Jacksonville, United States","Jul. 11, 2017"
Fabiola Pidroni,None,Women's Strawweight Division,0-0-0 (W-L-D),0,0,0,N/A,N/A,0,0,0,0,N/A,N/A,N/A,N/A,N/A,N/A,N/A,00:00,0(0%),0(0%),0(0%),0(0%),0(0%),0(0%),0(0%),0(0%),0(0%),None,"Feb. 11, 2025"
Oskar Piechota,"""Imadlo""",Middleweight Division,11-3-1 (W-L-D),5,5,0,52%,40%,163,312,2,5,3.30,0.61,52%,0.91,3.93,1.52,38%,08:14,102(63%),35(21%),26(16%),120(74%),26(16%),17(10%),5(45%),1(9%),5(45%),"Gdansk, Poland","Oct. 21, 2017"
Mike Pierce,None,Welterweight Division,17-7-0 (W-L-D),0,0,0,42%,43%,472,1111,,87,2.62,3.08,62%,0.33,2.36,0.25,71%,12:01,221(47%),147(31%),104(22%),292(62%),92(19%),88(19%),0(0%),0(0%),0(0%),United States,"Sep. 16, 2009"
Joao Pierini,"""The Tazmanian Devil""",Welterweight Division,0-0-0 (W-L-D),0,0,0,14%,N/A,1,7,0,0,0.76,0.00,33%,0.00,4.56,0.00,N/A,01:19,1(100%),0(0%),0(0%),1(100%),0(0%),0(0%),0(0%),0(0%),0(0%),"Sao Paulo, United States","Jun. 22, 2002"
Sean Pierson,"""The Punisher""",Welterweight Division,14-6-0 (W-L-D),0,0,0,40%,18%,298,748,,11,3.84,0.39,65%,0.19,3.73,0.39,67%,12:57,228(77%),47(16%),23(8%),210(70%),55(18%),33(11%),0(0%),0(0%),0(0%),Canada,"Dec. 12, 2010"
Domingo Pilarte,"""Son of Fire""",Bantamweight Division,8-3-0 (W-L-D),2,4,0,48%,43%,49,103,2,7,1.31,1.20,40%,0.00,2.96,0.80,55%,09:23,41(84%),7(14%),1(2%),29(59%),13(27%),7(14%),2(25%),2(25%),4(50%),"Bethesda, United States","Jul. 20, 2019"
Paddy Pimblett,"""The Baddy""",Lightweight Division,22-3-0 (W-L-D),6,10,0,53%,25%,244,459,,12,4.94,0.91,41%,0.61,3.75,2.13,53%,08:14,180(74%),17(7%),47(19%),152(62%),35(14%),57(23%),6(27%),6(27%),10(45%),"Liverpool, England","Sep. 4, 2021"
Daniel Pineda,"""The Pit""",Featherweight Division,28-17-0 (W-L-D),9,19,17,50%,24%,361,728,7,50,2.85,1.42,46%,0.24,3.26,1.54,55%,09:26,213(59%),23(6%),125(35%),242(67%),54(15%),65(18%),9(32%),0(0%),19(68%),"Dallas, United States","Jan. 21, 2012"
Jesus Pinedo,"""El Mudo""",Lightweight Division,16-5-1 (W-L-D),7,4,0,38%,100%,97,255,5,5,3.23,2.50,53%,0.00,4.37,0.00,100%,15:00,75(77%),7(7%),15(15%),53(55%),26(27%),18(19%),7(44%),5(31%),4(25%),"Callao Region, Peru","Nov. 17, 2018"
Luana Pinheiro,None,Women's Strawweight Division,11-4-0 (W-L-D),2,5,7,40%,33%,257,640,7,27,3.42,1.80,62%,0.40,4.03,0.20,69%,10:44,223(87%),22(9%),12(5%),155(60%),64(25%),38(15%),2(18%),4(36%),5(45%),"João Pessoa, Brazil","Mar. 27, 2021"
Mario Pinto,None,Heavyweight Division,1-0-0 (W-L-D),0,0,0,93%,N/A,14,15,0,0,8.16,0.00,61%,8.74,4.08,0.00,N/A,01:43,11(79%),0(0%),3(21%),10(71%),0(0%),4(29%),0(0%),0(0%),0(0%),None,"Mar. 1, 2025"
Gaetano Pirrello,"""El Tigre""",Bantamweight Division,15-7-1 (W-L-D),11,3,0,55%,N/A,11,20,0,0,0.99,0.00,43%,0.00,2.44,0.00,30%,05:32,9(82%),2(18%),0(0%),4(36%),2(18%),5(45%),11(73%),1(7%),3(20%),"La Louvière, Belgium","Jan. 20, 2021"
Maki Pitolo,"""Coconut Bombz""",Middleweight Division,13-9-0 (W-L-D),7,3,0,44%,53%,247,557,,17,4.10,2.24,55%,0.25,3.93,0.75,50%,08:37,215(87%),21(9%),11(4%),167(68%),63(26%),17(7%),7(54%),3(23%),3(23%),"Honolulu, United States","Oct. 5, 2019"
Dmitry Poberezhets,None,Heavyweight Division,24-5-1 (W-L-D),0,0,0,N/A,N/A,0,0,0,0,N/A,N/A,N/A,N/A,N/A,N/A,N/A,00:00,0(0%),0(0%),0(0%),0(0%),0(0%),0(0%),14(58%),5(21%),5(21%),"Kiev, Ukraine","Feb. 11, 2025"
Jamal Pogues,None,Heavyweight Division,11-5-0 (W-L-D),4,1,5,47%,46%,321,688,5,26,3.57,2.00,50%,0.00,3.97,0.00,70%,15:00,270(84%),29(9%),22(7%),244(76%),30(9%),47(15%),4(36%),6(55%),1(9%),"Los Angeles, United States","Feb. 18, 2023"
Ross Pointon,"""The Gladiator""",Welterweight Division,4-9-0 (W-L-D),0,0,0,22%,N/A,27,124,0,0,2.54,0.00,58%,1.41,3.30,0.00,N/A,05:19,25(93%),2(7%),0(0%),10(37%),2(7%),15(56%),0(0%),0(0%),0(0%),"Stoke-on-Trent, United Kingdom","Jun. 24, 2006"
Dustin Poirier,"""The Diamond""",Lightweight Division,30-9-0 (W-L-D),16,7,13,51%,36%,1798,3549,24,77,5.30,1.24,53%,0.62,4.33,1.28,64%,10:17,1351(75%),282(16%),165(9%),1436(80%),180(10%),182(10%),16(53%),7(23%),7(23%),"Lafayette, United States","Jan. 2, 2011"
Igor Pokrajac,"""The Duke""",Light Heavyweight Division,25-13-0 (W-L-D),0,0,0,46%,29%,272,592,7,24,2.25,0.87,40%,0.50,4.26,0.25,51%,09:19,153(56%),81(30%),38(14%),228(84%),24(9%),20(7%),0(0%),0(0%),0(0%),"Zagreb, Croatia","Sep. 19, 2009"
John Polakowski,"""Buckets of Blood""",Lightweight Division,2-2-0 (W-L-D),0,0,0,4%,N/A,1,23,0,0,0.14,0.00,44%,0.00,2.05,2.05,75%,11:09,1(100%),0(0%),0(0%),1(100%),0(0%),0(0%),0(0%),0(0%),0(0%),"Seattle, United States","Dec. 13, 2008"
Julia Polastri,"""Psycho""",Women's Strawweight Division,13-4-0 (W-L-D),4,3,0,55%,80%,301,551,3,5,5.57,1.11,59%,0.00,5.31,0.55,62%,13:31,221(73%),42(14%),38(13%),181(60%),85(28%),35(12%),4(31%),6(46%),3(23%),"Duque de Caxias, Brazil","Jun. 15, 2024"
Santiago Ponzinibbio,"""Argentine Dagger""",Welterweight Division,31-8-0 (W-L-D),17,6,14,41%,32%,1034,2494,4,25,4.80,0.56,62%,0.77,4.61,0.00,71%,11:20,980(95%),20(2%),34(3%),734(71%),130(13%),170(16%),17(55%),8(26%),6(19%),Argentina,"Nov. 9, 2013"
Grigory Popov,None,Bantamweight Division,13-3-0 (W-L-D),4,3,0,38%,0%,90,238,,1,3.63,0.00,56%,0.00,4.20,0.00,45%,12:24,77(86%),7(8%),6(7%),40(44%),34(38%),16(18%),4(31%),6(46%),3(23%),"Kangalassy, Russia","Feb. 11, 2025"
Alexander Poppeck,None,Light Heavyweight Division,0-0-0 (W-L-D),0,0,0,58%,0%,38,66,,4,4.01,0.00,33%,0.00,9.81,0.00,N/A,09:29,34(89%),4(11%),0(0%),17(45%),6(16%),15(39%),0(0%),0(0%),0(0%),None,"Feb. 11, 2025"
Parker Porter,None,Heavyweight Division,14-9-0 (W-L-D),6,3,4,50%,26%,436,868,5,23,6.55,1.35,52%,0.00,6.32,0.45,67%,07:24,374(86%),47(11%),15(3%),328(75%),42(10%),66(15%),6(43%),5(36%),3(21%),"Hartford, United States","Aug. 15, 2020"
Ihor Potieria,"""The Duelist""",Middleweight Division,20-8-0 (W-L-D),9,6,14,50%,19%,274,547,,16,4.44,0.73,51%,0.97,4.96,0.00,67%,06:51,209(76%),36(13%),29(11%),184(67%),34(12%),56(20%),9(45%),5(25%),6(30%),"Kyiv, Ukraine","Jul. 30, 2022"
Dylan Potter,None,Heavyweight Division,0-1-0 (W-L-D),0,0,0,48%,0%,43,89,,1,3.10,0.00,47%,0.00,5.78,1.08,33%,13:51,40(93%),3(7%),0(0%),25(58%),12(28%),6(14%),0(0%),0(0%),0(0%),"Olympia, United States","Feb. 11, 2025"
Callan Potter,"""The Rockstar""",Welterweight Division,18-9-0 (W-L-D),8,0,0,30%,N/A,20,66,0,0,0.99,0.00,46%,0.00,3.85,0.00,N/A,05:04,17(85%),0(0%),3(15%),13(65%),2(10%),5(25%),8(100%),0(0%),0(0%),"Sunbury, Australia","Feb. 9, 2019"
Ruan Potts,"""Fangzz""",Heavyweight Division,8-4-0 (W-L-D),0,0,0,38%,17%,17,45,,6,0.85,0.75,23%,0.00,5.92,2.26,33%,06:38,13(76%),2(12%),2(12%),9(53%),3(18%),5(29%),4(50%),0(0%),4(50%),South Africa,"May. 10, 2014"
Devin Powell,None,Lightweight Division,9-4-0 (W-L-D),2,3,0,42%,0%,135,324,,5,2.88,0.00,51%,0.32,3.67,0.64,N/A,11:43,102(76%),18(13%),15(11%),43(32%),35(26%),57(42%),2(25%),3(38%),3(38%),"Rochester, United States","Jan. 16, 2017"
Marcin Prachnio,None,Light Heavyweight Division,17-8-0 (W-L-D),11,0,11,54%,20%,572,1051,,5,5.57,0.15,54%,0.15,3.24,0.00,54%,10:16,482(84%),89(16%),1(0%),169(30%),192(34%),211(37%),11(65%),5(29%),1(6%),"Warsaw, Poland","Feb. 24, 2018"
Wagner Prado,"""Caldeirao""",Light Heavyweight Division,8-2-0 (W-L-D),0,0,0,40%,0%,32,80,,1,1.72,0.00,51%,0.00,3.06,0.00,22%,06:12,28(88%),4(13%),0(0%),16(50%),16(50%),0(0%),0(0%),0(0%),0(0%),"Campinas, Brazil","Aug. 5, 2012"
Francisco Prado,None,Welterweight Division,12-3-0 (W-L-D),6,6,9,41%,9%,215,524,,11,4.38,0.31,56%,0.31,5.32,0.31,25%,12:16,180(84%),14(7%),21(10%),96(45%),51(24%),68(32%),6(50%),0(0%),6(50%),"San Lorenzo , Argentina","Feb. 11, 2023"
Trevor Prangley,None,Middleweight Division,11-4-0 (W-L-D),0,0,0,59%,64%,111,188,,22,2.17,4.11,49%,0.00,3.68,1.17,74%,12:46,22(20%),58(52%),31(28%),45(41%),30(27%),36(32%),0(0%),0(0%),0(0%),"Cape Town, South Africa","Jun. 19, 2004"
Ricardo Prasel,"""Alemao""",Heavyweight Division,9-2-0 (W-L-D),0,0,0,58%,0%,11,19,,4,2.21,0.00,37%,0.00,7.83,0.00,N/A,04:59,9(82%),2(18%),0(0%),1(9%),1(9%),9(82%),0(0%),0(0%),0(0%),"State of Paraná, Brazil","Feb. 11, 2025"
Rana Rudra Pratap Singh,None,Bantamweight Division,0-1-0 (W-L-D),0,0,0,N/A,N/A,0,0,0,0,N/A,N/A,N/A,N/A,N/A,N/A,N/A,00:00,0(0%),0(0%),0(0%),0(0%),0(0%),0(0%),0(0%),0(0%),0(0%),None,"Feb. 11, 2025"
Carlo Prater,"""Neo""",Lightweight Division,30-12-1 (W-L-D),0,0,0,47%,9%,71,151,,11,2.03,0.43,35%,0.00,4.07,1.72,57%,05:55,30(42%),39(55%),2(3%),16(23%),32(45%),23(32%),0(0%),0(0%),0(0%),Brazil,"Jan. 14, 2012"
Carlos Prates,"""The Nightmare""",Welterweight Division,21-6-0 (W-L-D),16,0,9,57%,100%,149,260,,1,4.39,0.44,49%,3.54,4.60,0.00,92%,06:47,147(99%),0(0%),2(1%),79(53%),32(21%),38(26%),16(76%),2(10%),3(14%),"State of São Paulo, Brazil","Feb. 10, 2024"
Michel Prazeres,"""Tractor""",Welterweight Division,26-4-0 (W-L-D),2,10,0,47%,36%,407,863,41,125,2.38,3.94,58%,0.18,2.51,0.61,48%,12:14,298(73%),42(10%),67(16%),273(67%),63(15%),71(17%),2(8%),14(54%),10(38%),"Belem, Brazil","May. 19, 2013"
Kyle Prepolec,"""Killshot""",Welterweight Division,12-7-0 (W-L-D),7,3,0,35%,0%,96,275,,3,3.20,0.00,55%,0.00,4.70,0.00,40%,15:00,93(97%),3(3%),0(0%),50(52%),31(32%),15(16%),7(58%),2(17%),3(25%),"Windsor, Canada","Feb. 11, 2025"
Niko Price,"""The Hybrid""",Welterweight Division,16-8-0 (W-L-D),10,3,4,43%,30%,826,1923,4,37,5.21,1.04,49%,0.47,5.58,0.66,53%,08:48,642(78%),90(11%),94(11%),507(61%),137(17%),182(22%),10(63%),3(19%),3(19%),"Cape Coral, United States","Dec. 31, 2016"
Dorian Price,None,Welterweight Division,8-3-0 (W-L-D),0,0,0,0%,N/A,0,2,0,0,0.00,0.00,N/A,0.00,0.00,0.00,N/A,00:23,0(0%),0(0%),0(0%),0(0%),0(0%),0(0%),0(0%),0(0%),0(0%),"Columbus, United States","Dec. 9, 2007"
Chris Price,"""The Exorcist""",Middleweight Division,8-2-0 (W-L-D),0,0,0,67%,N/A,10,15,0,0,1.44,0.00,49%,0.00,2.59,2.16,33%,03:29,3(30%),7(70%),0(0%),3(30%),7(70%),0(0%),0(0%),0(0%),0(0%),"Beach Grove, United States","Oct. 10, 2006"
Shane Primm,None,Light Heavyweight Division,1-1-0 (W-L-D),0,0,0,27%,20%,7,26,,5,0.83,1.78,62%,0.00,2.25,0.00,N/A,08:27,1(14%),6(86%),0(0%),2(29%),4(57%),1(14%),0(0%),0(0%),0(0%),"Tampa, United States","Dec. 13, 2008"
Jiří Procházka ,None,Light Heavyweight Division,31-5-1 (W-L-D),27,3,23,56%,60%,433,775,1,5,5.74,0.60,43%,0.79,5.70,0.20,68%,10:47,327(76%),29(7%),77(18%),347(80%),64(15%),22(5%),27(87%),1(3%),3(10%),"Hostěradice, Czechia","Jul. 11, 2020"
Lara Procopio,None,Women's Flyweight Division,7-2-0 (W-L-D),1,2,0,59%,47%,242,413,,19,5.64,3.15,47%,0.00,6.50,0.35,50%,14:18,203(84%),30(12%),9(4%),159(66%),39(16%),44(18%),1(14%),4(57%),2(29%),"Belo Horizonte, Brazil","Aug. 31, 2019"
Joe Proctor,None,Welterweight Division,11-5-0 (W-L-D),0,0,0,37%,N/A,222,608,0,0,3.39,0.00,60%,0.46,3.93,1.83,70%,08:11,183(82%),30(14%),9(4%),152(68%),33(15%),37(17%),0(0%),0(0%),0(0%),"Quincy, United States","Jun. 2, 2012"
Lucie Pudilova,None,Women's Flyweight Division,14-10-0 (W-L-D),3,2,2,38%,32%,541,1435,,22,3.60,0.70,50%,0.20,4.07,0.60,68%,13:40,366(68%),97(18%),78(14%),402(74%),89(16%),50(9%),3(21%),9(64%),2(14%),"Pribram, Czechia","Mar. 18, 2017"
Claudio Puelles,"""Prince of Peru""",Lightweight Division,13-4-0 (W-L-D),0,7,3,50%,37%,140,282,,52,1.56,3.17,46%,0.00,2.78,1.17,60%,11:14,74(53%),8(6%),58(41%),86(61%),45(32%),9(6%),2(15%),4(31%),7(54%),Peru,"Nov. 6, 2016"
Juan Puerta,None,Flyweight Division,1-0-0 (W-L-D),0,0,0,40%,100%,19,48,,1,1.27,1.00,68%,0.00,1.27,0.00,N/A,15:00,8(42%),3(16%),8(42%),16(84%),1(5%),2(11%),0(0%),0(0%),0(0%),"Mt Kisco, United States","Feb. 11, 2025"
Juan Puig,"""Fenix""",Featherweight Division,11-4-0 (W-L-D),0,0,0,24%,N/A,13,55,0,0,4.91,0.00,51%,0.00,7.17,0.00,N/A,01:20,13(100%),0(0%),0(0%),4(31%),1(8%),8(62%),2(18%),2(18%),7(64%),Mexico,"Jul. 6, 2014"
Jens Pulver,"""Lil' Evil""",Lightweight Division,22-13-1 (W-L-D),0,0,0,37%,33%,290,776,,6,2.12,0.22,57%,0.44,3.13,0.33,64%,08:34,196(68%),50(17%),44(15%),233(80%),39(13%),18(6%),0(0%),0(0%),0(0%),United States,"Sep. 24, 1999"
Andrey Pulyaev,None,Middleweight Division,1-0-0 (W-L-D),0,0,0,68%,50%,98,144,,2,6.53,1.00,48%,0.00,3.00,0.00,80%,15:00,70(71%),16(16%),12(12%),72(73%),20(20%),6(6%),0(0%),0(0%),0(0%),None,"Mar. 22, 2025"
CM Punk,None,Welterweight Division,0-1-0 (W-L-D),0,0,0,23%,11%,19,82,1,9,1.10,0.87,40%,0.00,4.87,0.00,N/A,08:37,10(53%),7(37%),2(11%),10(53%),7(37%),2(11%),0(0%),0(0%),0(0%),"Chicago, United States","Sep. 11, 2016"
Joe Pyfer,"""Bodybagz""",Middleweight Division,13-3-0 (W-L-D),9,3,7,41%,42%,192,463,,12,3.72,1.45,52%,0.87,3.48,0.87,50%,07:23,175(91%),2(1%),15(8%),118(61%),49(26%),25(13%),9(69%),1(8%),3(23%),"Vineland, United States","Sep. 17, 2022"
Mike Pyle,"""Quicksand""",Welterweight Division,27-14-1 (W-L-D),0,0,0,46%,36%,480,1046,16,59,2.74,1.80,61%,0.34,2.84,1.54,70%,07:23,266(55%),90(19%),124(26%),322(67%),85(18%),73(15%),0(0%),0(0%),0(0%),United States,"May. 23, 2009"
Billy Quarantillo,None,Featherweight Division,18-7-0 (W-L-D),8,5,3,55%,24%,990,1814,1,54,7.44,1.47,43%,0.23,5.83,1.02,61%,11:05,664(67%),183(18%),143(14%),683(69%),233(24%),74(7%),8(44%),5(28%),5(28%),"Buffalo, United States","Dec. 7, 2019"
Nate Quarry,"""Rock""",Middleweight Division,18-4-0 (W-L-D),0,0,0,45%,33%,298,669,,3,4.96,0.25,66%,1.50,2.80,0.00,60%,06:00,221(74%),37(12%),40(13%),162(54%),50(17%),86(29%),0(0%),0(0%),0(0%),"Arcata, United States","Apr. 9, 2005"
Vinicius Queiroz,"""Spartan""",Heavyweight Division,5-2-0 (W-L-D),0,0,0,51%,70%,76,148,,10,3.67,5.07,41%,0.00,4.10,0.72,100%,10:22,47(62%),5(7%),24(32%),58(76%),15(20%),3(4%),0(0%),0(0%),0(0%),"Curitiba, Brazil","Feb. 11, 2025"
Josh Quinlan,"""Bushido""",Welterweight Division,6-3-0 (W-L-D),4,2,3,42%,11%,158,374,,9,3.57,0.34,54%,0.68,6.38,0.00,71%,08:51,150(95%),5(3%),3(2%),87(55%),30(19%),41(26%),4(67%),0(0%),2(33%),United States,"Aug. 6, 2022"
Jimmy Quinlan,"""Crash""",Middleweight Division,3-1-0 (W-L-D),0,0,0,70%,25%,7,10,,4,2.08,4.46,17%,0.00,5.94,0.00,N/A,03:22,7(100%),0(0%),0(0%),5(71%),2(29%),0(0%),0(0%),0(0%),0(0%),United States,"Apr. 14, 2013"
Landon Quinones,"""The Lone Wolf""",Lightweight Division,7-3-1 (W-L-D),5,1,3,40%,33%,203,503,,3,6.77,0.50,56%,0.00,7.70,0.00,100%,15:00,191(94%),12(6%),0(0%),120(59%),48(24%),35(17%),5(71%),1(14%),1(14%),"Sunrise, United States","Sep. 10, 2023"
Michel Quinones,"""Capo""",Lightweight Division,8-3-0 (W-L-D),0,0,0,30%,N/A,71,239,0,0,2.91,0.00,48%,0.00,5.98,0.00,36%,12:12,70(99%),1(1%),0(0%),19(27%),13(18%),39(55%),5(63%),2(25%),1(13%),"Queens, United States","Jun. 26, 2017"
Cristian Quiñonez,"""Problema""",Bantamweight Division,18-5-0 (W-L-D),10,3,5,40%,38%,137,339,,8,4.19,1.37,55%,0.46,4.55,0.00,84%,08:11,124(91%),9(7%),4(3%),104(76%),6(4%),27(20%),10(56%),5(28%),3(17%),"Tlaltenango, Mexico","Sep. 3, 2022"
Jose Quinonez,"""El Teco""",Bantamweight Division,9-5-0 (W-L-D),2,1,0,45%,47%,341,750,12,36,3.60,2.70,64%,0.48,3.00,0.63,43%,10:31,271(79%),20(6%),50(15%),175(51%),66(19%),100(29%),2(22%),6(67%),1(11%),"Zacatecas, Mexico","Nov. 15, 2014"
Benji Radach,"""Razor""",Middleweight Division,0-0-0 (W-L-D),0,0,0,57%,N/A,43,76,0,0,2.18,0.00,52%,1.52,8.27,0.00,72%,06:34,8(19%),5(12%),30(70%),40(93%),3(7%),0(0%),0(0%),0(0%),0(0%),"Castle Rock, United States","May. 10, 2002"
Jordan Radev,None,Middleweight Division,16-3-0 (W-L-D),0,0,0,23%,N/A,21,91,0,0,1.35,0.00,66%,0.00,2.38,0.00,80%,07:47,17(81%),3(14%),1(5%),12(57%),2(10%),7(33%),0(0%),0(0%),0(0%),"Pomorie, Bulgaria","Jun. 12, 2007"
Charles Radtke,"""Chuck Buffalo""",Welterweight Division,10-4-0 (W-L-D),5,2,5,N/A,N/A,0,0,0,0,N/A,N/A,N/A,N/A,N/A,N/A,N/A,00:00,0(0%),0(0%),0(0%),0(0%),0(0%),0(0%),5(50%),3(30%),2(20%),"Lake Forest, United States","Sep. 10, 2023"
Loik Radzhabov,"""The Tajik Tank""",Lightweight Division,18-6-1 (W-L-D),8,5,7,44%,58%,140,315,11,26,2.89,4.65,46%,0.31,3.76,0.00,43%,12:06,97(69%),4(3%),39(28%),120(86%),17(12%),3(2%),8(44%),5(28%),5(28%),Tajikistan,"Mar. 4, 2023"
Josh Raferty,None,Welterweight Division,0-0-0 (W-L-D),0,0,0,33%,0%,1,3,,1,0.60,0.00,50%,0.00,3.60,9.00,N/A,01:40,1(100%),0(0%),0(0%),0(0%),1(100%),0(0%),0(0%),0(0%),0(0%),"Cincinnati, United States","Apr. 9, 2005"
Ricky Rainey,"""The Sniper""",Welterweight Division,13-6-0 (W-L-D),7,1,0,49%,18%,81,166,,11,2.55,0.95,46%,0.47,2.62,0.00,56%,07:56,33(41%),39(48%),9(11%),44(54%),18(22%),19(23%),7(54%),5(38%),1(8%),"Gastonia, United States","Apr. 15, 2018"
Shavkat Rakhmonov,"""Nomad""",Welterweight Division,19-0-0 (W-L-D),8,10,9,60%,26%,244,406,2,27,3.25,1.40,51%,0.20,2.17,1.20,86%,10:44,137(56%),59(24%),48(20%),170(70%),64(26%),10(4%),8(42%),1(5%),10(53%),Uzbekistan,"Mar. 21, 2020"
Aleksandar Rakić,"""Rocket""",Light Heavyweight Division,14-5-0 (W-L-D),9,1,8,50%,24%,476,950,3,21,4.16,0.66,51%,0.52,2.91,0.13,86%,11:26,315(66%),46(10%),115(24%),254(53%),73(15%),149(31%),9(64%),4(29%),1(7%),"Vienna, Austria","Sep. 2, 2017"
Jessica Rakoczy,"""Ragin""",Women's Strawweight Division,1-4-0 (W-L-D),0,0,0,45%,20%,50,112,,5,2.50,0.75,65%,0.00,3.55,0.75,N/A,10:00,31(62%),13(26%),6(12%),28(56%),19(38%),3(6%),0(0%),0(0%),0(0%),United States,"Dec. 1, 2013"
Zygimantas Ramaska,None,Featherweight Division,9-3-0 (W-L-D),5,4,5,60%,N/A,6,10,0,0,0.96,0.00,30%,0.00,2.25,2.41,33%,06:14,2(33%),4(67%),0(0%),5(83%),1(17%),0(0%),5(56%),0(0%),4(44%),Lithuania,"Aug. 24, 2024"
Hector Ramirez,"""Sick Dog""",Light Heavyweight Division,6-2-1 (W-L-D),0,0,0,43%,63%,53,122,,8,2.35,3.32,56%,0.00,6.64,0.66,67%,11:18,32(60%),12(23%),9(17%),43(81%),6(11%),4(8%),0(0%),0(0%),0(0%),"Los Angeles, United States","Nov. 18, 2006"
Thomas Ramirez,None,,0-0-0 (W-L-D),0,0,0,N/A,N/A,0,0,0,0,N/A,N/A,N/A,N/A,N/A,N/A,N/A,N/A,N/A,N/A,N/A,N/A,N/A,N/A,0(0%),0(0%),0(0%),United States,"Feb. 16, 1996"
Mitch Ramirez,None,Lightweight Division,8-2-0 (W-L-D),5,2,6,42%,100%,39,92,,1,2.37,0.91,36%,0.00,3.34,0.00,N/A,08:15,35(90%),4(10%),0(0%),13(33%),8(21%),18(46%),5(63%),1(13%),2(25%),United States,"Mar. 16, 2024"
Luis Ramos,"""Beicao""",Welterweight Division,19-8-0 (W-L-D),0,0,0,35%,20%,24,68,,5,2.40,1.50,42%,0.00,5.60,0.00,100%,05:00,24(100%),0(0%),0(0%),9(38%),2(8%),13(54%),0(0%),0(0%),0(0%),"Itaguai, Brazil","Aug. 27, 2011"
Vernon Ramos,None,Welterweight Division,3-1-0 (W-L-D),0,0,0,25%,N/A,2,8,0,0,4.00,0.00,56%,0.00,8.00,0.00,N/A,00:30,2(100%),0(0%),0(0%),0(0%),0(0%),2(100%),0(0%),0(0%),3(100%),Panama,"Nov. 21, 2015"
Ricardo Ramos,None,Featherweight Division,17-6-0 (W-L-D),4,7,8,36%,61%,362,1003,4,36,3.03,2.77,56%,0.38,3.85,0.75,73%,09:11,309(85%),28(8%),25(7%),230(64%),70(19%),62(17%),4(24%),6(35%),7(41%),"Campinas, Brazil","Feb. 4, 2017"
Davi Ramos,"""Tasmanian Devil""",Lightweight Division,10-4-0 (W-L-D),1,7,0,38%,40%,203,538,6,25,2.64,1.95,56%,0.00,3.44,0.58,83%,11:00,159(78%),20(10%),24(12%),147(72%),31(15%),25(12%),1(10%),2(20%),7(70%),"Rio de Janeiro, Brazil","Mar. 12, 2017"
Kevin Randleman,"""The Monster""",Light Heavyweight Division,10-5-0 (W-L-D),0,0,0,55%,56%,208,379,,39,1.26,2.00,57%,0.45,1.12,0.82,31%,10:20,64(31%),29(14%),115(55%),165(79%),32(15%),11(5%),0(0%),0(0%),0(0%),United States,"Mar. 5, 1999"
Mitch Raposo,None,Flyweight Division,9-2-0 (W-L-D),4,3,4,34%,60%,53,158,1,5,2.29,1.94,52%,0.00,3.32,0.00,50%,11:36,50(94%),0(0%),3(6%),36(68%),13(25%),4(8%),4(44%),2(22%),3(33%),"Fall River, United States","Jun. 1, 2024"
Bec Rawlings,"""Rowdy""",Women's Flyweight Division,7-8-0 (W-L-D),0,0,0,43%,40%,378,883,4,10,4.48,0.71,57%,0.00,5.66,0.36,68%,12:04,293(78%),65(17%),20(5%),263(70%),67(18%),48(13%),1(14%),2(29%),4(57%),"Tasmania, Australia","Dec. 12, 2014"
Stevie Ray,"""Braveheart""",Lightweight Division,23-9-0 (W-L-D),6,8,0,45%,46%,449,999,5,13,3.73,0.75,55%,0.12,2.93,0.62,56%,10:56,328(73%),31(7%),90(20%),280(62%),50(11%),119(27%),6(27%),8(36%),8(36%),"Fife, United Kingdom","Apr. 11, 2015"
Gideon Ray,"""The Gladiator""",Middleweight Division,8-3-0 (W-L-D),0,0,0,40%,100%,21,52,,1,2.08,1.49,54%,0.00,2.58,0.00,N/A,03:22,14(67%),6(29%),1(5%),6(29%),5(24%),10(48%),0(0%),0(0%),0(0%),"Chicago, United States","Feb. 5, 2005"
Mateusz Rębecki,None,Lightweight Division,20-2-0 (W-L-D),9,7,10,49%,75%,276,567,3,20,4.70,3.84,55%,1.02,4.13,0.77,45%,09:47,220(80%),9(3%),47(17%),170(62%),60(22%),46(17%),9(45%),4(20%),7(35%),"Gryfice, Poland","Jan. 14, 2023"
Greg Rebello,"""Ribz""",Heavyweight Division,24-8-0 (W-L-D),0,0,0,39%,N/A,25,64,0,0,2.61,0.00,58%,0.00,2.92,0.00,N/A,04:48,24(96%),1(4%),0(0%),19(76%),1(4%),5(20%),15(63%),7(29%),2(8%),"Wareham, United States","Jul. 11, 2017"
Paul Redmond,"""Redser""",Featherweight Division,10-5-0 (W-L-D),0,0,0,34%,0%,13,38,,2,0.72,0.00,42%,0.00,2.99,0.00,50%,09:02,13(100%),0(0%),0(0%),11(85%),1(8%),1(8%),5(50%),1(10%),4(40%),United States,"Jan. 24, 2015"
Elise Reed,None,Women's Strawweight Division,8-4-0 (W-L-D),2,0,1,53%,60%,322,605,,5,3.50,0.49,53%,0.16,3.15,0.00,57%,11:30,269(84%),39(12%),14(4%),182(57%),73(23%),67(21%),2(25%),6(75%),0(0%),"Sacramento, United States","Jul. 24, 2021"
Karl Reed,"""No Worries""",Light Heavyweight Division,2-1-0 (W-L-D),0,0,0,45%,22%,58,129,,9,2.04,1.06,39%,0.00,3.84,0.00,53%,14:13,30(52%),28(48%),0(0%),40(69%),11(19%),7(12%),1(50%),1(50%),0(0%),"Brandon, United States","Aug. 15, 2017"
Johnny Rees,"""The Hater Hurter""",Welterweight Division,10-2-0 (W-L-D),0,0,0,64%,25%,43,67,,4,3.29,1.15,48%,0.00,0.84,0.00,50%,06:33,6(14%),27(63%),10(23%),21(49%),16(37%),6(14%),0(0%),0(0%),0(0%),"Greenwood, United States","Jul. 19, 2008"
Zachary Reese,"""Savage""",Middleweight Division,8-2-0 (W-L-D),5,2,7,59%,56%,106,180,,9,4.94,3.50,43%,0.70,3.45,2.10,33%,04:17,69(65%),4(4%),33(31%),64(60%),26(25%),16(15%),5(63%),1(13%),2(25%),"Houston, United States","Dec. 2, 2023"
Steve Regman,"""""The Predator""""",Middleweight Division,9-3-0 (W-L-D),0,0,0,60%,100%,12,20,,2,1.41,3.52,24%,0.00,4.93,0.00,N/A,08:31,10(83%),1(8%),1(8%),7(58%),1(8%),4(33%),0(0%),0(0%),0(0%),"Irvington, United States","Feb. 11, 2025"
Chad Reiner,"""The Grinder""",Welterweight Division,13-2-0 (W-L-D),0,0,0,21%,33%,8,39,,3,0.53,0.99,46%,0.00,1.97,1.97,25%,07:37,5(63%),3(38%),0(0%),4(50%),2(25%),2(25%),0(0%),0(0%),0(0%),"Omaha, United States","Jan. 25, 2007"
Jason Reinhardt,None,Bantamweight Division,20-3-0 (W-L-D),0,0,0,40%,13%,4,10,,8,0.51,1.91,44%,0.00,4.07,0.00,50%,02:37,3(75%),1(25%),0(0%),3(75%),0(0%),1(25%),0(0%),0(0%),0(0%),United States,"Nov. 17, 2007"
Wilson Reis,None,Flyweight Division,23-10-0 (W-L-D),0,10,2,30%,43%,271,917,43,119,1.83,5.15,56%,0.00,3.04,0.61,47%,11:25,182(67%),37(14%),52(19%),152(56%),35(13%),84(31%),0(0%),13(57%),10(43%),"Januaria, Brazil","Sep. 21, 2013"
Leigh Remedios,"""The British Brawler""",Lightweight Division,11-3-1 (W-L-D),0,0,0,42%,N/A,5,12,0,0,0.75,0.00,69%,0.00,1.36,0.00,33%,06:38,3(60%),2(40%),0(0%),1(20%),1(20%),3(60%),0(0%),0(0%),0(0%),"Hudderfield, United Kingdom","Jul. 13, 2002"
Paulo Renato Jr.,None,Light Heavyweight Division,0-2-0 (W-L-D),0,0,0,45%,N/A,85,187,0,0,4.89,0.00,57%,0.00,5.18,0.00,100%,08:41,83(98%),2(2%),0(0%),28(33%),7(8%),50(59%),0(0%),0(0%),0(0%),None,"Feb. 11, 2025"
Chance Rencountre,"""Black Eagle""",Welterweight Division,14-4-0 (W-L-D),6,3,0,21%,27%,49,239,,15,1.10,1.35,49%,0.00,3.62,0.34,17%,11:07,43(88%),4(8%),2(4%),20(41%),19(39%),10(20%),6(46%),4(31%),3(23%),"Grand Island, United States","Jun. 12, 2018"
Marion Reneau,"""The Belizean Bruiser""",Women's Bantamweight Division,9-8-1 (W-L-D),5,3,1,42%,64%,546,1311,2,11,3.20,0.62,60%,0.00,3.52,0.79,50%,13:06,359(66%),106(19%),81(15%),366(67%),112(21%),68(12%),5(56%),1(11%),3(33%),"Tulare, United States","Jan. 3, 2015"
Solomon Renfro,"""The Black Dragon/King""",Welterweight Division,0-1-0 (W-L-D),0,0,0,45%,50%,78,174,,4,5.20,2.00,61%,1.00,3.53,0.00,100%,15:00,58(74%),16(21%),4(5%),48(62%),29(37%),1(1%),0(0%),0(0%),0(0%),"Cleveland, United States","Feb. 11, 2025"
Kyle Reyes,None,Featherweight Division,0-0-0 (W-L-D),0,0,0,N/A,N/A,0,0,0,0,N/A,N/A,N/A,N/A,N/A,N/A,N/A,N/A,N/A,N/A,N/A,N/A,N/A,N/A,0(0%),0(0%),0(0%),None,"Feb. 11, 2025"
Jon Delos Reyes,"""The Heat""",Flyweight Division,8-5-0 (W-L-D),0,0,0,38%,83%,70,182,,6,2.99,3.20,52%,1.28,4.14,1.92,56%,05:52,33(47%),22(31%),15(21%),47(67%),15(21%),8(11%),4(50%),0(0%),4(50%),Guam,"Jan. 4, 2014"
Alex Reyes,"""The Executioner""",Lightweight Division,13-5-0 (W-L-D),9,4,11,47%,29%,89,191,,7,4.46,1.50,48%,0.00,6.92,0.00,N/A,06:39,67(75%),21(24%),1(1%),39(44%),27(30%),23(26%),9(69%),0(0%),4(31%),"Hollywood, United States","Sep. 16, 2017"
Dominick Reyes,"""The Devastator""",Light Heavyweight Division,14-4-0 (W-L-D),9,2,10,54%,29%,541,995,1,7,5.64,0.31,49%,0.94,3.59,0.31,83%,08:00,395(73%),60(11%),86(16%),316(58%),132(24%),93(17%),9(64%),3(21%),2(14%),"Apple Valley, United States","Jun. 26, 2017"
Marco Polo Reyes,"""El Toro""",Lightweight Division,8-8-0 (W-L-D),6,1,0,37%,0%,264,708,,1,6.00,0.00,60%,1.71,5.52,0.00,47%,05:30,215(81%),23(9%),26(10%),166(63%),66(25%),32(12%),6(75%),1(13%),1(13%),"Mexicali, Mexico","Nov. 21, 2015"
Victor Reyna,None,Welterweight Division,11-5-0 (W-L-D),0,0,0,64%,0%,94,148,,2,5.80,0.00,43%,0.00,4.75,0.00,100%,08:06,67(71%),16(17%),11(12%),69(73%),12(13%),13(14%),0(0%),0(0%),0(0%),"Fort Worth, United States","Feb. 11, 2025"
Mike Rhodes,"""Biggie""",Welterweight Division,6-4-0 (W-L-D),0,0,0,39%,33%,100,254,,6,3.20,0.96,64%,0.00,4.13,0.48,75%,10:25,92(92%),8(8%),0(0%),52(52%),14(14%),34(34%),3(50%),2(33%),1(17%),"Waterloo, United States","Jan. 25, 2014"
Johnny Rhodes,None,,0-0-0 (W-L-D),0,0,0,N/A,N/A,0,0,0,0,N/A,N/A,N/A,N/A,N/A,N/A,N/A,N/A,N/A,N/A,N/A,N/A,N/A,N/A,0(0%),0(0%),0(0%),"Las Vegas, United States","Mar. 11, 1994"
Lucrezia Ria,None,Women's Flyweight Division,0-0-0 (W-L-D),0,0,0,47%,33%,61,130,,3,4.07,1.00,46%,0.00,4.40,0.00,N/A,15:00,23(38%),12(20%),26(43%),35(57%),23(38%),3(5%),0(0%),0(0%),0(0%),"Friuli-Venezia Giulia, Italy","Feb. 11, 2025"
Amanda Ribas,None,Women's Strawweight Division,12-6-0 (W-L-D),4,4,5,40%,54%,656,1645,2,39,4.29,2.06,60%,0.10,3.24,0.59,83%,12:45,560(85%),35(5%),61(9%),403(61%),118(18%),135(21%),4(31%),5(38%),4(31%),"Varginha, Brazil","Jun. 29, 2019"
Brendson Ribeiro,"""The Gorilla""",Light Heavyweight Division,16-7-0 (W-L-D),9,6,11,42%,50%,112,266,,6,3.16,1.27,55%,0.42,3.92,0.42,N/A,08:52,104(93%),3(3%),5(4%),73(65%),20(18%),19(17%),9(56%),1(6%),6(38%),"Belem do Para, Brazil","Feb. 17, 2024"
Claudio Ribeiro,None,Middleweight Division,11-5-0 (W-L-D),11,0,8,52%,50%,96,185,,2,3.59,0.56,31%,1.12,4.90,0.00,67%,05:21,64(67%),6(6%),26(27%),61(64%),11(11%),24(25%),11(100%),0(0%),0(0%),"Jundiaí, Brazil","Jan. 14, 2023"
Esteban Ribovics,"""El Gringo""",Lightweight Division,14-1-0 (W-L-D),7,5,7,49%,67%,355,725,,3,7.53,0.64,58%,0.96,4.95,0.32,61%,09:25,319(90%),14(4%),22(6%),263(74%),61(17%),31(9%),7(50%),2(14%),5(36%),"Tartagal, Argentina","Mar. 4, 2023"
Tabatha Ricci,"""Baby Shark""",Women's Strawweight Division,11-3-0 (W-L-D),1,3,2,36%,38%,502,1376,5,58,4.18,2.74,58%,0.00,5.29,0.12,82%,13:22,405(81%),31(6%),66(13%),327(65%),65(13%),110(22%),1(9%),7(64%),3(27%),"State of São Paulo, Brazil","Jun. 5, 2021"
Mike Ricci,"""The Martian""",Lightweight Division,9-4-0 (W-L-D),0,0,0,32%,100%,81,250,,2,1.80,0.67,66%,0.00,1.64,0.00,54%,15:00,55(68%),4(5%),22(27%),53(65%),22(27%),6(7%),5(56%),3(33%),1(11%),"Montreal, Canada","Dec. 16, 2012"
Alessandro Ricci,None,Lightweight Division,10-5-0 (W-L-D),0,0,0,41%,0%,49,119,,2,2.48,0.00,65%,0.00,2.53,0.00,64%,09:52,34(69%),15(31%),0(0%),19(39%),19(39%),11(22%),5(50%),5(50%),0(0%),"Toronto, Canada","Aug. 28, 2016"
Brad Riddell,"""Quake""",Lightweight Division,10-4-0 (W-L-D),5,0,0,54%,36%,360,671,1,25,4.71,1.77,54%,0.20,3.53,0.00,63%,10:55,297(83%),16(4%),47(13%),233(65%),80(22%),47(13%),5(50%),5(50%),0(0%),"Christchurch, New Zealand","Oct. 5, 2049"
Matthew Riddle,"""Deep Waters""",Welterweight Division,7-3-0 (W-L-D),0,0,0,42%,50%,503,1186,,78,3.01,3.51,55%,0.00,2.74,0.54,89%,13:55,172(34%),153(30%),178(35%),249(50%),147(29%),107(21%),0(0%),0(0%),0(0%),"Allentown, United States","Jun. 21, 2008"
Joe Riggs,"""Diesel""",Middleweight Division,41-17-0 (W-L-D),0,0,0,51%,55%,310,603,,38,2.41,2.45,57%,0.47,1.69,0.58,63%,06:47,122(39%),66(21%),122(39%),241(78%),39(13%),30(10%),0(0%),0(0%),0(0%),"Phoenix, United States","Aug. 21, 2004"
Aaron Riley,None,Lightweight Division,29-14-1 (W-L-D),0,0,0,35%,35%,350,1014,,23,3.45,1.18,61%,0.15,3.78,0.15,61%,10:08,220(63%),106(30%),24(7%),180(51%),95(27%),75(21%),0(0%),0(0%),0(0%),United States,"May. 10, 2002"
Jordan Rinaldi,None,Lightweight Division,14-7-0 (W-L-D),1,0,0,35%,36%,81,230,2,14,1.56,1.45,59%,0.00,2.32,1.16,20%,10:21,68(84%),1(1%),12(15%),39(48%),11(14%),31(38%),1(7%),5(36%),8(57%),"Olean, United States","May. 30, 2016"
Robbie Ring,None,Featherweight Division,0-1-0 (W-L-D),0,0,0,38%,33%,19,50,,3,5.11,4.04,38%,0.00,9.15,0.00,N/A,03:43,17(89%),2(11%),0(0%),14(74%),3(16%),2(11%),0(0%),0(0%),0(0%),United States,"Feb. 11, 2025"
Nick Ring,"""The Promise""",Middleweight Division,13-3-0 (W-L-D),0,0,0,43%,36%,312,731,,22,3.52,1.36,63%,0.00,3.48,0.34,52%,14:46,246(79%),36(12%),30(10%),141(45%),62(20%),109(35%),0(0%),0(0%),0(0%),"Cedar Falls, United States","Feb. 26, 2011"
Mike Rio,"""The Wolverine""",Lightweight Division,9-4-0 (W-L-D),0,0,0,40%,28%,49,124,,18,1.68,2.58,53%,0.00,2.99,1.03,N/A,07:17,29(59%),19(39%),1(2%),26(53%),11(22%),12(24%),4(44%),1(11%),4(44%),"Miami, United States","Dec. 16, 2012"
Diego Rivas,"""Pitbull""",Bantamweight Division,7-2-0 (W-L-D),0,0,0,40%,60%,69,171,6,10,1.37,1.79,52%,0.30,2.14,0.89,64%,12:36,42(61%),16(23%),11(16%),36(52%),15(22%),18(26%),3(43%),2(29%),2(29%),"Temuco, Chile","Nov. 9, 2014"
Jerome Rivera,"""Renegade""",Flyweight Division,10-6-0 (W-L-D),1,6,0,34%,0%,122,362,,11,3.21,0.00,52%,0.00,2.60,0.00,40%,07:36,100(82%),15(12%),7(6%),37(30%),35(29%),50(41%),1(10%),3(30%),6(60%),"Santa Fe, United States","Sep. 19, 2020"
Irwin Rivera,"""The Beast""",Bantamweight Division,10-6-0 (W-L-D),5,1,0,44%,17%,151,343,,18,3.36,1.00,58%,0.00,5.07,0.00,70%,15:00,136(90%),6(4%),9(6%),99(66%),29(19%),23(15%),5(50%),4(40%),1(10%),"Mexico City, Mexico","May. 16, 2020"
Jimmie Rivera,"""El Terror""",Bantamweight Division,23-5-0 (W-L-D),4,2,0,40%,28%,552,1368,5,29,4.03,0.88,60%,0.33,3.90,0.11,93%,12:27,485(88%),54(10%),13(2%),298(54%),114(21%),140(25%),4(17%),17(74%),2(9%),"Passaic, United States","Jul. 18, 2015"
Francisco Rivera,"""Cisco""",Bantamweight Division,11-7-0 (W-L-D),0,0,0,41%,64%,422,1024,,11,4.07,1.01,68%,0.72,3.16,0.58,68%,08:38,354(84%),45(11%),23(5%),299(71%),47(11%),76(18%),0(0%),0(0%),0(0%),"Whittier, United States","Jun. 5, 2011"
Dante Rivera,None,Middleweight Division,10-3-0 (W-L-D),0,0,0,53%,0%,34,64,,5,2.27,0.00,25%,0.00,4.00,0.00,17%,15:00,9(26%),24(71%),1(3%),11(32%),19(56%),4(12%),0(0%),0(0%),0(0%),"New York City, United States","Jun. 21, 2008"
Jorge Rivera,"""El Conquistador""",Middleweight Division,19-9-0 (W-L-D),0,0,0,50%,50%,378,761,,14,3.27,0.91,54%,1.04,2.84,0.13,64%,07:43,114(30%),165(44%),99(26%),243(64%),86(23%),49(13%),0(0%),0(0%),0(0%),"Framingham, United States","Sep. 26, 2003"
Pedro Rizzo,"""The Rock""",Heavyweight Division,13-5-0 (W-L-D),0,0,0,38%,29%,209,557,,7,2.01,0.29,51%,0.43,3.33,0.00,78%,12:59,142(68%),32(15%),35(17%),106(51%),16(8%),87(42%),0(0%),0(0%),0(0%),Brazil,"Oct. 16, 1998"
Theo Rlayang,None,Featherweight Division,0-1-0 (W-L-D),0,0,0,48%,40%,89,184,,5,5.93,2.00,41%,0.00,8.40,0.00,N/A,15:00,86(97%),3(3%),0(0%),29(33%),29(33%),31(35%),0(0%),0(0%),0(0%),Vietnam,"Feb. 11, 2025"
Kali Robbins,"""Pop Tart""",Women's Strawweight Division,6-2-0 (W-L-D),0,0,0,47%,33%,56,120,,6,3.73,2.00,45%,0.00,9.40,0.00,N/A,15:00,50(89%),6(11%),0(0%),32(57%),8(14%),16(29%),0(0%),0(0%),0(0%),"Wauwatosa, United States","Feb. 11, 2025"
Karl Roberson,"""Baby K""",Light Heavyweight Division,9-6-0 (W-L-D),2,4,5,52%,40%,213,411,1,10,2.57,0.72,58%,0.36,2.42,0.54,43%,07:33,123(58%),36(17%),54(25%),131(62%),38(18%),44(21%),2(22%),3(33%),4(44%),"Neptune City, United States","Jul. 25, 2017"
Roosevelt Roberts,"""The Predator""",Lightweight Division,12-6-0 (W-L-D),4,5,6,44%,27%,288,656,,30,2.84,1.18,53%,0.00,3.10,0.74,50%,09:13,206(72%),19(7%),63(22%),216(75%),40(14%),32(11%),4(33%),3(25%),5(42%),"Hollywood, United States","Nov. 30, 2018"
Buddy Roberts,None,Middleweight Division,12-3-0 (W-L-D),0,0,0,34%,N/A,50,146,0,0,2.17,0.00,70%,0.00,2.08,0.65,76%,11:33,42(84%),7(14%),1(2%),36(72%),10(20%),4(8%),0(0%),0(0%),0(0%),United States,"Jun. 9, 2012"
Danny Roberts,"""Hot Chocolate""",Welterweight Division,18-8-0 (W-L-D),8,5,5,40%,10%,405,1024,,21,3.18,0.24,51%,0.35,3.73,0.24,58%,09:05,262(65%),82(20%),61(15%),233(58%),106(26%),66(16%),8(44%),5(28%),5(28%),"London, England","Dec. 10, 2015"
Daniel Roberts,"""Ninja""",Welterweight Division,12-4-0 (W-L-D),0,0,0,20%,44%,49,240,,25,0.73,2.46,46%,0.00,2.27,2.46,40%,09:34,34(69%),7(14%),8(16%),26(53%),16(33%),7(14%),0(0%),0(0%),0(0%),"Rockford, United States","Mar. 21, 2010"
Tyrone Roberts,None,Middleweight Division,0-0-0 (W-L-D),0,0,0,N/A,N/A,0,0,0,0,N/A,N/A,N/A,N/A,N/A,N/A,N/A,N/A,N/A,N/A,N/A,N/A,N/A,N/A,0(0%),0(0%),0(0%),"Tama, United States","Jun. 9, 2000"
Joey Roberts,None,Heavyweight Division,0-0-0 (W-L-D),0,0,0,N/A,N/A,0,0,0,0,N/A,N/A,N/A,N/A,N/A,N/A,N/A,N/A,N/A,N/A,N/A,N/A,N/A,N/A,0(0%),0(0%),0(0%),United States,"Mar. 5, 1999"
Andre Roberts,None,Heavyweight Division,0-0-0 (W-L-D),0,0,0,N/A,N/A,0,0,0,0,N/A,N/A,N/A,N/A,N/A,N/A,N/A,N/A,N/A,N/A,N/A,N/A,N/A,N/A,0(0%),0(0%),0(0%),United States,"May. 15, 1998"
Keifer Roberts,"""Keif""",None,None,0,0,0,N/A,N/A,0,0,0,0,N/A,N/A,N/A,N/A,N/A,N/A,N/A,N/A,N/A,N/A,N/A,N/A,N/A,N/A,0(0%),0(0%),0(0%),None,"Feb. 11, 2025"
Gillian Robertson,"""The Savage""",Women's Strawweight Division,15-8-0 (W-L-D),2,9,3,49%,40%,532,1088,3,83,2.89,2.68,57%,0.00,2.95,0.98,41%,10:15,265(50%),19(4%),248(47%),360(68%),86(16%),86(16%),2(13%),4(27%),9(60%),"Niagara Falls, Canada","Dec. 1, 2017"
Kenny Robertson,None,Welterweight Division,15-5-0 (W-L-D),0,0,0,47%,27%,327,695,,30,3.72,1.37,52%,0.34,3.02,0.85,57%,09:46,193(59%),65(20%),69(21%),206(63%),51(16%),70(21%),0(0%),0(0%),0(0%),"Peoria, United States","Feb. 5, 2011"
Colin Robinson,"""Big C""",Heavyweight Division,9-4-0 (W-L-D),0,0,0,69%,100%,36,52,,1,6.19,2.58,38%,0.00,7.91,5.16,50%,02:55,0(0%),16(44%),20(56%),26(72%),10(28%),0(0%),0(0%),0(0%),0(0%),None,"Jun. 16, 2007"
Alvin Robinson,"""Kid""",Lightweight Division,10-4-0 (W-L-D),0,0,0,50%,50%,57,113,,6,1.57,1.24,51%,0.00,1.29,1.24,25%,09:06,13(23%),5(9%),39(68%),53(93%),3(5%),1(2%),0(0%),0(0%),0(0%),"West Covina, United States","Jul. 7, 2007"
Mark David Robinson,"""White Rhino""",Heavyweight Division,1-0-0 (W-L-D),0,0,0,0%,N/A,0,1,0,0,0.00,0.00,13%,0.00,5.80,0.00,N/A,03:27,0(0%),0(0%),0(0%),0(0%),0(0%),0(0%),0(0%),0(0%),0(0%),South Africa,"Feb. 23, 2001"
Vagner Rocha,"""Ceara""",Lightweight Division,11-4-0 (W-L-D),0,0,0,43%,33%,85,200,3,9,2.64,1.40,48%,0.00,4.50,1.86,50%,09:27,74(87%),1(1%),10(12%),56(66%),9(11%),20(24%),0(0%),0(0%),0(0%),United States,"Jun. 12, 2011"
Carlos Eduardo Rocha,"""Ta Danado""",Welterweight Division,9-2-0 (W-L-D),0,0,0,34%,0%,40,117,,5,1.24,0.00,56%,0.00,1.85,1.39,53%,09:05,27(68%),12(30%),1(3%),12(30%),10(25%),18(45%),0(0%),0(0%),0(0%),Brazil,"Nov. 13, 2010"
Lucas Rocha,"""Fenomeno""",Flyweight Division,17-2-0 (W-L-D),10,4,7,45%,N/A,25,56,0,0,2.00,0.00,40%,1.20,4.48,0.00,61%,06:15,19(76%),3(12%),3(12%),16(64%),7(28%),2(8%),10(59%),3(18%),4(24%),"Coari, Brazil","Apr. 6, 2024"
Keith Rockel,"""Rock""",Middleweight Division,10-4-1 (W-L-D),0,0,0,73%,75%,11,15,,4,1.13,4.63,67%,0.00,0.21,4.63,100%,04:52,2(18%),0(0%),9(82%),9(82%),1(9%),1(9%),0(0%),0(0%),0(0%),United States,"Jan. 11, 2002"
Luke Rockhold,None,Middleweight Division,16-6-0 (W-L-D),6,8,10,50%,29%,612,1235,5,24,4.10,0.70,54%,0.91,2.68,1.01,65%,07:45,356(58%),78(13%),178(29%),356(58%),164(27%),92(15%),6(38%),2(13%),8(50%),"Santa Cruz, United States","Jan. 8, 2012"
Kleydson Rodrigues ,"""KR""",Bantamweight Division,8-4-0 (W-L-D),5,2,5,58%,22%,230,399,2,9,4.58,0.60,54%,0.30,2.29,0.60,53%,10:03,193(84%),30(13%),7(3%),93(40%),76(33%),61(27%),5(63%),1(13%),2(25%),"Almeirim, Brazil","May. 7, 2022"
Gregory Rodrigues,"""Robocop""",Middleweight Division,16-5-0 (W-L-D),10,3,7,56%,42%,453,809,7,36,5.52,2.74,51%,0.73,4.69,0.37,100%,08:13,363(80%),53(12%),37(8%),347(77%),85(19%),21(5%),10(63%),3(19%),3(19%),"Rio de Janeiro , Brazil","Jun. 5, 2021"
Victor Rodriguez,"""Vicious""",Flyweight Division,7-4-0 (W-L-D),7,0,0,38%,0%,6,16,,3,1.59,0.00,50%,0.00,6.11,0.00,N/A,01:53,6(100%),0(0%),0(0%),5(83%),1(17%),0(0%),7(100%),0(0%),0(0%),Mexico,"Oct. 31, 2020"
Drako Rodriguez,None,Bantamweight Division,7-3-0 (W-L-D),2,4,0,36%,67%,69,190,,6,3.37,2.93,58%,0.00,4.40,0.73,75%,06:49,60(87%),8(12%),1(1%),53(77%),3(4%),13(19%),2(29%),1(14%),4(57%),"Rochester, United States","Dec. 19, 2020"
Pete Rodriguez,"""Dead Game""",Welterweight Division,5-2-0 (W-L-D),5,0,5,44%,N/A,47,107,0,0,9.28,0.00,43%,2.96,12.83,0.00,100%,01:41,38(81%),6(13%),3(6%),24(51%),14(30%),9(19%),5(100%),0(0%),0(0%),"Tucson, United States","Jan. 22, 2022"
Ray Rodriguez,"""The Judge""",Bantamweight Division,16-8-0 (W-L-D),3,8,0,28%,50%,19,68,,4,0.90,1.42,41%,0.00,3.89,0.00,44%,07:01,19(100%),0(0%),0(0%),14(74%),4(21%),1(5%),3(19%),5(31%),8(50%),"San Antonio, United States","Feb. 11, 2025"
Daniel Rodriguez,"""D-Rod""",Welterweight Division,18-5-0 (W-L-D),8,4,5,50%,55%,1135,2287,,11,7.50,0.59,58%,0.40,5.47,0.10,58%,11:38,1086(96%),18(2%),31(3%),709(62%),222(20%),204(18%),8(44%),6(33%),4(22%),"Los Angeles, United States","Feb. 15, 2020"
Christian Rodriguez,None,Featherweight Division,12-2-0 (W-L-D),3,4,5,49%,53%,350,720,2,15,3.54,1.21,58%,0.00,2.41,1.21,70%,12:22,253(72%),44(13%),53(15%),286(82%),56(16%),8(2%),3(25%),5(42%),4(33%),"Chicago, United States","Feb. 19, 2022"
Piera Rodriguez,"""La Fiera""",Women's Strawweight Division,10-2-0 (W-L-D),5,0,0,48%,51%,264,546,3,41,3.40,4.06,58%,0.19,2.63,0.00,67%,12:56,152(58%),80(30%),32(12%),152(58%),94(36%),18(7%),5(50%),5(50%),0(0%),"Maracaibo, Venezuela","Apr. 9, 2022"
Ronaldo Rodriguez,"""Lazy Boy """,Flyweight Division,18-2-0 (W-L-D),7,5,4,45%,50%,85,189,,6,2.13,1.13,47%,0.00,3.15,1.13,64%,13:20,36(42%),5(6%),44(52%),58(68%),12(14%),15(18%),7(39%),6(33%),5(28%),"Chiapas, Mexico","Feb. 24, 2024"
Marina Rodriguez,None,Women's Strawweight Division,17-5-2 (W-L-D),6,1,4,47%,50%,986,2113,,8,4.64,0.28,56%,0.14,3.04,0.21,63%,14:10,662(67%),241(24%),83(8%),569(58%),247(25%),170(17%),6(38%),9(56%),1(6%),"State of Rio Grande do Sul, Brazil","Sep. 23, 2018"
Manuel Rodriguez,"""Chalate""",Welterweight Division,10-4-0 (W-L-D),0,0,0,33%,75%,4,12,,4,0.81,9.09,38%,0.00,3.23,0.00,N/A,04:57,4(100%),0(0%),0(0%),4(100%),0(0%),0(0%),0(0%),0(0%),0(0%),El Salvador,"Dec. 16, 2012"
Yair Rodriguez,"""El Pantera""",Featherweight Division,16-5-0 (W-L-D),6,4,5,46%,27%,914,1974,8,33,4.65,0.69,52%,0.31,3.99,0.69,58%,13:07,726(79%),62(7%),126(14%),506(55%),175(19%),233(25%),6(38%),6(38%),4(25%),"Hidalgo Del Parral, Mexico","Nov. 15, 2014"
Mike Rodriguez,"""Slo""",Light Heavyweight Division,11-7-0 (W-L-D),9,2,0,54%,0%,331,615,,1,4.35,0.00,41%,1.18,4.24,0.00,38%,08:28,201(61%),102(31%),28(8%),147(44%),112(34%),72(22%),9(82%),0(0%),2(18%),"Dorchester, United States","Aug. 8, 2017"
Ricco Rodriguez,None,Heavyweight Division,10-4-0 (W-L-D),0,0,0,51%,39%,313,610,,66,1.85,2.30,61%,0.09,1.15,0.97,41%,12:27,97(31%),59(19%),157(50%),214(68%),65(21%),34(11%),0(0%),0(0%),0(0%),United States,"Jun. 29, 2001"
Paul Rodriguez,None,Lightweight Division,0-0-0 (W-L-D),0,0,0,100%,0%,2,2,,1,1.85,0.00,68%,0.00,5.54,0.00,50%,01:05,2(100%),0(0%),0(0%),0(0%),0(0%),2(100%),0(0%),0(0%),0(0%),United States,"Jun. 29, 2001"
Nick Roehrick,None,Light Heavyweight Division,7-1-0 (W-L-D),0,0,0,18%,N/A,28,160,0,0,2.31,0.00,44%,0.00,6.92,0.00,N/A,12:08,25(89%),3(11%),0(0%),22(79%),6(21%),0(0%),2(29%),4(57%),1(14%),"Dayton, United States","Jul. 8, 2017"
Saul Rogers,None,None,None,0,0,0,N/A,N/A,0,0,0,0,N/A,N/A,N/A,N/A,N/A,N/A,N/A,N/A,N/A,N/A,N/A,N/A,N/A,N/A,0(0%),0(0%),0(0%),United States,"Feb. 11, 2025"
Max Rohskopf,"""Rated R""",Lightweight Division,0-1-0 (W-L-D),0,5,0,31%,33%,17,54,,6,1.70,3.00,43%,0.00,5.80,1.50,N/A,10:00,17(100%),0(0%),0(0%),9(53%),1(6%),7(41%),0(0%),0(0%),5(100%),"Wooster, United States","Jun. 20, 2020"
Marcelo Rojo,"""Pitbull""",Featherweight Division,16-10-0 (W-L-D),8,6,12,40%,50%,160,404,1,2,4.92,0.46,55%,0.00,6.42,0.00,67%,10:51,140(88%),15(9%),5(3%),77(48%),31(19%),52(33%),8(50%),2(13%),6(38%),"Rio Cuarto, Argentina","Feb. 27, 2021"
Shane Roller,None,Lightweight Division,11-7-0 (W-L-D),0,0,0,34%,34%,224,655,,53,2.04,2.46,60%,0.27,2.65,1.92,42%,07:50,122(54%),17(8%),85(38%),175(78%),24(11%),25(11%),0(0%),0(0%),0(0%),United States,"Mar. 4, 2011"
Jared Rollins,"""J-ROC""",Welterweight Division,9-4-0 (W-L-D),0,0,0,57%,50%,40,70,,4,3.33,2.50,40%,1.25,2.41,1.25,50%,12:01,3(8%),5(13%),32(80%),40(100%),0(0%),0(0%),0(0%),0(0%),0(0%),"Stanton, United States","Dec. 9, 2007"
Alexandr Romanov,"""King Kong""",Heavyweight Division,18-3-0 (W-L-D),6,9,11,52%,55%,328,635,13,47,3.78,4.49,54%,0.00,2.13,0.86,29%,08:41,158(48%),27(8%),143(44%),242(74%),40(12%),46(14%),6(33%),3(17%),9(50%),"Comrat City, Moldova","Apr. 25, 2020"
Anthony Romero,None,Lightweight Division,1-0-0 (W-L-D),0,0,0,53%,22%,88,167,,9,5.87,2.00,66%,0.00,4.00,0.00,100%,15:00,86(98%),1(1%),1(1%),51(58%),11(13%),26(30%),0(0%),0(0%),0(0%),"Welland, Canada","Feb. 11, 2025"
Kaleio Romero,None,Featherweight Division,0-1-0 (W-L-D),0,0,0,49%,8%,39,80,,12,2.60,1.00,51%,0.00,3.27,1.00,N/A,15:00,23(59%),12(31%),4(10%),25(64%),3(8%),11(28%),0(0%),0(0%),0(0%),"Sacramento, United States","Feb. 11, 2025"
Yoel Romero,"""Soldier of God""",Middleweight Division,13-5-0 (W-L-D),11,0,0,49%,30%,693,1412,20,69,3.44,1.57,61%,0.75,3.05,0.00,78%,14:22,496(72%),96(14%),101(15%),420(61%),127(18%),146(21%),11(85%),2(15%),0(0%),"Pinar Del Rio, Cuba","Apr. 20, 2013"
Ricardo Romero,None,Light Heavyweight Division,11-3-0 (W-L-D),0,0,0,56%,10%,20,36,,10,2.17,1.63,46%,0.00,4.77,3.26,100%,03:04,7(35%),0(0%),13(65%),14(70%),6(30%),0(0%),0(0%),0(0%),0(0%),"North Brunswick, United States","Jul. 3, 2010"
Roberto Romero,"""El Charro Negro""",Lightweight Division,8-4-1 (W-L-D),3,2,5,48%,N/A,74,155,0,0,4.93,0.00,43%,1.00,8.07,0.00,67%,15:00,68(92%),5(7%),1(1%),30(41%),14(19%),30(41%),3(38%),3(38%),2(25%),"Chihuahua, Mexico","Nov. 16, 2024"
Mara Romero Borella,"""Maravilha""",Flyweight Division,12-9-0 (W-L-D),3,4,0,38%,44%,167,440,2,18,2.54,1.83,71%,0.00,2.48,0.23,67%,09:24,137(82%),13(8%),17(10%),100(60%),14(8%),53(32%),3(25%),5(42%),4(33%),"Ponte dell&#039;Olio, Italy","Oct. 7, 2017"
Cortavious Romious,None,Bantamweight Division,9-3-0 (W-L-D),2,5,6,38%,67%,64,169,4,6,2.10,1.97,39%,0.49,3.02,0.98,70%,10:10,47(73%),0(0%),17(27%),43(67%),10(16%),11(17%),2(22%),2(22%),5(56%),United States,"Nov. 9, 2024"
Juancamilo Ronderos,"""100""",Flyweight Division,4-2-0 (W-L-D),0,2,0,31%,33%,12,39,,3,2.18,2.72,64%,0.00,2.18,0.00,N/A,02:46,9(75%),3(25%),0(0%),5(42%),2(17%),5(42%),0(0%),2(50%),2(50%),"Bogota, Colombia","May. 22, 2021"
Rongzhu,None,Lightweight Division,26-6-0 (W-L-D),15,6,12,51%,63%,566,1104,10,16,5.90,1.56,50%,0.63,5.51,0.16,85%,11:59,479(85%),27(5%),60(11%),427(75%),82(14%),57(10%),15(58%),5(19%),6(23%),"Sichuan, China","Apr. 24, 2021"
Jesse Ronson,"""The Body Snatcher""",Lightweight Division,21-12-0 (W-L-D),10,7,8,48%,29%,233,488,2,7,3.54,0.46,57%,0.23,3.39,0.46,57%,10:58,203(87%),15(6%),15(6%),120(52%),55(24%),58(25%),10(48%),4(19%),7(33%),"London, Canada","Sep. 21, 2013"
George Roop,None,Bantamweight Division,15-13-1 (W-L-D),0,0,0,34%,57%,589,1728,,21,3.43,1.05,61%,0.26,2.47,0.09,60%,10:45,386(66%),89(15%),114(19%),354(60%),145(25%),90(15%),0(0%),0(0%),0(0%),United States,"Dec. 13, 2008"
Joao Roque,None,Lightweight Division,0-0-0 (W-L-D),0,0,0,N/A,N/A,0,0,0,0,N/A,N/A,N/A,N/A,N/A,N/A,N/A,N/A,N/A,N/A,N/A,N/A,N/A,N/A,0(0%),0(0%),0(0%),United States,"Jun. 9, 2000"
Marcos Rosa,"""Dhalsim""",Lightweight Division,6-6-0 (W-L-D),2,1,0,28%,N/A,5,18,0,0,0.25,0.00,43%,0.00,2.11,0.00,29%,09:58,3(60%),0(0%),2(40%),2(40%),2(40%),1(20%),2(33%),3(50%),1(17%),"Guarulhos, Brazil","Feb. 9, 2019"
Karol Rosa,None,Women's Bantamweight Division,18-7-0 (W-L-D),4,2,1,56%,46%,1026,1833,,26,6.22,1.09,50%,0.18,4.84,0.00,70%,15:00,833(81%),106(10%),87(8%),594(58%),129(13%),303(30%),4(22%),12(67%),2(11%),"Vila Velha, Brazil","Aug. 31, 2019"
Aaron Rosa,None,Light Heavyweight Division,17-5-0 (W-L-D),0,0,0,47%,33%,167,355,,3,4.03,0.36,45%,0.00,4.41,0.36,86%,08:18,88(53%),75(45%),4(2%),95(57%),57(34%),15(9%),0(0%),0(0%),0(0%),United States,"Jun. 12, 2011"
Charles Rosa,"""Boston Strong""",Featherweight Division,14-8-0 (W-L-D),3,8,9,36%,35%,553,1524,14,57,3.08,1.67,47%,0.00,3.86,1.00,38%,13:48,492(89%),23(4%),38(7%),307(56%),89(16%),157(28%),3(21%),3(21%),8(57%),"Peabody, United States","Oct. 4, 2014"
Jacob Rosales,"""Lil' Badger""",Lightweight Division,11-5-0 (W-L-D),0,0,0,47%,18%,193,415,,11,7.19,1.12,44%,0.56,10.66,0.56,50%,13:25,177(92%),7(4%),9(5%),160(83%),14(7%),19(10%),0(0%),0(0%),0(0%),"La Habra, United States","Feb. 11, 2025"
Raul Rosas Jr.,"""El Nino Problema""",Bantamweight Division,10-1-0 (W-L-D),2,6,6,44%,39%,87,199,2,38,1.55,4.02,51%,0.27,1.43,1.34,N/A,09:20,49(56%),1(1%),37(43%),59(68%),8(9%),20(23%),2(20%),2(20%),6(60%),"Clovis, United States","Dec. 10, 2022"
Hilarie Rose,None,Women's Strawweight Division,4-2-0 (W-L-D),0,0,0,34%,0%,35,104,,5,2.33,0.00,44%,0.00,6.13,0.00,100%,15:00,30(86%),5(14%),0(0%),15(43%),13(37%),7(20%),0(0%),0(0%),0(0%),"Newton, United States","Feb. 11, 2025"
Jared Rosholt,None,Heavyweight Division,14-3-0 (W-L-D),0,0,0,46%,42%,222,482,,31,2.08,1.83,60%,0.00,1.52,0.14,67%,13:19,93(42%),53(24%),76(34%),137(62%),48(22%),37(17%),6(43%),7(50%),1(7%),"Sandpoint, United States","Dec. 1, 2013"
Jake Rosholt,None,Middleweight Division,6-2-0 (W-L-D),0,0,0,54%,69%,68,127,,16,2.68,6.51,49%,0.00,2.33,1.78,N/A,06:20,14(21%),9(13%),45(66%),51(75%),8(12%),9(13%),0(0%),0(0%),0(0%),"Sandpoint, United States","Feb. 7, 2009"
Kevin Rosier,None,,1-2-0 (W-L-D),0,0,0,N/A,N/A,0,0,0,0,N/A,N/A,N/A,N/A,N/A,N/A,N/A,N/A,N/A,N/A,N/A,N/A,N/A,N/A,0(0%),0(0%),0(0%),"Tampa, United States","Nov. 12, 1993"
Shannon Ross,"""The Turkish Delight""",Flyweight Division,13-9-0 (W-L-D),7,1,3,39%,0%,117,298,,1,5.96,0.00,55%,0.00,7.39,0.00,100%,04:54,105(90%),12(10%),0(0%),73(62%),26(22%),18(15%),7(54%),5(38%),1(8%),"Sydney, Australia","Feb. 11, 2023"
Kristian Rothaermel,"""Weather Underground""",Light Heavyweight Division,40-4-0 (W-L-D),0,0,0,50%,0%,3,6,,3,0.75,0.00,41%,0.00,2.49,0.00,N/A,04:01,2(67%),1(33%),0(0%),1(33%),0(0%),2(67%),0(0%),0(0%),0(0%),"Metairie, United States","Jun. 28, 2006"
Ben Rothwell,None,Heavyweight Division,39-14-0 (W-L-D),28,7,0,43%,34%,817,1919,7,29,3.71,0.68,47%,0.61,4.63,0.41,70%,08:49,617(76%),122(15%),78(10%),587(72%),137(17%),93(11%),28(72%),4(10%),7(18%),"Kenosha, United States","Oct. 24, 2009"
Khalil Rountree Jr.,None,Light Heavyweight Division,14-6-0 (W-L-D),10,0,7,38%,N/A,512,1334,0,0,3.73,0.00,48%,1.42,4.51,0.11,59%,08:34,453(88%),32(6%),27(5%),301(59%),108(21%),103(20%),10(77%),3(23%),0(0%),"Los Angeles, United States","Jul. 9, 2016"
Ronda Rousey,"""Rowdy""",Women's Bantamweight Division,12-2-0 (W-L-D),0,0,0,53%,68%,130,247,8,19,4.17,6.26,44%,0.96,4.14,4.82,50%,02:36,49(38%),51(39%),30(23%),92(71%),24(18%),14(11%),3(25%),0(0%),9(75%),"Riverside, United States","Feb. 23, 2013"
Phil Rowe,"""The Fresh Prince""",Welterweight Division,10-5-0 (W-L-D),6,4,3,50%,36%,311,627,2,11,3.65,0.70,55%,0.53,4.34,0.35,57%,12:11,261(84%),27(9%),23(7%),225(72%),46(15%),40(13%),6(60%),0(0%),4(40%),"Brooklyn, United States","Feb. 13, 2021"
Cam Rowston,None,Middleweight Division,0-1-0 (W-L-D),0,0,0,49%,N/A,32,65,0,0,2.13,0.00,47%,0.00,1.87,1.00,29%,15:00,24(75%),8(25%),0(0%),23(72%),7(22%),2(6%),0(0%),0(0%),0(0%),"Sydney, Australia","Feb. 11, 2025"
Brandon Royval,"""Raw Dawg""",Flyweight Division,17-7-0 (W-L-D),4,9,10,40%,75%,536,1356,2,8,4.46,0.75,48%,0.37,3.06,1.25,45%,12:01,452(84%),26(5%),58(11%),411(77%),91(17%),34(6%),4(24%),4(24%),9(53%),"Denver, United States","May. 30, 2020"
Jairzinho Rozenstruik,"""Bigi Boy""",Heavyweight Division,15-6-0 (W-L-D),13,0,9,49%,0%,493,1016,,1,3.48,0.00,52%,0.74,2.63,0.00,72%,09:27,428(87%),39(8%),26(5%),298(60%),74(15%),121(25%),13(87%),2(13%),0(0%),Suriname,"Feb. 2, 2019"
Mauricio Rua,"""Shogun""",Light Heavyweight Division,27-14-1 (W-L-D),21,1,0,51%,49%,1361,2670,21,105,3.57,2.01,54%,0.87,2.79,0.71,49%,09:04,772(57%),253(19%),336(25%),820(60%),256(19%),285(21%),21(78%),5(19%),1(4%),"Curitiba, Brazil","Sep. 22, 2007"
Marco Ruas,None,Heavyweight Division,0-0-0 (W-L-D),0,0,0,N/A,N/A,0,0,0,0,N/A,N/A,N/A,N/A,N/A,N/A,N/A,N/A,N/A,N/A,N/A,N/A,N/A,N/A,0(0%),0(0%),0(0%),Brazil,"Sep. 8, 1995"
Rodrigo Ruas,None,Middleweight Division,0-0-0 (W-L-D),0,0,0,35%,N/A,11,31,0,0,1.28,0.00,41%,0.00,7.00,0.00,N/A,08:34,9(82%),2(18%),0(0%),5(45%),0(0%),6(55%),0(0%),0(0%),0(0%),"Rio de Janeiro, Brazil","Jun. 22, 2002"
Rodolfo Rubio,"""Fito""",Featherweight Division,12-8-0 (W-L-D),0,0,0,36%,33%,17,47,,6,1.13,2.00,63%,0.00,1.00,0.00,33%,15:00,10(59%),2(12%),5(29%),7(41%),8(47%),2(12%),3(25%),0(0%),9(75%),Mexico,"Feb. 11, 2025"
Gabe Ruediger,"""Godzilla""",Lightweight Division,17-7-0 (W-L-D),0,0,0,31%,11%,25,80,,18,1.70,2.04,41%,0.00,5.16,0.00,29%,04:55,12(48%),9(36%),4(16%),16(64%),7(28%),2(8%),0(0%),0(0%),0(0%),United States,"Sep. 23, 2006"
Mauricio Ruffy,None,Lightweight Division,11-1-0 (W-L-D),10,0,7,59%,0%,162,273,,1,4.70,0.00,61%,0.87,4.76,0.00,100%,11:29,131(81%),4(2%),27(17%),121(75%),11(7%),30(19%),10(91%),1(9%),0(0%),"State of São Paulo, Brazil","May. 4, 2024"
Montserrat Ruiz,None,Women's Strawweight Division,10-4-0 (W-L-D),3,2,2,27%,83%,29,106,4,6,0.79,2.05,38%,0.00,4.96,0.82,33%,09:08,28(97%),0(0%),1(3%),14(48%),3(10%),12(41%),3(30%),5(50%),2(20%),"Leon, Mexico","Mar. 20, 2021"
Eddie Ruiz,None,Lightweight Division,7-2-0 (W-L-D),0,0,0,25%,13%,3,12,,16,0.20,2.00,48%,0.00,1.40,0.00,N/A,15:00,2(67%),1(33%),0(0%),0(0%),1(33%),2(67%),0(0%),0(0%),0(0%),"Garden Grove, United States","Jun. 6, 2003"
Mike Russow,None,Heavyweight Division,15-3-0 (W-L-D),0,0,0,47%,44%,105,223,,48,1.55,4.66,60%,0.22,2.90,0.67,N/A,08:49,62(59%),13(12%),30(29%),94(90%),11(10%),0(0%),0(0%),0(0%),0(0%),United States,"Aug. 29, 2009"
Bas Rutten,None,Heavyweight Division,0-0-0 (W-L-D),0,0,0,61%,N/A,19,31,0,0,5.59,0.00,79%,4.41,2.06,0.00,N/A,03:24,17(89%),2(11%),0(0%),11(58%),4(21%),4(21%),0(0%),0(0%),0(0%),Netherlands,"Jan. 8, 1999"
Nursulton Ruziboev,"""Black""",Welterweight Division,34-9-2 (W-L-D),12,20,25,43%,100%,49,113,1,1,2.50,0.77,49%,0.77,4.60,0.00,N/A,06:32,37(76%),1(2%),11(22%),33(67%),14(29%),2(4%),12(35%),2(6%),20(59%),"Andijan region, Uzbekistan","Jul. 1, 2023"
Cameron Saaiman,"""MSP""",Bantamweight Division,9-2-0 (W-L-D),6,1,3,47%,29%,349,746,,14,5.32,0.91,52%,0.46,4.18,0.69,47%,10:56,257(74%),23(7%),69(20%),195(56%),64(18%),90(26%),6(75%),1(13%),1(13%),"Pretoria, South Africa","Dec. 10, 2022"
Danny Sabatello,None,Bantamweight Division,1-0-0 (W-L-D),0,0,0,57%,75%,31,54,,4,2.07,3.00,25%,0.00,0.20,1.00,100%,15:00,2(6%),0(0%),29(94%),25(81%),6(19%),0(0%),0(0%),0(0%),0(0%),"Chicago, United States","Feb. 11, 2025"
Pat Sabatini,None,Featherweight Division,19-5-0 (W-L-D),2,12,8,60%,44%,117,196,6,36,1.94,3.97,49%,0.25,1.47,1.99,50%,07:33,45(38%),11(9%),61(52%),88(75%),21(18%),8(7%),2(11%),5(26%),12(63%),"Bristol, United States","Feb. 20, 2021"
Amir Sadollah,None,Welterweight Division,7-5-0 (W-L-D),0,0,0,46%,28%,621,1336,,18,4.71,0.57,61%,0.00,3.55,0.34,61%,12:00,420(68%),149(24%),52(8%),286(46%),162(26%),173(28%),0(0%),0(0%),0(0%),United States,"Jun. 21, 2008"
Nazim Sadykhov,"""Black Wolf""",Lightweight Division,9-1-1 (W-L-D),6,2,3,49%,63%,216,443,1,8,4.94,1.71,49%,0.69,5.72,0.34,75%,10:56,152(70%),26(12%),38(18%),154(71%),45(21%),17(8%),6(67%),1(11%),2(22%),"Moscow, Russia","Feb. 18, 2023"
Frankie Saenz,None,Bantamweight Division,13-7-0 (W-L-D),3,2,0,47%,32%,509,1073,14,47,3.94,1.74,52%,0.23,3.50,0.12,62%,12:56,287(56%),174(34%),48(9%),238(47%),129(25%),142(28%),3(23%),8(62%),2(15%),"Phoenix, United States","Aug. 16, 2014"
Saparbeg Safarov,None,Middleweight Division,9-3-0 (W-L-D),6,2,0,48%,42%,120,249,2,12,4.03,2.52,48%,0.00,2.96,0.00,33%,07:27,60(50%),9(8%),51(43%),98(82%),10(8%),12(10%),6(67%),1(11%),2(22%),Russia,"Dec. 10, 2016"
Tarec Saffiedine,"""Sponge""",Welterweight Division,16-7-0 (W-L-D),0,0,0,48%,36%,942,1963,4,22,4.05,0.52,62%,0.26,3.06,0.13,85%,15:31,723(77%),177(19%),42(4%),473(50%),177(19%),292(31%),1(6%),10(63%),5(31%),"Brussels, Belgium","Jan. 8, 2012"
Jason Saggo,None,Lightweight Division,12-4-0 (W-L-D),0,0,0,40%,40%,161,405,10,25,2.50,2.33,52%,0.23,2.94,0.00,23%,10:44,102(63%),6(4%),53(33%),90(56%),25(16%),46(29%),3(25%),1(8%),8(67%),"Toronto, Canada","Jun. 14, 2014"
Wang Sai,"""The Fire Kylin""",Welterweight Division,8-5-1 (W-L-D),0,0,0,47%,0%,95,203,,2,3.17,0.00,53%,0.00,2.27,0.00,78%,15:00,50(53%),24(25%),21(22%),52(55%),20(21%),23(24%),4(50%),1(13%),3(38%),United States,"Feb. 11, 2025"
Benoît Saint Denis ,"""God of War""",Lightweight Division,13-3-0 (W-L-D),4,9,7,53%,37%,312,585,2,43,5.17,3.97,41%,0.99,4.98,1.24,69%,07:33,191(61%),50(16%),71(23%),172(55%),95(30%),45(14%),4(31%),0(0%),9(69%),"Nîmes, France","Oct. 30, 2021"
Ovince Saint Preux,None,Light Heavyweight Division,27-18-0 (W-L-D),12,8,14,48%,36%,998,2088,9,66,3.03,1.09,48%,0.46,3.33,0.50,67%,09:26,714(72%),89(9%),195(20%),630(63%),266(27%),102(10%),12(43%),8(29%),8(29%),"Immokalee, United States","Aug. 19, 2012"
Lukasz Sajewski,"""Wookiee""",Lightweight Division,13-3-0 (W-L-D),0,0,0,36%,25%,61,170,,8,2.06,1.01,58%,0.00,3.88,0.00,67%,09:52,50(82%),4(7%),7(11%),33(54%),22(36%),6(10%),3(23%),4(31%),6(46%),"Gdansk, Poland","Jun. 20, 2015"
Augusto Sakai,None,Heavyweight Division,16-5-1 (W-L-D),11,0,6,49%,40%,610,1245,1,5,4.60,0.23,49%,0.34,3.83,0.00,56%,11:04,361(59%),188(31%),61(10%),375(61%),142(23%),93(15%),11(73%),4(27%),0(0%),"Curitiba, Brazil","Sep. 23, 2018"
Alessio Sakara,"""Legionarius""",Middleweight Division,19-11-0 (W-L-D),0,0,0,48%,79%,299,626,,14,3.96,2.18,59%,0.79,2.80,0.00,63%,05:02,133(44%),56(19%),110(37%),241(81%),49(16%),9(3%),0(0%),0(0%),0(0%),United States,"Feb. 4, 2006"
Gokhan Saki,"""The Rebel""",Light Heavyweight Division,1-2-0 (W-L-D),0,0,0,58%,N/A,45,77,0,0,7.09,0.00,53%,4.72,4.57,0.00,100%,03:11,44(98%),1(2%),0(0%),37(82%),2(4%),6(13%),1(100%),0(0%),0(0%),"Kars, Türkiye","Sep. 22, 2017"
Kazushi Sakuraba,None,Heavyweight Division,26-17-1 (W-L-D),0,0,0,41%,31%,314,760,,67,1.26,1.26,52%,0.24,2.03,1.74,49%,08:19,199(63%),37(12%),78(25%),181(58%),65(21%),68(22%),0(0%),0(0%),0(0%),Japan,"Feb. 11, 2025"
Hayato Sakurai,"""Mach""",Welterweight Division,16-3-2 (W-L-D),0,0,0,42%,N/A,5,12,0,0,0.28,0.00,59%,0.83,25.03,0.00,57%,18:01,5(100%),0(0%),0(0%),4(80%),0(0%),1(20%),0(0%),0(0%),0(0%),"Tokyo, United States","Mar. 22, 2002"
Justin Salas,"""J-Bomb""",Lightweight Division,12-7-0 (W-L-D),0,0,0,43%,21%,169,391,,39,3.42,2.43,69%,0.30,2.96,0.00,N/A,07:03,113(67%),35(21%),21(12%),97(57%),34(20%),38(22%),4(33%),5(42%),3(25%),United States,"Feb. 15, 2012"
Ivan Salaverry,None,Middleweight Division,12-6-1 (W-L-D),0,0,0,48%,20%,115,240,,10,2.24,0.58,77%,0.29,1.40,2.92,37%,07:21,81(70%),18(16%),16(14%),34(30%),26(23%),55(48%),0(0%),0(0%),0(0%),"Toronto, Canada","May. 10, 2002"
Roman Salazar,"""El Gallito""",Bantamweight Division,9-4-0 (W-L-D),0,0,0,39%,18%,33,84,,11,1.95,1.77,57%,0.00,2.89,0.00,50%,05:39,21(64%),6(18%),6(18%),24(73%),4(12%),5(15%),3(33%),3(33%),3(33%),United States,"Oct. 4, 2014"
Luis Saldana,None,Featherweight Division,16-7-1 (W-L-D),9,5,6,51%,18%,365,722,,17,5.16,0.64,60%,0.64,3.65,0.21,44%,14:09,325(89%),14(4%),26(7%),187(51%),79(22%),99(27%),9(56%),2(13%),5(31%),"Des Moines, United States","Apr. 10, 2021"
Muslim Salikhov,"""King of Kung Fu""",Welterweight Division,21-5-0 (W-L-D),14,2,14,50%,32%,422,846,,28,3.38,1.08,63%,0.48,2.90,0.00,72%,10:24,353(84%),28(7%),41(10%),225(53%),124(29%),73(17%),14(67%),5(24%),2(10%),Russia,"Nov. 25, 2017"
Quillan Salkilld,None,Lightweight Division,8-1-0 (W-L-D),3,3,4,57%,41%,87,153,,22,5.68,8.81,44%,0.98,4.18,0.98,100%,07:40,75(86%),10(11%),2(2%),39(45%),37(43%),11(13%),3(38%),2(25%),3(38%),"Pinjarra, Australia","Feb. 8, 2025"
Boston Salmon,"""Boom Boom""",Bantamweight Division,6-3-0 (W-L-D),4,0,0,37%,0%,73,196,,1,4.13,0.00,60%,0.00,7.75,0.00,100%,05:53,54(74%),19(26%),0(0%),35(48%),33(45%),5(7%),4(67%),2(33%),0(0%),"Honolulu, United States","Jul. 11, 2017"
Sean Salmon,None,Light Heavyweight Division,9-3-0 (W-L-D),0,0,0,38%,50%,11,29,,4,1.58,4.30,65%,0.00,2.15,0.00,N/A,03:30,2(18%),2(18%),7(64%),10(91%),1(9%),0(0%),0(0%),0(0%),0(0%),"Milwaukee, United States","Jan. 25, 2007"
John Salter,None,Middleweight Division,5-2-0 (W-L-D),0,0,0,24%,40%,31,131,,10,1.35,2.61,69%,0.00,2.31,0.00,67%,07:40,25(81%),5(16%),1(3%),27(87%),3(10%),1(3%),0(0%),0(0%),0(0%),"Gardendale, United States","Jan. 11, 2010"
Vinicius Salvador,None,Bantamweight Division,14-7-0 (W-L-D),13,1,9,43%,11%,231,534,1,9,5.48,0.36,48%,1.07,6.50,0.00,87%,10:32,209(90%),14(6%),8(3%),135(58%),62(27%),34(15%),13(93%),0(0%),1(7%),"Varginha, Brazil","Dec. 10, 2022"
Dylan Salvador,None,Lightweight Division,0-1-0 (W-L-D),0,0,0,38%,N/A,12,32,0,0,4.34,0.00,47%,0.00,11.57,0.00,N/A,02:46,12(100%),0(0%),0(0%),3(25%),0(0%),9(75%),0(0%),0(0%),0(0%),None,"Feb. 11, 2025"
Josh Samman,"""Anqa""",Middleweight Division,12-5-0 (W-L-D),0,0,0,53%,33%,86,163,,9,2.08,1.09,35%,0.73,2.47,0.36,33%,08:15,36(42%),36(42%),14(16%),34(40%),35(41%),17(20%),0(0%),0(0%),0(0%),"Orlando, United States","Apr. 14, 2013"
Josh Sampo,"""The Gremlin""",Flyweight Division,11-5-0 (W-L-D),0,0,0,36%,33%,85,233,,9,1.99,1.06,56%,0.00,2.96,2.11,40%,10:39,64(75%),10(12%),11(13%),46(54%),23(27%),16(19%),0(0%),5(45%),6(55%),United States,"Dec. 1, 2013"
Roberto Sanchez,"""Littlefury""",Flyweight Division,8-2-0 (W-L-D),0,0,0,41%,63%,20,49,5,8,0.96,3.61,46%,0.00,1.78,0.72,50%,06:55,6(30%),1(5%),13(65%),13(65%),6(30%),1(5%),0(0%),1(13%),7(88%),"Houston, United States","Aug. 6, 2017"
Joby Sanchez,None,Bantamweight Division,11-4-0 (W-L-D),0,0,0,36%,71%,254,705,2,7,3.22,0.95,64%,0.38,2.82,0.38,52%,11:15,182(72%),18(7%),54(21%),196(77%),50(20%),8(3%),4(36%),3(27%),4(36%),United States,"Aug. 23, 2014"
Andrew Sanchez,"""El Dirte""",Middleweight Division,13-7-0 (W-L-D),7,2,0,44%,37%,557,1275,13,60,4.30,2.55,51%,0.35,5.10,0.00,100%,12:58,438(79%),54(10%),65(12%),407(73%),99(18%),51(9%),7(54%),4(31%),2(15%),"Belleville, United States","Jul. 9, 2016"
Julian Sanchez,None,,0-0-0 (W-L-D),0,0,0,N/A,N/A,0,0,0,0,N/A,N/A,N/A,N/A,N/A,N/A,N/A,N/A,N/A,N/A,N/A,N/A,N/A,N/A,0(0%),0(0%),0(0%),"San Antonio, United States","Sep. 20, 1996"
Eddie Sanchez,"""The Manic Hispanic""",Heavyweight Division,10-3-0 (W-L-D),0,0,0,43%,27%,183,423,,15,3.45,1.13,43%,1.13,3.30,0.00,43%,08:50,71(39%),78(43%),34(19%),149(81%),25(14%),9(5%),0(0%),0(0%),0(0%),"La Jolla, United States","Sep. 23, 2006"
Diego Sanchez,"""Nightmare""",Welterweight Division,32-13-0 (W-L-D),10,6,0,38%,24%,1120,2954,31,175,2.69,1.51,56%,0.25,3.02,0.83,46%,11:54,617(55%),118(11%),385(34%),783(70%),257(23%),80(7%),10(34%),13(45%),6(21%),"Albuquerque, United States","Apr. 9, 2005"
Jerrod Sanders,"""J-Reazie""",Bantamweight Division,15-3-0 (W-L-D),0,0,0,65%,33%,24,37,,12,0.88,2.20,47%,0.00,1.14,1.65,50%,06:50,7(29%),4(17%),13(54%),17(71%),6(25%),1(4%),2(13%),7(47%),6(40%),"El Reno, United States","Jul. 16, 2014"
Luke Sanders,"""Cool Hand""",Featherweight Division,13-5-0 (W-L-D),8,1,0,53%,30%,416,791,1,10,6.61,0.71,51%,0.95,4.37,0.24,73%,07:21,284(68%),41(10%),91(22%),335(81%),51(12%),30(7%),8(62%),4(31%),1(8%),"Brenham, United States","Jan. 17, 2016"
Jesse Sanders,"""Iron Jaw""",Welterweight Division,21-5-0 (W-L-D),0,0,0,0%,N/A,0,3,0,0,0.00,0.00,35%,0.00,6.45,0.00,50%,02:01,0(0%),0(0%),0(0%),0(0%),0(0%),0(0%),0(0%),0(0%),0(0%),"Oskaloosa, United States","Apr. 1, 2009"
Cory Sandhagen,None,Bantamweight Division,17-5-0 (W-L-D),7,3,6,44%,32%,1010,2271,1,50,5.02,1.19,57%,0.30,3.46,0.30,63%,14:23,845(84%),34(3%),131(13%),663(66%),158(16%),189(19%),7(41%),7(41%),3(18%),"Aurora, United States","Jan. 28, 2018"
Joseph Sandoval,None,Bantamweight Division,6-2-0 (W-L-D),0,0,0,43%,N/A,3,7,0,0,1.82,0.00,61%,0.00,12.12,0.00,N/A,00:50,3(100%),0(0%),0(0%),3(100%),0(0%),0(0%),0(0%),0(0%),0(0%),United States,"Oct. 2, 2011"
Hector Sandoval,"""Kid Alex""",Flyweight Division,14-4-0 (W-L-D),0,0,0,52%,25%,71,136,5,20,3.31,3.49,66%,0.00,2.33,1.40,71%,05:22,31(44%),30(42%),10(14%),40(56%),22(31%),9(13%),3(25%),7(58%),2(17%),Mexico,"Jul. 31, 2016"
Chris Sanford,None,Middleweight Division,0-0-0 (W-L-D),0,0,0,50%,N/A,1,2,0,0,0.23,0.00,18%,0.00,3.22,3.45,N/A,04:21,1(100%),0(0%),0(0%),0(0%),0(0%),1(100%),0(0%),0(0%),0(0%),"Pleasant Hill, United States","Apr. 9, 2005"
Roldan Sangcha-an,"""The Executioner""",Flyweight Division,4-2-0 (W-L-D),0,0,0,47%,60%,63,135,,5,2.71,1.94,52%,0.00,2.15,0.00,69%,11:37,45(71%),14(22%),4(6%),30(48%),12(19%),21(33%),2(50%),0(0%),2(50%),"Manilla, Philippines","Jun. 28, 2014"
Martin Sano,"""Spartan""",Welterweight Division,4-3-0 (W-L-D),1,3,0,33%,N/A,1,3,0,0,4.00,0.00,40%,0.00,12.00,0.00,N/A,00:15,1(100%),0(0%),0(0%),1(100%),0(0%),0(0%),1(25%),0(0%),3(75%),"Vallejo, United States","Sep. 25, 2021"
Shaheen Santana,None,Lightweight Division,0-1-0 (W-L-D),0,0,0,43%,0%,9,21,,1,0.82,0.00,40%,0.00,1.65,2.75,N/A,10:55,8(89%),1(11%),0(0%),4(44%),5(56%),0(0%),0(0%),0(0%),0(0%),"Brooklyn, United States","Feb. 11, 2025"
Duda Santana,"""Cowboyzinha""",Women's Bantamweight Division,3-1-0 (W-L-D),1,0,0,40%,60%,42,106,3,5,6.01,6.44,73%,0.00,2.72,0.00,N/A,06:59,40(95%),0(0%),2(5%),36(86%),2(5%),4(10%),1(33%),2(67%),0(0%),"Rio De Janeiro, Brazil","Jun. 1, 2019"
Sean Santella,"""Shorty Rock""",Flyweight Division,0-0-0 (W-L-D),0,0,0,N/A,N/A,0,0,0,0,N/A,N/A,N/A,N/A,N/A,N/A,N/A,N/A,N/A,N/A,N/A,N/A,N/A,N/A,0(0%),0(0%),0(0%),"Dover, United States","Feb. 11, 2025"
Richie Santiago,"""The Milford Mauler""",Bantamweight Division,7-1-0 (W-L-D),0,0,0,50%,0%,58,117,,1,3.87,0.00,43%,0.00,4.87,0.00,25%,15:00,34(59%),16(28%),8(14%),45(78%),10(17%),3(5%),0(0%),0(0%),0(0%),"Waltham, United States","Feb. 11, 2025"
Mike Santiago,"""Little Bully""",Featherweight Division,21-12-0 (W-L-D),0,0,0,49%,50%,97,197,5,10,3.44,2.66,36%,0.53,3.58,1.06,54%,07:03,42(43%),39(40%),16(16%),59(61%),19(20%),19(20%),7(33%),4(19%),10(48%),"Melrose Park, United States","Aug. 22, 2017"
Will Santiago,"""The Brown Bomber""",Middleweight Division,9-6-0 (W-L-D),0,0,0,39%,50%,22,56,,2,1.47,1.00,56%,0.00,5.53,0.00,100%,15:00,21(95%),1(5%),0(0%),16(73%),6(27%),0(0%),0(0%),0(0%),0(0%),"Lawrence, United States","Feb. 11, 2025"
Jorge Santiago,"""The Sandman""",Welterweight Division,23-11-0 (W-L-D),0,0,0,35%,30%,132,372,,10,1.69,0.58,56%,0.58,2.62,0.77,52%,08:40,85(64%),34(26%),13(10%),79(60%),32(24%),21(16%),0(0%),0(0%),0(0%),Brazil,"Jun. 28, 2006"
Art Santore,None,Middleweight Division,14-6-0 (W-L-D),0,0,0,N/A,N/A,0,0,0,0,N/A,N/A,N/A,N/A,N/A,N/A,N/A,N/A,N/A,N/A,N/A,N/A,N/A,N/A,0(0%),0(0%),0(0%),United States,"Feb. 11, 2025"
Daniel Santos,"""Willycat""",Bantamweight Division,12-2-0 (W-L-D),6,2,3,37%,50%,168,454,,10,4.26,1.90,51%,0.38,5.12,0.00,73%,13:09,109(65%),23(14%),36(21%),109(65%),44(26%),15(9%),6(50%),4(33%),2(17%),"Uberaba, Brazil","Apr. 9, 2022"
Edivan Santos,None,Heavyweight Division,0-1-0 (W-L-D),0,0,0,49%,N/A,17,35,0,0,1.55,0.00,26%,0.00,7.09,0.00,25%,11:00,11(65%),6(35%),0(0%),8(47%),3(18%),6(35%),0(0%),0(0%),0(0%),"Sao Luiz, Brazil","Feb. 11, 2025"
Taila Santos,None,Women's Flyweight Division,19-3-0 (W-L-D),10,3,12,48%,76%,406,845,1,21,3.39,2.00,58%,0.38,2.64,1.13,86%,14:59,301(74%),48(12%),57(14%),223(55%),68(17%),115(28%),10(53%),6(32%),3(16%),"Jaraguá do Sul, Brazil","Feb. 2, 2019"
Marilia Santos,None,Women's Flyweight Division,0-0-0 (W-L-D),0,0,0,54%,100%,66,122,,1,4.40,1.00,53%,0.00,4.07,1.00,67%,15:00,48(73%),12(18%),6(9%),43(65%),19(29%),4(6%),0(0%),0(0%),0(0%),"State of Bahia, Brazil","Feb. 11, 2025"
Leonardo Santos,None,Lightweight Division,18-7-1 (W-L-D),3,8,11,47%,26%,336,717,5,27,2.82,0.88,54%,0.38,3.40,0.25,87%,10:50,237(71%),41(12%),58(17%),207(62%),77(23%),52(15%),3(17%),7(39%),8(44%),"Rio De Janeiro, Brazil","Jun. 8, 2013"
Thiago Santos,"""Marreta""",Light Heavyweight Division,22-11-0 (W-L-D),15,0,8,48%,33%,888,1844,5,42,3.72,0.88,54%,0.88,2.57,0.06,66%,09:57,512(58%),150(17%),226(25%),455(51%),204(23%),229(26%),15(68%),6(27%),1(5%),Brazil,"Aug. 4, 2013"
Bruno Santos,"""Carioca""",Middleweight Division,14-2-0 (W-L-D),0,0,0,46%,38%,53,115,,24,1.18,3.00,57%,0.00,2.27,0.33,67%,15:00,25(47%),25(47%),3(6%),26(49%),12(23%),15(28%),1(7%),12(86%),1(7%),Brazil,"Dec. 7, 2013"
Iliarde Santos,None,Flyweight Division,27-9-1 (W-L-D),0,0,0,30%,23%,81,270,,13,3.00,1.66,57%,0.00,6.10,0.00,83%,09:01,71(88%),6(7%),4(5%),55(68%),17(21%),9(11%),0(0%),0(0%),0(0%),Brazil,"May. 19, 2013"
Yana Santos,None,Women's Bantamweight Division,15-8-0 (W-L-D),7,1,7,59%,53%,546,929,1,15,4.42,0.97,51%,0.12,3.12,0.12,43%,12:21,305(56%),206(38%),35(6%),161(29%),233(43%),152(28%),7(50%),6(43%),1(7%),Russia,"Mar. 3, 2018"
Luana Santos,None,Women's Flyweight Division,8-2-0 (W-L-D),0,4,4,51%,40%,159,310,,10,4.28,1.62,61%,0.00,4.15,1.21,80%,09:17,146(92%),13(8%),0(0%),92(58%),48(30%),19(12%),1(13%),3(38%),4(50%),Brazil,"Aug. 12, 2023"
Djorden Santos,None,Middleweight Division,1-0-0 (W-L-D),0,0,0,56%,50%,85,152,,2,5.67,1.00,52%,0.00,2.73,0.00,87%,15:00,76(89%),9(11%),0(0%),69(81%),11(13%),5(6%),0(0%),0(0%),0(0%),None,"Mar. 8, 2025"
Gabriel Santos,"""Mosquitinho""",Featherweight Division,12-2-0 (W-L-D),3,5,4,61%,54%,223,368,5,24,4.35,3.80,45%,0.29,4.31,1.17,88%,12:50,167(75%),23(10%),33(15%),125(56%),56(25%),42(19%),3(25%),4(33%),5(42%),"State of Ceará, Brazil","Mar. 18, 2023"
Paulo Santos,None,Lightweight Division,0-0-0 (W-L-D),0,0,0,N/A,N/A,0,0,0,0,N/A,N/A,N/A,N/A,N/A,N/A,N/A,N/A,N/A,N/A,N/A,N/A,N/A,N/A,0(0%),0(0%),0(0%),Brazil,"Oct. 16, 1998"
Adriano Santos,None,Middleweight Division,0-0-0 (W-L-D),0,0,0,N/A,N/A,0,0,0,0,N/A,N/A,N/A,N/A,N/A,N/A,N/A,N/A,N/A,N/A,N/A,N/A,N/A,N/A,0(0%),0(0%),0(0%),United States,"Oct. 16, 1998"
Mairon Santos,"""The Legend""",Featherweight Division,15-1-0 (W-L-D),8,0,0,46%,N/A,31,67,0,0,4.77,0.00,57%,2.31,1.85,0.00,N/A,06:30,27(87%),1(3%),3(10%),15(48%),9(29%),7(23%),8(53%),7(47%),0(0%),"São João de Meriti, Brazil","Aug. 24, 2024"
Joilton Lutterbach ,"""Peregrino""",Middleweight Division,38-9-0 (W-L-D),14,13,23,N/A,N/A,0,0,0,0,N/A,N/A,N/A,N/A,N/A,N/A,N/A,00:00,0(0%),0(0%),0(0%),0(0%),0(0%),0(0%),14(37%),11(29%),13(34%),"Campina Grande, Brazil","Jun. 22, 2024"
Nick Sanzo,None,Lightweight Division,0-0-0 (W-L-D),0,0,0,N/A,N/A,0,0,0,0,N/A,N/A,N/A,N/A,N/A,N/A,N/A,N/A,N/A,N/A,N/A,N/A,N/A,N/A,0(0%),0(0%),0(0%),"Niskayuna, United States","Feb. 7, 1997"
Jeka Saragih,None,Featherweight Division,14-4-0 (W-L-D),9,4,8,N/A,N/A,0,0,0,0,N/A,N/A,N/A,N/A,N/A,N/A,N/A,00:00,0(0%),0(0%),0(0%),0(0%),0(0%),0(0%),9(64%),1(7%),4(29%),Indonesia,"Feb. 4, 2023"
Diego Saraiva,"""The Octopus""",Lightweight Division,9-6-1 (W-L-D),0,0,0,33%,40%,74,227,,10,1.64,1.33,62%,0.00,3.58,0.67,N/A,15:00,59(80%),4(5%),11(15%),62(84%),6(8%),6(8%),0(0%),0(0%),0(0%),"Fortaleza, Brazil","Feb. 3, 2007"
Ulka Sasaki,None,Flyweight Division,20-6-2 (W-L-D),0,11,1,41%,43%,139,336,13,30,2.16,3.03,50%,0.00,2.50,1.16,41%,07:10,95(68%),13(9%),31(22%),83(60%),33(24%),23(17%),2(10%),7(35%),11(55%),Japan,"Aug. 23, 2014"
Yuki Sasaki,None,Middleweight Division,20-12-1 (W-L-D),0,0,0,39%,N/A,26,66,0,0,1.73,0.00,57%,0.00,2.80,0.00,67%,15:00,22(85%),4(15%),0(0%),19(73%),2(8%),5(19%),0(0%),0(0%),0(0%),"Hokkaido, Japan","Aug. 17, 2006"
Paul Sass,None,Lightweight Division,13-2-0 (W-L-D),0,0,0,26%,17%,15,57,,6,0.53,0.53,52%,0.00,1.90,7.38,33%,05:41,9(60%),0(0%),6(40%),10(67%),4(27%),1(7%),0(0%),0(0%),0(0%),"Liverpool, United Kingdom","Oct. 16, 2010"
Keisuke Sasu,"""“Sasuke”""",Featherweight Division,1-2-0 (W-L-D),0,0,0,49%,40%,66,134,,15,2.76,3.76,48%,0.00,2.42,1.88,62%,07:59,53(80%),12(18%),1(2%),28(42%),13(20%),25(38%),0(0%),0(0%),0(0%),Japan,"Jun. 9, 2022"
Takashi Sato,"""Ten""",Welterweight Division,16-8-0 (W-L-D),11,0,10,42%,38%,131,315,,8,2.21,0.76,44%,0.51,3.73,0.00,61%,08:28,76(58%),17(13%),38(29%),101(77%),23(18%),7(5%),11(69%),3(19%),2(13%),Japan,"Apr. 27, 2019"
Takenori Sato,None,Welterweight Division,17-10-7 (W-L-D),0,0,0,33%,0%,1,3,,4,0.46,0.00,10%,0.00,12.92,0.00,N/A,01:05,1(100%),0(0%),0(0%),0(0%),0(0%),1(100%),3(18%),8(47%),6(35%),Japan,"Feb. 15, 2014"
Chris Saunders,None,Lightweight Division,9-3-0 (W-L-D),0,0,0,N/A,N/A,0,0,0,0,N/A,N/A,N/A,N/A,N/A,N/A,N/A,N/A,N/A,N/A,N/A,N/A,N/A,N/A,0(0%),0(0%),0(0%),None,"Feb. 11, 2025"
Ben Saunders,"""Killa B""",Welterweight Division,22-13-2 (W-L-D),11,6,0,50%,40%,486,968,2,5,3.23,0.20,51%,0.30,3.58,1.30,67%,07:55,285(59%),160(33%),41(8%),247(51%),188(39%),51(10%),11(50%),5(23%),6(27%),"Fort Lauderdale, United States","Dec. 9, 2007"
Townsend Saunders,None,Lightweight Division,0-0-0 (W-L-D),0,0,0,N/A,N/A,0,0,0,0,N/A,N/A,N/A,N/A,N/A,N/A,N/A,N/A,N/A,N/A,N/A,N/A,N/A,N/A,0(0%),0(0%),0(0%),"White Sands, United States","Mar. 13, 1998"
Brandon Sayles,None,Heavyweight Division,0-0-0 (W-L-D),0,0,0,N/A,N/A,0,0,0,0,N/A,N/A,N/A,N/A,N/A,N/A,N/A,00:00,0(0%),0(0%),0(0%),0(0%),0(0%),0(0%),0(0%),0(0%),0(0%),United States,"Feb. 11, 2025"
Matt Sayles,None,Lightweight Division,8-4-0 (W-L-D),6,1,0,42%,17%,201,481,,6,4.83,0.36,62%,0.36,2.81,0.72,82%,08:20,135(67%),14(7%),52(26%),117(58%),50(25%),34(17%),6(75%),1(13%),1(13%),"Chula Vista, United States","Aug. 4, 2018"
Mark Scanlon,None,Welterweight Division,7-1-0 (W-L-D),0,0,0,35%,75%,33,94,,4,2.20,3.00,49%,0.00,3.33,2.00,25%,15:00,26(79%),3(9%),4(12%),28(85%),2(6%),3(9%),0(0%),0(0%),0(0%),United Kingdom,"Nov. 13, 2010"
Eric Schafer,"""Red""",Middleweight Division,14-7-2 (W-L-D),0,0,0,34%,36%,141,409,,25,1.89,1.81,57%,0.00,3.38,1.81,50%,08:17,61(43%),25(18%),55(39%),110(78%),19(13%),12(9%),0(0%),0(0%),0(0%),"Fond du Lac, United States","Aug. 26, 2006"
Kerry Schall,"""Meat Truck""",Heavyweight Division,19-7-0 (W-L-D),0,0,0,12%,N/A,8,68,0,0,0.94,0.00,63%,0.00,4.84,0.00,N/A,08:28,8(100%),0(0%),0(0%),7(88%),0(0%),1(13%),0(0%),0(0%),0(0%),"Cincinnati, United States","Nov. 5, 2005"
Brendan Schaub,"""Big Brown""",Heavyweight Division,11-5-0 (W-L-D),0,0,0,38%,46%,227,602,,26,2.92,2.32,57%,0.77,2.22,0.39,73%,07:03,116(51%),60(26%),51(22%),191(84%),33(15%),3(1%),0(0%),0(0%),0(0%),United States,"Dec. 5, 2009"
Matheus Scheffel,None,Light Heavyweight Division,0-1-0 (W-L-D),0,0,0,36%,N/A,4,11,0,0,1.33,0.00,47%,0.00,3.00,0.00,100%,03:00,4(100%),0(0%),0(0%),0(0%),3(75%),1(25%),0(0%),0(0%),0(0%),None,"Feb. 11, 2025"
Fabiano Scherner,"""Pegaleve""",Heavyweight Division,5-3-0 (W-L-D),0,0,0,32%,33%,18,57,,3,1.31,1.09,38%,0.00,3.20,0.00,40%,06:53,10(56%),4(22%),4(22%),13(72%),3(17%),2(11%),0(0%),0(0%),0(0%),"Tres Passos, Brazil","Oct. 3, 2005"
Samy Schiavo,"""The Dog""",Lightweight Division,10-6-0 (W-L-D),0,0,0,35%,50%,27,78,,2,1.68,0.94,38%,0.00,2.62,0.94,67%,08:01,14(52%),6(22%),7(26%),20(74%),1(4%),6(22%),0(0%),0(0%),0(0%),"Avignon, France","Apr. 2, 2008"
Pat Schilling,"""Thrilling""",Featherweight Division,5-2-0 (W-L-D),0,0,0,27%,0%,31,115,,17,1.87,0.00,53%,0.00,8.24,0.00,N/A,08:19,31(100%),0(0%),0(0%),22(71%),5(16%),4(13%),0(0%),0(0%),0(0%),United States,"Jan. 21, 2012"
Semmy Schilt,"""The Viking""",Heavyweight Division,26-9-1 (W-L-D),0,0,0,59%,N/A,16,27,0,0,1.48,0.00,54%,2.77,8.60,0.00,47%,05:25,12(75%),2(13%),2(13%),5(31%),8(50%),3(19%),0(0%),0(0%),0(0%),Netherlands,"May. 4, 2001"
Matt Schnell,"""Danger""",Bantamweight Division,16-9-0 (W-L-D),2,9,9,39%,40%,467,1183,1,10,4.39,0.56,56%,0.14,4.64,0.99,50%,07:36,402(86%),39(8%),26(6%),331(71%),62(13%),74(16%),2(13%),5(31%),9(56%),United States,"Dec. 4, 2016"
Josh Schockman,"""The War Hammer""",Heavyweight Division,7-0-0 (W-L-D),0,0,0,33%,N/A,13,40,0,0,0.87,0.00,58%,0.00,0.87,0.00,23%,15:00,13(100%),0(0%),0(0%),1(8%),2(15%),10(77%),0(0%),0(0%),0(0%),"Nashville, United States","Nov. 18, 2006"
Alex Schoenauer,None,Middleweight Division,17-9-0 (W-L-D),0,0,0,25%,N/A,1,4,0,0,3.00,0.00,43%,0.00,84.00,0.00,22%,00:20,1(100%),0(0%),0(0%),0(0%),0(0%),1(100%),0(0%),0(0%),0(0%),Argentina,"Apr. 9, 2005"
Darrill Schoonover,"""The Boss""",Heavyweight Division,10-1-0 (W-L-D),0,0,0,33%,0%,16,48,,3,1.20,0.00,39%,0.00,4.35,1.13,50%,13:20,6(38%),7(44%),3(19%),13(81%),2(13%),1(6%),0(0%),0(0%),0(0%),"El Paso, United States","Dec. 5, 2009"
Nate Schroeder,None,Heavyweight Division,0-0-0 (W-L-D),0,0,0,N/A,N/A,0,0,0,0,N/A,N/A,N/A,N/A,N/A,N/A,N/A,N/A,N/A,N/A,N/A,N/A,N/A,N/A,0(0%),0(0%),0(0%),United States,"Jun. 9, 2000"
Mark Schultz,None,,1-0-0 (W-L-D),0,0,0,N/A,N/A,0,0,0,0,N/A,N/A,N/A,N/A,N/A,N/A,N/A,N/A,N/A,N/A,N/A,N/A,N/A,N/A,0(0%),0(0%),0(0%),"Lindon, United States","May. 17, 1996"
Justin Scoggins,None,Flyweight Division,11-5-0 (W-L-D),0,0,0,52%,64%,359,694,23,36,3.56,3.42,56%,0.15,2.16,0.45,83%,11:12,222(62%),38(11%),99(28%),236(66%),74(21%),49(14%),6(55%),4(36%),1(9%),"Spartanburg, United States","Mar. 15, 2014"
Bradley Scott,"""Bear""",Welterweight Division,12-6-0 (W-L-D),0,0,0,42%,15%,327,787,2,13,3.52,0.32,57%,0.32,4.31,0.65,64%,11:38,267(82%),47(14%),13(4%),200(61%),74(23%),53(16%),5(42%),2(17%),5(42%),"Bath, United Kingdom","Dec. 16, 2012"
Zach Scroggin,None,Welterweight Division,7-1-0 (W-L-D),3,2,4,38%,N/A,3,8,0,0,2.40,0.00,69%,0.00,8.80,0.00,N/A,01:15,3(100%),0(0%),0(0%),1(33%),0(0%),2(67%),3(43%),2(29%),2(29%),"Gainesville, United States","Nov. 9, 2024"
Neil Seery,"""2Tap""",Flyweight Division,16-13-0 (W-L-D),0,0,0,41%,28%,344,836,5,18,3.56,0.78,59%,0.31,3.79,1.55,54%,13:49,259(75%),43(13%),42(12%),292(85%),23(7%),29(8%),6(38%),4(25%),6(38%),"Dublin, Ireland","Mar. 8, 2014"
Tetsuya Seki,None,Lightweight Division,0-0-0 (W-L-D),0,0,0,N/A,N/A,0,0,0,0,N/A,N/A,N/A,N/A,N/A,N/A,N/A,00:00,0(0%),0(0%),0(0%),0(0%),0(0%),0(0%),0(0%),0(0%),0(0%),None,"Feb. 11, 2025"
Stefan Sekulic,None,Welterweight Division,12-4-0 (W-L-D),3,6,0,50%,33%,55,110,1,12,1.83,2.00,65%,0.00,2.83,0.50,25%,15:00,50(91%),3(5%),2(4%),20(36%),8(15%),27(49%),3(25%),3(25%),6(50%),"Vrsac, Serbia","Sep. 15, 2018"
Pete Sell,"""Drago""",Welterweight Division,8-6-0 (W-L-D),0,0,0,42%,21%,171,403,,19,2.60,0.91,52%,0.23,3.65,0.91,48%,09:23,141(82%),23(13%),7(4%),125(73%),28(16%),18(11%),0(0%),0(0%),0(0%),"Bayshore, United States","Feb. 5, 2005"
Matthew Semelsberger,"""Semi the Jedi""",Welterweight Division,11-8-0 (W-L-D),6,1,3,43%,57%,449,1045,3,14,3.77,1.01,54%,1.26,4.24,0.38,46%,10:49,359(80%),36(8%),54(12%),290(65%),76(17%),83(18%),6(55%),4(36%),1(9%),"Rockville, United States","Aug. 22, 2020"
Andrei Semenov,None,Middleweight Division,21-3-0 (W-L-D),0,0,0,13%,50%,10,75,,2,0.51,0.77,61%,0.77,4.32,0.77,56%,09:44,8(80%),1(10%),1(10%),8(80%),0(0%),2(20%),0(0%),0(0%),0(0%),Russia,"Jan. 11, 2002"
Mackens Semerzier,"""Da Menace""",Featherweight Division,8-4-0 (W-L-D),0,0,0,45%,50%,163,362,,16,2.91,2.14,47%,0.00,3.48,2.14,50%,08:01,100(61%),32(20%),31(19%),72(44%),55(34%),36(22%),0(0%),0(0%),0(0%),United States,"Mar. 27, 2011"
YeDam Seo,None,Women's Strawweight Division,0-2-0 (W-L-D),0,0,0,16%,0%,5,32,,2,0.33,0.00,55%,0.00,2.27,0.00,N/A,15:00,5(100%),0(0%),0(0%),3(60%),0(0%),2(40%),0(0%),0(0%),0(0%),"Cheongju-si, South Korea","Jun. 10, 2022"
Ivan Serati,"""Il Terribile""",Light Heavyweight Division,10-3-0 (W-L-D),0,0,0,27%,0%,3,11,,2,1.48,0.00,30%,0.00,15.25,0.00,N/A,02:02,1(33%),2(67%),0(0%),2(67%),0(0%),1(33%),0(0%),0(0%),0(0%),"Monza, Italy","Jan. 17, 2009"
Alex Serdyukov,"""The Russian Crusher""",Welterweight Division,12-5-0 (W-L-D),0,0,0,48%,56%,201,416,,9,4.94,1.84,46%,0.00,3.10,1.84,68%,06:47,62(31%),41(20%),98(49%),115(57%),67(33%),19(9%),0(0%),0(0%),0(0%),United States,"Feb. 11, 2025"
Matt Serra,"""The Terror""",Welterweight Division,17-7-0 (W-L-D),0,0,0,40%,21%,333,837,,110,1.98,2.05,47%,0.45,2.64,0.89,39%,12:02,198(59%),59(18%),76(23%),171(51%),112(34%),50(15%),0(0%),0(0%),0(0%),"East Meadow, United States","May. 4, 2001"
Nick Serra,None,Welterweight Division,0-0-0 (W-L-D),0,0,0,0%,10%,0,8,,10,0.00,1.00,43%,0.00,1.73,2.00,N/A,15:00,0(0%),0(0%),0(0%),0(0%),0(0%),0(0%),0(0%),0(0%),0(0%),"East Meadow, United States","Jun. 22, 2002"
Fredy Serrano,"""El Profe""",Flyweight Division,3-2-0 (W-L-D),0,0,0,27%,25%,67,250,,32,1.58,2.84,62%,0.35,1.89,0.00,85%,10:35,57(85%),8(12%),2(3%),36(54%),20(30%),11(16%),2(67%),1(33%),0(0%),"Bogota, Colombia","Mar. 21, 2015"
Adrian Serrano,None,Welterweight Division,0-0-0 (W-L-D),0,0,0,N/A,N/A,0,0,0,0,N/A,N/A,N/A,N/A,N/A,N/A,N/A,N/A,N/A,N/A,N/A,N/A,N/A,N/A,0(0%),0(0%),0(0%),United States,"Jun. 9, 2000"
Igor Severino,None,Flyweight Division,8-1-0 (W-L-D),4,4,3,52%,71%,111,212,5,14,7.17,9.69,48%,1.94,4.33,0.00,50%,07:45,71(64%),4(4%),36(32%),83(75%),16(14%),12(11%),4(50%),0(0%),4(50%),Brazil,"Mar. 23, 2024"
Dan Severn,"""The Beast""",Heavyweight Division,70-13-7 (W-L-D),0,0,0,N/A,N/A,0,0,0,0,N/A,N/A,N/A,N/A,N/A,N/A,N/A,00:00,0(0%),0(0%),0(0%),0(0%),0(0%),0(0%),0(0%),0(0%),0(0%),"Coldwater, United States","Dec. 16, 1994"
Rosi Sexton,"""The Surgeon """,Women's Bantamweight Division,13-4-0 (W-L-D),0,0,0,40%,10%,132,332,,20,3.31,0.75,41%,0.00,7.42,0.00,80%,13:18,109(83%),7(5%),16(12%),101(77%),9(7%),22(17%),2(15%),4(31%),7(54%),France,"Jun. 15, 2013"
Leon Shahbazyan,None,Welterweight Division,7-1-0 (W-L-D),0,0,0,52%,50%,65,124,,2,6.33,1.46,32%,1.46,8.18,0.00,N/A,10:16,51(78%),3(5%),11(17%),40(62%),22(34%),3(5%),0(0%),0(0%),0(0%),"Glendale, United States","Feb. 11, 2025"
Edmen Shahbazyan,"""The Golden Boy""",Middleweight Division,13-5-0 (W-L-D),11,1,11,51%,39%,338,668,8,31,3.77,2.01,46%,0.84,3.90,0.50,66%,07:29,202(60%),66(20%),70(21%),227(67%),87(26%),24(7%),11(85%),1(8%),1(8%),"Los Angeles, United States","Nov. 30, 2018"
Don Shainis,"""Shameless""",Featherweight Division,12-5-0 (W-L-D),8,2,8,50%,25%,53,105,,4,3.42,0.97,31%,0.00,5.87,1.94,20%,07:45,30(57%),16(30%),7(13%),26(49%),20(38%),7(13%),8(62%),3(23%),2(15%),"New Haven, United States","Oct. 1, 2022"
Liliya Shakirova,None,Women's Flyweight Division,8-2-0 (W-L-D),0,0,0,31%,0%,23,75,,3,2.70,0.00,74%,0.00,2.58,0.00,N/A,08:31,23(100%),0(0%),0(0%),7(30%),7(30%),9(39%),0(0%),0(0%),0(0%),None,"Oct. 24, 2020"
Kamal Shalorus,"""Prince of Persia""",Lightweight Division,7-3-2 (W-L-D),0,0,0,32%,50%,222,685,,20,3.06,2.07,70%,0.62,2.99,0.00,81%,10:21,171(77%),10(5%),41(18%),124(56%),44(20%),54(24%),0(0%),0(0%),0(0%),Iran,"Mar. 20, 2011"
Frank Shamrock,None,Middleweight Division,0-0-0 (W-L-D),0,0,0,53%,50%,201,376,,2,4.75,0.35,58%,0.71,4.66,1.06,38%,07:03,146(73%),27(13%),28(14%),98(49%),49(24%),54(27%),0(0%),0(0%),0(0%),"Santa Monica, United States","Mar. 13, 1998"
Ken Shamrock,"""The World's Most Dangerous Man""",Light Heavyweight Division,26-11-2 (W-L-D),0,0,0,47%,60%,70,149,,5,1.47,0.94,40%,0.31,4.30,2.52,44%,05:33,17(24%),52(74%),1(1%),24(34%),39(56%),7(10%),0(0%),0(0%),0(0%),United States,"Nov. 12, 1993"
Sean Sharaf,"""The Smoke""",Heavyweight Division,4-1-0 (W-L-D),4,0,4,45%,13%,53,118,1,8,7.31,2.07,45%,0.00,9.79,0.00,N/A,07:15,44(83%),1(2%),8(15%),39(74%),7(13%),7(13%),4(100%),0(0%),0(0%),"Anaheim, United States","Oct. 12, 2024"
Eric Shelton,"""Showtime""",Flyweight Division,12-6-0 (W-L-D),2,5,0,43%,52%,231,543,10,33,2.57,2.83,64%,0.00,1.88,0.17,46%,15:00,133(58%),3(1%),95(41%),183(79%),31(13%),17(7%),2(17%),5(42%),5(42%),"Lawton, United States","Jan. 29, 2017"
Sean Sherk,"""Muscle Shark""",Lightweight Division,38-4-1 (W-L-D),0,0,0,35%,47%,438,1239,,118,2.17,4.09,55%,0.00,2.71,0.37,57%,15:32,221(50%),65(15%),152(35%),332(76%),45(10%),61(14%),0(0%),0(0%),0(0%),United States,"Feb. 23, 2001"
Chase Sherman,"""The Vanilla Gorilla """,Heavyweight Division,16-12-0 (W-L-D),15,0,12,45%,50%,969,2131,,2,6.04,0.09,52%,0.28,6.65,0.00,74%,10:41,882(91%),67(7%),20(2%),531(55%),199(21%),239(25%),15(94%),1(6%),0(0%),"Biloxi, United States","Aug. 7, 2016"
Antonina Shevchenko,"""La Pantera""",Women's Flyweight Division,10-4-0 (W-L-D),3,1,0,55%,43%,401,725,2,7,3.86,0.43,53%,0.00,2.93,0.43,54%,11:33,242(60%),98(24%),61(15%),262(65%),101(25%),38(9%),3(11%),24(86%),1(4%),Kyrgyzstan,"Nov. 30, 2018"
Valentina Shevchenko,"""Bullet""",Women's Flyweight Division,24-4-1 (W-L-D),8,7,6,53%,64%,987,1873,12,89,3.16,2.74,64%,0.05,2.00,0.34,71%,18:22,701(71%),89(9%),197(20%),653(66%),129(13%),205(21%),8(33%),9(38%),7(29%),"Bishkek, Kyrgyzstan","Dec. 19, 2015"
Ming Shi,None,Women's Strawweight Division,17-5-0 (W-L-D),1,6,4,39%,17%,142,362,1,6,3.48,0.37,53%,0.74,3.24,0.00,58%,13:35,124(87%),11(8%),7(5%),64(45%),43(30%),35(25%),1(6%),9(56%),6(38%),"Heilongjiang, China","Nov. 23, 2024"
Jake Shields,None,Welterweight Division,29-7-1 (W-L-D),0,0,0,32%,12%,349,1103,,81,2.77,1.19,56%,0.00,3.50,0.12,36%,15:44,248(71%),73(21%),28(8%),134(38%),130(37%),85(24%),0(0%),0(0%),0(0%),"Summertown, United States","Oct. 23, 2010"
Henrique Shiguemoto,None,Middleweight Division,0-1-0 (W-L-D),0,0,0,33%,N/A,3,9,0,0,3.60,0.00,17%,0.00,6.00,0.00,50%,00:50,3(100%),0(0%),0(0%),0(0%),2(67%),1(33%),0(0%),0(0%),0(0%),None,"Feb. 11, 2025"
Shunichi Shimizu,"""RollingStar""",Bantamweight Division,28-9-10 (W-L-D),0,0,0,33%,0%,2,6,,6,0.14,0.00,31%,0.00,4.68,0.00,N/A,13:53,2(100%),0(0%),0(0%),0(0%),0(0%),2(100%),4(14%),5(18%),19(68%),Japan,"Jan. 4, 2014"
Wade Shipp,"""The Nightmare""",Heavyweight Division,4-2-0 (W-L-D),0,0,0,87%,N/A,20,23,0,0,4.29,0.00,N/A,0.00,2.14,0.00,75%,04:40,4(20%),15(75%),1(5%),11(55%),7(35%),2(10%),0(0%),0(0%),0(0%),"San Diego, United States","Apr. 2, 2004"
Josh Shockley,None,Lightweight Division,11-4-0 (W-L-D),0,0,0,33%,0%,28,84,,2,1.40,0.00,60%,0.00,1.75,0.75,62%,09:59,17(61%),8(29%),3(11%),20(71%),7(25%),1(4%),3(27%),3(27%),5(45%),United States,"Jun. 14, 2014"
Liudvik Sholinian,None,Bantamweight Division,9-4-0 (W-L-D),1,3,0,31%,0%,75,244,,6,2.50,0.00,56%,0.00,5.67,0.00,67%,15:00,62(83%),9(12%),4(5%),55(73%),18(24%),2(3%),1(11%),5(56%),3(33%),Armenia,"Sep. 4, 2021"
Jack Shore,"""Tank""",Featherweight Division,17-3-0 (W-L-D),4,9,6,58%,40%,352,604,4,53,3.60,3.22,56%,0.31,2.31,0.61,74%,10:52,250(71%),46(13%),56(16%),243(69%),52(15%),57(16%),4(24%),4(24%),9(53%),"Abertillery, Wales","Sep. 28, 2019"
Ivan Shtyrkov,"""Ural Hulk""",Light Heavyweight Division,16-0-1 (W-L-D),6,5,0,N/A,N/A,0,0,0,0,N/A,N/A,N/A,N/A,N/A,N/A,N/A,00:00,0(0%),0(0%),0(0%),0(0%),0(0%),0(0%),6(38%),5(31%),5(31%),"Khabarovsk, Russia","Apr. 20, 2019"
Ronal Siahaan,None,Flyweight Division,0-1-0 (W-L-D),0,0,0,67%,N/A,4,6,0,0,0.63,0.00,25%,0.00,6.17,0.00,25%,06:19,3(75%),1(25%),0(0%),2(50%),0(0%),2(50%),0(0%),0(0%),0(0%),Indonesia,"Feb. 11, 2025"
Sam Sicilia,None,Featherweight Division,15-8-0 (W-L-D),0,0,0,34%,43%,255,761,,23,2.46,1.45,59%,0.14,3.55,0.87,70%,08:39,168(66%),32(13%),55(22%),175(69%),50(20%),30(12%),8(53%),3(20%),4(27%),"Spokane, United States","Jun. 2, 2012"
Serhiy Sidey,None,Bantamweight Division,11-2-0 (W-L-D),7,1,4,39%,0%,158,401,,8,4.87,0.00,53%,0.46,4.44,1.39,20%,10:49,143(91%),13(8%),2(1%),98(62%),45(28%),15(9%),7(64%),3(27%),1(9%),"Chernivtsi Oblast, Ukraine","Jan. 20, 2024"
Steven Siler,"""Super""",Featherweight Division,23-13-0 (W-L-D),0,0,0,42%,21%,305,734,,14,3.21,0.47,55%,0.16,2.96,1.58,55%,10:33,179(59%),99(32%),27(9%),194(64%),78(26%),33(11%),3(13%),7(30%),13(57%),United States,"Dec. 4, 2011"
Gabriel Silva,None,Bantamweight Division,7-2-0 (W-L-D),3,1,0,35%,25%,39,113,1,12,1.30,1.50,46%,0.00,3.47,0.50,38%,15:00,33(85%),3(8%),3(8%),29(74%),6(15%),4(10%),3(43%),3(43%),1(14%),"State of Espírito Santo, Brazil","Jul. 20, 2019"
Jansey Silva,None,Middleweight Division,0-1-0 (W-L-D),0,0,0,40%,N/A,2,5,0,0,0.46,0.00,33%,0.00,2.32,0.00,N/A,04:19,1(50%),0(0%),1(50%),1(50%),0(0%),1(50%),0(0%),0(0%),0(0%),None,"Feb. 11, 2025"
Maria Silva,None,Women's Strawweight Division,1-1-0 (W-L-D),0,0,0,58%,100%,90,156,,4,3.00,2.00,63%,0.00,1.13,0.50,56%,15:00,48(53%),15(17%),27(30%),39(43%),23(26%),28(31%),0(0%),0(0%),0(0%),"Santana do Cariri, Brazil","Feb. 11, 2025"
Janaina Silva,None,Women's Strawweight Division,0-1-0 (W-L-D),0,0,0,0%,N/A,0,3,0,0,0.00,0.00,63%,0.00,1.50,0.00,N/A,04:00,0(0%),0(0%),0(0%),0(0%),0(0%),0(0%),0(0%),0(0%),0(0%),None,"Feb. 11, 2025"
Bruno Silva,"""Blindado""",Middleweight Division,23-12-0 (W-L-D),20,0,14,48%,24%,370,771,2,21,3.85,0.78,42%,0.31,5.28,0.00,74%,09:36,273(74%),39(11%),58(16%),280(76%),56(15%),34(9%),20(87%),3(13%),0(0%),Brazil,"Jun. 19, 2021"
Erik Silva,"""The King""",Featherweight Division,9-3-0 (W-L-D),3,4,7,70%,80%,33,47,3,5,2.07,3.76,40%,0.00,1.57,0.00,63%,05:19,14(42%),7(21%),12(36%),24(73%),6(18%),3(9%),3(33%),2(22%),4(44%),"Caracas, Venezuela","Dec. 10, 2022"
Jacob Silva,None,Flyweight Division,0-2-0 (W-L-D),0,0,0,45%,100%,83,186,,2,4.17,1.51,57%,0.00,4.92,0.00,67%,09:57,73(88%),6(7%),4(5%),56(67%),19(23%),8(10%),0(0%),0(0%),0(0%),"Houston, United States","Feb. 11, 2025"
Bruno Silva,"""Bulldog""",Flyweight Division,14-6-2 (W-L-D),6,4,4,49%,25%,277,564,2,40,3.54,1.92,52%,1.15,4.08,0.19,60%,09:47,214(77%),21(8%),42(15%),159(57%),67(24%),51(18%),6(43%),4(29%),4(29%),"Piracicaba, Brazil","Sep. 7, 2019"
Natalia Silva,None,Women's Flyweight Division,18-5-1 (W-L-D),5,7,0,48%,25%,386,812,2,8,5.19,0.40,65%,0.40,2.35,0.00,92%,12:24,360(93%),11(3%),15(4%),222(58%),90(23%),74(19%),5(28%),6(33%),7(39%),"Timóteo, Brazil","Jun. 18, 2022"
Karine Silva,"""Killer""",Women's Flyweight Division,18-5-0 (W-L-D),9,8,13,39%,50%,147,381,1,18,3.04,2.79,48%,0.31,3.14,1.86,N/A,08:04,107(73%),27(18%),13(9%),65(44%),37(25%),45(31%),9(50%),1(6%),8(44%),"Dourados, Brazil","Jun. 4, 2022"
Wagner Silva,"""Wagnão""",Welterweight Division,3-3-0 (W-L-D),0,0,0,30%,0%,33,111,,1,1.69,0.00,66%,0.00,2.87,0.00,58%,09:46,30(91%),2(6%),1(3%),14(42%),6(18%),13(39%),0(0%),1(33%),2(67%),Brazil,"May. 31, 2014"
Leandro Silva,"""Buscape""",Lightweight Division,19-4-1 (W-L-D),0,0,0,49%,38%,244,502,,32,2.39,1.76,63%,0.00,2.08,0.44,66%,12:45,210(86%),29(12%),5(2%),122(50%),64(26%),58(24%),1(5%),8(42%),10(53%),"Sao Paulo, Brazil","Jun. 8, 2013"
Joaquim Silva,"""Netto BJJ""",Lightweight Division,13-6-0 (W-L-D),7,3,8,43%,50%,424,976,,6,3.66,0.39,53%,0.39,4.53,0.78,69%,10:33,323(76%),70(17%),31(7%),251(59%),120(28%),53(13%),7(58%),2(17%),3(25%),"Anápolis, Brazil","Jul. 9, 2016"
Claudio Silva,"""Hannibal""",Welterweight Division,14-4-0 (W-L-D),2,9,9,42%,27%,235,559,7,67,2.48,2.85,46%,0.00,3.00,1.11,44%,11:50,168(71%),11(5%),56(24%),129(55%),50(21%),56(24%),2(14%),3(21%),9(64%),"Brasileiro, Brazil","Mar. 8, 2014"
Antonio Silva,"""Bigfoot""",Heavyweight Division,19-10-0 (W-L-D),0,0,0,46%,30%,423,928,,27,2.89,0.82,50%,0.82,3.09,0.82,67%,07:19,237(56%),92(22%),94(22%),287(68%),58(14%),78(18%),15(79%),2(11%),2(11%),"Brasilia, Brazil","May. 26, 2012"
Mayra Bueno Silva,"""Sheetara""",Women's Flyweight Division,10-5-1 (W-L-D),1,7,7,59%,29%,506,865,,17,3.83,0.57,52%,0.00,4.85,1.48,64%,10:10,338(67%),141(28%),27(5%),248(49%),163(32%),95(19%),1(10%),2(20%),7(70%),"Uberlândia, Brazil","Sep. 23, 2018"
Erick Silva,"""The Tiger""",Welterweight Division,19-9-0 (W-L-D),0,0,0,49%,35%,265,544,6,17,2.50,0.85,50%,0.42,4.18,1.41,57%,07:04,170(64%),33(12%),62(23%),146(55%),77(29%),42(16%),0(0%),0(0%),0(0%),"Vila Velha, Brazil","Aug. 27, 2011"
Jay Silva,None,Middleweight Division,5-3-0 (W-L-D),0,0,0,35%,0%,34,98,,2,1.13,0.00,40%,0.00,3.07,1.00,38%,15:00,24(71%),7(21%),3(9%),27(79%),7(21%),0(0%),0(0%),0(0%),0(0%),"Rio de Janeiro, Brazil","Sep. 16, 2009"
Felipe Silva,None,Lightweight Division,8-2-0 (W-L-D),0,0,0,50%,100%,81,162,1,1,5.40,1.00,59%,2.00,1.80,0.00,71%,05:00,36(44%),7(9%),38(47%),54(67%),16(20%),11(14%),6(75%),1(13%),1(13%),Brazil,"Aug. 28, 2016"
Danny Silva,"""El Puma """,Featherweight Division,9-1-0 (W-L-D),5,0,1,59%,50%,249,424,4,12,8.30,3.00,59%,0.50,9.47,0.50,100%,15:00,197(79%),48(19%),4(2%),176(71%),57(23%),16(6%),5(56%),4(44%),0(0%),"Santa Ana, United States","Mar. 16, 2024"
Wanderlei Silva,"""The Axe Murderer""",Light Heavyweight Division,35-12-1 (W-L-D),0,0,0,32%,50%,289,905,,4,3.10,0.32,60%,1.29,7.65,0.16,63%,10:22,222(77%),37(13%),30(10%),210(73%),30(10%),49(17%),0(0%),0(0%),0(0%),"Curitiba, Brazil","Oct. 16, 1998"
Anderson Silva,"""The Spider""",Middleweight Division,34-11-0 (W-L-D),22,4,0,62%,78%,1282,2084,3,18,3.05,0.50,61%,0.86,2.05,0.79,69%,10:15,839(65%),202(16%),241(19%),756(59%),241(19%),285(22%),22(65%),8(24%),4(12%),"State of Sao Paulo, Brazil","Jun. 28, 2006"
Assuerio Silva,None,Heavyweight Division,32-4-0 (W-L-D),0,0,0,48%,39%,58,120,,18,1.78,3.22,54%,0.00,6.52,0.00,25%,10:53,49(84%),6(10%),3(5%),14(24%),23(40%),21(36%),0(0%),0(0%),0(0%),Brazil,"Jan. 16, 2006"
Jhonata Silva,None,Flyweight Division,0-1-0 (W-L-D),0,0,0,53%,N/A,37,70,0,0,4.86,0.00,44%,0.00,9.85,0.00,N/A,07:37,36(97%),1(3%),0(0%),19(51%),17(46%),1(3%),0(0%),0(0%),0(0%),None,"Feb. 11, 2025"
Jean Silva,"""Lord""",Featherweight Division,14-2-0 (W-L-D),11,2,9,53%,50%,199,378,1,4,5.37,0.81,58%,1.22,4.43,0.00,80%,09:16,165(83%),30(15%),4(2%),151(76%),45(23%),3(2%),11(79%),1(7%),2(14%),"Foz do Iguaçu, Brazil","Jan. 13, 2024"
Douglas Silva de Andrade,"""D Silva""",Bantamweight Division,29-6-0 (W-L-D),20,2,11,38%,43%,576,1509,4,14,3.54,0.55,58%,0.55,3.93,0.18,73%,12:31,531(92%),33(6%),12(2%),301(52%),134(23%),141(24%),20(69%),7(24%),2(7%),"Castanhal , Brazil","Feb. 15, 2014"
Elias Silverio,"""Xuxu""",Lightweight Division,11-2-0 (W-L-D),0,0,0,50%,38%,273,547,,21,3.67,1.62,52%,0.20,2.97,0.20,86%,14:52,188(69%),51(19%),34(12%),131(48%),84(31%),58(21%),3(27%),7(64%),1(9%),United States,"Sep. 4, 2013"
Jamey Simmons,"""The Afro Samurai""",Bantamweight Division,7-4-0 (W-L-D),4,1,0,22%,0%,9,41,,3,0.79,0.00,75%,0.00,1.92,0.00,50%,05:43,8(89%),1(11%),0(0%),6(67%),1(11%),2(22%),4(57%),2(29%),1(14%),"Fond du Lac, United States","Nov. 7, 2020"
Ricky Simon,None,Bantamweight Division,20-6-0 (W-L-D),6,4,6,44%,44%,543,1240,9,142,2.99,5.20,62%,0.33,3.84,0.33,75%,12:58,417(77%),52(10%),74(14%),373(69%),91(17%),79(15%),6(30%),10(50%),4(20%),"Pendleton, United States","Aug. 8, 2017"
Aaron Simpson,"""A-Train""",Welterweight Division,11-4-0 (W-L-D),0,0,0,53%,35%,457,867,,92,3.60,3.78,56%,0.83,2.53,0.47,83%,10:35,165(36%),184(40%),108(24%),256(56%),97(21%),104(23%),0(0%),0(0%),0(0%),United States,"Apr. 1, 2009"
Everett Sims,None,Heavyweight Division,4-1-0 (W-L-D),0,0,0,67%,N/A,10,15,0,0,0.81,0.00,31%,0.00,2.19,1.22,43%,12:20,4(40%),6(60%),0(0%),4(40%),5(50%),1(10%),2(67%),0(0%),1(33%),"Washington, United States","Aug. 8, 2017"
Tony Sims,None,Lightweight Division,12-4-0 (W-L-D),0,0,0,63%,50%,38,60,,2,1.81,0.71,66%,0.71,0.76,0.71,50%,07:00,14(37%),1(3%),23(61%),35(92%),2(5%),1(3%),10(83%),0(0%),2(17%),United States,"Jun. 27, 2015"
Wes Sims,"""The Project""",Heavyweight Division,22-12-1 (W-L-D),0,0,0,68%,0%,19,28,,1,1.10,0.00,37%,0.00,3.30,2.61,40%,05:45,2(11%),5(26%),12(63%),2(11%),17(89%),0(0%),0(0%),0(0%),0(0%),"Cleveland, United States","Jun. 6, 2003"
Lodune Sincaid,None,Middleweight Division,0-0-0 (W-L-D),0,0,0,29%,N/A,10,34,0,0,3.05,0.00,50%,0.00,15.84,0.00,75%,03:17,10(100%),0(0%),0(0%),3(30%),0(0%),7(70%),0(0%),0(0%),0(0%),"St. Paul, United States","Apr. 9, 2005"
Rory Singer,"""Outburst""",Middleweight Division,12-7-0 (W-L-D),0,0,0,40%,25%,97,245,,4,2.55,0.39,64%,0.00,2.42,0.79,65%,09:31,50(52%),45(46%),2(2%),60(62%),16(16%),21(22%),0(0%),0(0%),0(0%),"Brooklyn, United States","Jun. 24, 2006"
Arjan Singh Bhullar,None,Heavyweight Division,9-1-0 (W-L-D),3,0,0,57%,75%,121,214,3,8,2.33,1.73,59%,0.29,3.25,0.00,100%,13:00,63(52%),37(31%),21(17%),104(86%),13(11%),4(3%),3(38%),5(63%),0(0%),"Vancouver, Canada","Sep. 9, 2017"
Elvis Sinosic,"""The King of Rock n Rumble""",Light Heavyweight Division,8-11-2 (W-L-D),0,0,0,38%,0%,55,145,,1,1.13,0.00,53%,0.31,4.60,1.23,N/A,06:57,43(78%),10(18%),2(4%),19(35%),9(16%),27(49%),0(0%),0(0%),0(0%),Australia,"Feb. 23, 2001"
Mitchell Sipe,"""The Sniper""",Heavyweight Division,4-1-0 (W-L-D),0,0,0,57%,20%,54,95,,5,5.50,1.53,46%,0.00,9.98,0.00,N/A,09:49,46(85%),5(9%),3(6%),30(56%),15(28%),9(17%),0(0%),0(0%),0(0%),"Bakersfield, United States","Feb. 11, 2025"
Gian Siqueira,None,Welterweight Division,0-1-0 (W-L-D),0,0,0,100%,N/A,4,4,0,0,0.80,0.00,19%,0.00,3.41,0.00,N/A,04:59,4(100%),0(0%),0(0%),1(25%),0(0%),3(75%),0(0%),0(0%),0(0%),"Pinhalzinho, Brazil","Feb. 11, 2025"
Jeremia Siregar,None,Flyweight Division,0-1-0 (W-L-D),0,0,0,42%,0%,11,26,,1,2.80,0.00,29%,0.00,7.37,0.00,75%,03:56,11(100%),0(0%),0(0%),1(9%),2(18%),8(73%),0(0%),0(0%),0(0%),"Lobutangga, Indonesia","Jun. 10, 2022"
Dennis Siver,None,Featherweight Division,23-11-0 (W-L-D),0,0,0,32%,33%,869,2678,13,40,3.87,0.87,65%,0.47,2.67,0.33,65%,10:41,737(85%),46(5%),86(10%),494(57%),118(14%),257(30%),0(0%),0(0%),0(0%),"Ohsk, Russia","Apr. 21, 2007"
Chas Skelly,"""The Scrapper""",Featherweight Division,19-3-0 (W-L-D),4,10,0,41%,34%,226,555,10,38,2.01,1.74,49%,0.27,3.21,2.27,39%,09:21,146(65%),54(24%),26(12%),195(86%),25(11%),6(3%),4(21%),5(26%),10(53%),"Bedford, United States","Apr. 19, 2014"
Kimbo Slice,None,Heavyweight Division,4-2-0 (W-L-D),0,0,0,50%,73%,89,178,,11,2.30,3.10,39%,1.55,3.41,1.16,36%,06:17,39(44%),29(33%),21(24%),67(75%),15(17%),7(8%),0(0%),0(0%),0(0%),Bahamas,"Dec. 5, 2009"
Joe Slick,None,Middleweight Division,0-0-0 (W-L-D),0,0,0,N/A,N/A,0,0,0,0,N/A,N/A,N/A,N/A,N/A,N/A,N/A,N/A,N/A,N/A,N/A,N/A,N/A,N/A,0(0%),0(0%),0(0%),"Iowa City, United States","Nov. 19, 1999"
Cole Smith,"""The Cole Train""",Bantamweight Division,7-2-0 (W-L-D),2,3,0,35%,33%,80,226,2,15,1.78,1.67,50%,0.00,1.96,1.67,45%,15:00,56(70%),17(21%),7(9%),33(41%),24(30%),23(29%),2(29%),2(29%),3(43%),"Vancouver, Canada","May. 4, 2019"
Devonte Smith,"""King Kage""",Lightweight Division,11-4-0 (W-L-D),10,0,7,53%,25%,197,371,,4,4.55,0.35,50%,1.04,3.91,0.35,86%,06:11,144(73%),37(19%),16(8%),124(63%),37(19%),36(18%),10(91%),0(0%),1(9%),"Garfield Heights, United States","Nov. 10, 2018"
Michael Smith,"""Slap Jesus""",None,None,0,0,0,N/A,N/A,0,0,0,0,N/A,N/A,N/A,N/A,N/A,N/A,N/A,N/A,N/A,N/A,N/A,N/A,N/A,N/A,0(0%),0(0%),0(0%),None,"Feb. 11, 2025"
Braxton Smith,"""The Beautiful Monster""",Heavyweight Division,5-2-0 (W-L-D),5,0,5,48%,0%,14,29,,1,6.46,0.00,32%,0.00,11.54,0.00,100%,02:10,14(100%),0(0%),0(0%),13(93%),0(0%),1(7%),5(100%),0(0%),0(0%),"Dothan, United States","May. 6, 2023"
Nate Smith,None,Flyweight Division,0-1-0 (W-L-D),0,0,0,39%,N/A,17,44,0,0,1.28,0.00,36%,0.00,2.04,2.26,33%,13:15,12(71%),2(12%),3(18%),8(47%),1(6%),8(47%),0(0%),0(0%),0(0%),"Chicago, United States","Feb. 11, 2025"
Gilbert Smith,"""Jamal""",Middleweight Division,5-2-0 (W-L-D),0,0,0,41%,60%,14,34,,5,1.09,3.51,35%,0.00,2.73,1.17,N/A,12:49,12(86%),2(14%),0(0%),6(43%),6(43%),2(14%),0(0%),0(0%),0(0%),United States,"Apr. 14, 2013"
Colton Smith,None,Lightweight Division,6-4-0 (W-L-D),0,0,0,42%,36%,54,130,,25,1.64,4.09,52%,0.45,2.30,1.36,25%,08:15,30(56%),17(31%),7(13%),21(39%),11(20%),22(41%),1(17%),2(33%),3(50%),United States,"Dec. 16, 2012"
Trevor Smith,"""Hot Sauce""",Middleweight Division,15-10-0 (W-L-D),1,9,0,56%,32%,551,986,16,59,3.29,1.70,51%,0.18,3.31,0.72,61%,10:59,293(53%),137(25%),121(22%),290(53%),145(26%),116(21%),1(7%),5(33%),9(60%),"Portland, United States","Jan. 8, 2012"
Anthony Smith,"""Lionheart""",Light Heavyweight Division,38-21-0 (W-L-D),19,15,21,49%,24%,865,1760,3,34,3.20,0.44,45%,0.39,4.88,0.61,50%,09:51,756(87%),68(8%),41(5%),534(62%),157(18%),174(20%),19(50%),4(11%),15(39%),"Corpus Christi, United States","Aug. 19, 2012"
Leslie Smith,"""The Peacemaker""",Women's Bantamweight Division,10-7-1 (W-L-D),0,0,0,40%,0%,477,1183,,5,7.56,0.00,51%,0.48,8.41,0.00,63%,09:01,354(74%),116(24%),7(1%),345(72%),73(15%),59(12%),5(50%),5(50%),0(0%),"Santa Ana, United States","Feb. 11, 2025"
Patrick Smith,None,Heavyweight Division,4-2-0 (W-L-D),0,0,0,N/A,N/A,0,0,0,0,N/A,N/A,N/A,N/A,N/A,N/A,N/A,N/A,N/A,N/A,N/A,N/A,N/A,N/A,0(0%),0(0%),0(0%),"Denver, United States","Nov. 12, 1993"
Maurice Smith,"""Mo""",Heavyweight Division,0-0-0 (W-L-D),0,0,0,47%,50%,7,15,,2,0.41,0.89,60%,0.00,0.47,0.89,20%,08:27,6(86%),0(0%),1(14%),0(0%),2(29%),5(71%),0(0%),0(0%),0(0%),"Seattle, United States","Jul. 27, 1997"
Scott Smith,"""Hands of Steel""",Middleweight Division,0-0-0 (W-L-D),0,0,0,34%,0%,66,195,,3,1.94,0.00,50%,0.88,20.87,0.88,58%,08:30,45(68%),17(26%),4(6%),55(83%),3(5%),8(12%),0(0%),0(0%),0(0%),"Reno, United States","Apr. 15, 2006"
Jacobe Smith,"""Cobe""",Welterweight Division,10-0-0 (W-L-D),8,0,7,71%,88%,67,95,,8,7.34,11.50,53%,1.64,1.97,0.00,N/A,04:34,22(33%),4(6%),41(61%),57(85%),4(6%),6(9%),8(80%),2(20%),0(0%),"Muskogee, United States","Jan. 11, 2025"
Elijah Smith,None,Bantamweight Division,1-0-0 (W-L-D),0,0,0,42%,45%,75,180,,11,5.00,5.00,44%,0.00,5.07,1.00,100%,15:00,63(84%),7(9%),5(7%),62(83%),9(12%),4(5%),0(0%),0(0%),0(0%),United States,"Feb. 15, 2025"
Dmitrii Smoliakov,"""The Lifeguard""",Heavyweight Division,9-3-0 (W-L-D),4,5,0,43%,0%,20,47,,4,1.44,0.00,56%,0.00,3.81,0.00,75%,04:38,12(60%),7(35%),1(5%),11(55%),7(35%),2(10%),4(44%),0(0%),5(56%),Belarus,"Jul. 24, 2016"
Louis Smolka,"""Da Last Samurai""",Bantamweight Division,17-9-0 (W-L-D),8,7,4,47%,35%,747,1575,13,51,4.67,1.69,54%,0.19,4.11,1.78,32%,09:24,455(61%),81(11%),211(28%),497(67%),194(26%),56(7%),8(47%),2(12%),7(41%),"Honolulu, United States","Jan. 15, 2014"
Cameron Smotherman,"""The Baby-Faced Killa""",Bantamweight Division,12-4-0 (W-L-D),6,1,2,37%,N/A,100,270,0,0,6.25,0.00,61%,0.00,4.56,0.00,50%,08:00,100(100%),0(0%),0(0%),44(44%),51(51%),5(5%),6(50%),5(42%),1(8%),"Houston, United States","Oct. 19, 2024"
Shimon Smotritsky,"""The Assassin""",Welterweight Division,0-2-0 (W-L-D),0,0,0,35%,33%,15,43,,3,3.52,3.52,56%,3.52,8.67,0.00,50%,02:08,11(73%),4(27%),0(0%),7(47%),6(40%),2(13%),0(0%),0(0%),0(0%),None,"Feb. 11, 2025"
Richie Smullen,None,Lightweight Division,3-1-1 (W-L-D),0,0,0,78%,67%,7,9,2,3,1.98,8.49,65%,0.00,2.26,0.00,N/A,03:32,3(43%),0(0%),4(57%),3(43%),1(14%),3(43%),1(33%),0(0%),2(67%),"Dublin, Ireland","Jul. 6, 2018"
Devin Smyth,None,Welterweight Division,0-0-0 (W-L-D),0,0,0,68%,27%,39,57,,15,2.60,4.00,25%,0.00,6.73,0.00,100%,15:00,1(3%),31(79%),7(18%),20(51%),14(36%),5(13%),0(0%),0(0%),0(0%),"Lansing, United States","Feb. 11, 2025"
Peter Sobotta,None,Welterweight Division,17-6-1 (W-L-D),5,10,0,40%,32%,251,625,12,37,2.14,1.53,59%,0.51,2.90,0.51,78%,11:45,202(80%),14(6%),35(14%),149(59%),45(18%),57(23%),5(29%),2(12%),10(59%),"Hindenburg, Poland","Jun. 13, 2009"
Renato Sobral,"""Babalu""",Light Heavyweight Division,27-7-0 (W-L-D),0,0,0,52%,67%,162,310,,24,2.01,2.97,58%,0.00,2.64,3.16,65%,08:04,37(23%),20(12%),105(65%),110(68%),25(15%),27(17%),0(0%),0(0%),0(0%),Brazil,"Nov. 17, 2000"
Rameau Sokoudjou,"""The African Assassin""",Light Heavyweight Division,5-3-0 (W-L-D),0,0,0,41%,40%,69,169,,5,2.72,1.18,56%,0.59,7.17,1.18,79%,06:21,60(87%),6(9%),3(4%),32(46%),14(20%),23(33%),0(0%),0(0%),0(0%),"Yaounde, Cameroon","Dec. 29, 2007"
Alexander Soldatkin,None,Heavyweight Division,0-1-0 (W-L-D),0,0,0,60%,50%,12,20,,2,1.16,1.45,26%,0.00,1.35,0.00,50%,10:20,4(33%),7(58%),1(8%),6(50%),6(50%),0(0%),0(0%),0(0%),0(0%),None,"Feb. 11, 2025"
Joe Solecki,None,Lightweight Division,13-6-0 (W-L-D),1,8,8,54%,48%,215,399,4,31,1.97,2.06,51%,0.00,1.85,1.37,14%,10:56,130(60%),13(6%),72(33%),180(84%),15(7%),20(9%),1(8%),4(31%),8(62%),"Wenonah, United States","Dec. 7, 2019"
Jin Soo Son,None,Lightweight Division,9-4-0 (W-L-D),4,2,0,36%,25%,153,420,1,12,5.10,1.50,52%,0.00,7.63,0.00,100%,15:00,125(82%),24(16%),4(3%),125(82%),18(12%),10(7%),4(44%),3(33%),2(22%),"Seoul, South Korea","Sep. 15, 2018"
Joe Son,None,,0-0-0 (W-L-D),0,0,0,N/A,N/A,0,0,0,0,N/A,N/A,N/A,N/A,N/A,N/A,N/A,N/A,N/A,N/A,N/A,N/A,N/A,N/A,0(0%),0(0%),0(0%),"Huntington Beach, United States","Dec. 16, 1994"
Emrah Sonmez,None,Featherweight Division,0-1-0 (W-L-D),0,0,0,47%,22%,22,47,,23,1.47,5.00,48%,0.00,1.73,0.00,N/A,15:00,12(55%),2(9%),8(36%),19(86%),3(14%),0(0%),0(0%),0(0%),0(0%),Türkiye,"Feb. 11, 2025"
Chael Sonnen,None,Light Heavyweight Division,29-14-1 (W-L-D),0,0,0,44%,59%,565,1288,,78,3.10,3.78,63%,0.00,1.12,0.41,67%,10:58,170(30%),79(14%),316(56%),373(66%),93(16%),99(18%),0(0%),0(0%),0(0%),"Milwaukie, United States","Oct. 7, 2005"
Benardo Sopaj,"""Lion King""",Bantamweight Division,12-3-0 (W-L-D),7,3,7,56%,71%,126,225,3,7,4.24,2.53,50%,0.51,4.88,0.00,77%,14:51,69(55%),16(13%),41(33%),106(84%),9(7%),11(9%),7(64%),1(9%),3(27%),Albania,"Feb. 11, 2025"
Emiliano Sordi,"""He-Man""",Light Heavyweight Division,16-7-0 (W-L-D),0,0,0,51%,0%,26,51,,5,4.79,0.00,48%,0.00,4.79,8.28,100%,02:43,19(73%),3(12%),4(15%),21(81%),3(12%),2(8%),0(0%),0(0%),0(0%),Argentina,"Feb. 11, 2025"
Punahele Soriano,"""Puna""",Welterweight Division,11-4-0 (W-L-D),7,2,8,54%,56%,458,855,,16,5.00,1.47,48%,0.98,3.88,0.00,38%,09:09,240(52%),27(6%),191(42%),350(76%),93(20%),15(3%),7(64%),2(18%),2(18%),United States,"Sep. 7, 2019"
Sean Soriano,None,Featherweight Division,14-8-0 (W-L-D),7,4,0,62%,56%,180,292,,9,3.18,1.33,56%,0.00,2.14,0.00,53%,11:18,128(71%),29(16%),23(13%),106(59%),32(18%),42(23%),7(50%),3(21%),4(29%),"Providence, United States","Jan. 4, 2014"
Dmitry Sosnovskiy,None,Heavyweight Division,10-0-0 (W-L-D),0,0,0,70%,67%,28,40,2,3,2.95,3.16,35%,0.00,2.53,3.16,100%,09:29,10(36%),5(18%),13(46%),22(79%),5(18%),1(4%),6(60%),2(20%),2(20%),Russia,"Mar. 17, 2018"
Ben Sosoli,"""Combat Wombat""",Heavyweight Division,0-1-0 (W-L-D),6,0,0,31%,N/A,43,137,0,0,2.31,0.00,47%,0.00,4.30,0.00,N/A,06:12,38(88%),5(12%),0(0%),31(72%),11(26%),1(2%),6(86%),1(14%),0(0%),Australia,"Oct. 18, 2019"
Krzysztof Soszynski,"""The Polish Experiment""",Light Heavyweight Division,22-13-1 (W-L-D),0,0,0,41%,27%,288,699,,11,3.58,0.56,59%,0.19,3.37,1.12,72%,08:56,163(57%),65(23%),60(21%),169(59%),66(23%),53(18%),0(0%),0(0%),0(0%),"Stalowa Wola, Poland","Dec. 13, 2008"
George Sotiropoulos,None,Lightweight Division,14-6-0 (W-L-D),0,0,0,27%,31%,281,1050,,54,2.68,2.43,68%,0.14,2.64,1.71,54%,09:33,217(77%),12(4%),52(19%),224(80%),36(13%),21(7%),0(0%),0(0%),0(0%),"Geelong, Australia","Dec. 9, 2007"
Alex Soto,"""Extremo""",Bantamweight Division,6-2-1 (W-L-D),0,0,0,25%,30%,47,186,,10,2.95,2.82,59%,0.00,5.02,0.00,N/A,07:58,41(87%),4(9%),2(4%),19(40%),21(45%),7(15%),0(0%),0(0%),0(0%),Mexico,"Nov. 20, 2011"
Joe Soto,None,Bantamweight Division,18-7-0 (W-L-D),0,0,0,42%,21%,238,570,4,19,3.36,0.85,67%,0.00,5.37,1.91,70%,08:51,211(89%),3(1%),24(10%),195(82%),17(7%),26(11%),5(28%),3(17%),10(56%),"Porterville, United States","Aug. 30, 2014"
Greg Soto,None,Welterweight Division,8-2-0 (W-L-D),0,0,0,64%,27%,97,152,,11,3.21,1.49,53%,0.00,2.61,0.99,44%,10:05,22(23%),22(23%),53(55%),60(62%),29(30%),8(8%),0(0%),0(0%),0(0%),United States,"Mar. 27, 2010"
Andre Soukhamthath,"""The Asian Sensation""",Bantamweight Division,13-8-0 (W-L-D),8,3,0,44%,53%,266,604,4,15,2.77,1.25,50%,0.94,4.31,0.16,59%,13:44,178(67%),58(22%),30(11%),122(46%),88(33%),56(21%),8(62%),2(15%),3(23%),"Providence, United States","Mar. 5, 2017"
Mario Sousa,"""Coração Valente""",Middleweight Division,1-2-0 (W-L-D),0,0,0,51%,25%,81,159,,4,2.82,0.52,28%,0.00,2.99,0.52,38%,09:35,46(57%),10(12%),25(31%),51(63%),18(22%),12(15%),0(0%),0(0%),0(0%),"Santa Luzia, Brazil","Feb. 11, 2025"
Bobby Southworth,None,Light Heavyweight Division,0-0-0 (W-L-D),0,0,0,25%,50%,21,84,,2,1.40,1.00,66%,0.00,5.20,0.00,65%,15:00,19(90%),1(5%),1(5%),6(29%),1(5%),14(67%),0(0%),0(0%),0(0%),"Santa Cruz, United States","Apr. 9, 2005"
Bruno Souza,"""The Tiger""",Featherweight Division,10-3-0 (W-L-D),1,2,0,40%,17%,112,281,,6,3.73,0.50,46%,0.00,5.30,0.00,60%,15:00,105(94%),7(6%),0(0%),64(57%),30(27%),18(16%),1(10%),7(70%),2(20%),"Recife, Brazil","Nov. 6, 2021"
Willian Souza,None,Bantamweight Division,0-0-0 (W-L-D),0,0,0,N/A,N/A,0,0,0,0,N/A,N/A,N/A,N/A,N/A,N/A,N/A,00:00,0(0%),0(0%),0(0%),0(0%),0(0%),0(0%),0(0%),0(0%),0(0%),None,"Feb. 11, 2025"
Kevin Souza,None,Featherweight Division,19-4-0 (W-L-D),0,0,0,45%,N/A,155,348,0,0,4.65,0.00,58%,0.90,2.91,0.00,50%,08:20,127(82%),13(8%),15(10%),119(77%),35(23%),1(1%),14(74%),4(21%),1(5%),United States,"Sep. 4, 2013"
Ronaldo Souza,"""Jacare""",Middleweight Division,26-10-0 (W-L-D),8,14,0,47%,39%,710,1508,13,122,2.53,2.57,62%,0.27,2.83,1.34,58%,09:40,414(58%),114(16%),182(26%),493(69%),165(23%),52(7%),8(31%),4(15%),14(54%),"Vila Velha, Brazil","Mar. 4, 2012"
Livinha Souza,"""The Brazilian Gangsta""",Women's Strawweight Division,14-4-0 (W-L-D),2,8,0,45%,46%,114,253,1,24,1.75,2.54,57%,0.00,3.60,1.38,40%,10:50,79(69%),20(18%),15(13%),51(45%),28(25%),35(31%),2(14%),4(29%),8(57%),"Araraquara, Brazil","Sep. 22, 2018"
Ketlen Souza,"""Esquentadinha""",Women's Strawweight Division,15-4-0 (W-L-D),8,2,5,67%,50%,101,151,,2,5.11,0.76,57%,0.76,3.49,0.76,63%,06:36,87(86%),11(11%),3(3%),50(50%),34(34%),17(17%),8(53%),5(33%),2(13%),"Manaus, Brazil","Jun. 3, 2023"
Andreas Spang,None,Heavyweight Division,0-0-0 (W-L-D),0,0,0,N/A,N/A,0,0,0,0,N/A,N/A,N/A,N/A,N/A,N/A,N/A,N/A,N/A,N/A,N/A,N/A,N/A,N/A,0(0%),0(0%),0(0%),United States,"Feb. 11, 2025"
Chris Spang,"""The Kiss""",Welterweight Division,5-2-0 (W-L-D),0,0,0,9%,N/A,5,57,0,0,0.33,0.00,60%,0.00,4.33,0.00,50%,15:00,4(80%),1(20%),0(0%),1(20%),1(20%),3(60%),0(0%),0(0%),0(0%),"Vaxjo, Sweden","Jan. 8, 2012"
Ryan Spann,"""Superman""",Light Heavyweight Division,22-10-0 (W-L-D),6,13,16,41%,35%,263,647,,20,3.30,1.32,44%,1.13,3.90,1.69,50%,05:19,192(73%),21(8%),50(19%),204(78%),48(18%),11(4%),6(27%),3(14%),13(59%),"Memphis, United States","Jul. 25, 2017"
Tommy Speer,"""The Farmboy""",Welterweight Division,9-3-0 (W-L-D),0,0,0,51%,33%,19,37,,3,2.56,2.02,36%,0.00,5.12,0.00,33%,02:28,0(0%),14(74%),5(26%),5(26%),2(11%),12(63%),0(0%),0(0%),0(0%),"Elgin, United States","Dec. 9, 2007"
Felicia Spencer,"""FeeNom""",Women's Featherweight Division,9-3-0 (W-L-D),2,4,0,49%,19%,245,502,1,32,3.21,1.18,45%,0.00,4.54,0.20,27%,12:44,120(49%),64(26%),61(25%),167(68%),43(18%),35(14%),2(25%),2(25%),4(50%),"Montreal, Canada","May. 18, 2019"
Sean Spencer,None,Welterweight Division,12-6-0 (W-L-D),0,0,0,32%,33%,456,1406,,3,4.24,0.14,61%,0.42,4.02,0.00,69%,13:26,391(86%),49(11%),16(4%),345(76%),77(17%),34(7%),2(20%),6(60%),2(20%),"Bluefield, United States","Jan. 26, 2013"
Eric Spicely,"""Zebrinha""",Middleweight Division,12-6-0 (W-L-D),4,0,0,45%,20%,170,376,4,20,3.71,1.31,56%,0.00,5.72,0.98,75%,06:33,108(64%),38(22%),24(14%),143(84%),21(12%),6(4%),4(33%),2(17%),6(50%),"Stoughton, United States","Jul. 14, 2016"
Daniel Spitz,"""Daddy Long Legs""",Heavyweight Division,6-3-0 (W-L-D),2,3,0,36%,67%,105,292,2,3,2.60,0.74,46%,0.00,5.30,0.00,N/A,10:06,93(89%),8(8%),4(4%),59(56%),24(23%),22(21%),2(33%),1(17%),3(50%),"Spokane, United States","Mar. 5, 2017"
Serghei Spivac,"""Polar Bear""",Heavyweight Division,17-5-0 (W-L-D),7,8,11,50%,66%,333,670,,44,3.49,4.56,49%,0.00,3.77,0.63,64%,07:21,163(49%),14(4%),156(47%),317(95%),11(3%),5(2%),7(41%),2(12%),8(47%),"Chisinau, Moldova","May. 4, 2019"
Daniel Spohn,"""Dragon""",Light Heavyweight Division,16-5-0 (W-L-D),0,0,0,49%,0%,44,89,,1,2.42,0.00,54%,0.00,1.60,2.48,29%,09:05,25(57%),11(25%),8(18%),33(75%),8(18%),3(7%),7(44%),5(31%),4(25%),United States,"Jul. 18, 2017"
Pete Spratt,"""The Secret Weapon""",Welterweight Division,16-8-0 (W-L-D),0,0,0,58%,100%,61,106,,1,1.76,0.43,55%,0.00,1.93,0.43,46%,04:58,24(39%),18(30%),19(31%),33(54%),12(20%),16(26%),0(0%),0(0%),0(0%),"Denison, United States","Jun. 22, 2002"
Austin Springer,None,Featherweight Division,10-4-0 (W-L-D),0,0,0,58%,40%,63,109,,10,3.54,3.37,42%,0.00,3.15,0.84,100%,08:54,31(49%),7(11%),25(40%),39(62%),12(19%),12(19%),0(0%),0(0%),0(0%),"Kennewick, United States","Feb. 11, 2025"
Georges St-Pierre,"""Rush""",Middleweight Division,26-2-0 (W-L-D),0,0,0,54%,74%,1393,2598,90,137,3.78,4.16,73%,0.37,1.40,1.10,84%,13:09,762(55%),108(8%),523(38%),914(66%),257(18%),222(16%),8(31%),12(46%),6(23%),"Montreal, Canada","Jan. 31, 2004"
Andreas Stahl,"""Real Steel""",Welterweight Division,9-2-0 (W-L-D),0,0,0,38%,67%,55,145,,3,2.83,1.55,58%,0.00,4.74,0.00,80%,09:43,40(73%),13(24%),2(4%),33(60%),13(24%),9(16%),3(33%),5(56%),1(11%),"Orjan, Sweden","Jul. 26, 2014"
Ron Stallings,"""ChoirBoy""",Middleweight Division,13-8-0 (W-L-D),0,0,0,61%,N/A,84,138,0,0,3.22,0.00,51%,0.00,3.26,0.00,71%,10:16,59(70%),22(26%),3(4%),52(62%),22(26%),10(12%),6(46%),1(8%),6(46%),"Durham, United States","Jan. 18, 2015"
Cody Stamann,"""Spartan""",Bantamweight Division,21-8-1 (W-L-D),7,2,5,47%,37%,776,1656,15,70,4.32,2.17,60%,0.17,3.91,0.00,76%,11:59,599(77%),101(13%),76(10%),493(64%),202(26%),81(10%),7(33%),12(57%),2(10%),"Grand Rapids, United States","Jul. 8, 2017"
Cristina Stanciu,"""Barbie""",Women's Strawweight Division,5-2-0 (W-L-D),0,0,0,50%,100%,44,88,,1,2.50,0.85,52%,0.00,3.07,1.70,40%,08:48,34(77%),2(5%),8(18%),17(39%),15(34%),12(27%),1(20%),1(20%),3(60%),"Bucharest, Romania","Apr. 10, 2016"
Brian Stann,"""All American""",Middleweight Division,12-6-0 (W-L-D),0,0,0,43%,13%,426,1002,,8,3.28,0.12,59%,1.04,2.65,0.35,61%,07:39,225(53%),112(26%),89(21%),237(56%),84(20%),105(25%),0(0%),0(0%),0(0%),United States,"Apr. 18, 2009"
Joshua Stansbury,"""The Sandman""",Light Heavyweight Division,8-5-0 (W-L-D),0,0,0,55%,0%,101,185,,5,3.22,0.00,55%,0.00,3.54,0.96,88%,10:27,64(63%),22(22%),15(15%),69(68%),17(17%),15(15%),1(13%),2(25%),5(63%),"East Liverpool, United States","Jul. 9, 2016"
Dion Staring,"""Soldier""",Heavyweight Division,0-0-0 (W-L-D),0,0,0,N/A,N/A,0,0,0,0,N/A,N/A,N/A,N/A,N/A,N/A,N/A,N/A,N/A,N/A,N/A,N/A,N/A,N/A,0(0%),0(0%),0(0%),None,"Jan. 13, 2013"
Clifford Starks,None,Middleweight Division,8-2-0 (W-L-D),0,0,0,33%,100%,45,136,,3,1.94,1.94,59%,0.00,2.49,0.00,60%,07:45,35(78%),3(7%),7(16%),40(89%),4(9%),1(2%),0(0%),0(0%),0(0%),United States,"Oct. 29, 2011"
Kalib Starnes,None,Middleweight Division,10-4-1 (W-L-D),0,0,0,49%,33%,139,286,,15,2.71,1.46,53%,0.00,4.43,0.59,25%,10:15,69(50%),43(31%),27(19%),76(55%),42(30%),21(15%),0(0%),0(0%),0(0%),"Surrey, Canada","Jun. 24, 2006"
Laureano Staropoli,"""Pepi""",Middleweight Division,9-5-0 (W-L-D),5,2,0,34%,26%,298,876,,19,3.31,0.83,54%,0.00,3.73,0.00,48%,15:00,283(95%),14(5%),1(0%),198(66%),72(24%),28(9%),5(56%),2(22%),2(22%),"La Plata, Argentina","Nov. 17, 2018"
Damian Stasiak,"""Webster""",Bantamweight Division,10-6-0 (W-L-D),0,0,0,36%,35%,137,377,13,37,1.86,2.64,53%,0.00,3.10,0.61,44%,12:19,116(85%),8(6%),13(9%),88(64%),28(20%),21(15%),1(9%),3(27%),7(64%),"Zgierz, Poland","Apr. 11, 2015"
Ricky Steele,None,Bantamweight Division,0-0-0 (W-L-D),0,0,0,71%,0%,61,86,,2,4.07,0.00,50%,0.00,2.93,0.00,92%,15:00,26(43%),22(36%),13(21%),34(56%),10(16%),17(28%),0(0%),0(0%),0(0%),"Indio, United States","Feb. 11, 2025"
Dominique Steele,"""“Non-Stop Action-Packed” Dom T. Steele""",Welterweight Division,14-9-0 (W-L-D),0,0,0,49%,42%,165,336,11,33,2.32,2.95,50%,0.63,2.42,0.00,76%,11:52,65(39%),61(37%),39(24%),120(73%),37(22%),8(5%),7(41%),7(41%),3(18%),"Cincinnati, United States","Jul. 25, 2015"
Kody Steele,None,Lightweight Division,7-1-0 (W-L-D),4,1,1,33%,14%,107,327,,7,4.44,0.62,52%,0.62,7.17,0.00,100%,12:04,104(97%),2(2%),1(1%),79(74%),24(22%),4(4%),4(57%),2(29%),1(14%),"Port Angeles, United States","Feb. 8, 2025"
Alex Steibling,None,Middleweight Division,0-0-0 (W-L-D),0,0,0,45%,N/A,5,11,0,0,0.40,0.00,50%,0.00,7.55,1.19,60%,09:12,0(0%),2(40%),3(60%),3(60%),2(40%),0(0%),0(0%),0(0%),0(0%),United States,"Nov. 17, 2000"
Steve Steinbeiss,"""The Hooligan""",Middleweight Division,4-4-0 (W-L-D),0,0,0,56%,50%,133,239,,2,3.92,0.44,49%,0.00,1.86,0.00,58%,11:19,53(40%),67(50%),13(10%),47(35%),70(53%),16(12%),0(0%),0(0%),0(0%),"Phoenix, United States","Sep. 16, 2009"
Dmitrei Stepanov,None,Heavyweight Division,0-0-0 (W-L-D),0,0,0,N/A,N/A,0,0,0,0,N/A,N/A,N/A,N/A,N/A,N/A,N/A,N/A,N/A,N/A,N/A,N/A,N/A,N/A,0(0%),0(0%),0(0%),United States,"May. 30, 1997"
Jeremy Stephens,"""Lil' Heathen""",Lightweight Division,28-19-0 (W-L-D),19,2,0,41%,38%,1234,3017,27,78,3.17,1.16,58%,0.69,3.05,0.39,65%,11:27,897(73%),124(10%),213(17%),730(59%),215(17%),289(23%),19(68%),7(25%),2(7%),"Des Moines, United States","May. 27, 2007"
Aljamain Sterling,"""Funk Master""",Featherweight Division,24-5-0 (W-L-D),3,8,4,52%,30%,1237,2359,21,157,4.41,2.51,59%,0.00,2.21,0.69,43%,13:22,816(66%),187(15%),234(19%),601(49%),410(33%),226(18%),3(13%),13(54%),8(33%),United States,"Feb. 22, 2014"
Maia Stevenson,None,Women's Strawweight Division,6-5-0 (W-L-D),0,0,0,55%,100%,6,11,1,1,1.57,3.91,33%,0.00,3.13,0.00,50%,03:50,4(67%),2(33%),0(0%),1(17%),3(50%),2(33%),3(50%),1(17%),2(33%),"San Diego, United States","Feb. 4, 2018"
Joe Stevenson,"""Daddy""",Featherweight Division,36-14-0 (W-L-D),0,0,0,45%,45%,391,877,,78,2.05,2.75,61%,0.08,2.44,2.20,40%,09:33,162(41%),56(14%),173(44%),276(71%),63(16%),52(13%),0(0%),0(0%),0(0%),United States,"Nov. 5, 2005"
Kyle Stewart,"""Gunz Up""",Welterweight Division,8-2-0 (W-L-D),4,3,0,35%,20%,32,91,,10,1.41,1.32,43%,0.00,2.42,0.00,60%,07:35,23(72%),5(16%),4(13%),20(63%),5(16%),7(22%),4(36%),4(36%),3(27%),"Mesa, United States","Jan. 19, 2019"
Darren Stewart,"""The Dentist""",Light Heavyweight Division,12-8-0 (W-L-D),7,1,0,46%,45%,392,860,6,33,3.05,1.75,49%,0.23,3.29,0.12,68%,09:10,223(57%),116(30%),53(14%),248(63%),58(15%),86(22%),7(58%),4(33%),1(8%),"London, United Kingdom","Nov. 20, 2016"
Navajo Stirling,None,Light Heavyweight Division,6-0-0 (W-L-D),4,0,2,56%,0%,130,231,,5,5.82,0.00,59%,0.67,2.55,0.00,73%,11:11,119(92%),11(8%),0(0%),49(38%),52(40%),29(22%),4(67%),2(33%),0(0%),"Upper Hutt, New Zealand","Dec. 14, 2024"
Dan Stittgen,"""The Anvil""",Welterweight Division,7-3-0 (W-L-D),0,0,0,46%,100%,57,123,,1,2.97,0.78,37%,0.00,4.42,0.00,100%,09:37,46(81%),11(19%),0(0%),16(28%),12(21%),29(51%),0(0%),0(0%),0(0%),United States,"Feb. 4, 2012"
Lazar Stojadinovic,None,Featherweight Division,12-6-0 (W-L-D),0,0,0,29%,0%,12,41,,1,1.82,0.00,59%,0.00,1.97,0.00,N/A,06:35,11(92%),1(8%),0(0%),4(33%),6(50%),2(17%),3(25%),4(33%),5(42%),United States,"Jul. 18, 2017"
Denis Stojnic,"""The Menace""",Heavyweight Division,12-3-0 (W-L-D),0,0,0,23%,N/A,23,99,0,0,1.51,0.00,37%,0.00,6.06,0.99,80%,07:36,4(17%),3(13%),16(70%),19(83%),2(9%),2(9%),0(0%),0(0%),0(0%),None,"Feb. 7, 2009"
Julija Stoliarenko,None,Women's Flyweight Division,11-8-2 (W-L-D),0,10,10,39%,28%,202,515,,18,2.49,0.93,46%,0.00,4.54,1.67,55%,10:08,181(90%),15(7%),6(3%),133(66%),38(19%),31(15%),0(0%),1(9%),10(91%),Lithuania,"Aug. 8, 2020"
Dustin Stoltzfus,None,Middleweight Division,16-6-0 (W-L-D),3,6,6,45%,41%,271,605,4,29,3.47,2.31,47%,0.38,3.29,1.15,46%,08:40,215(79%),32(12%),24(9%),147(54%),58(21%),66(24%),3(19%),7(44%),6(38%),"Lancaster, United States","Nov. 21, 2020"
Niklas Stolze,"""Green Mask""",Lightweight Division,0-3-0 (W-L-D),4,5,6,48%,100%,48,99,1,1,2.12,0.66,49%,0.00,2.25,0.66,56%,07:33,40(83%),5(10%),3(6%),20(42%),10(21%),18(38%),4(33%),3(25%),5(42%),"Schonebeck, Germany","Jul. 25, 2020"
Ken Stone,None,Bantamweight Division,11-4-0 (W-L-D),0,0,0,49%,33%,93,188,,6,3.85,1.24,49%,0.00,2.90,0.62,60%,04:50,68(73%),24(26%),1(1%),44(47%),15(16%),34(37%),0(0%),0(0%),0(0%),United States,"Jun. 5, 2011"
Rick Story,"""The Horror""",Welterweight Division,19-9-0 (W-L-D),0,0,0,42%,48%,901,2158,,83,3.80,2.53,63%,0.38,2.17,0.89,63%,12:29,548(61%),201(22%),152(17%),465(52%),312(35%),124(14%),0(0%),0(0%),0(0%),"Vancouver, United States","Jun. 13, 2009"
Darko Stosic,None,Light Heavyweight Division,13-4-0 (W-L-D),8,1,0,45%,50%,126,277,,22,2.61,3.42,58%,0.00,4.04,0.00,83%,12:03,86(68%),21(17%),19(15%),72(57%),13(10%),41(33%),8(62%),4(31%),1(8%),"Lacarak, Serbia","Jul. 22, 2018"
Greg Stott,None,Heavyweight Division,0-0-0 (W-L-D),0,0,0,N/A,N/A,0,0,0,0,N/A,N/A,N/A,N/A,N/A,N/A,N/A,N/A,N/A,N/A,N/A,N/A,N/A,N/A,0(0%),0(0%),0(0%),"Sanford, United States","Oct. 17, 1997"
Curtis Stout,None,Middleweight Division,0-0-0 (W-L-D),0,0,0,70%,N/A,7,10,0,0,0.44,0.00,29%,0.00,5.47,0.00,20%,08:03,6(86%),0(0%),1(14%),0(0%),3(43%),4(57%),0(0%),0(0%),0(0%),"Poughkeepsie, United States","Feb. 23, 2001"
Sam Stout,"""Hands of Stone""",Lightweight Division,21-12-1 (W-L-D),0,0,0,29%,38%,995,3444,,26,4.17,0.63,57%,0.19,4.08,0.13,78%,11:55,856(86%),93(9%),46(5%),474(48%),287(29%),234(24%),0(0%),0(0%),0(0%),United States,"Mar. 4, 2006"
Jesse Strader,"""Sui Generis""",Bantamweight Division,5-3-0 (W-L-D),4,0,0,52%,57%,78,151,4,7,5.03,3.87,47%,0.00,5.28,0.00,100%,07:46,63(81%),13(17%),2(3%),20(26%),29(37%),29(37%),4(80%),1(20%),0(0%),"Lancaster, United States","Mar. 20, 2021"
Dave Strasser,None,Welterweight Division,22-4-4 (W-L-D),0,0,0,46%,33%,62,136,,3,3.29,0.80,59%,0.00,2.07,0.00,33%,09:26,23(37%),15(24%),24(39%),47(76%),13(21%),2(3%),0(0%),0(0%),0(0%),"Kenosha, United States","Apr. 25, 2003"
Gerald Strebendt,None,Lightweight Division,7-3-0 (W-L-D),0,0,0,N/A,N/A,0,0,0,0,0.00,0.00,39%,0.00,4.00,16.36,N/A,02:45,0(0%),0(0%),0(0%),0(0%),0(0%),0(0%),0(0%),0(0%),0(0%),"Coos Bay, United States","Sep. 26, 2003"
Sean Strickland,None,Middleweight Division,29-7-0 (W-L-D),11,4,9,43%,64%,2197,5164,11,28,5.95,0.73,61%,0.24,4.57,0.16,76%,16:03,2019(92%),75(3%),103(5%),1752(80%),329(15%),116(5%),11(38%),14(48%),4(14%),United States,"Mar. 15, 2014"
Mark Striegl,"""Mugen""",Featherweight Division,18-4-0 (W-L-D),0,14,0,46%,0%,11,24,,3,1.40,0.00,41%,0.00,4.07,0.00,67%,03:56,10(91%),0(0%),1(9%),5(45%),1(9%),5(45%),0(0%),4(22%),14(78%),"Tokyo, Japan","Oct. 17, 2020"
Hans Stringer,None,Light Heavyweight Division,22-7-3 (W-L-D),0,0,0,62%,36%,79,128,,11,3.16,2.40,42%,0.00,2.84,0.00,63%,08:21,34(43%),19(24%),26(33%),40(51%),12(15%),27(34%),9(41%),5(23%),8(36%),United States,"Mar. 24, 2014"
Stefan Struve,"""Skyscraper""",Heavyweight Division,33-13-0 (W-L-D),8,18,4,47%,47%,585,1233,6,15,3.12,0.56,47%,0.24,4.04,1.68,56%,07:49,489(84%),35(6%),61(10%),310(53%),132(23%),143(24%),8(24%),7(21%),18(55%),"Beverwijk, Netherlands","Feb. 21, 2009"
Josh Stuart,None,Lightweight Division,0-0-0 (W-L-D),0,0,0,N/A,N/A,0,0,0,0,N/A,N/A,N/A,N/A,N/A,N/A,N/A,N/A,N/A,N/A,N/A,N/A,N/A,N/A,0(0%),0(0%),0(0%),United States,"Feb. 11, 2025"
Mike Stumpf,None,Welterweight Division,11-4-0 (W-L-D),0,0,0,43%,25%,63,146,,8,3.34,1.59,47%,0.00,8.85,0.80,33%,09:26,51(81%),12(19%),0(0%),26(41%),16(25%),21(33%),0(0%),0(0%),0(0%),United States,"Sep. 17, 2011"
Tatiana Suarez,None,Women's Strawweight Division,11-1-0 (W-L-D),2,6,2,62%,47%,291,472,18,59,3.22,4.65,47%,0.00,1.58,0.66,80%,11:18,87(30%),35(12%),169(58%),158(54%),79(27%),54(19%),2(18%),3(27%),6(55%),"Bellflower, United States","Jul. 9, 2016"
Vineesh Subrahmanyan,"""Vini""",None,None,0,0,0,N/A,N/A,0,0,0,0,N/A,N/A,N/A,N/A,N/A,N/A,N/A,N/A,N/A,N/A,N/A,N/A,N/A,N/A,0(0%),0(0%),0(0%),None,"Feb. 11, 2025"
Genki Sudo,"""The Neo Samurai""",Lightweight Division,13-3-1 (W-L-D),0,0,0,39%,60%,39,100,,10,1.55,3.58,33%,0.00,2.23,4.17,50%,08:23,14(36%),6(15%),19(49%),21(54%),8(21%),10(26%),0(0%),0(0%),0(0%),"Tokyo, Japan","Jul. 13, 2002"
Lukasz Sudolski,None,Light Heavyweight Division,0-1-0 (W-L-D),0,0,0,68%,N/A,21,31,0,0,5.70,0.00,28%,0.00,4.89,0.00,100%,03:41,9(43%),12(57%),0(0%),8(38%),10(48%),3(14%),0(0%),0(0%),0(0%),"Szczecin, Poland","Feb. 11, 2025"
George Sullivan,"""The Silencer""",Welterweight Division,17-7-0 (W-L-D),0,0,0,40%,21%,232,583,6,29,3.53,1.37,58%,0.00,2.42,0.69,38%,09:23,131(56%),32(14%),69(30%),133(57%),53(23%),46(20%),11(65%),6(35%),0(0%),"Red Bank, United States","Jan. 25, 2014"
Amar Suloev,None,Middleweight Division,36-6-0 (W-L-D),0,0,0,42%,100%,35,84,,1,1.95,0.83,71%,0.00,6.90,0.83,88%,09:00,33(94%),0(0%),2(6%),21(60%),2(6%),12(34%),0(0%),0(0%),0(0%),Armenia,"Jan. 11, 2002"
Justin Sumter,"""The Fort""",Middleweight Division,7-2-0 (W-L-D),0,0,0,48%,100%,14,29,,1,2.68,2.87,34%,0.00,7.64,0.00,N/A,02:37,13(93%),0(0%),1(7%),9(64%),2(14%),3(21%),0(0%),0(0%),0(0%),"Myrtle Beach, United States","Feb. 11, 2025"
Rama Supandhi,None,Flyweight Division,0-1-0 (W-L-D),0,0,0,42%,11%,33,78,,9,2.20,1.00,49%,0.00,3.53,0.00,N/A,15:00,33(100%),0(0%),0(0%),21(64%),4(12%),8(24%),0(0%),0(0%),0(0%),"Los Angeles, United States","Jun. 9, 2022"
Joel Sutton,None,,0-0-0 (W-L-D),0,0,0,N/A,N/A,0,0,0,0,N/A,N/A,N/A,N/A,N/A,N/A,N/A,N/A,N/A,N/A,N/A,N/A,N/A,N/A,0(0%),0(0%),0(0%),United States,"Jul. 14, 1995"
Danilo Suzart,None,Heavyweight Division,0-1-0 (W-L-D),0,0,0,56%,N/A,15,27,0,0,4.09,0.00,52%,0.00,11.73,0.00,N/A,03:40,12(80%),3(20%),0(0%),8(53%),7(47%),0(0%),0(0%),0(0%),0(0%),"State of Bahia, Brazil","Feb. 11, 2025"
Martin Svensson,"""Big Swede""",Lightweight Division,14-6-0 (W-L-D),0,0,0,38%,0%,13,34,,4,2.02,0.00,39%,0.00,5.91,0.00,N/A,06:26,12(92%),0(0%),1(8%),3(23%),5(38%),5(38%),1(7%),5(36%),8(57%),Sweden,"Feb. 27, 2016"
Daniel Swain,None,Featherweight Division,20-10-1 (W-L-D),0,0,0,44%,N/A,4,9,0,0,0.80,0.00,41%,0.00,3.20,6.00,N/A,05:00,3(75%),1(25%),0(0%),1(25%),2(50%),1(25%),0(0%),0(0%),0(0%),"Spokane, United States","Feb. 11, 2025"
Cub Swanson,None,Featherweight Division,30-14-0 (W-L-D),14,4,0,51%,50%,1846,3603,11,52,4.79,1.01,59%,0.39,4.00,0.39,64%,11:41,1488(81%),196(11%),162(9%),1128(61%),346(19%),372(20%),14(47%),12(40%),4(13%),"Palm Springs, United States","Nov. 12, 2011"
Evan Sweesy,"""Showtime Swees""",None,None,0,0,0,N/A,N/A,0,0,0,0,N/A,N/A,N/A,N/A,N/A,N/A,N/A,N/A,N/A,N/A,N/A,N/A,N/A,N/A,0(0%),0(0%),0(0%),None,"Feb. 11, 2025"
Mike Swick,"""Quick""",Welterweight Division,15-6-0 (W-L-D),0,0,0,38%,50%,334,881,,20,2.36,1.06,54%,0.53,2.29,0.64,62%,08:42,160(48%),124(37%),50(15%),163(49%),75(22%),96(29%),0(0%),0(0%),0(0%),United States,"Apr. 9, 2005"
Floyd Sword,None,Middleweight Division,14-2-0 (W-L-D),0,0,0,43%,N/A,3,7,0,0,0.78,0.00,40%,0.00,1.57,0.00,33%,03:50,2(67%),1(33%),0(0%),1(33%),1(33%),1(33%),0(0%),0(0%),0(0%),"Farmington, United States","Jun. 23, 2007"
Oumar Sy,None,Light Heavyweight Division,11-0-0 (W-L-D),4,4,7,59%,40%,90,152,2,10,4.81,3.21,74%,0.00,1.71,0.80,100%,09:22,78(87%),12(13%),0(0%),44(49%),19(21%),27(30%),4(36%),3(27%),4(36%),"Paris , France","May. 18, 2024"
Klaudia Syguła,None,Women's Bantamweight Division,6-2-0 (W-L-D),2,1,2,38%,0%,12,32,,3,1.89,0.00,37%,0.00,6.00,0.00,33%,06:20,12(100%),0(0%),0(0%),5(42%),1(8%),6(50%),2(33%),3(50%),1(17%),"Poddębice, Poland","Nov. 9, 2024"
Kevin Syler,"""El Nino Bala""",Lightweight Division,10-1-0 (W-L-D),0,0,0,69%,40%,168,242,,5,5.60,1.00,48%,0.00,4.03,2.00,78%,15:00,136(81%),4(2%),28(17%),142(85%),23(14%),3(2%),0(0%),0(0%),0(0%),None,"Feb. 11, 2025"
Bentley Syler,"""Dr. Bolivia""",Flyweight Division,5-1-0 (W-L-D),0,0,0,19%,N/A,15,79,0,0,1.30,0.00,80%,0.00,1.73,0.00,75%,11:34,14(93%),1(7%),0(0%),8(53%),1(7%),6(40%),2(40%),1(20%),2(40%),Bolivia,"Mar. 21, 2015"
Tim Sylvia,"""The Maine-iac""",Heavyweight Division,26-4-0 (W-L-D),0,0,0,42%,100%,585,1402,,1,4.23,0.11,61%,0.54,2.61,0.11,75%,09:52,396(68%),137(23%),52(9%),422(72%),75(13%),88(15%),0(0%),0(0%),0(0%),"Ellsworth, United States","Sep. 27, 2002"
Kevin Szaflarski,None,Heavyweight Division,0-1-0 (W-L-D),0,0,0,28%,0%,17,60,,7,1.13,0.00,30%,0.00,8.07,0.00,N/A,15:00,17(100%),0(0%),0(0%),16(94%),1(6%),0(0%),0(0%),0(0%),0(0%),"Vienna, Austria","Feb. 11, 2025"
Eugenio Tadeu,None,Lightweight Division,0-0-0 (W-L-D),0,0,0,N/A,N/A,0,0,0,0,N/A,N/A,N/A,N/A,N/A,N/A,N/A,N/A,N/A,N/A,N/A,N/A,N/A,N/A,0(0%),0(0%),0(0%),"Los Angeles, United States","Mar. 13, 1998"
Junior Tafa,"""The Juggernaut""",Heavyweight Division,6-3-0 (W-L-D),6,0,4,49%,N/A,117,237,0,0,3.36,0.00,52%,0.43,2.84,0.00,78%,06:58,101(86%),15(13%),1(1%),98(84%),18(15%),1(1%),6(100%),0(0%),0(0%),"Brisbane, Australia","Feb. 11, 2023"
Justin Tafa,"""Bad Man""",Heavyweight Division,7-5-0 (W-L-D),7,0,5,54%,0%,221,406,,2,4.05,0.00,47%,1.10,5.11,0.00,53%,05:27,187(85%),26(12%),8(4%),129(58%),62(28%),30(14%),7(100%),0(0%),0(0%),"West Auckland, New Zealand","Oct. 5, 2019"
Khalid Taha,"""The Warrior""",Bantamweight Division,13-5-0 (W-L-D),9,2,7,32%,0%,163,502,,3,2.64,0.00,47%,0.49,4.12,0.24,62%,10:17,127(78%),16(10%),20(12%),112(69%),25(15%),26(16%),9(69%),2(15%),2(15%),"Warendorf, Germany","Jul. 22, 2018"
Tatsuro Taira,None,Flyweight Division,16-1-0 (W-L-D),5,7,8,60%,44%,247,410,1,34,2.99,2.73,47%,0.36,2.69,1.64,45%,11:48,129(52%),8(3%),110(45%),189(77%),20(8%),38(15%),5(31%),4(25%),7(44%),Japan,"Apr. 30, 2022"
Mairbek Taisumov,"""Beckan""",Lightweight Division,27-6-0 (W-L-D),0,0,0,39%,64%,233,595,7,11,2.98,1.34,65%,0.77,3.03,0.00,88%,08:42,197(85%),13(6%),23(10%),145(62%),39(17%),49(21%),16(62%),2(8%),8(31%),"Grosny, Russia","Jan. 4, 2014"
Yoshiki Takahashi,None,Lightweight Division,0-0-0 (W-L-D),0,0,0,N/A,N/A,0,0,0,0,N/A,N/A,N/A,N/A,N/A,N/A,N/A,N/A,N/A,N/A,N/A,N/A,N/A,N/A,0(0%),0(0%),0(0%),Japan,"Feb. 7, 1997"
Daiju Takase,None,Welterweight Division,0-0-0 (W-L-D),0,0,0,0%,N/A,0,2,0,0,0.00,0.00,47%,0.00,61.25,0.00,21%,02:24,0(0%),0(0%),0(0%),0(0%),0(0%),0(0%),0(0%),0(0%),0(0%),Japan,"Jul. 16, 1999"
Oleg Taktarov,None,,0-0-0 (W-L-D),0,0,0,N/A,N/A,0,0,0,0,N/A,N/A,N/A,N/A,N/A,N/A,N/A,N/A,N/A,N/A,N/A,N/A,N/A,N/A,0(0%),0(0%),0(0%),United States,"Apr. 7, 1995"
Montrel Talbert,"""Bone""",None,None,0,0,0,N/A,N/A,0,0,0,0,N/A,N/A,N/A,N/A,N/A,N/A,N/A,N/A,N/A,N/A,N/A,N/A,N/A,N/A,0(0%),0(0%),0(0%),None,"Feb. 11, 2025"
Payton Talbott,None,Bantamweight Division,9-1-0 (W-L-D),7,1,1,56%,33%,314,561,,3,6.73,0.32,45%,0.64,3.75,0.32,76%,09:20,244(78%),21(7%),49(16%),222(71%),64(20%),28(9%),7(78%),1(11%),1(11%),"Las Vegas, United States","Nov. 18, 2023"
Nordine Taleb,None,Welterweight Division,15-7-0 (W-L-D),7,0,0,51%,76%,453,886,16,21,3.66,1.94,67%,0.24,2.62,0.00,74%,10:19,355(78%),33(7%),65(14%),220(49%),106(23%),127(28%),7(47%),8(53%),0(0%),"Saint-Tropez, France","Apr. 16, 2014"
Murtaza Talha,None,Light Heavyweight Division,0-1-0 (W-L-D),0,0,0,59%,0%,48,82,,5,4.91,0.00,30%,0.00,8.29,0.00,100%,09:46,25(52%),23(48%),0(0%),43(90%),5(10%),0(0%),0(0%),0(0%),0(0%),None,"Feb. 11, 2025"
Issei Tamura,None,Bantamweight Division,7-4-0 (W-L-D),0,0,0,53%,25%,31,58,,4,1.89,0.92,45%,1.83,4.58,0.00,33%,05:28,16(52%),7(23%),8(26%),24(77%),4(13%),3(10%),0(0%),0(0%),0(0%),Japan,"Feb. 25, 2012"
Akitoshi Tamura,"""The Ironman""",Lightweight Division,0-0-0 (W-L-D),0,0,0,44%,0%,167,380,,1,3.73,0.00,78%,0.00,1.94,1.00,20%,14:56,124(74%),43(26%),0(0%),36(22%),83(50%),48(29%),0(0%),0(0%),0(0%),United States,"Feb. 11, 2025"
Jason Tan,None,Welterweight Division,6-3-0 (W-L-D),0,0,0,30%,0%,8,27,,6,0.69,0.00,19%,0.00,7.37,0.00,N/A,05:50,8(100%),0(0%),0(0%),1(13%),0(0%),7(88%),0(0%),0(0%),0(0%),"Liverpool, United Kingdom","Jun. 16, 2007"
Michinori Tanaka,None,Bantamweight Division,11-3-0 (W-L-D),0,0,0,37%,39%,148,395,,31,1.97,2.40,51%,0.00,1.99,0.20,44%,15:00,91(61%),4(3%),53(36%),105(71%),16(11%),27(18%),0(0%),6(55%),5(45%),Japan,"Jun. 14, 2014"
Evan Tanner,None,Middleweight Division,34-8-0 (W-L-D),0,0,0,59%,43%,341,578,,44,3.05,2.55,56%,0.13,2.64,1.34,25%,07:27,116(34%),79(23%),146(43%),209(61%),88(26%),44(13%),0(0%),0(0%),0(0%),United States,"Jan. 8, 1999"
Miesha Tate,"""Cupcake""",Women's Bantamweight Division,20-9-0 (W-L-D),4,8,0,45%,32%,698,1547,14,113,2.62,2.02,52%,0.06,2.98,1.29,55%,12:43,453(65%),118(17%),127(18%),444(64%),197(28%),57(8%),4(20%),8(40%),8(40%),"Tacoma, United States","Aug. 19, 2012"
Brad Tavares,None,Middleweight Division,20-11-0 (W-L-D),5,2,5,43%,27%,1106,2547,16,60,3.43,0.74,55%,0.19,3.31,0.00,81%,12:54,932(84%),133(12%),41(4%),663(60%),176(16%),267(24%),5(26%),12(63%),2(11%),United States,"Jun. 19, 2010"
Thiago Tavares,None,Featherweight Division,24-7-1 (W-L-D),0,0,0,40%,43%,329,820,,98,2.00,3.83,63%,0.00,2.31,1.46,63%,09:08,209(64%),30(9%),90(27%),229(70%),76(23%),24(7%),0(0%),0(0%),0(0%),"Florianopolis, Brazil","Apr. 5, 2007"
Ramon Taveras,"""The Savage""",Bantamweight Division,10-3-0 (W-L-D),5,3,5,45%,N/A,152,339,0,0,4.62,0.00,57%,0.91,7.41,0.00,100%,08:14,146(96%),3(2%),3(2%),128(84%),16(11%),8(5%),5(50%),2(20%),3(30%),"New York, United States","Jan. 20, 2024"
Danielle Taylor,"""Dynamite""",Women's Strawweight Division,9-4-0 (W-L-D),0,0,0,29%,20%,206,699,1,5,2.75,0.20,72%,0.00,3.31,0.20,70%,15:00,195(95%),10(5%),1(0%),130(63%),32(16%),44(21%),3(33%),5(56%),1(11%),"Lancaster, United States","Aug. 7, 2016"
Jesse Taylor,"""JT Money""",Middleweight Division,32-15-0 (W-L-D),0,0,0,65%,50%,28,43,3,14,1.94,7.28,38%,0.00,0.55,3.12,100%,05:53,2(7%),4(14%),22(79%),25(89%),2(7%),1(4%),0(0%),0(0%),0(0%),"San Diego, United States","Jul. 19, 2008"
Paul Taylor,"""Relentless""",Lightweight Division,11-6-1 (W-L-D),0,0,0,48%,25%,495,1033,,8,4.44,0.27,55%,0.54,4.47,0.54,56%,12:24,356(72%),102(21%),37(7%),287(58%),72(15%),136(27%),0(0%),0(0%),0(0%),"Walsall, United Kingdom","Apr. 21, 2007"
James Te Huna,None,Middleweight Division,18-9-0 (W-L-D),0,0,0,51%,38%,242,471,,29,4.04,2.75,63%,0.50,2.99,0.25,59%,06:00,138(57%),34(14%),70(29%),166(69%),39(16%),37(15%),0(0%),0(0%),0(0%),"Darfield, New Zealand","Feb. 20, 2010"
Shawn Teed,None,Heavyweight Division,5-2-0 (W-L-D),0,0,0,43%,0%,6,14,,3,1.40,0.00,22%,0.00,13.31,0.00,N/A,04:17,6(100%),0(0%),0(0%),6(100%),0(0%),0(0%),0(0%),0(0%),0(0%),"Voorhees Township, United States","Feb. 11, 2025"
John Teixeira,"""Macapa""",Featherweight Division,13-1-1 (W-L-D),0,0,0,35%,27%,151,426,,11,3.36,1.00,63%,0.00,3.20,0.67,71%,15:00,134(89%),16(11%),1(1%),75(50%),36(24%),40(26%),0(0%),0(0%),0(0%),Brazil,"Jun. 24, 2012"
Glover Teixeira,None,Light Heavyweight Division,33-9-0 (W-L-D),18,10,0,50%,34%,1007,2023,20,112,3.73,2.11,51%,0.33,4.43,0.94,60%,10:20,500(50%),93(9%),414(41%),861(86%),129(13%),17(2%),18(55%),5(15%),10(30%),"Gover Nador Valadares, Brazil","May. 26, 2012"
Tallison Teixeira,"""Xicao""",Heavyweight Division,8-0-0 (W-L-D),7,1,8,60%,0%,37,62,,1,14.61,0.00,60%,11.84,7.50,0.00,N/A,01:16,28(76%),4(11%),5(14%),25(68%),5(14%),7(19%),7(88%),0(0%),1(13%),"Vitória da Conquista, Brazil","Feb. 8, 2025"
Tra Telligman,"""Trauma""",Heavyweight Division,16-4-0 (W-L-D),0,0,0,44%,N/A,47,107,0,0,3.27,0.00,57%,1.04,7.23,0.00,80%,07:12,37(79%),9(19%),1(2%),28(60%),10(21%),9(19%),0(0%),0(0%),0(0%),"Dallas, United States","Feb. 7, 1997"
Ramazan Temirov,"""Temurlan""",Flyweight Division,18-2-1 (W-L-D),8,1,10,42%,N/A,23,55,0,0,8.12,0.00,75%,15.88,1.41,0.00,N/A,02:50,20(87%),0(0%),3(13%),18(78%),4(17%),1(4%),8(47%),8(47%),1(6%),"Karshi, Uzbekistan","Oct. 12, 2024"
Taneisha Tennant,None,Women's Featherweight Division,5-1-0 (W-L-D),0,0,0,56%,0%,85,153,,7,5.67,0.00,72%,0.00,3.40,0.00,100%,15:00,77(91%),2(2%),6(7%),29(34%),12(14%),44(52%),0(0%),0(0%),0(0%),United States,"Feb. 11, 2025"
David Terrell,"""The Soul Assassin""",Middleweight Division,10-2-0 (W-L-D),0,0,0,63%,50%,19,30,,6,2.34,5.54,37%,1.85,2.71,5.54,N/A,02:42,3(16%),7(37%),9(47%),14(74%),1(5%),4(21%),0(0%),0(0%),0(0%),"Sacramento, United States","Aug. 21, 2004"
James Terry,"""Intensity""",Lightweight Division,0-0-0 (W-L-D),0,0,0,N/A,N/A,0,0,0,0,N/A,N/A,N/A,N/A,N/A,N/A,N/A,N/A,N/A,N/A,N/A,N/A,N/A,N/A,0(0%),0(0%),0(0%),"San Jose, United States","Jan. 8, 2012"
Testy Test,"""Testy""",None,None,0,0,0,N/A,N/A,0,0,0,0,N/A,N/A,N/A,N/A,N/A,N/A,N/A,N/A,N/A,N/A,N/A,N/A,N/A,N/A,0(0%),0(0%),0(0%),None,"Feb. 11, 2025"
Daniel Teymur,"""Kid Dynamite""",Featherweight Division,7-4-0 (W-L-D),3,3,0,47%,18%,165,353,,11,3.08,0.56,56%,0.00,3.93,0.28,60%,10:44,114(69%),27(16%),24(15%),87(53%),20(12%),58(35%),3(43%),1(14%),3(43%),"Stockholm, Sweden","Jul. 16, 2017"
David Teymur,None,Lightweight Division,8-2-0 (W-L-D),4,0,0,43%,33%,299,692,4,12,4.69,0.94,55%,0.71,3.53,0.00,78%,10:38,270(90%),21(7%),8(3%),134(45%),61(20%),104(35%),4(50%),4(50%),0(0%),"Järfälla, Sweden","Feb. 27, 2016"
Motonobu Tezuka,None,Bantamweight Division,19-6-4 (W-L-D),0,0,0,24%,11%,26,110,,27,0.87,1.50,51%,0.00,2.80,0.50,N/A,15:00,25(96%),1(4%),0(0%),9(35%),1(4%),16(62%),0(0%),0(0%),0(0%),"Nagano, Japan","Nov. 10, 2012"
Jason Thacker,None,Middleweight Division,0-0-0 (W-L-D),0,0,0,33%,N/A,1,3,0,0,0.63,0.00,33%,0.00,17.05,0.00,N/A,01:35,0(0%),1(100%),0(0%),1(100%),0(0%),0(0%),0(0%),0(0%),0(0%),"Whonnock, Canada","Apr. 9, 2005"
Alexia Thainara,None,Women's Strawweight Division,1-0-0 (W-L-D),0,0,0,40%,100%,101,254,,3,6.73,3.00,72%,0.00,3.07,1.00,N/A,15:00,94(93%),5(5%),2(2%),45(45%),23(23%),33(33%),0(0%),0(0%),0(0%),"Paracambi, Brazil","Feb. 11, 2025"
Brandon Thatch,"""Rukus""",Welterweight Division,11-5-0 (W-L-D),0,0,0,43%,67%,119,278,,6,2.70,1.36,53%,1.02,3.63,0.68,50%,07:35,79(66%),31(26%),9(8%),63(53%),31(26%),25(21%),8(73%),0(0%),3(27%),"Denver, United States","Aug. 29, 2013"
Elias Theodorou,"""The Spartan""",Middleweight Division,17-3-0 (W-L-D),6,0,0,42%,28%,644,1524,13,46,4.19,1.27,53%,0.00,2.39,0.00,59%,13:59,407(63%),165(26%),72(11%),279(43%),211(33%),154(24%),6(35%),10(59%),1(6%),"Toronto, Canada","Apr. 16, 2014"
Paulo Thiago,None,Welterweight Division,15-8-0 (W-L-D),0,0,0,39%,32%,254,649,,44,1.71,1.42,64%,0.40,1.99,1.21,64%,11:24,151(59%),73(29%),30(12%),156(61%),65(26%),33(13%),0(0%),0(0%),0(0%),"Brasilia, Brazil","Feb. 21, 2009"
Colby Thicknesse,"""Slickness""",Bantamweight Division,7-1-0 (W-L-D),2,2,4,30%,0%,38,127,,8,2.53,0.00,48%,0.00,2.73,0.00,50%,15:00,35(92%),3(8%),0(0%),18(47%),12(32%),8(21%),2(29%),3(43%),2(29%),Australia,"Feb. 8, 2025"
Timothy Thomas,"""The Gorilla""",None,None,0,0,0,N/A,N/A,0,0,0,0,N/A,N/A,N/A,N/A,N/A,N/A,N/A,N/A,N/A,N/A,N/A,N/A,N/A,N/A,0(0%),0(0%),0(0%),None,"Feb. 11, 2025"
Din Thomas,None,Lightweight Division,23-9-0 (W-L-D),0,0,0,38%,53%,182,483,,17,1.85,1.38,59%,0.15,2.60,1.22,77%,10:54,102(56%),60(33%),20(11%),147(81%),20(11%),15(8%),0(0%),0(0%),0(0%),"Wilmington, United States","Jun. 29, 2001"
Ryan Thomas,"""The Tank Engine""",Welterweight Division,13-3-0 (W-L-D),0,0,0,36%,33%,27,75,,15,2.01,5.59,31%,0.00,4.17,2.24,N/A,06:43,12(44%),5(19%),10(37%),15(56%),7(26%),5(19%),0(0%),0(0%),0(0%),"Danville, United States","Aug. 9, 2008"
Stephen Thompson,"""Wonderboy""",Welterweight Division,17-8-1 (W-L-D),8,1,5,46%,42%,1251,2718,5,12,4.11,0.25,55%,0.49,3.02,0.00,63%,14:30,1121(90%),85(7%),45(4%),836(67%),291(23%),124(10%),8(47%),8(47%),1(6%),"Greenville, United States","Feb. 4, 2012"
Oli Thompson,None,Heavyweight Division,9-4-0 (W-L-D),0,0,0,46%,0%,55,119,,5,1.66,0.00,47%,0.00,5.31,0.45,50%,11:03,44(80%),11(20%),0(0%),21(38%),19(35%),15(27%),0(0%),0(0%),0(0%),United Kingdom,"Mar. 3, 2012"
Nick Thompson,"""The Goat""",Welterweight Division,23-9-0 (W-L-D),0,0,0,44%,100%,50,114,,2,2.53,1.52,50%,0.00,2.58,2.28,36%,09:52,14(28%),7(14%),29(58%),32(64%),14(28%),4(8%),0(0%),0(0%),0(0%),"Newport News, United States","Nov. 19, 2005"
Josh Thomson,"""The Punk""",Lightweight Division,20-8-0 (W-L-D),0,0,0,48%,40%,870,1823,,108,2.59,1.92,64%,0.22,2.12,1.34,55%,12:55,457(53%),193(22%),220(25%),448(51%),272(31%),150(17%),0(0%),0(0%),0(0%),"San Jose, United States","Sep. 26, 2003"
Simeon Thoresen,"""The Grin""",Welterweight Division,17-4-1 (W-L-D),0,0,0,44%,40%,103,236,,5,3.85,1.12,65%,0.00,3.85,1.68,50%,08:55,66(64%),30(29%),7(7%),64(62%),28(27%),11(11%),0(0%),0(0%),0(0%),Norway,"Apr. 14, 2012"
Gleison Tibau,None,Lightweight Division,40-14-0 (W-L-D),0,0,0,32%,54%,601,1889,84,157,1.95,4.08,63%,0.10,2.51,0.83,92%,11:02,383(64%),99(16%),119(20%),467(78%),91(15%),43(7%),0(0%),0(0%),0(0%),"Mossoró, Brazil","Nov. 18, 2006"
Nolan Ticman,None,Flyweight Division,4-3-0 (W-L-D),0,0,0,48%,0%,77,162,,5,2.57,0.00,68%,0.00,2.53,0.00,60%,15:00,42(55%),26(34%),9(12%),37(48%),15(19%),25(32%),1(25%),1(25%),2(50%),United States,"Aug. 16, 2014"
Darren Till,"""The Gorilla""",Middleweight Division,18-5-1 (W-L-D),10,2,5,47%,46%,375,801,3,13,2.30,0.55,56%,0.46,3.31,0.00,70%,13:36,284(76%),39(10%),52(14%),258(69%),52(14%),65(17%),10(56%),6(33%),2(11%),"Liverpool, United Kingdom","May. 30, 2015"
Denis Tiuliulin,None,Middleweight Division,11-10-0 (W-L-D),9,0,6,41%,43%,170,413,,7,3.61,0.96,38%,0.64,5.23,0.00,72%,07:50,142(84%),22(13%),6(4%),116(68%),45(26%),9(5%),9(90%),1(10%),0(0%),"Moscow, Russia","Mar. 26, 2022"
Andrew Todhunter,"""The Sniper""",Welterweight Division,8-0-0 (W-L-D),0,0,0,N/A,N/A,0,0,0,0,N/A,N/A,N/A,N/A,N/A,N/A,N/A,00:00,0(0%),0(0%),0(0%),0(0%),0(0%),0(0%),0(0%),0(0%),7(100%),"Tulsa, United States","Feb. 10, 2025"
Duško Todorović,"""Thunder""",Middleweight Division,12-5-0 (W-L-D),8,3,7,58%,13%,349,604,2,32,5.35,0.92,47%,0.00,4.80,0.00,45%,07:15,159(46%),125(36%),65(19%),235(67%),94(27%),20(6%),8(67%),1(8%),3(25%),"Kotor, Montenegro","Aug. 27, 2019"
Tuco Tokkos,None,Light Heavyweight Division,10-5-0 (W-L-D),6,2,6,39%,40%,57,148,,10,2.51,2.65,48%,0.00,4.99,0.00,33%,07:33,52(91%),5(9%),0(0%),36(63%),5(9%),16(28%),6(60%),2(20%),2(20%),"London, England","Jun. 9, 2022"
Puja Tomar,"""Cyclone """,Women's Strawweight Division,9-4-0 (W-L-D),6,0,3,48%,N/A,95,199,0,0,6.33,0.00,44%,0.00,5.60,0.00,100%,15:00,94(99%),1(1%),0(0%),29(31%),50(53%),16(17%),6(75%),2(25%),0(0%),"Budhana, India","Jun. 8, 2024"
Tyler Toner,"""Thunder""",Featherweight Division,11-3-0 (W-L-D),0,0,0,46%,N/A,67,146,0,0,2.06,0.00,62%,0.46,2.70,0.46,55%,10:52,41(61%),5(7%),21(31%),48(72%),7(10%),12(18%),0(0%),0(0%),0(0%),"Denver, United States","Dec. 5, 2010"
James Toney,"""Lights Out""",Heavyweight Division,0-1-0 (W-L-D),0,0,0,N/A,N/A,0,0,0,0,0.00,0.00,27%,0.00,2.41,0.00,N/A,03:19,0(0%),0(0%),0(0%),0(0%),0(0%),0(0%),0(0%),0(0%),0(0%),"Grand Rapids, United States","Aug. 29, 2010"
Ilia Topuria,"""El  Matador""",Featherweight Division,16-0-0 (W-L-D),6,8,9,47%,61%,384,811,5,18,4.69,2.02,64%,1.10,3.84,1.10,93%,10:14,301(78%),12(3%),71(18%),271(71%),66(17%),47(12%),6(38%),2(13%),8(50%),Germany,"Oct. 10, 2020"
Aleksandre Topuria,"""El Conquistador""",Bantamweight Division,6-1-0 (W-L-D),3,2,5,52%,50%,41,79,,2,2.73,1.00,70%,0.00,2.53,0.00,100%,15:00,35(85%),5(12%),1(2%),18(44%),19(46%),4(10%),3(60%),0(0%),2(40%),Germany,"Feb. 8, 2025"
Manuel Torres,"""El Loco""",Lightweight Division,15-3-0 (W-L-D),7,7,14,56%,67%,95,171,,3,7.17,2.26,52%,3.40,4.53,1.13,89%,02:39,72(76%),15(16%),8(8%),58(61%),27(28%),10(11%),7(47%),1(7%),7(47%),"Chihuahua, Mexico","May. 14, 2022"
Desmond Torres,None,Bantamweight Division,0-0-0 (W-L-D),0,0,0,65%,0%,22,34,,7,4.80,0.00,49%,0.00,11.78,0.00,100%,04:35,12(55%),10(45%),0(0%),11(50%),0(0%),11(50%),0(0%),0(0%),0(0%),"Honolulu, United States","Feb. 11, 2025"
Jose Torres,"""Shorty""",Flyweight Division,8-1-0 (W-L-D),0,0,0,37%,33%,51,138,1,3,4.37,1.28,50%,0.00,9.84,0.00,75%,05:51,37(73%),9(18%),5(10%),36(71%),12(24%),3(6%),4(50%),2(25%),2(25%),"Chicago, United States","Aug. 4, 2018"
Alex Torres,"""Rolo""",Featherweight Division,2-2-0 (W-L-D),0,0,0,37%,22%,37,99,,9,2.47,2.00,69%,0.00,2.73,0.00,50%,15:00,26(70%),11(30%),0(0%),22(59%),8(22%),7(19%),2(100%),0(0%),0(0%),Colombia,"Feb. 28, 2015"
Ronys Torres,"""Jungle Boy""",Lightweight Division,18-3-0 (W-L-D),0,0,0,26%,47%,26,99,,17,0.87,4.00,58%,0.00,1.93,0.50,17%,15:00,13(50%),8(31%),5(19%),19(73%),2(8%),5(19%),0(0%),0(0%),0(0%),"Manaus, Brazil","Feb. 6, 2010"
Miguel Angel Torres,None,Bantamweight Division,39-5-0 (W-L-D),0,0,0,43%,0%,486,1128,,5,3.98,0.00,74%,0.49,1.86,1.60,18%,10:11,303(62%),153(31%),30(6%),268(55%),153(31%),65(13%),0(0%),0(0%),0(0%),"East Chicago, United States","Feb. 5, 2011"
Anthony Torres,"""The Crush""",Welterweight Division,5-1-0 (W-L-D),0,0,0,49%,N/A,24,49,0,0,3.54,0.00,45%,0.00,7.52,2.21,100%,03:24,14(58%),7(29%),3(13%),17(71%),4(17%),3(13%),0(0%),0(0%),0(0%),"Waimanalo, United States","Aug. 17, 2006"
Salim Touahri,"""Grizzly""",Welterweight Division,10-4-0 (W-L-D),6,2,0,47%,0%,117,249,,3,2.60,0.00,58%,0.00,2.87,0.00,83%,15:00,77(66%),33(28%),7(6%),49(42%),58(50%),10(9%),6(60%),2(20%),2(20%),"Krakow, Poland","Oct. 21, 2017"
Dequan Townsend,"""The Tarantula""",Middleweight Division,21-12-0 (W-L-D),12,5,0,35%,N/A,60,172,0,0,1.23,0.00,39%,0.00,3.92,0.00,47%,12:14,36(60%),21(35%),3(5%),24(40%),30(50%),6(10%),12(57%),4(19%),5(24%),"Lansing, United States","Jun. 29, 2019"
Slim Trabelsi,None,Heavyweight Division,0-0-0 (W-L-D),0,0,0,N/A,N/A,0,0,0,0,N/A,N/A,N/A,N/A,N/A,N/A,N/A,00:00,0(0%),0(0%),0(0%),0(0%),0(0%),0(0%),0(0%),0(0%),0(0%),None,"Feb. 11, 2025"
Tiago Trator,None,Featherweight Division,20-6-2 (W-L-D),0,0,0,36%,11%,177,497,,18,3.69,0.63,60%,0.00,4.23,0.31,33%,12:00,137(77%),39(22%),1(1%),79(45%),42(24%),56(32%),7(35%),7(35%),6(30%),"Laranjal do Jari, Brazil","Jul. 26, 2014"
Roberto Traven,None,Heavyweight Division,4-1-0 (W-L-D),0,0,0,50%,N/A,1,2,0,0,0.92,0.00,57%,0.00,2.77,0.00,N/A,01:05,1(100%),0(0%),0(0%),1(100%),0(0%),0(0%),0(0%),0(0%),0(0%),Brazil,"Sep. 20, 1996"
Francisco Trevino,"""Sitkayan""",Lightweight Division,12-2-0 (W-L-D),0,0,0,42%,22%,82,193,,9,2.65,0.97,64%,0.00,2.42,0.00,41%,10:19,56(68%),20(24%),6(7%),38(46%),11(13%),33(40%),5(42%),4(33%),3(25%),United States,"Mar. 15, 2014"
Angelo Trevino,None,Welterweight Division,7-2-0 (W-L-D),0,0,0,55%,0%,40,73,,3,5.19,0.00,47%,1.95,3.90,0.00,100%,07:42,23(58%),1(3%),16(40%),38(95%),2(5%),0(0%),0(0%),0(0%),0(0%),"San Mateo, United States","Feb. 11, 2025"
Frank Trigg,"""Twinkle Toes""",Welterweight Division,19-8-0 (W-L-D),0,0,0,47%,67%,74,157,,3,2.70,1.10,57%,0.55,3.98,1.10,75%,03:55,14(19%),15(20%),45(61%),63(85%),10(14%),1(1%),0(0%),0(0%),0(0%),"Rochester, United States","Nov. 21, 2003"
Francisco Trinaldo,"""Massaranduba""",Welterweight Division,28-9-0 (W-L-D),9,5,7,45%,42%,1009,2230,16,50,3.13,0.98,61%,0.23,2.67,0.51,60%,12:23,703(70%),168(17%),138(14%),616(61%),277(27%),116(11%),9(32%),14(50%),5(18%),"Amarante, Brazil","Jun. 24, 2012"
Michael Trizano,"""The Lone Wolf""",Featherweight Division,11-3-0 (W-L-D),3,2,3,54%,67%,302,564,,3,3.63,0.36,51%,0.54,4.40,0.54,73%,11:53,248(82%),33(11%),21(7%),159(53%),74(25%),69(23%),3(27%),6(55%),2(18%),"New York, United States","Jul. 6, 2018"
Antonio Trocoli,"""Malvado""",Middleweight Division,12-5-0 (W-L-D),3,5,3,50%,11%,23,46,,9,1.29,0.84,24%,0.00,5.79,0.84,50%,05:56,18(78%),5(22%),0(0%),9(39%),12(52%),2(9%),3(25%),4(33%),5(42%),"Salvador, Brazil","Jul. 9, 2019"
Tor Troeng,"""The Hammer""",Middleweight Division,16-7-1 (W-L-D),0,0,0,47%,8%,56,120,,26,1.16,0.62,32%,0.00,3.26,0.31,67%,12:03,25(45%),23(41%),8(14%),30(54%),17(30%),9(16%),6(38%),4(25%),6(38%),Sweden,"Apr. 6, 2013"
Abel Trujillo,"""Killa""",Lightweight Division,15-8-0 (W-L-D),0,0,0,41%,45%,273,662,15,33,2.65,2.18,60%,0.44,2.31,0.44,40%,09:23,145(53%),63(23%),65(24%),195(71%),59(22%),19(7%),7(47%),6(40%),2(13%),"Greensboro, United States","Dec. 8, 2012"
Arman Tsarukyan,"""Ahalkalakets""",Lightweight Division,22-3-0 (W-L-D),9,5,8,49%,37%,525,1073,3,81,3.79,3.25,54%,0.32,1.84,0.00,75%,12:36,331(63%),40(8%),154(29%),343(65%),121(23%),61(12%),9(41%),8(36%),5(23%),Georgia,"Apr. 20, 2019"
Rei Tsuruya,None,Flyweight Division,10-0-0 (W-L-D),4,4,4,61%,50%,94,155,3,30,2.28,5.45,47%,0.00,1.31,2.54,50%,10:20,20(21%),4(4%),70(74%),83(88%),5(5%),6(6%),4(44%),1(11%),4(44%),Japan,"Feb. 3, 2024"
Chris Tuchscherer,"""The Crowbar""",Heavyweight Division,18-4-0 (W-L-D),0,0,0,32%,18%,34,107,,11,1.35,1.19,47%,0.00,3.17,0.59,N/A,06:19,25(74%),8(24%),1(3%),21(62%),3(9%),10(29%),0(0%),0(0%),0(0%),"Rugby, United States","Aug. 29, 2009"
Jon Tuck,"""The Super Saiyan""",Lightweight Division,10-5-0 (W-L-D),0,0,0,40%,33%,324,809,3,9,3.00,0.42,61%,0.28,3.74,0.97,50%,11:59,259(80%),30(9%),35(11%),182(56%),82(25%),60(19%),4(40%),1(10%),5(50%),"Spokane, United States","Nov. 10, 2012"
Gavin Tucker,"""Guv'nor""",Featherweight Division,13-3-0 (W-L-D),4,6,4,45%,44%,309,691,1,34,4.29,3.13,57%,0.00,4.18,1.46,54%,10:17,247(80%),49(16%),13(4%),189(61%),78(25%),42(14%),4(31%),3(23%),6(46%),"Ship Cove, Canada","Feb. 20, 2017"
Jumabieke Tuerxun,"""Leopard""",Bantamweight Division,17-3-0 (W-L-D),0,0,0,29%,11%,51,176,,9,1.60,0.47,60%,0.00,3.08,0.94,67%,10:36,40(78%),7(14%),4(8%),31(61%),11(22%),9(18%),3(18%),9(53%),5(29%),United States,"Mar. 1, 2014"
Tai Tuivasa,"""Bam Bam""",Heavyweight Division,15-8-0 (W-L-D),14,0,12,47%,0%,436,930,,3,3.77,0.00,44%,1.04,5.18,0.00,58%,07:14,318(73%),104(24%),14(3%),257(59%),76(17%),103(24%),14(93%),1(7%),0(0%),"Kingswood, Australia","Nov. 18, 2017"
Zubaira Tukhugov,"""Warrior""",Lightweight Division,20-6-1 (W-L-D),7,1,7,40%,39%,357,894,7,41,3.17,2.13,64%,0.40,3.07,0.00,100%,12:31,302(85%),24(7%),31(9%),312(87%),36(10%),9(3%),7(35%),12(60%),1(5%),"USSR, Russia","Feb. 15, 2014"
Teila Tuli,None,,0-1-0 (W-L-D),0,0,0,N/A,N/A,0,0,0,0,N/A,N/A,N/A,N/A,N/A,N/A,N/A,00:00,0(0%),0(0%),0(0%),0(0%),0(0%),0(0%),0(0%),0(0%),0(0%),"Honolulu, United States","Nov. 12, 1993"
Marco Tulio,"""Matuto""",Middleweight Division,13-1-0 (W-L-D),9,0,7,52%,20%,129,249,,10,5.02,1.17,58%,1.75,2.68,0.58,N/A,08:34,94(73%),9(7%),26(20%),65(50%),29(22%),35(27%),9(69%),3(23%),1(8%),"Uberlândia, Brazil","Jan. 11, 2025"
Nyamjargal Tumendemberel,"""Art of Knockout""",Flyweight Division,8-1-0 (W-L-D),2,5,4,39%,31%,97,251,,16,3.13,2.42,52%,0.97,3.29,2.42,52%,10:21,77(79%),7(7%),13(13%),74(76%),16(16%),7(7%),2(25%),1(13%),5(63%),"Bayanbulag, Mongolia","Jun. 1, 2024"
Albert Tumenov,"""Einstein""",Welterweight Division,17-4-0 (W-L-D),0,0,0,42%,20%,279,664,,5,3.76,0.20,59%,1.01,3.34,0.00,75%,09:16,243(87%),20(7%),16(6%),223(80%),44(16%),12(4%),11(65%),6(35%),0(0%),"Nalchik, Russia","Feb. 15, 2014"
Ricky Turcios,None,Bantamweight Division,13-5-0 (W-L-D),3,1,0,40%,20%,390,971,2,25,4.73,0.91,52%,0.18,3.72,0.36,44%,13:44,275(71%),69(18%),46(12%),237(61%),80(21%),73(19%),3(23%),9(69%),1(8%),"Houston, United States","Jul. 11, 2017"
Anton Turkalj,"""The Pleasure Man """,Light Heavyweight Division,8-4-0 (W-L-D),5,2,5,43%,41%,118,275,,39,2.45,4.98,54%,0.00,3.42,0.00,17%,09:38,94(80%),15(13%),9(8%),71(60%),22(19%),25(21%),5(63%),1(13%),2(25%),"Gothenburg, Sweden","Sep. 10, 2022"
Wellington Turman,"""The Prodigy""",Welterweight Division,18-8-0 (W-L-D),4,8,8,51%,21%,312,609,4,48,3.23,1.55,45%,0.00,4.17,0.78,43%,10:44,237(76%),51(16%),24(8%),183(59%),64(21%),65(21%),4(22%),6(33%),8(44%),"Curitiba, Brazil","Jul. 13, 2019"
Jalin Turner,"""The Tarantula""",Lightweight Division,14-8-0 (W-L-D),10,4,11,49%,56%,530,1091,,9,5.60,0.79,42%,1.27,4.57,1.11,74%,07:17,385(73%),52(10%),93(18%),361(68%),139(26%),30(6%),10(71%),0(0%),4(29%),"Los Angeles, United States","Oct. 7, 2018"
Courtney Turner,None,Lightweight Division,0-0-0 (W-L-D),0,0,0,N/A,N/A,0,0,0,0,N/A,N/A,N/A,N/A,N/A,N/A,N/A,N/A,N/A,N/A,N/A,N/A,N/A,N/A,0(0%),0(0%),0(0%),"Metairie, United States","Mar. 13, 1998"
Austin Tweedy,"""The Flash""",Lightweight Division,8-2-0 (W-L-D),0,0,0,67%,N/A,2,3,0,0,4.29,0.00,N/A,0.00,6.43,0.00,N/A,00:28,2(100%),0(0%),0(0%),0(0%),0(0%),2(100%),0(0%),0(0%),0(0%),"Indianapolis, United States","Feb. 11, 2025"
Marcin Tybura,"""Tybur""",Heavyweight Division,26-9-0 (W-L-D),10,7,11,49%,33%,830,1680,11,66,3.57,1.42,55%,0.06,3.26,0.13,77%,11:04,550(66%),78(9%),202(24%),560(67%),156(19%),114(14%),10(38%),9(35%),7(27%),"Uniejow, Poland","Apr. 10, 2016"
Takeru Uchida,None,Flyweight Division,1-0-0 (W-L-D),0,0,0,N/A,N/A,0,0,0,0,0.00,0.00,N/A,0.00,0.00,4.37,N/A,03:26,0(0%),0(0%),0(0%),0(0%),0(0%),0(0%),0(0%),0(0%),0(0%),None,"Jun. 9, 2022"
Tagir Ulanbekov,None,Flyweight Division,16-2-0 (W-L-D),1,7,3,47%,47%,224,473,11,36,3.13,3.56,49%,0.21,3.20,1.68,64%,11:56,162(72%),31(14%),31(14%),182(81%),28(13%),14(6%),1(7%),7(47%),7(47%),"Dagestan, Russia","Oct. 10, 2020"
Carlos Ulberg,"""Black Jag""",Light Heavyweight Division,12-1-0 (W-L-D),7,2,6,57%,75%,450,793,2,4,7.20,0.72,51%,1.44,4.27,0.24,83%,06:57,399(89%),22(5%),29(6%),297(66%),82(18%),71(16%),7(58%),3(25%),2(17%),"Auckland, New Zealand","Mar. 6, 2021"
Gasan Umalatov,"""Cobra""",Welterweight Division,15-5-1 (W-L-D),0,0,0,40%,18%,134,337,,17,2.23,0.75,60%,0.00,4.10,0.00,90%,15:00,119(89%),13(10%),2(1%),83(62%),26(19%),25(19%),2(13%),6(40%),7(47%),Russia,"Feb. 2, 2014"
Caol Uno,None,Lightweight Division,25-13-5 (W-L-D),0,0,0,55%,31%,266,487,,64,2.15,2.42,51%,0.00,2.83,0.24,38%,12:24,116(44%),58(22%),92(35%),121(45%),34(13%),111(42%),0(0%),0(0%),0(0%),"Kanagawa, Japan","Feb. 23, 2001"
Logan Urban,None,Welterweight Division,0-0-0 (W-L-D),0,0,0,67%,0%,2,3,,1,2.55,0.00,28%,0.00,16.60,0.00,N/A,00:47,2(100%),0(0%),0(0%),0(0%),1(50%),1(50%),0(0%),0(0%),0(0%),None,"Feb. 11, 2025"
Gilbert Urbina,"""The RGV Bad Boy""",Welterweight Division,7-4-0 (W-L-D),2,2,2,57%,44%,112,196,2,9,5.61,3.01,45%,0.75,4.61,0.75,N/A,06:39,58(52%),22(20%),32(29%),68(61%),27(24%),17(15%),2(29%),3(43%),2(29%),United States,"Aug. 28, 2021"
Hector Urbina,"""El Toro""",Welterweight Division,25-10-0 (W-L-D),0,0,0,39%,0%,19,49,,1,0.97,0.00,39%,0.00,2.44,3.82,38%,06:33,10(53%),7(37%),2(11%),14(74%),2(11%),3(16%),9(53%),3(18%),5(29%),"Monterrey, Mexico","Nov. 15, 2014"
Elias Urbina,None,Middleweight Division,3-1-0 (W-L-D),0,0,0,38%,0%,30,79,,1,3.85,0.00,51%,0.00,6.17,0.00,N/A,07:47,25(83%),5(17%),0(0%),20(67%),8(27%),2(7%),1(33%),1(33%),1(33%),United States,"Aug. 29, 2017"
Nick Urso,None,Flyweight Division,10-4-0 (W-L-D),0,0,0,45%,0%,5,11,,2,3.61,0.00,36%,0.00,5.06,0.00,N/A,01:23,4(80%),1(20%),0(0%),2(40%),1(20%),2(40%),2(20%),5(50%),3(30%),"Chicago, United States","Aug. 22, 2017"
Yasuhiro Urushitani,None,Flyweight Division,19-6-6 (W-L-D),0,0,0,40%,0%,70,176,,1,3.47,0.00,65%,0.00,4.71,0.00,80%,10:06,70(100%),0(0%),0(0%),39(56%),15(21%),16(23%),0(0%),0(0%),0(0%),Japan,"Mar. 3, 2012"
Sho Patrick Usami,None,Lightweight Division,0-0-0 (W-L-D),0,0,0,N/A,N/A,0,0,0,0,N/A,N/A,N/A,N/A,N/A,N/A,N/A,00:00,0(0%),0(0%),0(0%),0(0%),0(0%),0(0%),0(0%),0(0%),0(0%),None,"Jun. 10, 2022"
Mohammed Usman,"""The Motor""",Heavyweight Division,11-4-0 (W-L-D),4,2,5,37%,18%,224,612,,17,3.41,0.69,50%,0.23,4.41,0.00,60%,13:07,212(95%),6(3%),6(3%),145(65%),78(35%),1(0%),4(36%),5(45%),2(18%),"Auchi, Nigeria","Aug. 6, 2022"
Kamaru Usman,"""Nigerian Nightmare""",Middleweight Division,20-4-0 (W-L-D),9,1,3,52%,45%,1370,2620,28,130,4.36,2.82,54%,0.48,2.74,0.10,90%,17:27,787(57%),236(17%),347(25%),863(63%),396(29%),111(8%),9(45%),10(50%),1(5%),"Auchi, Nigeria","Jul. 12, 2015"
Darren Uyenoyama,"""BC""",Flyweight Division,8-5-0 (W-L-D),0,0,0,40%,33%,85,213,,18,1.34,1.42,66%,0.00,2.21,0.71,35%,10:07,49(58%),10(12%),26(31%),47(55%),21(25%),17(20%),1(13%),3(38%),4(50%),United States,"Nov. 12, 2011"
Richie Vaculik,None,None,None,0,0,0,N/A,N/A,0,0,0,0,N/A,N/A,N/A,N/A,N/A,N/A,N/A,N/A,N/A,N/A,N/A,N/A,N/A,N/A,0(0%),0(0%),0(0%),Australia,"Feb. 11, 2025"
Richie Vaculik,"""Vas""",Flyweight Division,10-5-0 (W-L-D),0,0,0,47%,45%,166,355,,20,3.69,3.00,57%,0.00,4.09,1.00,32%,11:15,132(80%),23(14%),11(7%),107(64%),31(19%),28(17%),3(30%),1(10%),6(60%),"Sydney, Australia","Dec. 7, 2013"
Artem Vakhitov,None,Light Heavyweight Division,1-0-0 (W-L-D),0,0,0,85%,0%,17,20,,2,3.88,0.00,80%,3.42,0.68,0.00,100%,04:23,10(59%),6(35%),1(6%),10(59%),7(41%),0(0%),0(0%),0(0%),0(0%),Russia,"Feb. 10, 2025"
Genaro Valdez,"""Rayadito""",Lightweight Division,10-3-0 (W-L-D),7,3,6,30%,44%,159,524,,9,4.08,1.54,49%,0.77,7.16,0.38,36%,09:45,143(90%),12(8%),4(3%),118(74%),16(10%),25(16%),7(70%),0(0%),3(30%),"Cabo San Lucas, Mexico","Jan. 22, 2022"
Charlie Valencia,None,Bantamweight Division,12-7-0 (W-L-D),0,0,0,38%,53%,221,584,,15,2.58,1.40,78%,0.70,2.61,0.52,75%,08:35,140(63%),44(20%),37(17%),133(60%),60(27%),28(13%),0(0%),0(0%),0(0%),"Los Angeles, United States","Apr. 30, 2011"
Robert Valentin,"""Robzilla""",Middleweight Division,11-4-0 (W-L-D),3,7,7,50%,0%,1,2,,1,0.15,0.00,19%,0.00,6.16,4.40,67%,06:49,1(100%),0(0%),0(0%),1(100%),0(0%),0(0%),3(27%),1(9%),7(64%),"Zurich, Switzerland","Aug. 24, 2024"
Ivan Valenzuela,None,Middleweight Division,0-1-0 (W-L-D),0,0,0,0%,N/A,0,3,0,0,0.00,0.00,33%,0.00,9.60,0.00,N/A,00:25,0(0%),0(0%),0(0%),0(0%),0(0%),0(0%),0(0%),0(0%),0(0%),"Veracruz, Mexico","Feb. 11, 2025"
Timur Valiev,"""Lucky""",Bantamweight Division,18-3-0 (W-L-D),5,2,5,53%,40%,270,509,4,15,5.19,1.73,45%,0.29,3.33,0.29,56%,13:00,220(81%),17(6%),33(12%),126(47%),73(27%),71(26%),5(28%),11(61%),2(11%),"Makhachkala, Russia","Aug. 22, 2020"
Victor Valimaki,"""The Matrix""",Light Heavyweight Division,8-3-0 (W-L-D),0,0,0,30%,14%,66,219,,7,3.94,0.90,68%,0.00,2.99,0.00,N/A,08:22,53(80%),8(12%),5(8%),46(70%),8(12%),12(18%),0(0%),0(0%),0(0%),"Kingston, Canada","Dec. 13, 2006"
Kevin Vallejos,None,Featherweight Division,1-1-0 (W-L-D),0,0,0,51%,0%,119,233,,1,6.85,0.00,56%,0.86,5.81,0.00,67%,08:42,116(97%),2(2%),1(1%),57(48%),47(39%),15(13%),0(0%),0(0%),0(0%),"Mar del Plata, Argentina","Feb. 11, 2025"
Isaac Vallie-Flagg,None,Lightweight Division,14-5-1 (W-L-D),0,0,0,48%,13%,417,871,,8,5.56,0.20,45%,0.00,5.60,0.00,59%,15:00,282(68%),128(31%),7(2%),256(61%),92(22%),69(17%),6(43%),6(43%),2(14%),United States,"May. 20, 2012"
Joshua Van,"""The Fearless""",Flyweight Division,12-2-0 (W-L-D),6,2,2,54%,64%,709,1312,,11,8.88,1.32,60%,0.19,5.82,0.00,81%,13:19,633(89%),56(8%),20(3%),487(69%),156(22%),66(9%),6(50%),4(33%),2(17%),"Hakha , Myanmar (Burma)","Jun. 24, 2023"
Mike Van Arsdale,None,Light Heavyweight Division,10-3-1 (W-L-D),0,0,0,41%,14%,43,104,,14,1.52,1.06,42%,0.00,1.91,0.00,38%,09:24,8(19%),4(9%),31(72%),22(51%),20(47%),1(2%),0(0%),0(0%),0(0%),"Waterloo, United States","May. 15, 1998"
Matt Van Buren,"""Gutter""",Light Heavyweight Division,7-4-0 (W-L-D),0,0,0,46%,N/A,102,222,0,0,7.73,0.00,49%,0.00,6.82,0.00,50%,06:36,74(73%),28(27%),0(0%),55(54%),42(41%),5(5%),3(43%),3(43%),1(14%),United States,"Jul. 6, 2014"
Ron Van Clief,None,,0-0-0 (W-L-D),0,0,0,N/A,N/A,0,0,0,0,N/A,N/A,N/A,N/A,N/A,N/A,N/A,N/A,N/A,N/A,N/A,N/A,N/A,N/A,0(0%),0(0%),0(0%),"Brooklyn, United States","Dec. 16, 1994"
Cameron VanCamp,"""Jumpman""",Lightweight Division,15-7-1 (W-L-D),4,9,9,48%,N/A,34,71,0,0,5.31,0.00,41%,0.00,6.41,0.00,N/A,03:12,34(100%),0(0%),0(0%),16(47%),8(24%),10(29%),4(27%),2(13%),9(60%),"Indianapolis, United States","May. 7, 2022"
Jared Vanderaa,None,Heavyweight Division,12-10-0 (W-L-D),7,3,6,45%,50%,420,940,,2,4.96,0.18,45%,0.00,5.67,0.00,20%,10:35,359(85%),45(11%),16(4%),221(53%),91(22%),108(26%),7(58%),2(17%),3(25%),"Richland, United States","Feb. 20, 2021"
Austin Vanderford,None,Welterweight Division,4-0-0 (W-L-D),0,0,0,53%,0%,30,57,,4,3.90,0.00,45%,0.00,5.19,1.95,100%,07:42,19(63%),3(10%),8(27%),24(80%),4(13%),2(7%),0(0%),0(0%),0(0%),"Santa Rosa, United States","Feb. 10, 2025"
Lando Vannata,"""Groovy""",Lightweight Division,12-7-2 (W-L-D),4,5,8,45%,38%,684,1510,6,29,4.52,1.09,55%,0.50,4.76,0.30,69%,11:39,597(87%),53(8%),34(5%),342(50%),174(25%),168(25%),4(33%),3(25%),5(42%),"Neptune City, United States","Jul. 14, 2016"
Paige VanZant,"""12 Gauge""",Women's Flyweight Division,8-5-0 (W-L-D),2,3,0,52%,33%,315,605,8,24,3.35,1.27,43%,0.16,2.62,0.96,34%,10:28,109(35%),104(33%),102(32%),197(63%),79(25%),39(12%),2(25%),3(38%),3(38%),"Newberg, United States","Nov. 22, 2014"
Paul Varelans,None,,0-0-0 (W-L-D),0,0,0,N/A,N/A,0,0,0,0,N/A,N/A,N/A,N/A,N/A,N/A,N/A,N/A,N/A,N/A,N/A,N/A,N/A,N/A,0(0%),0(0%),0(0%),"Sunnyvale, United States","Jul. 14, 1995"
Kazula Vargas,None,Lightweight Division,12-5-0 (W-L-D),7,3,0,54%,25%,138,256,,4,3.65,0.40,58%,0.00,1.77,0.40,30%,09:28,118(86%),6(4%),14(10%),77(56%),38(28%),23(17%),7(58%),2(17%),3(25%),"Mexico City, Mexico","Aug. 10, 2019"
Jamie Varner,None,Lightweight Division,21-11-1 (W-L-D),0,0,0,35%,54%,477,1376,,71,2.92,3.49,59%,0.64,2.55,0.83,67%,09:36,302(63%),68(14%),107(22%),357(75%),89(19%),31(6%),9(43%),3(14%),9(43%),"Phoenix, United States","Aug. 26, 2006"
Guilherme Vasconcelos,"""Bomba""",Middleweight Division,3-2-0 (W-L-D),0,0,0,30%,0%,49,166,,3,3.27,0.00,71%,0.00,4.40,0.00,N/A,15:00,48(98%),1(2%),0(0%),29(59%),9(18%),11(22%),0(0%),0(0%),0(0%),"Belo Horizonte, Brazil","Jul. 5, 2014"
Yuri Vaulin,None,Lightweight Division,0-0-0 (W-L-D),0,0,0,N/A,N/A,0,0,0,0,N/A,N/A,N/A,N/A,N/A,N/A,N/A,N/A,N/A,N/A,N/A,N/A,N/A,N/A,0(0%),0(0%),0(0%),United States,"Jul. 27, 1997"
Manny Vazquez,None,Flyweight Division,11-2-0 (W-L-D),0,0,0,42%,33%,22,53,,3,1.47,1.00,49%,1.00,2.67,1.00,N/A,15:00,15(68%),4(18%),3(14%),14(64%),6(27%),2(9%),1(9%),4(36%),6(55%),None,"Jul. 11, 2017"
Javier Vazquez,"""Showtime""",Featherweight Division,16-5-0 (W-L-D),0,0,0,36%,52%,171,471,,23,2.43,2.56,72%,0.00,1.99,1.49,57%,11:43,124(73%),2(1%),45(26%),147(86%),15(9%),9(5%),0(0%),0(0%),0(0%),"Pomona, United States","Jun. 27, 2011"
Matt Veach,None,Lightweight Division,11-2-0 (W-L-D),0,0,0,29%,38%,23,80,,13,1.12,3.64,45%,0.73,4.91,1.46,100%,06:52,12(52%),7(30%),4(17%),20(87%),2(9%),1(4%),0(0%),0(0%),0(0%),"Springfield, United States","Feb. 7, 2009"
Joe Vedepo,"""The Doctor""",Middleweight Division,9-3-0 (W-L-D),0,0,0,52%,25%,11,21,,4,3.28,4.48,38%,0.00,23.88,0.00,N/A,01:41,3(27%),8(73%),0(0%),9(82%),2(18%),0(0%),0(0%),0(0%),0(0%),"Iowa City, United States","Sep. 17, 2008"
Kelly Velasco,"""Killer""",Women's Bantamweight Division,2-2-0 (W-L-D),0,0,0,35%,0%,34,97,,5,2.27,0.00,48%,0.00,5.67,0.00,100%,15:00,31(91%),3(9%),0(0%),24(71%),7(21%),3(9%),1(50%),1(50%),0(0%),"Santa Clara, United States","Aug. 29, 2017"
Greg Velasco,None,Heavyweight Division,0-1-0 (W-L-D),0,0,0,N/A,N/A,0,0,0,0,0.00,0.00,N/A,0.00,1.52,0.00,N/A,02:38,0(0%),0(0%),0(0%),0(0%),0(0%),0(0%),0(0%),0(0%),0(0%),None,"Feb. 11, 2025"
David Velasquez,None,Lightweight Division,0-0-0 (W-L-D),0,0,0,N/A,N/A,0,0,0,0,N/A,N/A,N/A,N/A,N/A,N/A,N/A,N/A,N/A,N/A,N/A,N/A,N/A,N/A,0(0%),0(0%),0(0%),United States,"Mar. 10, 2000"
Cain Velasquez,None,Heavyweight Division,14-3-0 (W-L-D),12,0,0,58%,45%,745,1287,34,88,6.37,5.13,57%,1.28,2.33,0.38,86%,06:53,265(36%),197(26%),283(38%),564(76%),80(11%),101(14%),12(86%),2(14%),0(0%),"Salinas, United States","Apr. 19, 2008"
Bojan Velickovic,"""Serbian Steel""",Welterweight Division,15-6-1 (W-L-D),0,0,0,35%,25%,195,560,4,16,2.18,0.67,58%,0.17,2.31,0.50,55%,14:56,166(85%),19(10%),10(5%),93(48%),29(15%),73(37%),4(27%),3(20%),8(53%),"Novi Sad, Serbia","Apr. 10, 2016"
Karlos Vemola,None,Middleweight Division,10-4-0 (W-L-D),0,0,0,44%,26%,91,206,,27,1.67,1.93,38%,0.00,2.13,1.66,31%,09:04,27(30%),15(16%),49(54%),66(73%),15(16%),10(11%),0(0%),0(0%),0(0%),None,"Jul. 3, 2010"
Luigi Vendramini,"""The Italian Stallion""",Lightweight Division,9-3-0 (W-L-D),5,4,0,41%,15%,76,186,,13,2.82,1.11,58%,0.56,3.82,0.56,100%,06:44,62(82%),6(8%),8(11%),45(59%),18(24%),13(17%),5(56%),0(0%),4(44%),"Brasilia, Brazil","Sep. 23, 2018"
Kerry Vera,None,Women's Bantamweight Division,0-0-0 (W-L-D),0,0,0,N/A,N/A,0,0,0,0,N/A,N/A,N/A,N/A,N/A,N/A,N/A,00:00,0(0%),0(0%),0(0%),0(0%),0(0%),0(0%),1(50%),1(50%),0(0%),"San Diego, United States","Feb. 11, 2025"
Marlon Vera,"""Chito""",Bantamweight Division,23-10-1 (W-L-D),8,10,8,49%,39%,1382,2813,,28,4.27,0.51,50%,0.56,5.37,0.83,73%,13:29,1087(79%),144(10%),151(11%),745(54%),294(21%),343(25%),8(35%),5(22%),10(43%),"Chone, Ecuador","Nov. 15, 2014"
Brandon Vera,"""The Truth""",Heavyweight Division,12-7-0 (W-L-D),0,0,0,56%,53%,519,926,,15,3.03,0.70,53%,0.70,2.81,0.18,60%,09:30,295(57%),176(34%),48(9%),192(37%),144(28%),183(35%),0(0%),0(0%),0(0%),United States,"Oct. 3, 2005"
Carlos Vera,"""Pequeno""",Bantamweight Division,11-4-0 (W-L-D),1,5,3,48%,N/A,12,25,0,0,0.80,0.00,46%,0.00,2.53,0.00,N/A,15:00,6(50%),1(8%),5(42%),7(58%),1(8%),4(33%),1(9%),5(45%),5(45%),Ecuador,"Dec. 9, 2023"
Isis Verbeek,None,Women's Strawweight Division,0-1-0 (W-L-D),0,0,0,44%,N/A,47,108,0,0,3.13,0.00,54%,0.00,3.53,0.00,67%,15:00,27(57%),20(43%),0(0%),13(28%),25(53%),9(19%),0(0%),0(0%),0(0%),None,"Feb. 11, 2025"
Ernie Verdicia,None,,0-0-0 (W-L-D),0,0,0,N/A,N/A,0,0,0,0,N/A,N/A,N/A,N/A,N/A,N/A,N/A,N/A,N/A,N/A,N/A,N/A,N/A,N/A,0(0%),0(0%),0(0%),United States,"Apr. 7, 1995"
Joe Veres,"""Mighty""",Lightweight Division,5-3-0 (W-L-D),0,0,0,0%,0%,0,10,,10,0.00,0.00,27%,0.00,5.55,0.00,N/A,02:53,0(0%),0(0%),0(0%),0(0%),0(0%),0(0%),0(0%),0(0%),0(0%),"Glendale, United States","Sep. 19, 2007"
Nikolay Veretennikov,None,Welterweight Division,12-4-0 (W-L-D),9,1,5,60%,0%,102,171,,5,3.40,0.00,55%,0.00,3.33,0.00,60%,15:00,86(84%),9(9%),7(7%),51(50%),38(37%),13(13%),9(90%),0(0%),1(10%),Ukraine,"Aug. 10, 2024"
CJ Vergara,None,Flyweight Division,12-6-1 (W-L-D),7,0,2,57%,N/A,418,736,0,0,5.10,0.00,53%,0.37,4.74,0.18,61%,10:14,293(70%),41(10%),84(20%),211(50%),153(37%),54(13%),7(58%),5(42%),0(0%),"Laredo, United States","Nov. 6, 2021"
Renato Verissimo,"""Charuto""",Welterweight Division,5-2-0 (W-L-D),0,0,0,49%,31%,38,78,,13,0.92,1.46,48%,0.00,1.87,2.55,50%,10:18,8(21%),11(29%),19(50%),28(74%),7(18%),3(8%),0(0%),0(0%),0(0%),"Rio de Janeiro, Brazil","Jan. 31, 2004"
Marvin Vettori,"""The Italian Dream""",Middleweight Division,19-7-1 (W-L-D),2,9,11,46%,45%,1156,2532,7,62,4.56,1.66,57%,0.06,4.24,0.47,69%,16:55,982(85%),78(7%),96(8%),896(78%),132(11%),128(11%),2(11%),7(39%),9(50%),"Trento, Italy","Aug. 21, 2016"
Hugo Viana,"""Wolverine""",Bantamweight Division,8-4-0 (W-L-D),0,0,0,39%,7%,205,532,,15,3.05,0.22,58%,0.89,3.20,0.00,50%,11:13,179(87%),14(7%),12(6%),131(64%),58(28%),16(8%),1(13%),7(88%),0(0%),Brazil,"Jun. 24, 2012"
Polyana Viana,"""Dama de Ferro""",Women's Strawweight Division,13-7-0 (W-L-D),5,8,12,41%,33%,218,536,2,12,2.99,0.82,54%,0.21,2.65,1.85,39%,07:17,174(80%),18(8%),26(12%),110(50%),66(30%),42(19%),5(38%),0(0%),8(62%),"State of Pará, Brazil","Feb. 4, 2018"
James Vick,"""The Texecutioner""",Welterweight Division,13-5-0 (W-L-D),3,5,0,40%,33%,472,1185,2,6,4.13,0.26,61%,0.52,3.31,0.66,58%,08:10,422(89%),31(7%),19(4%),288(61%),116(25%),68(14%),3(23%),5(38%),5(38%),"Olney, United States","Aug. 17, 2013"
Tamires Vidal,"""Tractor """,Women's Bantamweight Division,7-4-0 (W-L-D),1,2,1,53%,0%,126,236,,5,2.91,0.00,49%,0.35,4.46,0.69,36%,10:49,112(89%),14(11%),0(0%),45(36%),21(17%),60(48%),1(14%),4(57%),2(29%),"Niterói, Brazil","Nov. 5, 2022"
Milton Vieira,"""Miltinho""",Featherweight Division,13-8-2 (W-L-D),0,0,0,36%,53%,51,142,,15,1.13,2.67,48%,0.00,2.36,0.67,13%,12:27,39(76%),5(10%),7(14%),28(55%),17(33%),6(12%),0(0%),0(0%),0(0%),"Rio de Janeiro, Brazil","Jun. 24, 2012"
Reginaldo Vieira,None,Bantamweight Division,14-5-0 (W-L-D),0,0,0,41%,28%,143,351,,18,3.76,1.97,59%,0.00,2.89,0.79,25%,12:41,101(71%),17(12%),25(17%),76(53%),35(24%),32(22%),0(0%),4(29%),10(71%),"Sao Paulo, Brazil","Aug. 1, 2015"
Ketlen Vieira,"""Fenomeno""",Women's Bantamweight Division,14-4-0 (W-L-D),2,4,3,41%,45%,538,1307,8,38,2.92,1.39,51%,0.00,3.90,0.57,89%,15:21,414(77%),94(17%),30(6%),412(77%),78(14%),48(9%),2(14%),8(57%),4(29%),"State of Amazonas, Brazil","Oct. 2, 2016"
Rodolfo Vieira,None,Middleweight Division,10-2-0 (W-L-D),1,9,6,55%,30%,183,334,3,53,3.19,4.18,49%,0.00,4.60,1.57,100%,08:12,151(83%),8(4%),24(13%),148(81%),11(6%),24(13%),1(10%),0(0%),9(90%),Brazil,"Aug. 10, 2019"
Steve Vigneault,"""Lion Heart""",Middleweight Division,11-6-0 (W-L-D),0,0,0,46%,0%,6,13,,1,2.79,0.00,45%,0.00,9.77,0.00,100%,02:09,1(17%),5(83%),0(0%),1(17%),1(17%),4(67%),0(0%),0(0%),0(0%),"Iles de la Madeleine, Canada","Mar. 4, 2006"
Gian Villante,None,Heavyweight Division,17-14-0 (W-L-D),10,2,0,44%,23%,1029,2323,5,30,4.38,0.45,55%,0.32,5.47,0.00,83%,10:52,887(86%),74(7%),68(7%),665(65%),141(14%),223(22%),10(59%),5(29%),2(12%),United States,"Jan. 8, 2012"
Ike Villanueva,"""Hurricane""",Light Heavyweight Division,18-14-0 (W-L-D),15,0,14,38%,50%,92,239,1,2,3.66,0.60,36%,0.60,7.24,0.00,100%,04:11,78(85%),11(12%),3(3%),72(78%),18(20%),2(2%),15(83%),3(17%),0(0%),"Houston, United States","May. 13, 2020"
Armando Villarreal,"""La Lumbre""",Bantamweight Division,5-1-0 (W-L-D),0,0,0,56%,25%,15,27,,4,3.23,3.23,52%,0.00,4.30,0.00,N/A,04:39,11(73%),0(0%),4(27%),7(47%),4(27%),4(27%),0(0%),0(0%),0(0%),"San Benito, United States","Feb. 11, 2025"
Yuri Villefort,None,Welterweight Division,6-3-0 (W-L-D),0,0,0,43%,35%,143,329,,17,3.18,2.00,56%,0.00,5.42,0.33,40%,15:00,117(82%),9(6%),17(12%),66(46%),30(21%),47(33%),2(33%),1(17%),3(50%),"Brasilia, Brazil","May. 20, 2012"
Danillo Villefort,"""Indio""",Welterweight Division,0-0-0 (W-L-D),0,0,0,37%,67%,50,134,,3,2.86,1.71,69%,0.00,2.40,1.71,33%,08:45,36(72%),4(8%),10(20%),21(42%),14(28%),15(30%),0(0%),0(0%),0(0%),"Brasilia, Brazil","Aug. 8, 2009"
Marcos Vinicius,"""Vina""",Flyweight Division,20-6-1 (W-L-D),0,0,0,49%,N/A,59,120,0,0,1.93,0.00,47%,0.00,2.91,0.49,25%,10:11,35(59%),14(24%),10(17%),34(58%),13(22%),12(20%),7(35%),0(0%),13(65%),Brazil,"Jun. 24, 2012"
Falaniko Vitale,"""Niko""",Middleweight Division,14-3-0 (W-L-D),0,0,0,20%,0%,5,25,,2,0.31,0.00,48%,0.00,9.38,0.00,86%,08:10,2(40%),1(20%),2(40%),1(20%),0(0%),4(80%),0(0%),0(0%),0(0%),"Honolulu, United States","Jun. 6, 2003"
Cheyanne Vlismas,"""The Warrior Princess""",Women's Strawweight Division,7-3-0 (W-L-D),2,0,0,51%,33%,301,591,1,3,4.93,0.25,65%,0.25,2.57,0.25,67%,12:12,238(79%),41(14%),22(7%),221(73%),61(20%),19(6%),2(29%),5(71%),0(0%),"St. Petersburg, United States","Mar. 20, 2021"
Bobby Voelker,"""Vicious""",Welterweight Division,24-12-0 (W-L-D),0,0,0,35%,50%,191,551,,8,3.79,1.19,42%,0.00,6.69,0.00,67%,12:36,120(63%),55(29%),16(8%),123(64%),36(19%),32(17%),19(79%),5(21%),0(0%),"Kansas City, United States","Mar. 16, 2013"
Mateo Vogel,None,Featherweight Division,0-1-0 (W-L-D),0,0,0,46%,17%,67,145,,6,4.47,1.00,66%,0.00,2.87,0.00,N/A,15:00,64(96%),3(4%),0(0%),31(46%),6(9%),30(45%),0(0%),0(0%),0(0%),"Ottawa, Canada","Feb. 11, 2025"
Danylo Voievodkin,None,Heavyweight Division,1-0-0 (W-L-D),0,0,0,46%,N/A,12,26,0,0,9.86,0.00,100%,12.33,0.00,12.33,N/A,01:13,12(100%),0(0%),0(0%),5(42%),0(0%),7(58%),0(0%),0(0%),0(0%),None,"Feb. 11, 2025"
Alexander Volkanovski,"""The Great""",Featherweight Division,26-4-0 (W-L-D),13,3,7,57%,38%,1559,2759,16,79,6.16,1.78,58%,0.36,3.44,0.18,70%,15:49,1157(74%),144(9%),258(17%),972(62%),177(11%),410(26%),13(52%),9(36%),3(12%),"Wollongong, Australia","Oct. 15, 2016"
Jacob Volkmann,"""Christmas""",Lightweight Division,15-4-0 (W-L-D),0,0,0,34%,49%,134,389,,49,1.19,3.19,53%,0.00,1.78,1.99,53%,11:18,44(33%),11(8%),79(59%),98(73%),20(15%),16(12%),0(0%),0(0%),0(0%),"Henning, United States","Nov. 21, 2009"
Alexander Volkov,"""Drago""",Heavyweight Division,38-11-0 (W-L-D),24,4,17,57%,67%,1224,2135,5,15,4.97,0.61,54%,0.24,2.99,0.24,72%,12:57,1002(82%),149(12%),73(6%),726(59%),287(23%),211(17%),24(63%),10(26%),4(11%),"Moscow, Russia","Nov. 19, 2016"
Jason Von Flue,"""Live Wire""",Welterweight Division,13-6-1 (W-L-D),0,0,0,35%,18%,45,127,,11,1.59,1.06,53%,0.00,5.55,1.59,59%,09:26,23(51%),22(49%),0(0%),27(60%),15(33%),3(7%),0(0%),0(0%),0(0%),"Kerman, United States","Jan. 16, 2006"
Jordan Vucenic,"""The Epidemic""",Lightweight Division,13-3-0 (W-L-D),2,6,2,40%,0%,34,85,,5,2.27,0.00,56%,1.00,2.00,0.00,75%,15:00,24(71%),7(21%),3(9%),23(68%),10(29%),1(3%),2(15%),5(38%),6(46%),"Kettering, England","Aug. 3, 2024"
Chris Wade,None,Lightweight Division,12-3-0 (W-L-D),0,0,0,54%,52%,137,254,,27,1.70,2.60,52%,0.19,1.75,1.12,55%,11:32,74(54%),37(27%),26(19%),66(48%),29(21%),42(31%),0(0%),7(64%),4(36%),"Rockville Centre, United States","Aug. 30, 2014"
Neil Wain,"""Old Skool""",Heavyweight Division,5-1-0 (W-L-D),0,0,0,50%,N/A,4,8,0,0,2.64,0.00,43%,0.00,8.57,0.00,50%,01:31,3(75%),1(25%),0(0%),4(100%),0(0%),0(0%),0(0%),0(0%),0(0%),"Doncaster, United Kingdom","Oct. 18, 2008"
TJ Waldburger,"""The Modern Day Warrior""",Welterweight Division,16-9-0 (W-L-D),0,0,0,51%,46%,120,234,,26,2.02,3.03,40%,0.50,2.39,4.79,40%,07:26,59(49%),20(17%),41(34%),76(63%),20(17%),24(20%),0(0%),0(0%),0(0%),United States,"Sep. 15, 2010"
Chase Waldon,None,Middleweight Division,11-3-0 (W-L-D),0,0,0,29%,33%,2,7,,3,1.03,7.76,38%,0.00,6.72,0.00,N/A,01:56,2(100%),0(0%),0(0%),0(0%),0(0%),2(100%),3(27%),3(27%),5(45%),"Hudson, United States","Jul. 25, 2017"
Brogan Walker,"""Brogie The Bear""",Women's Flyweight Division,8-4-0 (W-L-D),0,1,1,31%,N/A,59,193,0,0,2.04,0.00,47%,0.00,3.70,0.00,11%,14:29,50(85%),8(14%),1(2%),22(37%),18(31%),19(32%),0(0%),7(88%),1(13%),"Newport Beach, United States","Aug. 6, 2022"
Donny Walker,"""Eagle Eye""",Bantamweight Division,14-8-0 (W-L-D),0,0,0,37%,N/A,32,86,0,0,1.81,0.00,47%,0.00,3.85,1.70,57%,08:50,27(84%),2(6%),3(9%),15(47%),4(13%),13(41%),0(0%),0(0%),0(0%),United States,"Feb. 11, 2025"
Johnny Walker,None,Light Heavyweight Division,21-9-0 (W-L-D),16,3,17,53%,100%,390,730,,3,3.87,0.45,44%,0.60,3.12,0.89,57%,06:43,275(71%),37(9%),78(20%),207(53%),43(11%),140(36%),16(76%),2(10%),3(14%),"Belford Roxo, Brazil","Nov. 17, 2018"
Valter Walker,"""The Clean Monster """,Heavyweight Division,12-1-0 (W-L-D),6,1,5,52%,75%,37,71,4,8,1.86,4.52,43%,0.00,3.16,0.75,N/A,09:58,26(70%),2(5%),9(24%),20(54%),6(16%),11(30%),6(55%),4(36%),1(9%),"State of Rio de Janeiro, Brazil","Apr. 6, 2024"
Ben Wall,"""Manimal""",Lightweight Division,7-2-1 (W-L-D),0,0,0,29%,0%,5,17,,1,1.47,0.00,29%,0.00,8.53,0.00,100%,01:42,2(40%),3(60%),0(0%),3(60%),2(40%),0(0%),0(0%),5(71%),2(29%),Australia,"Dec. 7, 2013"
Austin Wall,"""AWALL""",None,None,0,0,0,N/A,N/A,0,0,0,0,N/A,N/A,N/A,N/A,N/A,N/A,N/A,N/A,N/A,N/A,N/A,N/A,N/A,N/A,0(0%),0(0%),0(0%),None,"Feb. 11, 2025"
James Wallace,"""Jesse""",Lightweight Division,9-2-0 (W-L-D),0,0,0,29%,N/A,2,7,0,0,0.52,0.00,35%,0.00,3.41,0.00,N/A,03:49,2(100%),0(0%),0(0%),0(0%),2(100%),0(0%),0(0%),0(0%),0(0%),"Horn Lake, United States","Feb. 11, 2025"
Rodney Wallace,"""Shonuff The Master""",Light Heavyweight Division,9-2-0 (W-L-D),0,0,0,46%,55%,51,110,,33,1.13,6.00,45%,0.00,3.44,1.00,29%,15:00,22(43%),18(35%),11(22%),41(80%),10(20%),0(0%),0(0%),0(0%),0(0%),"Bamberg, United States","Dec. 5, 2009"
Randall Wallace,"""Braveheart""",Middleweight Division,15-7-0 (W-L-D),0,0,0,38%,50%,8,21,,2,1.13,2.13,45%,0.00,4.11,0.00,N/A,07:03,6(75%),2(25%),0(0%),3(38%),2(25%),3(38%),7(47%),2(13%),6(40%),"Crescent City, United States","Aug. 15, 2017"
Crafton Wallace,"""Blaze""",Middleweight Division,13-2-1 (W-L-D),0,0,0,19%,N/A,5,27,0,0,0.54,0.00,48%,0.00,3.80,0.00,43%,04:37,5(100%),0(0%),0(0%),3(60%),0(0%),2(40%),0(0%),0(0%),0(0%),"Baltimore, United States","Aug. 17, 2006"
Jimmy Wallhead,"""Judo""",Welterweight Division,29-11-0 (W-L-D),0,0,0,27%,0%,79,295,,2,3.19,0.00,50%,0.60,6.65,0.00,100%,12:24,75(95%),2(3%),2(3%),55(70%),12(15%),12(15%),13(45%),8(28%),8(28%),"Leicester, United Kingdom","Sep. 3, 2016"
Cory Walmsley,"""Hard Cor""",Light Heavyweight Division,10-1-0 (W-L-D),0,0,0,100%,N/A,2,2,0,0,0.79,0.00,50%,0.00,1.18,0.00,N/A,02:32,1(50%),1(50%),0(0%),1(50%),1(50%),0(0%),0(0%),0(0%),0(0%),"St. Paul, United States","Aug. 26, 2006"
Patrick Walsh,None,Middleweight Division,5-3-0 (W-L-D),0,0,0,19%,55%,61,320,,11,2.03,3.00,65%,0.00,2.83,1.50,100%,15:00,54(89%),1(2%),6(10%),60(98%),0(0%),1(2%),2(40%),2(40%),1(20%),United States,"Jul. 6, 2014"
Rich Walsh,"""Filthy""",Welterweight Division,9-6-0 (W-L-D),0,0,0,47%,40%,297,635,,20,3.84,1.55,59%,0.58,2.72,0.19,67%,12:53,159(54%),73(25%),65(22%),186(63%),52(18%),59(20%),4(44%),4(44%),1(11%),"St. Leonards, Australia","Apr. 16, 2014"
Andy Wang,"""The Yellow Peril""",Lightweight Division,8-6-0 (W-L-D),0,0,0,36%,0%,4,11,,1,3.43,0.00,63%,0.00,10.29,0.00,N/A,01:10,1(25%),3(75%),0(0%),3(75%),1(25%),0(0%),0(0%),0(0%),0(0%),United States,"Jun. 23, 2007"
Joshua Wang-Kim,None,Bantamweight Division,0-1-0 (W-L-D),0,0,0,40%,100%,38,94,,1,2.95,1.17,61%,0.00,4.43,0.00,67%,12:52,37(97%),1(3%),0(0%),14(37%),17(45%),7(18%),0(0%),0(0%),0(0%),"San Diego, United States","Feb. 11, 2025"
Curt Warburton,"""The War""",Lightweight Division,7-3-0 (W-L-D),0,0,0,42%,50%,68,161,,10,2.13,2.35,43%,0.00,3.44,0.94,83%,10:39,43(63%),18(26%),7(10%),25(37%),21(31%),22(32%),0(0%),0(0%),0(0%),"Bishop Auckland, United Kingdom","Oct. 16, 2010"
Charlie Ward,"""Relentless""",Welterweight Division,3-3-0 (W-L-D),0,0,0,19%,0%,5,26,,1,1.64,0.00,53%,0.00,7.21,0.00,N/A,01:32,4(80%),1(20%),0(0%),4(80%),1(20%),0(0%),0(0%),2(100%),0(0%),"Portlaoise, Ireland","Nov. 19, 2016"
Terrion Ware,"""Flash""",Bantamweight Division,17-8-0 (W-L-D),0,0,0,33%,22%,241,741,,9,4.02,0.50,50%,0.00,6.07,0.00,45%,15:00,210(87%),16(7%),15(6%),165(68%),47(20%),29(12%),6(35%),8(47%),3(18%),"Los Angeles, United States","Jul. 9, 2017"
Ron Waterman,None,Heavyweight Division,16-6-0 (W-L-D),0,0,0,50%,69%,27,54,,13,0.84,4.19,43%,0.00,1.37,2.79,50%,06:12,4(15%),2(7%),21(78%),17(63%),6(22%),4(15%),0(0%),0(0%),0(0%),"Greeley, United States","May. 7, 1999"
Trey Waters,"""The Truth""",Welterweight Division,9-1-0 (W-L-D),3,3,0,44%,33%,220,500,1,3,6.43,0.44,57%,0.00,5.61,0.88,86%,11:24,216(98%),3(1%),1(0%),200(91%),14(6%),6(3%),3(38%),2(25%),3(38%),"Jacksonville, United States","Apr. 29, 2023"
Dominic Waters,"""Shonuff""",Welterweight Division,9-5-0 (W-L-D),0,0,0,23%,53%,16,69,,17,0.48,4.07,40%,0.00,2.53,0.00,29%,11:04,13(81%),1(6%),2(13%),13(81%),3(19%),0(0%),0(0%),0(0%),0(0%),"San Pablo, United States","Feb. 11, 2025"
Michelle Waterson-Gomez,"""The Karate Hottie""",Women's Strawweight Division,18-13-0 (W-L-D),3,9,8,46%,33%,812,1750,10,66,3.42,1.39,49%,0.00,4.25,0.63,70%,13:57,567(70%),152(19%),93(11%),383(47%),227(28%),202(25%),3(17%),6(33%),9(50%),"Colorado Springs, United States","Jul. 12, 2015"
Tom Watson,"""Kong""",Middleweight Division,17-9-0 (W-L-D),0,0,0,44%,7%,400,902,,14,4.01,0.15,50%,0.15,4.41,0.00,44%,14:15,288(72%),105(26%),7(2%),180(45%),88(22%),132(33%),8(47%),8(47%),1(6%),United States,"Sep. 29, 2012"
Walel Watson,"""The Gazelle""",Bantamweight Division,9-5-0 (W-L-D),0,0,0,29%,0%,68,232,,1,2.10,0.00,44%,0.93,3.79,1.39,62%,08:07,57(84%),3(4%),8(12%),37(54%),13(19%),18(26%),0(0%),0(0%),0(0%),United States,"Oct. 2, 2011"
Kyle Watson,None,Lightweight Division,16-8-1 (W-L-D),0,0,0,35%,0%,97,276,,15,3.67,0.00,63%,0.00,3.25,0.00,100%,13:14,76(78%),21(22%),0(0%),40(41%),37(38%),20(21%),0(0%),0(0%),0(0%),United States,"Dec. 5, 2010"
Brok Weaver,"""Chata TUska""",Lightweight Division,15-6-0 (W-L-D),2,3,0,65%,10%,176,272,,10,4.78,0.41,46%,0.00,4.35,0.41,67%,09:12,87(49%),86(49%),3(2%),74(42%),64(36%),38(22%),2(14%),9(64%),3(21%),"Jackson, United States","Aug. 13, 2019"
Jonavin Webb,"""The Spyder""",Welterweight Division,8-2-0 (W-L-D),0,0,0,31%,31%,44,144,,16,1.47,2.50,65%,0.50,2.27,1.00,40%,15:00,31(70%),9(20%),4(9%),32(73%),10(23%),2(5%),2(25%),2(25%),4(50%),"Camden, United States","May. 9, 2015"
Royston Wee,None,Bantamweight Division,4-1-0 (W-L-D),0,0,0,60%,82%,44,73,,11,1.10,3.38,50%,0.00,2.45,0.00,N/A,13:20,30(68%),4(9%),10(23%),16(36%),9(20%),19(43%),0(0%),2(50%),2(50%),Singapore,"Jan. 4, 2014"
Darian Weeks,None,Welterweight Division,5-3-0 (W-L-D),4,1,0,51%,30%,202,394,4,20,4.49,2.00,52%,0.00,4.56,0.00,100%,15:00,175(87%),24(12%),3(1%),93(46%),55(27%),54(27%),4(80%),0(0%),1(20%),"Memphis, United States","Dec. 4, 2021"
Joshua Weems,"""Wide Open""",Bantamweight Division,11-3-0 (W-L-D),1,8,4,65%,40%,33,51,2,5,5.25,4.77,61%,0.00,3.34,0.00,100%,03:09,25(76%),8(24%),0(0%),15(45%),10(30%),8(24%),1(9%),2(18%),8(73%),"Jackson, United States","Oct. 29, 2022"
Chris Weidman,"""The All-American""",Middleweight Division,16-8-0 (W-L-D),6,4,6,45%,42%,626,1387,36,104,3.11,3.27,51%,0.37,3.37,0.82,72%,10:05,416(66%),58(9%),152(24%),460(73%),100(16%),66(11%),6(38%),6(38%),4(25%),United States,"Mar. 4, 2011"
Dakota Weigher,"""Iron Slap""",None,None,0,0,0,N/A,N/A,0,0,0,0,N/A,N/A,N/A,N/A,N/A,N/A,N/A,N/A,N/A,N/A,N/A,N/A,N/A,N/A,0(0%),0(0%),0(0%),None,"Feb. 11, 2025"
Zhang Weili,"""Magnum""",Women's Strawweight Division,26-3-0 (W-L-D),11,8,11,54%,46%,897,1665,1,57,5.15,2.24,54%,0.26,2.77,0.52,74%,14:31,527(59%),75(8%),295(33%),539(60%),146(16%),212(24%),11(42%),7(27%),8(31%),"Hebei, China","Aug. 4, 2018"
Mark Weir,None,Middleweight Division,17-2-0 (W-L-D),0,0,0,64%,N/A,25,39,0,0,1.80,0.00,38%,2.16,3.38,3.23,25%,04:38,5(20%),1(4%),19(76%),23(92%),2(8%),0(0%),0(0%),0(0%),0(0%),"Gloucester, United Kingdom","Jul. 13, 2002"
Christian Wellisch,"""The Hungarian Nightmare""",Light Heavyweight Division,9-4-0 (W-L-D),0,0,0,28%,43%,115,412,,7,3.12,1.22,56%,0.41,3.04,1.22,45%,07:23,83(72%),24(21%),8(7%),89(77%),8(7%),18(16%),0(0%),0(0%),0(0%),"Budapest, Hungary","Aug. 26, 2006"
Jeremiah Wells,None,Welterweight Division,12-4-1 (W-L-D),5,4,5,43%,44%,129,297,1,25,2.41,3.08,49%,0.56,1.31,0.84,80%,08:55,64(50%),5(4%),60(47%),110(85%),19(15%),0(0%),5(42%),3(25%),4(33%),"Philadelphia, United States","Jun. 26, 2021"
Orlando Welt,None,,0-0-0 (W-L-D),0,0,0,N/A,N/A,0,0,0,0,N/A,N/A,N/A,N/A,N/A,N/A,N/A,N/A,N/A,N/A,N/A,N/A,N/A,N/A,0(0%),0(0%),0(0%),"Nancy, France","Mar. 11, 1994"
Fabricio Werdum,"""Vai Cavalo""",Heavyweight Division,24-8-1 (W-L-D),6,11,0,52%,32%,1204,2298,12,122,3.59,1.75,56%,0.31,2.64,1.16,32%,10:28,853(71%),203(17%),148(12%),807(67%),201(17%),196(16%),6(26%),6(26%),11(48%),"Porte Alegre, Brazil","Apr. 21, 2007"
Mike Wessel,"""The Juggernaut""",Heavyweight Division,6-1-0 (W-L-D),0,0,0,57%,50%,13,23,,6,1.82,6.29,22%,0.00,6.43,0.00,N/A,07:09,2(15%),8(62%),3(23%),8(62%),5(38%),0(0%),0(0%),0(0%),0(0%),"Little Rock, United States","Dec. 27, 2008"
Sheldon Westcott,None,Welterweight Division,10-3-1 (W-L-D),0,0,0,41%,38%,63,155,6,16,2.26,3.23,37%,0.00,3.73,0.00,14%,09:18,10(16%),20(32%),33(52%),48(76%),13(21%),2(3%),4(40%),2(20%),4(40%),"Edmonton, Canada","Apr. 16, 2014"
Patrik White,"""Prime Time""",Lightweight Division,0-1-0 (W-L-D),0,0,0,49%,N/A,56,114,0,0,9.77,0.00,61%,0.00,6.28,0.00,50%,05:44,46(82%),9(16%),1(2%),39(70%),16(29%),1(2%),0(0%),0(0%),0(0%),"Anchorage, United States","Feb. 11, 2025"
Alex White,"""The Spartan""",Lightweight Division,13-6-0 (W-L-D),5,5,0,42%,28%,431,1026,5,25,3.76,0.92,61%,0.52,3.07,0.52,71%,11:28,288(67%),118(27%),25(6%),265(61%),138(32%),28(6%),5(38%),3(23%),5(38%),"Columbia, United States","Apr. 19, 2014"
Craig White,"""The Thundercat""",Welterweight Division,14-9-0 (W-L-D),0,0,0,41%,0%,24,59,,2,1.23,0.00,40%,0.77,3.28,0.77,50%,09:46,13(54%),2(8%),9(38%),17(71%),4(17%),3(13%),5(36%),0(0%),9(64%),"Plymouth, United Kingdom","May. 27, 2018"
Vernon White,"""Tiger""",Light Heavyweight Division,11-9-1 (W-L-D),0,0,0,49%,17%,58,119,,6,3.04,0.79,54%,0.00,3.93,0.00,44%,09:33,19(33%),21(36%),18(31%),31(53%),13(22%),14(24%),0(0%),0(0%),0(0%),"Sparks, United States","Jun. 6, 2003"
Rob Whiteford,"""The Hammer""",Featherweight Division,12-4-0 (W-L-D),0,0,0,47%,30%,129,277,,23,2.33,1.90,63%,0.27,1.99,0.00,45%,11:04,103(80%),16(12%),10(8%),79(61%),31(24%),19(15%),0(0%),0(0%),0(0%),"Lanark, United Kingdom","Oct. 27, 2013"
Mike Whitehead,"""Iron""",Light Heavyweight Division,9-6-0 (W-L-D),0,0,0,37%,47%,28,75,,15,1.32,4.95,59%,0.00,6.04,0.00,78%,10:36,23(82%),3(11%),2(7%),16(57%),8(29%),4(14%),0(0%),0(0%),0(0%),"Medford, United States","Feb. 4, 2006"
Garett Whiteley,"""Goodnight""",Lightweight Division,8-3-0 (W-L-D),0,0,0,48%,0%,126,261,,2,3.72,0.00,46%,0.00,4.04,0.89,28%,11:18,73(58%),28(22%),25(20%),60(48%),44(35%),22(17%),4(50%),1(13%),3(38%),"Indianapolis, United States","Oct. 9, 2013"
Emily Whitmire,"""Spitfire""",Women's Flyweight Division,4-5-0 (W-L-D),0,1,0,31%,67%,79,252,1,6,2.50,1.90,54%,0.00,2.98,0.48,70%,05:16,60(76%),6(8%),13(16%),50(63%),13(16%),16(20%),0(0%),3(75%),1(25%),"Portland, United States","Dec. 1, 2017"
Robert Whittaker,"""The Reaper""",Middleweight Division,27-8-0 (W-L-D),11,5,7,43%,38%,1369,3179,4,42,4.54,0.80,60%,0.55,3.41,0.00,81%,13:07,1186(87%),93(7%),90(7%),953(70%),149(11%),267(20%),11(41%),11(41%),5(19%),"Otahuhu, Australia","Dec. 16, 2012"
Josh Wick,None,Lightweight Division,0-1-0 (W-L-D),0,0,0,60%,N/A,3,5,0,0,0.65,0.00,41%,0.00,6.52,0.00,80%,04:36,3(100%),0(0%),0(0%),0(0%),1(33%),2(67%),0(0%),0(0%),0(0%),"Portland, United States","Feb. 11, 2025"
Adam Wieczorek,"""Siwy""",Heavyweight Division,10-2-0 (W-L-D),3,6,0,39%,33%,62,160,,3,1.68,0.41,49%,0.00,1.87,0.41,59%,12:20,43(69%),12(19%),7(11%),28(45%),21(34%),13(21%),3(30%),1(10%),6(60%),"Chorzow, Poland","Nov. 18, 2017"
Jonathan Wiezorek,"""Lock N Load""",Heavyweight Division,7-1-0 (W-L-D),0,0,0,100%,25%,10,10,,4,2.14,3.21,32%,0.00,9.21,0.00,N/A,04:40,0(0%),2(20%),8(80%),10(100%),0(0%),0(0%),0(0%),0(0%),0(0%),"Valdosta, United States","Apr. 2, 2004"
Justin Wilcox,"""Silverback""",Lightweight Division,0-0-0 (W-L-D),0,0,0,N/A,N/A,0,0,0,0,N/A,N/A,N/A,N/A,N/A,N/A,N/A,N/A,N/A,N/A,N/A,N/A,N/A,N/A,0(0%),0(0%),0(0%),"San Jose, United States","Jul. 15, 2012"
Mike Wilkinson,"""The Warrior""",Featherweight Division,9-2-0 (W-L-D),0,0,0,38%,14%,77,201,,14,2.35,0.92,36%,0.46,3.70,0.92,56%,08:11,50(65%),8(10%),19(25%),49(64%),10(13%),18(23%),3(33%),2(22%),4(44%),"Billinge, United Kingdom","Dec. 16, 2012"
Rob Wilkinson,"""Razor""",Middleweight Division,11-2-0 (W-L-D),0,0,0,50%,25%,46,92,5,20,2.74,4.47,39%,0.00,5.66,0.00,N/A,08:24,29(63%),17(37%),0(0%),17(37%),9(20%),20(43%),4(36%),1(9%),6(55%),Australia,"Sep. 2, 2017"
Aaron Wilkinson,"""The Daywalker""",Lightweight Division,6-4-0 (W-L-D),0,0,0,0%,100%,0,1,,1,0.00,7.32,100%,0.00,0.00,0.00,N/A,02:03,0(0%),0(0%),0(0%),0(0%),0(0%),0(0%),0(0%),0(0%),0(0%),United Kingdom,"Dec. 5, 2010"
James Wilks,"""Lightning""",Welterweight Division,8-4-0 (W-L-D),0,0,0,45%,22%,86,190,,18,1.82,1.27,50%,0.00,2.03,3.80,67%,11:50,41(48%),35(41%),10(12%),48(56%),18(21%),20(23%),0(0%),0(0%),0(0%),"Leicestershire, United Kingdom","Jun. 20, 2009"
Cole Williams,"""Havoc""",Welterweight Division,11-3-0 (W-L-D),5,3,0,27%,N/A,3,11,0,0,0.31,0.00,24%,0.00,5.34,0.00,25%,04:52,3(100%),0(0%),0(0%),3(100%),0(0%),0(0%),5(45%),3(27%),3(27%),"Elkhorn, United States","Aug. 3, 2019"
Karl Williams,None,Heavyweight Division,10-2-0 (W-L-D),3,0,3,49%,49%,201,411,8,43,2.68,4.20,56%,0.20,2.15,0.20,100%,15:00,145(72%),7(3%),49(24%),150(75%),20(10%),31(15%),3(30%),7(70%),0(0%),"St. Thomas, United States","Mar. 11, 2023"
Patrick Williams,"""The Animal""",Bantamweight Division,8-7-0 (W-L-D),0,0,0,52%,42%,114,221,5,12,4.12,2.71,52%,0.54,4.12,0.54,100%,06:56,87(76%),26(23%),1(1%),43(38%),28(25%),43(38%),4(50%),1(13%),3(38%),"Miami, United States","Apr. 26, 2014"
Tim Williams,None,Middleweight Division,15-5-0 (W-L-D),0,0,0,39%,40%,51,131,2,5,3.07,1.81,49%,0.00,3.55,0.00,100%,08:18,46(90%),3(6%),2(4%),33(65%),5(10%),13(25%),2(13%),4(27%),9(60%),"Bridgeton, United States","Feb. 18, 2018"
Jordan Williams,"""Bomaye""",Welterweight Division,9-6-0 (W-L-D),7,1,0,50%,50%,314,628,,8,5.83,1.11,36%,0.28,5.46,0.00,85%,08:59,229(73%),19(6%),66(21%),256(82%),40(13%),18(6%),7(78%),1(11%),1(11%),"Madison, United States","Oct. 3, 2020"
Khaos Williams,"""The Oxfighter""",Welterweight Division,15-3-0 (W-L-D),8,1,7,40%,0%,427,1072,,2,5.81,0.00,43%,1.02,5.42,0.00,80%,09:11,384(90%),25(6%),18(4%),197(46%),84(20%),146(34%),8(57%),5(36%),1(7%),"South Bend, United States","Feb. 8, 2020"
Pete Williams,"""El Duro (The Hard One)""",Heavyweight Division,8-5-0 (W-L-D),0,0,0,63%,40%,10,16,,5,0.61,1.84,40%,0.00,2.77,0.92,17%,05:25,2(20%),0(0%),8(80%),7(70%),2(20%),1(10%),0(0%),0(0%),0(0%),"San Lorenzo, United States","May. 15, 1998"
Tedd Williams,None,Heavyweight Division,0-0-0 (W-L-D),0,0,0,N/A,N/A,0,0,0,0,N/A,N/A,N/A,N/A,N/A,N/A,N/A,N/A,N/A,N/A,N/A,N/A,N/A,N/A,0(0%),0(0%),0(0%),United States,"Mar. 10, 2000"
Justin Willis,"""Big Pretty""",Heavyweight Division,8-2-0 (W-L-D),4,3,0,59%,67%,211,356,4,6,3.37,0.96,58%,0.48,2.57,0.00,36%,12:31,168(80%),14(7%),29(14%),176(83%),19(9%),16(8%),4(50%),1(13%),3(38%),"East Palo Alto, United States","Jul. 16, 2017"
Jonathan Wilson,"""Jonny Bravo""",Middleweight Division,7-3-0 (W-L-D),0,0,0,48%,100%,117,243,1,1,2.92,0.37,56%,0.75,5.65,0.00,80%,10:00,95(81%),14(12%),8(7%),87(74%),21(18%),9(8%),6(86%),1(14%),0(0%),"San Bernardino, United States","Aug. 8, 2015"
Chris Wilson,"""The Professor""",Welterweight Division,13-6-0 (W-L-D),0,0,0,51%,50%,133,261,,10,2.32,1.31,56%,0.79,1.36,1.57,60%,14:19,70(53%),26(20%),37(28%),65(49%),52(39%),16(12%),0(0%),0(0%),0(0%),"Portland, United States","Mar. 1, 2008"
Westin Wilson,None,Featherweight Division,17-9-0 (W-L-D),5,11,15,33%,17%,15,45,,6,1.68,1.68,31%,0.00,5.72,8.41,33%,02:58,14(93%),1(7%),0(0%),8(53%),3(20%),4(27%),5(31%),0(0%),11(69%),"Orange, United States","Jul. 1, 2023"
Matt Wiman,None,Lightweight Division,16-10-0 (W-L-D),4,5,0,50%,38%,557,1112,24,66,3.17,2.13,51%,0.09,3.57,1.54,56%,09:46,247(44%),139(25%),171(31%),386(69%),69(12%),102(18%),4(25%),7(44%),5(31%),"Denver, United States","May. 27, 2006"
Eddie Wineland,None,Bantamweight Division,24-16-1 (W-L-D),15,4,0,29%,33%,753,2590,2,15,3.40,0.34,68%,0.88,3.76,0.14,86%,09:38,654(87%),39(5%),60(8%),558(74%),140(19%),55(7%),15(63%),5(21%),4(17%),"Houston, United States","Mar. 20, 2011"
Deron Winn,None,Middleweight Division,7-3-0 (W-L-D),4,0,4,45%,53%,303,680,,36,4.55,4.28,46%,0.00,6.21,0.00,40%,13:20,242(80%),50(17%),11(4%),221(73%),60(20%),22(7%),4(57%),3(43%),0(0%),"Liberty, United States","Jun. 22, 2019"
Andre Winner,None,Lightweight Division,12-6-1 (W-L-D),0,0,0,33%,0%,169,505,,3,2.52,0.00,52%,0.45,4.57,0.00,74%,11:10,91(54%),75(44%),3(2%),82(49%),50(30%),37(22%),0(0%),0(0%),0(0%),United States,"Jun. 20, 2009"
Eric Wisely,"""Little Lee""",Featherweight Division,19-8-0 (W-L-D),0,0,0,47%,0%,45,95,,1,1.42,0.00,57%,0.00,2.08,0.95,27%,10:34,42(93%),3(7%),0(0%),19(42%),14(31%),12(27%),0(0%),0(0%),0(0%),"Moline, United States","Jan. 28, 2012"
Keith Wisniewski,"""The Polish Connection""",Welterweight Division,28-14-1 (W-L-D),0,0,0,52%,40%,133,255,6,15,2.32,1.57,43%,0.00,4.86,0.26,79%,11:28,58(44%),61(46%),14(11%),82(62%),48(36%),3(2%),6(21%),7(25%),15(54%),United States,"Nov. 19, 2005"
Jason Witt,"""The Vanilla Gorilla""",Welterweight Division,19-9-0 (W-L-D),3,8,7,45%,48%,70,157,14,31,2.15,6.90,52%,0.46,2.54,0.92,100%,05:26,44(63%),6(9%),20(29%),51(73%),13(19%),6(9%),3(16%),8(42%),8(42%),United States,"Jun. 27, 2020"
Travis Wiuff,"""The Diesel""",Light Heavyweight Division,22-3-0 (W-L-D),0,0,0,60%,40%,3,5,,5,0.31,3.14,41%,0.00,5.23,1.57,44%,04:47,1(33%),1(33%),1(33%),2(67%),1(33%),0(0%),0(0%),0(0%),0(0%),"Owatonna, United States","Nov. 22, 2002"
Ray Wizard,None,,0-0-0 (W-L-D),0,0,0,N/A,N/A,0,0,0,0,N/A,N/A,N/A,N/A,N/A,N/A,N/A,N/A,N/A,N/A,N/A,N/A,N/A,N/A,0(0%),0(0%),0(0%),United States,"Mar. 11, 1994"
Karolina Wojcik,None,Women's Strawweight Division,1-0-0 (W-L-D),0,0,0,66%,67%,40,61,,3,2.67,2.00,63%,0.00,0.87,1.00,100%,15:00,20(50%),9(23%),11(28%),22(55%),6(15%),12(30%),0(0%),0(0%),0(0%),Poland,"Feb. 10, 2025"
Danyelle Wolf,None,Women's Featherweight Division,1-1-0 (W-L-D),0,0,0,26%,0%,71,276,,1,2.37,0.00,48%,0.00,4.57,0.50,78%,15:00,68(96%),3(4%),0(0%),47(66%),14(20%),10(14%),0(0%),0(0%),0(0%),"York, United States","Sep. 10, 2022"
Brandon Wolff,None,Welterweight Division,7-4-0 (W-L-D),0,0,0,33%,0%,2,6,,1,0.47,0.00,19%,0.00,10.91,0.00,N/A,02:07,1(50%),1(50%),0(0%),0(0%),2(100%),0(0%),0(0%),0(0%),0(0%),"Kailua, United States","Dec. 10, 2008"
Nathaniel Wood,"""The Prospect""",Featherweight Division,21-6-0 (W-L-D),8,5,7,51%,48%,831,1618,,31,5.75,1.56,56%,0.31,4.00,0.52,73%,13:08,712(86%),48(6%),71(9%),452(54%),98(12%),281(34%),8(40%),7(35%),5(25%),"London, England","Jun. 1, 2018"
Joanne Wood,"""JoJo""",Women's Flyweight Division,17-8-0 (W-L-D),5,1,4,51%,56%,1329,2582,,34,7.10,1.52,51%,0.24,4.89,0.32,59%,11:00,1046(79%),224(17%),59(4%),581(44%),323(24%),425(32%),5(29%),11(65%),1(6%),"Irvine, United Kingdom","Dec. 12, 2014"
Val Woodburn,"""The Animal""",Welterweight Division,7-2-0 (W-L-D),5,0,3,36%,100%,25,70,,2,1.60,1.92,36%,0.96,4.93,0.00,50%,07:49,17(68%),5(20%),3(12%),21(84%),2(8%),2(8%),5(71%),2(29%),0(0%),Jamaica,"Jul. 8, 2023"
Tyron Woodley,"""The Chosen One""",Welterweight Division,19-7-1 (W-L-D),7,5,0,49%,40%,730,1499,5,55,2.36,1.06,55%,0.58,2.76,0.39,88%,12:34,350(48%),222(30%),158(22%),386(53%),263(36%),81(11%),7(37%),7(37%),5(26%),"St. Louis, United States","Jan. 8, 2012"
Sean Woodson,"""The Sniper""",Featherweight Division,13-1-1 (W-L-D),4,1,4,47%,63%,674,1444,,8,5.66,0.63,59%,0.50,4.20,0.38,84%,11:54,626(93%),41(6%),7(1%),480(71%),102(15%),92(14%),4(31%),8(62%),1(8%),"St. Louis, United States","Oct. 18, 2019"
Cal Worsham,None,,0-0-0 (W-L-D),0,0,0,N/A,N/A,0,0,0,0,N/A,N/A,N/A,N/A,N/A,N/A,N/A,N/A,N/A,N/A,N/A,N/A,N/A,N/A,0(0%),0(0%),0(0%),"Folsom, United States","Jul. 14, 1995"
Khama Worthy,"""The Death Star""",Lightweight Division,16-9-0 (W-L-D),9,3,0,48%,N/A,93,192,0,0,4.18,0.00,46%,0.67,4.45,0.67,57%,04:27,86(92%),1(1%),6(6%),37(40%),22(24%),34(37%),9(56%),4(25%),3(19%),"Pittsburgh, United States","Aug. 17, 2019"
Justin Wren,"""The Viking""",Heavyweight Division,10-2-0 (W-L-D),0,0,0,11%,0%,17,159,,1,1.13,0.00,64%,0.00,4.13,0.00,100%,15:00,12(71%),5(29%),0(0%),5(29%),9(53%),3(18%),0(0%),0(0%),0(0%),"Ames, United States","Dec. 5, 2009"
Jordan Wright,"""The Beverly Hills Ninja""",Light Heavyweight Division,12-5-0 (W-L-D),7,5,11,57%,45%,147,259,,11,4.10,2.09,32%,0.84,6.03,0.42,100%,04:29,66(45%),57(39%),24(16%),82(56%),55(37%),10(7%),7(58%),0(0%),5(42%),"San Antonio, United States","Aug. 22, 2020"
Marcin Wrzosek,"""The Polish Zombie""",Lightweight Division,10-4-0 (W-L-D),0,0,0,44%,25%,52,119,,12,3.47,3.00,44%,0.00,4.07,0.00,33%,15:00,34(65%),13(25%),5(10%),39(75%),4(8%),9(17%),4(40%),3(30%),3(30%),None,"Dec. 11, 2015"
Song Yadong,"""Kung Fu Kid""",Bantamweight Division,21-8-1 (W-L-D),9,3,7,44%,40%,814,1870,1,20,4.49,0.66,56%,0.58,3.96,0.17,72%,12:56,683(84%),54(7%),77(9%),520(64%),162(20%),132(16%),9(43%),9(43%),3(14%),"Heilongjiang, China","Nov. 25, 2017"
Jamie Yager,"""chosyn-1""",Middleweight Division,2-2-0 (W-L-D),0,0,0,39%,0%,29,74,,1,3.08,0.00,63%,0.00,2.55,0.00,67%,09:25,24(83%),4(14%),1(3%),17(59%),1(3%),11(38%),0(0%),0(0%),0(0%),"Huntington Beach, United States","Jun. 19, 2010"
Eddie Yagin,"""The Filipino Phenom""",Featherweight Division,16-5-1 (W-L-D),0,0,0,30%,N/A,94,310,0,0,3.13,0.00,42%,1.00,5.77,1.00,63%,12:28,82(87%),1(1%),11(12%),78(83%),3(3%),13(14%),0(0%),0(0%),0(0%),United States,"Sep. 25, 2011"
Rani Yahya,None,Bantamweight Division,28-12-1 (W-L-D),0,21,0,39%,31%,479,1229,34,165,1.71,2.73,50%,0.00,2.08,1.82,29%,10:01,365(76%),31(6%),83(17%),253(53%),89(19%),137(29%),0(0%),7(25%),21(75%),"Brasilia, Brazil","Jan. 23, 2011"
Mohammad Yahya,"""The UAE Warrior""",Lightweight Division,12-5-0 (W-L-D),7,2,4,43%,100%,47,110,1,1,2.38,0.76,39%,0.00,4.96,0.76,43%,09:53,45(96%),2(4%),0(0%),30(64%),14(30%),3(6%),7(54%),4(31%),2(15%),"London, England","Oct. 21, 2023"
Alexander Yakovlev,"""Russian Thunder""",Lightweight Division,24-10-1 (W-L-D),9,9,0,47%,35%,173,365,6,31,1.74,1.66,59%,0.30,2.41,0.15,72%,11:01,124(72%),22(13%),27(16%),85(49%),46(27%),42(24%),9(38%),6(25%),9(38%),"Great Novgorod, Russia","May. 31, 2014"
Keichiro Yamamiya,None,Middleweight Division,0-0-0 (W-L-D),0,0,0,N/A,N/A,0,0,0,0,N/A,N/A,N/A,N/A,N/A,N/A,N/A,N/A,N/A,N/A,N/A,N/A,N/A,N/A,0(0%),0(0%),0(0%),United States,"Nov. 19, 1999"
Norifumi Yamamoto,"""Kid""",Bantamweight Division,18-6-0 (W-L-D),0,0,0,45%,22%,154,341,2,9,2.09,0.41,57%,0.41,2.01,0.00,45%,10:32,121(79%),23(15%),10(6%),83(54%),35(23%),36(23%),0(0%),0(0%),0(0%),Japan,"Feb. 5, 2011"
Kenichi Yamamoto,None,Welterweight Division,0-0-0 (W-L-D),0,0,0,43%,0%,3,7,,4,0.43,0.00,39%,0.00,12.92,0.00,10%,06:58,2(67%),1(33%),0(0%),0(0%),2(67%),1(33%),0(0%),0(0%),0(0%),Japan,"Nov. 19, 1999"
Qihui Yan,None,Women's Flyweight Division,1-2-0 (W-L-D),0,0,0,47%,69%,161,343,,13,4.38,3.68,55%,0.00,5.06,0.00,63%,12:15,148(92%),3(2%),10(6%),69(43%),54(34%),38(24%),0(0%),0(0%),0(0%),"Yunnan, China","Feb. 11, 2025"
Yan Xiaonan,None,Women's Strawweight Division,19-4-0 (W-L-D),8,0,8,45%,73%,899,1986,,15,4.99,0.92,60%,0.17,3.44,0.00,63%,15:02,781(87%),69(8%),49(5%),586(65%),118(13%),195(22%),8(42%),10(53%),1(5%),"Liaoning, China","Nov. 25, 2017"
Petr Yan,"""No Mercy""",Bantamweight Division,18-5-0 (W-L-D),7,1,3,54%,49%,1236,2276,,53,5.11,1.61,59%,0.62,4.13,0.12,85%,17:17,909(74%),135(11%),192(16%),836(68%),249(20%),151(12%),7(39%),10(56%),1(6%),"Krasnoyarsk Krai, Russia","Jun. 23, 2018"
Wu Yanan,"""Mulan""",Women's Bantamweight Division,12-6-0 (W-L-D),6,5,8,41%,30%,309,746,1,10,4.23,0.62,50%,0.00,4.95,0.21,63%,12:11,246(80%),55(18%),8(3%),158(51%),89(29%),62(20%),6(50%),1(8%),5(42%),"Liaoning, China","Nov. 25, 2017"
Adam Yandiev,None,Middleweight Division,9-1-0 (W-L-D),0,0,0,8%,N/A,1,12,0,0,0.18,0.00,36%,0.00,6.14,0.00,25%,05:42,1(100%),0(0%),0(0%),0(0%),0(0%),1(100%),0(0%),0(0%),0(0%),None,"Sep. 15, 2018"
Adrian Yanez,None,Bantamweight Division,17-6-0 (W-L-D),11,2,7,42%,0%,424,1018,,1,6.23,0.00,55%,1.54,5.75,0.00,82%,06:48,386(91%),6(1%),32(8%),303(71%),57(13%),64(15%),11(65%),4(24%),2(12%),"Galveston, United States","Oct. 31, 2020"
Jianping Yang,"""Tiger""",Featherweight Division,7-4-1 (W-L-D),0,0,0,27%,25%,21,78,,4,1.40,1.00,66%,0.00,2.07,0.00,33%,15:00,21(100%),0(0%),0(0%),4(19%),0(0%),17(81%),2(33%),0(0%),4(67%),None,"Aug. 23, 2014"
Dongi Yang,"""The Ox""",Middleweight Division,12-3-0 (W-L-D),0,0,0,51%,41%,219,428,,17,3.55,1.70,64%,0.49,3.21,0.49,62%,12:19,145(66%),10(5%),64(29%),157(72%),31(14%),31(14%),0(0%),0(0%),0(0%),South Korea,"Oct. 23, 2010"
Masutatsu Yano,None,,0-0-0 (W-L-D),0,0,0,N/A,N/A,0,0,0,0,N/A,N/A,N/A,N/A,N/A,N/A,N/A,N/A,N/A,N/A,N/A,N/A,N/A,N/A,0(0%),0(0%),0(0%),Japan,"Nov. 19, 1999"
Hu Yaozong,"""Bad Boy""",Middleweight Division,3-3-0 (W-L-D),2,1,0,49%,0%,125,257,,1,3.35,0.00,35%,0.00,5.09,0.40,33%,12:26,99(79%),24(19%),2(2%),56(45%),30(24%),39(31%),2(67%),0(0%),1(33%),"Gansu, China","Nov. 25, 2017"
Emmanuel Yarbrough,None,,0-0-0 (W-L-D),0,0,0,N/A,N/A,0,0,0,0,N/A,N/A,N/A,N/A,N/A,N/A,N/A,N/A,N/A,N/A,N/A,N/A,N/A,N/A,0(0%),0(0%),0(0%),United States,"Sep. 9, 1994"
Cale Yarbrough,None,Middleweight Division,0-1-0 (W-L-D),0,0,0,27%,N/A,6,22,0,0,3.16,0.00,72%,0.00,10.00,0.00,N/A,01:54,6(100%),0(0%),0(0%),2(33%),2(33%),2(33%),0(0%),0(0%),0(0%),"Marietta, United States","Jul. 19, 2008"
Ashley Yoder,"""Spider Monkey""",Women's Strawweight Division,8-9-0 (W-L-D),0,4,0,39%,28%,564,1440,4,43,3.42,1.09,47%,0.09,4.13,0.55,67%,15:00,423(75%),48(9%),93(16%),364(65%),136(24%),64(11%),0(0%),4(50%),4(50%),"Indianapolis, United States","Dec. 10, 2016"
Sang Hoon Yoo,None,Welterweight Division,1-0-0 (W-L-D),0,0,0,67%,100%,75,112,,1,5.00,1.00,27%,0.00,7.27,1.00,75%,14:05,56(75%),19(25%),0(0%),48(64%),25(33%),2(3%),0(0%),0(0%),0(0%),"Gangwon-do Taebaek, South Korea","Feb. 11, 2025"
SuYoung You,None,Bantamweight Division,14-3-0 (W-L-D),3,5,6,43%,58%,95,223,2,24,2.11,4.67,72%,0.00,1.40,0.33,67%,15:00,85(89%),5(5%),5(5%),70(74%),10(11%),15(16%),3(21%),6(43%),5(36%),South Korea,"Nov. 23, 2024"
Shanna Young,"""The Shanimal""",Women's Flyweight Division,9-6-0 (W-L-D),3,2,0,48%,0%,170,355,,2,3.18,0.00,43%,0.00,4.88,0.56,54%,10:42,131(77%),23(14%),16(9%),116(68%),40(24%),14(8%),3(33%),4(44%),2(22%),"Salem, United States","Feb. 11, 2025"
Jason Young,"""Shotgun""",Featherweight Division,9-6-0 (W-L-D),0,0,0,37%,67%,135,364,,9,2.97,1.98,50%,0.00,3.20,0.00,55%,11:21,88(65%),23(17%),24(18%),67(50%),25(19%),43(32%),0(0%),0(0%),0(0%),United Kingdom,"Jun. 12, 2011"
Shane Young,"""Maraenui""",Featherweight Division,13-8-0 (W-L-D),6,4,0,41%,19%,373,916,2,16,5.19,0.63,53%,0.21,5.46,0.00,64%,10:16,347(93%),26(7%),0(0%),213(57%),99(27%),61(16%),6(46%),3(23%),4(31%),"Hawke&#039;s Bay, New Zealand","Nov. 18, 2017"
Besam Yousef,None,Welterweight Division,6-2-0 (W-L-D),0,0,0,53%,67%,71,133,,3,3.14,1.33,39%,0.00,3.98,0.00,50%,11:18,24(34%),45(63%),2(3%),44(62%),23(32%),4(6%),0(0%),0(0%),0(0%),"Al-Hassake, Syria","Apr. 14, 2012"
Rob Yundt,"""Monster""",Middleweight Division,7-2-0 (W-L-D),0,0,0,41%,100%,7,17,,1,1.37,2.94,32%,0.00,2.55,0.00,N/A,02:33,2(29%),0(0%),5(71%),2(29%),5(71%),0(0%),0(0%),0(0%),0(0%),"Wasilla, United States","Feb. 2, 2008"
Sodiq Yusuff,"""Super""",Featherweight Division,13-4-0 (W-L-D),6,0,5,50%,20%,614,1240,,10,5.66,0.28,54%,0.55,4.51,0.41,63%,10:51,493(80%),72(12%),49(8%),375(61%),96(16%),143(23%),6(50%),6(50%),0(0%),"Lagos, Nigeria","Dec. 2, 2018"
Gilbert Yvel,"""The Hurricane""",Heavyweight Division,36-16-1 (W-L-D),0,0,0,44%,0%,36,81,,1,1.90,0.00,50%,0.00,8.51,1.59,26%,06:18,8(22%),5(14%),23(64%),33(92%),2(6%),1(3%),0(0%),0(0%),0(0%),None,"Jan. 2, 2010"
Luke Zachrich,None,Middleweight Division,14-4-0 (W-L-D),0,0,0,33%,33%,92,283,,3,4.56,0.74,63%,0.00,4.46,0.00,80%,06:44,89(97%),3(3%),0(0%),70(76%),8(9%),14(15%),5(36%),3(21%),6(43%),United States,"Apr. 19, 2014"
Anton Zafir,None,Welterweight Division,7-3-0 (W-L-D),0,0,0,65%,60%,22,34,,5,2.99,6.11,53%,0.00,2.31,0.00,N/A,03:41,9(41%),6(27%),7(32%),9(41%),7(32%),6(27%),3(43%),1(14%),3(43%),"Cairnes, Australia","Nov. 14, 2015"
Aiemann Zahabi,None,Bantamweight Division,12-2-0 (W-L-D),6,2,8,46%,14%,370,803,,7,4.06,0.16,71%,0.49,4.06,0.00,83%,11:23,352(95%),11(3%),7(2%),271(73%),57(15%),42(11%),6(50%),4(33%),2(17%),"Laval, Canada","Feb. 20, 2017"
Joao Zaiden,None,Light Heavyweight Division,0-0-0 (W-L-D),0,0,0,N/A,N/A,0,0,0,0,N/A,N/A,N/A,N/A,N/A,N/A,N/A,00:00,0(0%),0(0%),0(0%),0(0%),0(0%),0(0%),0(0%),0(0%),0(0%),None,"Feb. 11, 2025"
Youssef Zalal,"""The Moroccan Devil""",Featherweight Division,16-5-1 (W-L-D),4,9,6,50%,35%,345,693,6,54,2.84,2.34,66%,0.25,1.71,1.48,59%,12:10,283(82%),25(7%),37(11%),210(61%),65(19%),70(20%),4(25%),3(19%),9(56%),"Casablanca, Morocco","Feb. 8, 2020"
Zach Zane,"""Dub-Z""",Welterweight Division,12-8-0 (W-L-D),0,0,0,57%,0%,13,23,,1,0.87,0.00,20%,0.00,6.67,0.00,26%,15:00,7(54%),6(46%),0(0%),5(38%),6(46%),2(15%),0(0%),0(0%),0(0%),None,"Jun. 28, 2024"
Roger Zapata,"""Viva""",Welterweight Division,4-3-0 (W-L-D),0,0,0,52%,0%,28,54,,1,2.60,0.00,36%,0.00,2.13,1.39,82%,10:47,12(43%),12(43%),4(14%),22(79%),6(21%),0(0%),3(75%),1(25%),0(0%),Dominican Republic,"Sep. 26, 2015"
David Zawada,"""Sagat""",Welterweight Division,17-7-0 (W-L-D),11,4,1,41%,33%,238,578,2,12,3.84,0.97,56%,0.24,4.54,1.69,57%,12:23,190(80%),42(18%),6(3%),136(57%),77(32%),25(11%),11(65%),2(12%),4(24%),"Dusseldorf, Germany","Jul. 22, 2018"
Manolo Zecchini,"""Angelo Veneziano""",Featherweight Division,11-4-0 (W-L-D),0,0,0,22%,N/A,9,41,0,0,2.34,0.00,47%,0.00,6.75,0.00,N/A,03:51,9(100%),0(0%),0(0%),5(56%),1(11%),3(33%),0(0%),0(0%),0(0%),Italy,"Sep. 2, 2023"
Daniel Zellhuber,"""Golden Boy""",Lightweight Division,15-2-0 (W-L-D),7,3,5,41%,25%,522,1285,,4,6.26,0.18,56%,0.36,6.02,0.18,94%,13:54,471(90%),24(5%),27(5%),345(66%),125(24%),52(10%),7(47%),5(33%),3(20%),"Mexico City, Mexico","Sep. 17, 2022"
Rickson Zenidim,None,Flyweight Division,0-1-0 (W-L-D),0,0,0,32%,0%,25,78,,4,1.67,0.00,34%,0.00,4.07,0.00,N/A,15:00,25(100%),0(0%),0(0%),8(32%),11(44%),6(24%),0(0%),0(0%),0(0%),"Ponta Grossa, Brazil","Feb. 11, 2025"
Yizha,None,Featherweight Division,25-5-0 (W-L-D),6,13,15,44%,30%,190,428,5,53,2.80,3.54,47%,0.00,2.83,1.11,54%,09:41,148(78%),28(15%),14(7%),108(57%),57(30%),25(13%),6(24%),6(24%),13(52%),"Aba Sichuan, China","Jun. 9, 2022"
Tiequan Zhang,"""The Wolf""",Lightweight Division,18-4-0 (W-L-D),0,0,0,36%,58%,66,181,2,12,1.23,1.95,52%,0.00,2.14,3.35,75%,08:58,59(89%),6(9%),1(2%),53(80%),4(6%),9(14%),0(0%),0(0%),0(0%),"Nei, Mongolia","Feb. 26, 2011"
Daermisi Zhawupasi,None,Bantamweight Division,2-2-0 (W-L-D),0,0,0,48%,67%,34,71,,33,1.15,11.17,48%,0.00,1.96,2.03,64%,11:08,23(68%),9(26%),2(6%),27(79%),4(12%),3(9%),0(0%),0(0%),0(0%),China,"Feb. 11, 2025"
Daria Zhelezniakova,"""Iron Lady""",Women's Bantamweight Division,9-2-0 (W-L-D),5,0,2,38%,100%,62,162,,1,3.29,0.80,80%,0.00,1.70,0.00,50%,09:26,55(89%),6(10%),1(2%),40(65%),22(35%),0(0%),5(63%),3(38%),0(0%),"Saint Petersburg, Russia","Mar. 23, 2024"
Lu Zhengyong,None,Flyweight Division,0-0-0 (W-L-D),0,0,0,N/A,N/A,0,0,0,0,N/A,N/A,N/A,N/A,N/A,N/A,N/A,00:00,0(0%),0(0%),0(0%),0(0%),0(0%),0(0%),0(0%),0(0%),0(0%),"Yunnan, China","Feb. 11, 2025"
Lv Zhenhong,"""Bull Demon King""",Featherweight Division,0-0-0 (W-L-D),0,0,0,N/A,N/A,0,0,0,0,N/A,N/A,N/A,N/A,N/A,N/A,N/A,00:00,0(0%),0(0%),0(0%),0(0%),0(0%),0(0%),0(0%),0(0%),0(0%),"Shaanxi, China","Aug. 31, 2019"
Shang Zhifa,None,Flyweight Division,0-1-0 (W-L-D),0,0,0,32%,100%,19,59,,2,1.27,2.00,60%,0.00,1.27,0.00,N/A,15:00,18(95%),1(5%),0(0%),14(74%),1(5%),4(21%),0(0%),0(0%),0(0%),None,"Feb. 11, 2025"
Yao Zhikui,"""The Conqueror""",Flyweight Division,2-5-0 (W-L-D),0,0,0,22%,17%,66,305,,12,1.44,0.66,49%,0.00,2.82,0.00,58%,11:26,45(68%),8(12%),13(20%),49(74%),6(9%),11(17%),0(0%),1(50%),1(50%),"Henan, China","Aug. 23, 2014"
Zhalgas Zhumagulov,None,Flyweight Division,14-9-0 (W-L-D),7,1,4,43%,19%,425,987,3,36,5.24,1.30,52%,0.00,5.86,0.19,75%,11:35,404(95%),19(4%),2(0%),155(36%),137(32%),133(31%),7(50%),6(43%),1(7%),Kazakhstan,"Jul. 11, 2020"
Farès Ziam ,"""Smile Killer""",Lightweight Division,17-4-0 (W-L-D),6,4,5,52%,41%,342,661,,32,2.85,1.62,65%,0.12,1.62,0.25,70%,13:21,241(70%),42(12%),59(17%),223(65%),67(20%),52(15%),6(35%),7(41%),4(24%),"Vénissieux, Auvergne-Rhône-Alpes, France","Sep. 7, 2019"
James Zikic,"""The Messiah""",Light Heavyweight Division,16-3-0 (W-L-D),0,0,0,44%,0%,29,66,,1,1.93,0.00,44%,0.00,3.20,1.00,74%,15:00,8(28%),11(38%),10(34%),20(69%),8(28%),1(3%),0(0%),0(0%),0(0%),"Watford, United Kingdom","Jul. 13, 2002"
Cat Zingano,"""Alpha""",Women's Featherweight Division,10-4-0 (W-L-D),5,3,0,61%,65%,181,295,13,20,2.57,2.77,47%,0.00,1.63,0.85,43%,10:04,66(36%),44(24%),71(39%),107(59%),46(25%),28(15%),5(50%),2(20%),3(30%),"Winona, United States","Apr. 14, 2013"
Igor Zinoviev,None,Middleweight Division,0-0-0 (W-L-D),0,0,0,N/A,N/A,0,0,0,0,N/A,N/A,N/A,N/A,N/A,N/A,N/A,N/A,N/A,N/A,N/A,N/A,N/A,N/A,0(0%),0(0%),0(0%),United States,"Mar. 13, 1998"
Allan Zuniga,"""Tigre""",Lightweight Division,13-2-0 (W-L-D),0,0,0,53%,N/A,59,112,0,0,3.93,0.00,62%,0.00,1.80,1.00,58%,15:00,44(75%),14(24%),1(2%),33(56%),18(31%),8(14%),3(23%),6(46%),4(31%),"San José Province, Costa Rica","Jul. 6, 2018"
Renzo Gracie,None,Welterweight Division,13-7-1 (W-L-D),0,0,0,41%,21%,160,387,,34,1.71,1.13,56%,0.00,1.67,0.80,40%,13:20,95(59%),49(31%),16(10%),68(43%),54(34%),38(24%),0(0%),0(0%),0(0%),Brazil,"Apr. 10, 2010"
